
Running 41 tests using 1 worker

[1/41] [chromium] › tests/e2e/critical-flows.spec.ts:47:1 › critical pages have no automatically detectable serious WCAG violations
  1) [chromium] › tests/e2e/critical-flows.spec.ts:47:1 › critical pages have no automatically detectable serious WCAG violations 

    Error: browserType.launch: Target page, context or browser has been closed
    Browser logs:

    <launching> /home/user/.cache/ms-playwright/chromium-1234/chrome-linux64/chrome --disable-field-trial-config --disable-background-networking --disable-background-timer-throttling --disable-backgrounding-occluded-windows --disable-back-forward-cache --disable-breakpad --disable-client-side-phishing-detection --disable-component-extensions-with-background-pages --disable-component-update --no-default-browser-check --disable-default-apps --disable-dev-shm-usage --disable-edgeupdater --disable-extensions --disable-features=AvoidUnnecessaryBeforeUnloadCheckSync,BoundaryEventDispatchTracksNodeRemoval,DestroyProfileOnBrowserClose,DialMediaRouteProvider,GlobalMediaControls,HttpsUpgrades,LensOverlay,MediaRouter,PaintHolding,ThirdPartyStoragePartitioning,BlockOriginHeaderModificationOnRedirect,Translate,AutoDeElevate,OptimizationHints,msForceBrowserSignIn,msEdgeUpdateLaunchServicesPreferredVersion --enable-features=CDPScreenshotNewSurface --allow-pre-commit-input --disable-hang-monitor --disable-ipc-flooding-protection --disable-popup-blocking --disable-prompt-on-repost --disable-renderer-backgrounding --disable-updater-scheduler --force-color-profile=srgb --metrics-recording-only --no-first-run --password-store=basic --use-mock-keychain --no-service-autorun --export-tagged-pdf --disable-search-engine-choice-screen --unsafely-disable-devtools-self-xss-warnings --edge-skip-compat-layer-relaunch --disable-infobars --disable-search-engine-choice-screen --disable-sync --enable-unsafe-swiftshader --headless --hide-scrollbars --mute-audio --blink-settings=primaryHoverType=2,availableHoverTypes=2,primaryPointerType=4,availablePointerTypes=4 --no-sandbox --user-data-dir=/tmp/playwright_chromiumdev_profile-iVRmVE --remote-debugging-pipe --no-startup-window
    <launched> pid=9636
    [pid=9636][err] /home/user/.cache/ms-playwright/chromium-1234/chrome-linux64/chrome: error while loading shared libraries: libcups.so.2: cannot open shared object file: No such file or directory
    Call log:
      - <launching> /home/user/.cache/ms-playwright/chromium-1234/chrome-linux64/chrome --disable-field-trial-config --disable-background-networking --disable-background-timer-throttling --disable-backgrounding-occluded-windows --disable-back-forward-cache --disable-breakpad --disable-client-side-phishing-detection --disable-component-extensions-with-background-pages --disable-component-update --no-default-browser-check --disable-default-apps --disable-dev-shm-usage --disable-edgeupdater --disable-extensions --disable-features=AvoidUnnecessaryBeforeUnloadCheckSync,BoundaryEventDispatchTracksNodeRemoval,DestroyProfileOnBrowserClose,DialMediaRouteProvider,GlobalMediaControls,HttpsUpgrades,LensOverlay,MediaRouter,PaintHolding,ThirdPartyStoragePartitioning,BlockOriginHeaderModificationOnRedirect,Translate,AutoDeElevate,OptimizationHints,msForceBrowserSignIn,msEdgeUpdateLaunchServicesPreferredVersion --enable-features=CDPScreenshotNewSurface --allow-pre-commit-input --disable-hang-monitor --disable-ipc-flooding-protection --disable-popup-blocking --disable-prompt-on-repost --disable-renderer-backgrounding --disable-updater-scheduler --force-color-profile=srgb --metrics-recording-only --no-first-run --password-store=basic --use-mock-keychain --no-service-autorun --export-tagged-pdf --disable-search-engine-choice-screen --unsafely-disable-devtools-self-xss-warnings --edge-skip-compat-layer-relaunch --disable-infobars --disable-search-engine-choice-screen --disable-sync --enable-unsafe-swiftshader --headless --hide-scrollbars --mute-audio --blink-settings=primaryHoverType=2,availableHoverTypes=2,primaryPointerType=4,availablePointerTypes=4 --no-sandbox --user-data-dir=/tmp/playwright_chromiumdev_profile-iVRmVE --remote-debugging-pipe --no-startup-window
      - <launched> pid=9636
      - [pid=9636][err] /home/user/.cache/ms-playwright/chromium-1234/chrome-linux64/chrome: error while loading shared libraries: libcups.so.2: cannot open shared object file: No such file or directory
      - [pid=9636] <gracefully close start>
      - [pid=9636] <kill>
      - [pid=9636] <will force kill>
      - [pid=9636] exception while trying to kill process: Error: kill ESRCH
      - [pid=9636] <process did exit: exitCode=127, signal=null>
      - [pid=9636] starting temporary directories cleanup
      - [pid=9636] finished temporary directories cleanup
      - [pid=9636] <gracefully close end>


    Error Context: test-results/critical-flows-critical-pa-32fac-ble-serious-WCAG-violations-chromium/error-context.md

    attachment #2: trace (application/zip) ─────────────────────────────────────────────────────────
    test-results/critical-flows-critical-pa-32fac-ble-serious-WCAG-violations-chromium/trace.zip
    Usage:

        npx playwright show-trace test-results/critical-flows-critical-pa-32fac-ble-serious-WCAG-violations-chromium/trace.zip

    ────────────────────────────────────────────────────────────────────────────────────────────────


[2/41] [chromium] › tests/e2e/critical-flows.spec.ts:57:1 › library and exam hubs render their completed content contracts
  2) [chromium] › tests/e2e/critical-flows.spec.ts:57:1 › library and exam hubs render their completed content contracts 

    Error: browserType.launch: Target page, context or browser has been closed
    Browser logs:

    <launching> /home/user/.cache/ms-playwright/chromium-1234/chrome-linux64/chrome --disable-field-trial-config --disable-background-networking --disable-background-timer-throttling --disable-backgrounding-occluded-windows --disable-back-forward-cache --disable-breakpad --disable-client-side-phishing-detection --disable-component-extensions-with-background-pages --disable-component-update --no-default-browser-check --disable-default-apps --disable-dev-shm-usage --disable-edgeupdater --disable-extensions --disable-features=AvoidUnnecessaryBeforeUnloadCheckSync,BoundaryEventDispatchTracksNodeRemoval,DestroyProfileOnBrowserClose,DialMediaRouteProvider,GlobalMediaControls,HttpsUpgrades,LensOverlay,MediaRouter,PaintHolding,ThirdPartyStoragePartitioning,BlockOriginHeaderModificationOnRedirect,Translate,AutoDeElevate,OptimizationHints,msForceBrowserSignIn,msEdgeUpdateLaunchServicesPreferredVersion --enable-features=CDPScreenshotNewSurface --allow-pre-commit-input --disable-hang-monitor --disable-ipc-flooding-protection --disable-popup-blocking --disable-prompt-on-repost --disable-renderer-backgrounding --disable-updater-scheduler --force-color-profile=srgb --metrics-recording-only --no-first-run --password-store=basic --use-mock-keychain --no-service-autorun --export-tagged-pdf --disable-search-engine-choice-screen --unsafely-disable-devtools-self-xss-warnings --edge-skip-compat-layer-relaunch --disable-infobars --disable-search-engine-choice-screen --disable-sync --enable-unsafe-swiftshader --headless --hide-scrollbars --mute-audio --blink-settings=primaryHoverType=2,availableHoverTypes=2,primaryPointerType=4,availablePointerTypes=4 --no-sandbox --user-data-dir=/tmp/playwright_chromiumdev_profile-kNDW8E --remote-debugging-pipe --no-startup-window
    <launched> pid=9649
    [pid=9649][err] /home/user/.cache/ms-playwright/chromium-1234/chrome-linux64/chrome: error while loading shared libraries: libcups.so.2: cannot open shared object file: No such file or directory
    Call log:
      - <launching> /home/user/.cache/ms-playwright/chromium-1234/chrome-linux64/chrome --disable-field-trial-config --disable-background-networking --disable-background-timer-throttling --disable-backgrounding-occluded-windows --disable-back-forward-cache --disable-breakpad --disable-client-side-phishing-detection --disable-component-extensions-with-background-pages --disable-component-update --no-default-browser-check --disable-default-apps --disable-dev-shm-usage --disable-edgeupdater --disable-extensions --disable-features=AvoidUnnecessaryBeforeUnloadCheckSync,BoundaryEventDispatchTracksNodeRemoval,DestroyProfileOnBrowserClose,DialMediaRouteProvider,GlobalMediaControls,HttpsUpgrades,LensOverlay,MediaRouter,PaintHolding,ThirdPartyStoragePartitioning,BlockOriginHeaderModificationOnRedirect,Translate,AutoDeElevate,OptimizationHints,msForceBrowserSignIn,msEdgeUpdateLaunchServicesPreferredVersion --enable-features=CDPScreenshotNewSurface --allow-pre-commit-input --disable-hang-monitor --disable-ipc-flooding-protection --disable-popup-blocking --disable-prompt-on-repost --disable-renderer-backgrounding --disable-updater-scheduler --force-color-profile=srgb --metrics-recording-only --no-first-run --password-store=basic --use-mock-keychain --no-service-autorun --export-tagged-pdf --disable-search-engine-choice-screen --unsafely-disable-devtools-self-xss-warnings --edge-skip-compat-layer-relaunch --disable-infobars --disable-search-engine-choice-screen --disable-sync --enable-unsafe-swiftshader --headless --hide-scrollbars --mute-audio --blink-settings=primaryHoverType=2,availableHoverTypes=2,primaryPointerType=4,availablePointerTypes=4 --no-sandbox --user-data-dir=/tmp/playwright_chromiumdev_profile-kNDW8E --remote-debugging-pipe --no-startup-window
      - <launched> pid=9649
      - [pid=9649][err] /home/user/.cache/ms-playwright/chromium-1234/chrome-linux64/chrome: error while loading shared libraries: libcups.so.2: cannot open shared object file: No such file or directory
      - [pid=9649] <gracefully close start>
      - [pid=9649] <kill>
      - [pid=9649] <will force kill>
      - [pid=9649] exception while trying to kill process: Error: kill ESRCH
      - [pid=9649] <process did exit: exitCode=127, signal=null>
      - [pid=9649] starting temporary directories cleanup
      - [pid=9649] finished temporary directories cleanup
      - [pid=9649] <gracefully close end>


    Error Context: test-results/critical-flows-library-and-2477c-completed-content-contracts-chromium/error-context.md

    attachment #2: trace (application/zip) ─────────────────────────────────────────────────────────
    test-results/critical-flows-library-and-2477c-completed-content-contracts-chromium/trace.zip
    Usage:

        npx playwright show-trace test-results/critical-flows-library-and-2477c-completed-content-contracts-chromium/trace.zip

    ────────────────────────────────────────────────────────────────────────────────────────────────


[3/41] [chromium] › tests/e2e/critical-flows.spec.ts:194:1 › bilingual local search ranks German and Arabic results and returns to context
  3) [chromium] › tests/e2e/critical-flows.spec.ts:194:1 › bilingual local search ranks German and Arabic results and returns to context 

    Error: browserType.launch: Target page, context or browser has been closed
    Browser logs:

    <launching> /home/user/.cache/ms-playwright/chromium-1234/chrome-linux64/chrome --disable-field-trial-config --disable-background-networking --disable-background-timer-throttling --disable-backgrounding-occluded-windows --disable-back-forward-cache --disable-breakpad --disable-client-side-phishing-detection --disable-component-extensions-with-background-pages --disable-component-update --no-default-browser-check --disable-default-apps --disable-dev-shm-usage --disable-edgeupdater --disable-extensions --disable-features=AvoidUnnecessaryBeforeUnloadCheckSync,BoundaryEventDispatchTracksNodeRemoval,DestroyProfileOnBrowserClose,DialMediaRouteProvider,GlobalMediaControls,HttpsUpgrades,LensOverlay,MediaRouter,PaintHolding,ThirdPartyStoragePartitioning,BlockOriginHeaderModificationOnRedirect,Translate,AutoDeElevate,OptimizationHints,msForceBrowserSignIn,msEdgeUpdateLaunchServicesPreferredVersion --enable-features=CDPScreenshotNewSurface --allow-pre-commit-input --disable-hang-monitor --disable-ipc-flooding-protection --disable-popup-blocking --disable-prompt-on-repost --disable-renderer-backgrounding --disable-updater-scheduler --force-color-profile=srgb --metrics-recording-only --no-first-run --password-store=basic --use-mock-keychain --no-service-autorun --export-tagged-pdf --disable-search-engine-choice-screen --unsafely-disable-devtools-self-xss-warnings --edge-skip-compat-layer-relaunch --disable-infobars --disable-search-engine-choice-screen --disable-sync --enable-unsafe-swiftshader --headless --hide-scrollbars --mute-audio --blink-settings=primaryHoverType=2,availableHoverTypes=2,primaryPointerType=4,availablePointerTypes=4 --no-sandbox --user-data-dir=/tmp/playwright_chromiumdev_profile-GPDIY2 --remote-debugging-pipe --no-startup-window
    <launched> pid=9668
    [pid=9668][err] /home/user/.cache/ms-playwright/chromium-1234/chrome-linux64/chrome: error while loading shared libraries: libcups.so.2: cannot open shared object file: No such file or directory
    Call log:
      - <launching> /home/user/.cache/ms-playwright/chromium-1234/chrome-linux64/chrome --disable-field-trial-config --disable-background-networking --disable-background-timer-throttling --disable-backgrounding-occluded-windows --disable-back-forward-cache --disable-breakpad --disable-client-side-phishing-detection --disable-component-extensions-with-background-pages --disable-component-update --no-default-browser-check --disable-default-apps --disable-dev-shm-usage --disable-edgeupdater --disable-extensions --disable-features=AvoidUnnecessaryBeforeUnloadCheckSync,BoundaryEventDispatchTracksNodeRemoval,DestroyProfileOnBrowserClose,DialMediaRouteProvider,GlobalMediaControls,HttpsUpgrades,LensOverlay,MediaRouter,PaintHolding,ThirdPartyStoragePartitioning,BlockOriginHeaderModificationOnRedirect,Translate,AutoDeElevate,OptimizationHints,msForceBrowserSignIn,msEdgeUpdateLaunchServicesPreferredVersion --enable-features=CDPScreenshotNewSurface --allow-pre-commit-input --disable-hang-monitor --disable-ipc-flooding-protection --disable-popup-blocking --disable-prompt-on-repost --disable-renderer-backgrounding --disable-updater-scheduler --force-color-profile=srgb --metrics-recording-only --no-first-run --password-store=basic --use-mock-keychain --no-service-autorun --export-tagged-pdf --disable-search-engine-choice-screen --unsafely-disable-devtools-self-xss-warnings --edge-skip-compat-layer-relaunch --disable-infobars --disable-search-engine-choice-screen --disable-sync --enable-unsafe-swiftshader --headless --hide-scrollbars --mute-audio --blink-settings=primaryHoverType=2,availableHoverTypes=2,primaryPointerType=4,availablePointerTypes=4 --no-sandbox --user-data-dir=/tmp/playwright_chromiumdev_profile-GPDIY2 --remote-debugging-pipe --no-startup-window
      - <launched> pid=9668
      - [pid=9668][err] /home/user/.cache/ms-playwright/chromium-1234/chrome-linux64/chrome: error while loading shared libraries: libcups.so.2: cannot open shared object file: No such file or directory
      - [pid=9668] <gracefully close start>
      - [pid=9668] <kill>
      - [pid=9668] <will force kill>
      - [pid=9668] exception while trying to kill process: Error: kill ESRCH
      - [pid=9668] <process did exit: exitCode=127, signal=null>
      - [pid=9668] starting temporary directories cleanup
      - [pid=9668] finished temporary directories cleanup
      - [pid=9668] <gracefully close end>


    Error Context: test-results/critical-flows-bilingual-l-c12d4-ults-and-returns-to-context-chromium/error-context.md

    attachment #2: trace (application/zip) ─────────────────────────────────────────────────────────
    test-results/critical-flows-bilingual-l-c12d4-ults-and-returns-to-context-chromium/trace.zip
    Usage:

        npx playwright show-trace test-results/critical-flows-bilingual-l-c12d4-ults-and-returns-to-context-chromium/trace.zip

    ────────────────────────────────────────────────────────────────────────────────────────────────


[4/41] [chromium] › tests/e2e/critical-flows.spec.ts:232:1 › visual accessibility preferences preview immediately, persist, reset, and respect system motion
  4) [chromium] › tests/e2e/critical-flows.spec.ts:232:1 › visual accessibility preferences preview immediately, persist, reset, and respect system motion 

    Error: browserType.launch: Target page, context or browser has been closed
    Browser logs:

    <launching> /home/user/.cache/ms-playwright/chromium-1234/chrome-linux64/chrome --disable-field-trial-config --disable-background-networking --disable-background-timer-throttling --disable-backgrounding-occluded-windows --disable-back-forward-cache --disable-breakpad --disable-client-side-phishing-detection --disable-component-extensions-with-background-pages --disable-component-update --no-default-browser-check --disable-default-apps --disable-dev-shm-usage --disable-edgeupdater --disable-extensions --disable-features=AvoidUnnecessaryBeforeUnloadCheckSync,BoundaryEventDispatchTracksNodeRemoval,DestroyProfileOnBrowserClose,DialMediaRouteProvider,GlobalMediaControls,HttpsUpgrades,LensOverlay,MediaRouter,PaintHolding,ThirdPartyStoragePartitioning,BlockOriginHeaderModificationOnRedirect,Translate,AutoDeElevate,OptimizationHints,msForceBrowserSignIn,msEdgeUpdateLaunchServicesPreferredVersion --enable-features=CDPScreenshotNewSurface --allow-pre-commit-input --disable-hang-monitor --disable-ipc-flooding-protection --disable-popup-blocking --disable-prompt-on-repost --disable-renderer-backgrounding --disable-updater-scheduler --force-color-profile=srgb --metrics-recording-only --no-first-run --password-store=basic --use-mock-keychain --no-service-autorun --export-tagged-pdf --disable-search-engine-choice-screen --unsafely-disable-devtools-self-xss-warnings --edge-skip-compat-layer-relaunch --disable-infobars --disable-search-engine-choice-screen --disable-sync --enable-unsafe-swiftshader --headless --hide-scrollbars --mute-audio --blink-settings=primaryHoverType=2,availableHoverTypes=2,primaryPointerType=4,availablePointerTypes=4 --no-sandbox --user-data-dir=/tmp/playwright_chromiumdev_profile-zpytg9 --remote-debugging-pipe --no-startup-window
    <launched> pid=9681
    [pid=9681][err] /home/user/.cache/ms-playwright/chromium-1234/chrome-linux64/chrome: error while loading shared libraries: libcups.so.2: cannot open shared object file: No such file or directory
    Call log:
      - <launching> /home/user/.cache/ms-playwright/chromium-1234/chrome-linux64/chrome --disable-field-trial-config --disable-background-networking --disable-background-timer-throttling --disable-backgrounding-occluded-windows --disable-back-forward-cache --disable-breakpad --disable-client-side-phishing-detection --disable-component-extensions-with-background-pages --disable-component-update --no-default-browser-check --disable-default-apps --disable-dev-shm-usage --disable-edgeupdater --disable-extensions --disable-features=AvoidUnnecessaryBeforeUnloadCheckSync,BoundaryEventDispatchTracksNodeRemoval,DestroyProfileOnBrowserClose,DialMediaRouteProvider,GlobalMediaControls,HttpsUpgrades,LensOverlay,MediaRouter,PaintHolding,ThirdPartyStoragePartitioning,BlockOriginHeaderModificationOnRedirect,Translate,AutoDeElevate,OptimizationHints,msForceBrowserSignIn,msEdgeUpdateLaunchServicesPreferredVersion --enable-features=CDPScreenshotNewSurface --allow-pre-commit-input --disable-hang-monitor --disable-ipc-flooding-protection --disable-popup-blocking --disable-prompt-on-repost --disable-renderer-backgrounding --disable-updater-scheduler --force-color-profile=srgb --metrics-recording-only --no-first-run --password-store=basic --use-mock-keychain --no-service-autorun --export-tagged-pdf --disable-search-engine-choice-screen --unsafely-disable-devtools-self-xss-warnings --edge-skip-compat-layer-relaunch --disable-infobars --disable-search-engine-choice-screen --disable-sync --enable-unsafe-swiftshader --headless --hide-scrollbars --mute-audio --blink-settings=primaryHoverType=2,availableHoverTypes=2,primaryPointerType=4,availablePointerTypes=4 --no-sandbox --user-data-dir=/tmp/playwright_chromiumdev_profile-zpytg9 --remote-debugging-pipe --no-startup-window
      - <launched> pid=9681
      - [pid=9681][err] /home/user/.cache/ms-playwright/chromium-1234/chrome-linux64/chrome: error while loading shared libraries: libcups.so.2: cannot open shared object file: No such file or directory
      - [pid=9681] <gracefully close start>
      - [pid=9681] <kill>
      - [pid=9681] <will force kill>
      - [pid=9681] exception while trying to kill process: Error: kill ESRCH
      - [pid=9681] <process did exit: exitCode=127, signal=null>
      - [pid=9681] starting temporary directories cleanup
      - [pid=9681] finished temporary directories cleanup
      - [pid=9681] <gracefully close end>


    Error Context: test-results/critical-flows-visual-acce-04b5b-t-and-respect-system-motion-chromium/error-context.md

    attachment #2: trace (application/zip) ─────────────────────────────────────────────────────────
    test-results/critical-flows-visual-acce-04b5b-t-and-respect-system-motion-chromium/trace.zip
    Usage:

        npx playwright show-trace test-results/critical-flows-visual-acce-04b5b-t-and-respect-system-motion-chromium/trace.zip

    ────────────────────────────────────────────────────────────────────────────────────────────────


[5/41] [chromium] › tests/e2e/critical-flows.spec.ts:308:1 › P0 exam readiness stays provider-scoped and exposes weak modules instead of one average
  5) [chromium] › tests/e2e/critical-flows.spec.ts:308:1 › P0 exam readiness stays provider-scoped and exposes weak modules instead of one average 

    Error: browserType.launch: Target page, context or browser has been closed
    Browser logs:

    <launching> /home/user/.cache/ms-playwright/chromium-1234/chrome-linux64/chrome --disable-field-trial-config --disable-background-networking --disable-background-timer-throttling --disable-backgrounding-occluded-windows --disable-back-forward-cache --disable-breakpad --disable-client-side-phishing-detection --disable-component-extensions-with-background-pages --disable-component-update --no-default-browser-check --disable-default-apps --disable-dev-shm-usage --disable-edgeupdater --disable-extensions --disable-features=AvoidUnnecessaryBeforeUnloadCheckSync,BoundaryEventDispatchTracksNodeRemoval,DestroyProfileOnBrowserClose,DialMediaRouteProvider,GlobalMediaControls,HttpsUpgrades,LensOverlay,MediaRouter,PaintHolding,ThirdPartyStoragePartitioning,BlockOriginHeaderModificationOnRedirect,Translate,AutoDeElevate,OptimizationHints,msForceBrowserSignIn,msEdgeUpdateLaunchServicesPreferredVersion --enable-features=CDPScreenshotNewSurface --allow-pre-commit-input --disable-hang-monitor --disable-ipc-flooding-protection --disable-popup-blocking --disable-prompt-on-repost --disable-renderer-backgrounding --disable-updater-scheduler --force-color-profile=srgb --metrics-recording-only --no-first-run --password-store=basic --use-mock-keychain --no-service-autorun --export-tagged-pdf --disable-search-engine-choice-screen --unsafely-disable-devtools-self-xss-warnings --edge-skip-compat-layer-relaunch --disable-infobars --disable-search-engine-choice-screen --disable-sync --enable-unsafe-swiftshader --headless --hide-scrollbars --mute-audio --blink-settings=primaryHoverType=2,availableHoverTypes=2,primaryPointerType=4,availablePointerTypes=4 --no-sandbox --user-data-dir=/tmp/playwright_chromiumdev_profile-ED8JoO --remote-debugging-pipe --no-startup-window
    <launched> pid=9694
    [pid=9694][err] /home/user/.cache/ms-playwright/chromium-1234/chrome-linux64/chrome: error while loading shared libraries: libcups.so.2: cannot open shared object file: No such file or directory
    Call log:
      - <launching> /home/user/.cache/ms-playwright/chromium-1234/chrome-linux64/chrome --disable-field-trial-config --disable-background-networking --disable-background-timer-throttling --disable-backgrounding-occluded-windows --disable-back-forward-cache --disable-breakpad --disable-client-side-phishing-detection --disable-component-extensions-with-background-pages --disable-component-update --no-default-browser-check --disable-default-apps --disable-dev-shm-usage --disable-edgeupdater --disable-extensions --disable-features=AvoidUnnecessaryBeforeUnloadCheckSync,BoundaryEventDispatchTracksNodeRemoval,DestroyProfileOnBrowserClose,DialMediaRouteProvider,GlobalMediaControls,HttpsUpgrades,LensOverlay,MediaRouter,PaintHolding,ThirdPartyStoragePartitioning,BlockOriginHeaderModificationOnRedirect,Translate,AutoDeElevate,OptimizationHints,msForceBrowserSignIn,msEdgeUpdateLaunchServicesPreferredVersion --enable-features=CDPScreenshotNewSurface --allow-pre-commit-input --disable-hang-monitor --disable-ipc-flooding-protection --disable-popup-blocking --disable-prompt-on-repost --disable-renderer-backgrounding --disable-updater-scheduler --force-color-profile=srgb --metrics-recording-only --no-first-run --password-store=basic --use-mock-keychain --no-service-autorun --export-tagged-pdf --disable-search-engine-choice-screen --unsafely-disable-devtools-self-xss-warnings --edge-skip-compat-layer-relaunch --disable-infobars --disable-search-engine-choice-screen --disable-sync --enable-unsafe-swiftshader --headless --hide-scrollbars --mute-audio --blink-settings=primaryHoverType=2,availableHoverTypes=2,primaryPointerType=4,availablePointerTypes=4 --no-sandbox --user-data-dir=/tmp/playwright_chromiumdev_profile-ED8JoO --remote-debugging-pipe --no-startup-window
      - <launched> pid=9694
      - [pid=9694][err] /home/user/.cache/ms-playwright/chromium-1234/chrome-linux64/chrome: error while loading shared libraries: libcups.so.2: cannot open shared object file: No such file or directory
      - [pid=9694] <gracefully close start>
      - [pid=9694] <kill>
      - [pid=9694] <will force kill>
      - [pid=9694] exception while trying to kill process: Error: kill ESRCH
      - [pid=9694] <process did exit: exitCode=127, signal=null>
      - [pid=9694] starting temporary directories cleanup
      - [pid=9694] finished temporary directories cleanup
      - [pid=9694] <gracefully close end>


    Error Context: test-results/critical-flows-P0-exam-rea-7eb37-ules-instead-of-one-average-chromium/error-context.md

    attachment #2: trace (application/zip) ─────────────────────────────────────────────────────────
    test-results/critical-flows-P0-exam-rea-7eb37-ules-instead-of-one-average-chromium/trace.zip
    Usage:

        npx playwright show-trace test-results/critical-flows-P0-exam-rea-7eb37-ules-instead-of-one-average-chromium/trace.zip

    ────────────────────────────────────────────────────────────────────────────────────────────────


[6/41] [chromium] › tests/e2e/critical-flows.spec.ts:354:1 › P0 onboarding captures goals and an explicit device-check skip locally
  6) [chromium] › tests/e2e/critical-flows.spec.ts:354:1 › P0 onboarding captures goals and an explicit device-check skip locally 

    Error: browserType.launch: Target page, context or browser has been closed
    Browser logs:

    <launching> /home/user/.cache/ms-playwright/chromium-1234/chrome-linux64/chrome --disable-field-trial-config --disable-background-networking --disable-background-timer-throttling --disable-backgrounding-occluded-windows --disable-back-forward-cache --disable-breakpad --disable-client-side-phishing-detection --disable-component-extensions-with-background-pages --disable-component-update --no-default-browser-check --disable-default-apps --disable-dev-shm-usage --disable-edgeupdater --disable-extensions --disable-features=AvoidUnnecessaryBeforeUnloadCheckSync,BoundaryEventDispatchTracksNodeRemoval,DestroyProfileOnBrowserClose,DialMediaRouteProvider,GlobalMediaControls,HttpsUpgrades,LensOverlay,MediaRouter,PaintHolding,ThirdPartyStoragePartitioning,BlockOriginHeaderModificationOnRedirect,Translate,AutoDeElevate,OptimizationHints,msForceBrowserSignIn,msEdgeUpdateLaunchServicesPreferredVersion --enable-features=CDPScreenshotNewSurface --allow-pre-commit-input --disable-hang-monitor --disable-ipc-flooding-protection --disable-popup-blocking --disable-prompt-on-repost --disable-renderer-backgrounding --disable-updater-scheduler --force-color-profile=srgb --metrics-recording-only --no-first-run --password-store=basic --use-mock-keychain --no-service-autorun --export-tagged-pdf --disable-search-engine-choice-screen --unsafely-disable-devtools-self-xss-warnings --edge-skip-compat-layer-relaunch --disable-infobars --disable-search-engine-choice-screen --disable-sync --enable-unsafe-swiftshader --headless --hide-scrollbars --mute-audio --blink-settings=primaryHoverType=2,availableHoverTypes=2,primaryPointerType=4,availablePointerTypes=4 --no-sandbox --user-data-dir=/tmp/playwright_chromiumdev_profile-7q9EbT --remote-debugging-pipe --no-startup-window
    <launched> pid=9707
    [pid=9707][err] /home/user/.cache/ms-playwright/chromium-1234/chrome-linux64/chrome: error while loading shared libraries: libcups.so.2: cannot open shared object file: No such file or directory
    Call log:
      - <launching> /home/user/.cache/ms-playwright/chromium-1234/chrome-linux64/chrome --disable-field-trial-config --disable-background-networking --disable-background-timer-throttling --disable-backgrounding-occluded-windows --disable-back-forward-cache --disable-breakpad --disable-client-side-phishing-detection --disable-component-extensions-with-background-pages --disable-component-update --no-default-browser-check --disable-default-apps --disable-dev-shm-usage --disable-edgeupdater --disable-extensions --disable-features=AvoidUnnecessaryBeforeUnloadCheckSync,BoundaryEventDispatchTracksNodeRemoval,DestroyProfileOnBrowserClose,DialMediaRouteProvider,GlobalMediaControls,HttpsUpgrades,LensOverlay,MediaRouter,PaintHolding,ThirdPartyStoragePartitioning,BlockOriginHeaderModificationOnRedirect,Translate,AutoDeElevate,OptimizationHints,msForceBrowserSignIn,msEdgeUpdateLaunchServicesPreferredVersion --enable-features=CDPScreenshotNewSurface --allow-pre-commit-input --disable-hang-monitor --disable-ipc-flooding-protection --disable-popup-blocking --disable-prompt-on-repost --disable-renderer-backgrounding --disable-updater-scheduler --force-color-profile=srgb --metrics-recording-only --no-first-run --password-store=basic --use-mock-keychain --no-service-autorun --export-tagged-pdf --disable-search-engine-choice-screen --unsafely-disable-devtools-self-xss-warnings --edge-skip-compat-layer-relaunch --disable-infobars --disable-search-engine-choice-screen --disable-sync --enable-unsafe-swiftshader --headless --hide-scrollbars --mute-audio --blink-settings=primaryHoverType=2,availableHoverTypes=2,primaryPointerType=4,availablePointerTypes=4 --no-sandbox --user-data-dir=/tmp/playwright_chromiumdev_profile-7q9EbT --remote-debugging-pipe --no-startup-window
      - <launched> pid=9707
      - [pid=9707][err] /home/user/.cache/ms-playwright/chromium-1234/chrome-linux64/chrome: error while loading shared libraries: libcups.so.2: cannot open shared object file: No such file or directory
      - [pid=9707] <gracefully close start>
      - [pid=9707] <kill>
      - [pid=9707] <will force kill>
      - [pid=9707] exception while trying to kill process: Error: kill ESRCH
      - [pid=9707] <process did exit: exitCode=127, signal=null>
      - [pid=9707] starting temporary directories cleanup
      - [pid=9707] finished temporary directories cleanup
      - [pid=9707] <gracefully close end>


    Error Context: test-results/critical-flows-P0-onboardi-2e033-t-device-check-skip-locally-chromium/error-context.md

    attachment #2: trace (application/zip) ─────────────────────────────────────────────────────────
    test-results/critical-flows-P0-onboardi-2e033-t-device-check-skip-locally-chromium/trace.zip
    Usage:

        npx playwright show-trace test-results/critical-flows-P0-onboardi-2e033-t-device-check-skip-locally-chromium/trace.zip

    ────────────────────────────────────────────────────────────────────────────────────────────────


[7/41] [chromium] › tests/e2e/critical-flows.spec.ts:400:1 › an absolute beginner starts A1 step by step and never receives an isolated writing demand
  7) [chromium] › tests/e2e/critical-flows.spec.ts:400:1 › an absolute beginner starts A1 step by step and never receives an isolated writing demand 

    Error: browserType.launch: Target page, context or browser has been closed
    Browser logs:

    <launching> /home/user/.cache/ms-playwright/chromium-1234/chrome-linux64/chrome --disable-field-trial-config --disable-background-networking --disable-background-timer-throttling --disable-backgrounding-occluded-windows --disable-back-forward-cache --disable-breakpad --disable-client-side-phishing-detection --disable-component-extensions-with-background-pages --disable-component-update --no-default-browser-check --disable-default-apps --disable-dev-shm-usage --disable-edgeupdater --disable-extensions --disable-features=AvoidUnnecessaryBeforeUnloadCheckSync,BoundaryEventDispatchTracksNodeRemoval,DestroyProfileOnBrowserClose,DialMediaRouteProvider,GlobalMediaControls,HttpsUpgrades,LensOverlay,MediaRouter,PaintHolding,ThirdPartyStoragePartitioning,BlockOriginHeaderModificationOnRedirect,Translate,AutoDeElevate,OptimizationHints,msForceBrowserSignIn,msEdgeUpdateLaunchServicesPreferredVersion --enable-features=CDPScreenshotNewSurface --allow-pre-commit-input --disable-hang-monitor --disable-ipc-flooding-protection --disable-popup-blocking --disable-prompt-on-repost --disable-renderer-backgrounding --disable-updater-scheduler --force-color-profile=srgb --metrics-recording-only --no-first-run --password-store=basic --use-mock-keychain --no-service-autorun --export-tagged-pdf --disable-search-engine-choice-screen --unsafely-disable-devtools-self-xss-warnings --edge-skip-compat-layer-relaunch --disable-infobars --disable-search-engine-choice-screen --disable-sync --enable-unsafe-swiftshader --headless --hide-scrollbars --mute-audio --blink-settings=primaryHoverType=2,availableHoverTypes=2,primaryPointerType=4,availablePointerTypes=4 --no-sandbox --user-data-dir=/tmp/playwright_chromiumdev_profile-iq5f2X --remote-debugging-pipe --no-startup-window
    <launched> pid=9720
    [pid=9720][err] /home/user/.cache/ms-playwright/chromium-1234/chrome-linux64/chrome: error while loading shared libraries: libcups.so.2: cannot open shared object file: No such file or directory
    Call log:
      - <launching> /home/user/.cache/ms-playwright/chromium-1234/chrome-linux64/chrome --disable-field-trial-config --disable-background-networking --disable-background-timer-throttling --disable-backgrounding-occluded-windows --disable-back-forward-cache --disable-breakpad --disable-client-side-phishing-detection --disable-component-extensions-with-background-pages --disable-component-update --no-default-browser-check --disable-default-apps --disable-dev-shm-usage --disable-edgeupdater --disable-extensions --disable-features=AvoidUnnecessaryBeforeUnloadCheckSync,BoundaryEventDispatchTracksNodeRemoval,DestroyProfileOnBrowserClose,DialMediaRouteProvider,GlobalMediaControls,HttpsUpgrades,LensOverlay,MediaRouter,PaintHolding,ThirdPartyStoragePartitioning,BlockOriginHeaderModificationOnRedirect,Translate,AutoDeElevate,OptimizationHints,msForceBrowserSignIn,msEdgeUpdateLaunchServicesPreferredVersion --enable-features=CDPScreenshotNewSurface --allow-pre-commit-input --disable-hang-monitor --disable-ipc-flooding-protection --disable-popup-blocking --disable-prompt-on-repost --disable-renderer-backgrounding --disable-updater-scheduler --force-color-profile=srgb --metrics-recording-only --no-first-run --password-store=basic --use-mock-keychain --no-service-autorun --export-tagged-pdf --disable-search-engine-choice-screen --unsafely-disable-devtools-self-xss-warnings --edge-skip-compat-layer-relaunch --disable-infobars --disable-search-engine-choice-screen --disable-sync --enable-unsafe-swiftshader --headless --hide-scrollbars --mute-audio --blink-settings=primaryHoverType=2,availableHoverTypes=2,primaryPointerType=4,availablePointerTypes=4 --no-sandbox --user-data-dir=/tmp/playwright_chromiumdev_profile-iq5f2X --remote-debugging-pipe --no-startup-window
      - <launched> pid=9720
      - [pid=9720][err] /home/user/.cache/ms-playwright/chromium-1234/chrome-linux64/chrome: error while loading shared libraries: libcups.so.2: cannot open shared object file: No such file or directory
      - [pid=9720] <gracefully close start>
      - [pid=9720] <kill>
      - [pid=9720] <will force kill>
      - [pid=9720] exception while trying to kill process: Error: kill ESRCH
      - [pid=9720] <process did exit: exitCode=127, signal=null>
      - [pid=9720] starting temporary directories cleanup
      - [pid=9720] finished temporary directories cleanup
      - [pid=9720] <gracefully close end>


    Error Context: test-results/critical-flows-an-absolute-f17ee--an-isolated-writing-demand-chromium/error-context.md

    attachment #2: trace (application/zip) ─────────────────────────────────────────────────────────
    test-results/critical-flows-an-absolute-f17ee--an-isolated-writing-demand-chromium/trace.zip
    Usage:

        npx playwright show-trace test-results/critical-flows-an-absolute-f17ee--an-isolated-writing-demand-chromium/trace.zip

    ────────────────────────────────────────────────────────────────────────────────────────────────


[8/41] [chromium] › tests/e2e/critical-flows.spec.ts:425:1 › P0 adaptive diagnostic stops at a clear boundary and stores four skill scores
  8) [chromium] › tests/e2e/critical-flows.spec.ts:425:1 › P0 adaptive diagnostic stops at a clear boundary and stores four skill scores 

    Error: browserType.launch: Target page, context or browser has been closed
    Browser logs:

    <launching> /home/user/.cache/ms-playwright/chromium-1234/chrome-linux64/chrome --disable-field-trial-config --disable-background-networking --disable-background-timer-throttling --disable-backgrounding-occluded-windows --disable-back-forward-cache --disable-breakpad --disable-client-side-phishing-detection --disable-component-extensions-with-background-pages --disable-component-update --no-default-browser-check --disable-default-apps --disable-dev-shm-usage --disable-edgeupdater --disable-extensions --disable-features=AvoidUnnecessaryBeforeUnloadCheckSync,BoundaryEventDispatchTracksNodeRemoval,DestroyProfileOnBrowserClose,DialMediaRouteProvider,GlobalMediaControls,HttpsUpgrades,LensOverlay,MediaRouter,PaintHolding,ThirdPartyStoragePartitioning,BlockOriginHeaderModificationOnRedirect,Translate,AutoDeElevate,OptimizationHints,msForceBrowserSignIn,msEdgeUpdateLaunchServicesPreferredVersion --enable-features=CDPScreenshotNewSurface --allow-pre-commit-input --disable-hang-monitor --disable-ipc-flooding-protection --disable-popup-blocking --disable-prompt-on-repost --disable-renderer-backgrounding --disable-updater-scheduler --force-color-profile=srgb --metrics-recording-only --no-first-run --password-store=basic --use-mock-keychain --no-service-autorun --export-tagged-pdf --disable-search-engine-choice-screen --unsafely-disable-devtools-self-xss-warnings --edge-skip-compat-layer-relaunch --disable-infobars --disable-search-engine-choice-screen --disable-sync --enable-unsafe-swiftshader --headless --hide-scrollbars --mute-audio --blink-settings=primaryHoverType=2,availableHoverTypes=2,primaryPointerType=4,availablePointerTypes=4 --no-sandbox --user-data-dir=/tmp/playwright_chromiumdev_profile-vrqHsG --remote-debugging-pipe --no-startup-window
    <launched> pid=9733
    [pid=9733][err] /home/user/.cache/ms-playwright/chromium-1234/chrome-linux64/chrome: error while loading shared libraries: libcups.so.2: cannot open shared object file: No such file or directory
    Call log:
      - <launching> /home/user/.cache/ms-playwright/chromium-1234/chrome-linux64/chrome --disable-field-trial-config --disable-background-networking --disable-background-timer-throttling --disable-backgrounding-occluded-windows --disable-back-forward-cache --disable-breakpad --disable-client-side-phishing-detection --disable-component-extensions-with-background-pages --disable-component-update --no-default-browser-check --disable-default-apps --disable-dev-shm-usage --disable-edgeupdater --disable-extensions --disable-features=AvoidUnnecessaryBeforeUnloadCheckSync,BoundaryEventDispatchTracksNodeRemoval,DestroyProfileOnBrowserClose,DialMediaRouteProvider,GlobalMediaControls,HttpsUpgrades,LensOverlay,MediaRouter,PaintHolding,ThirdPartyStoragePartitioning,BlockOriginHeaderModificationOnRedirect,Translate,AutoDeElevate,OptimizationHints,msForceBrowserSignIn,msEdgeUpdateLaunchServicesPreferredVersion --enable-features=CDPScreenshotNewSurface --allow-pre-commit-input --disable-hang-monitor --disable-ipc-flooding-protection --disable-popup-blocking --disable-prompt-on-repost --disable-renderer-backgrounding --disable-updater-scheduler --force-color-profile=srgb --metrics-recording-only --no-first-run --password-store=basic --use-mock-keychain --no-service-autorun --export-tagged-pdf --disable-search-engine-choice-screen --unsafely-disable-devtools-self-xss-warnings --edge-skip-compat-layer-relaunch --disable-infobars --disable-search-engine-choice-screen --disable-sync --enable-unsafe-swiftshader --headless --hide-scrollbars --mute-audio --blink-settings=primaryHoverType=2,availableHoverTypes=2,primaryPointerType=4,availablePointerTypes=4 --no-sandbox --user-data-dir=/tmp/playwright_chromiumdev_profile-vrqHsG --remote-debugging-pipe --no-startup-window
      - <launched> pid=9733
      - [pid=9733][err] /home/user/.cache/ms-playwright/chromium-1234/chrome-linux64/chrome: error while loading shared libraries: libcups.so.2: cannot open shared object file: No such file or directory
      - [pid=9733] <gracefully close start>
      - [pid=9733] <kill>
      - [pid=9733] <will force kill>
      - [pid=9733] exception while trying to kill process: Error: kill ESRCH
      - [pid=9733] <process did exit: exitCode=127, signal=null>
      - [pid=9733] starting temporary directories cleanup
      - [pid=9733] finished temporary directories cleanup
      - [pid=9733] <gracefully close end>


    Error Context: test-results/critical-flows-P0-adaptive-03817-nd-stores-four-skill-scores-chromium/error-context.md

    attachment #2: trace (application/zip) ─────────────────────────────────────────────────────────
    test-results/critical-flows-P0-adaptive-03817-nd-stores-four-skill-scores-chromium/trace.zip
    Usage:

        npx playwright show-trace test-results/critical-flows-P0-adaptive-03817-nd-stores-four-skill-scores-chromium/trace.zip

    ────────────────────────────────────────────────────────────────────────────────────────────────


[9/41] [chromium] › tests/e2e/critical-flows.spec.ts:464:1 › P0 tutor requires per-send consent, validates structured JSON, and deletes its local trace
  9) [chromium] › tests/e2e/critical-flows.spec.ts:464:1 › P0 tutor requires per-send consent, validates structured JSON, and deletes its local trace 

    Error: browserType.launch: Target page, context or browser has been closed
    Browser logs:

    <launching> /home/user/.cache/ms-playwright/chromium-1234/chrome-linux64/chrome --disable-field-trial-config --disable-background-networking --disable-background-timer-throttling --disable-backgrounding-occluded-windows --disable-back-forward-cache --disable-breakpad --disable-client-side-phishing-detection --disable-component-extensions-with-background-pages --disable-component-update --no-default-browser-check --disable-default-apps --disable-dev-shm-usage --disable-edgeupdater --disable-extensions --disable-features=AvoidUnnecessaryBeforeUnloadCheckSync,BoundaryEventDispatchTracksNodeRemoval,DestroyProfileOnBrowserClose,DialMediaRouteProvider,GlobalMediaControls,HttpsUpgrades,LensOverlay,MediaRouter,PaintHolding,ThirdPartyStoragePartitioning,BlockOriginHeaderModificationOnRedirect,Translate,AutoDeElevate,OptimizationHints,msForceBrowserSignIn,msEdgeUpdateLaunchServicesPreferredVersion --enable-features=CDPScreenshotNewSurface --allow-pre-commit-input --disable-hang-monitor --disable-ipc-flooding-protection --disable-popup-blocking --disable-prompt-on-repost --disable-renderer-backgrounding --disable-updater-scheduler --force-color-profile=srgb --metrics-recording-only --no-first-run --password-store=basic --use-mock-keychain --no-service-autorun --export-tagged-pdf --disable-search-engine-choice-screen --unsafely-disable-devtools-self-xss-warnings --edge-skip-compat-layer-relaunch --disable-infobars --disable-search-engine-choice-screen --disable-sync --enable-unsafe-swiftshader --headless --hide-scrollbars --mute-audio --blink-settings=primaryHoverType=2,availableHoverTypes=2,primaryPointerType=4,availablePointerTypes=4 --no-sandbox --user-data-dir=/tmp/playwright_chromiumdev_profile-xilQpk --remote-debugging-pipe --no-startup-window
    <launched> pid=9746
    [pid=9746][err] /home/user/.cache/ms-playwright/chromium-1234/chrome-linux64/chrome: error while loading shared libraries: libcups.so.2: cannot open shared object file: No such file or directory
    Call log:
      - <launching> /home/user/.cache/ms-playwright/chromium-1234/chrome-linux64/chrome --disable-field-trial-config --disable-background-networking --disable-background-timer-throttling --disable-backgrounding-occluded-windows --disable-back-forward-cache --disable-breakpad --disable-client-side-phishing-detection --disable-component-extensions-with-background-pages --disable-component-update --no-default-browser-check --disable-default-apps --disable-dev-shm-usage --disable-edgeupdater --disable-extensions --disable-features=AvoidUnnecessaryBeforeUnloadCheckSync,BoundaryEventDispatchTracksNodeRemoval,DestroyProfileOnBrowserClose,DialMediaRouteProvider,GlobalMediaControls,HttpsUpgrades,LensOverlay,MediaRouter,PaintHolding,ThirdPartyStoragePartitioning,BlockOriginHeaderModificationOnRedirect,Translate,AutoDeElevate,OptimizationHints,msForceBrowserSignIn,msEdgeUpdateLaunchServicesPreferredVersion --enable-features=CDPScreenshotNewSurface --allow-pre-commit-input --disable-hang-monitor --disable-ipc-flooding-protection --disable-popup-blocking --disable-prompt-on-repost --disable-renderer-backgrounding --disable-updater-scheduler --force-color-profile=srgb --metrics-recording-only --no-first-run --password-store=basic --use-mock-keychain --no-service-autorun --export-tagged-pdf --disable-search-engine-choice-screen --unsafely-disable-devtools-self-xss-warnings --edge-skip-compat-layer-relaunch --disable-infobars --disable-search-engine-choice-screen --disable-sync --enable-unsafe-swiftshader --headless --hide-scrollbars --mute-audio --blink-settings=primaryHoverType=2,availableHoverTypes=2,primaryPointerType=4,availablePointerTypes=4 --no-sandbox --user-data-dir=/tmp/playwright_chromiumdev_profile-xilQpk --remote-debugging-pipe --no-startup-window
      - <launched> pid=9746
      - [pid=9746][err] /home/user/.cache/ms-playwright/chromium-1234/chrome-linux64/chrome: error while loading shared libraries: libcups.so.2: cannot open shared object file: No such file or directory
      - [pid=9746] <gracefully close start>
      - [pid=9746] <kill>
      - [pid=9746] <will force kill>
      - [pid=9746] exception while trying to kill process: Error: kill ESRCH
      - [pid=9746] <process did exit: exitCode=127, signal=null>
      - [pid=9746] starting temporary directories cleanup
      - [pid=9746] finished temporary directories cleanup
      - [pid=9746] <gracefully close end>


    Error Context: test-results/critical-flows-P0-tutor-re-ebc3a-and-deletes-its-local-trace-chromium/error-context.md

    attachment #2: trace (application/zip) ─────────────────────────────────────────────────────────
    test-results/critical-flows-P0-tutor-re-ebc3a-and-deletes-its-local-trace-chromium/trace.zip
    Usage:

        npx playwright show-trace test-results/critical-flows-P0-tutor-re-ebc3a-and-deletes-its-local-trace-chromium/trace.zip

    ────────────────────────────────────────────────────────────────────────────────────────────────


[10/41] [chromium] › tests/e2e/critical-flows.spec.ts:608:1 › optional AI 429 falls back locally once and retry requires fresh consent
  10) [chromium] › tests/e2e/critical-flows.spec.ts:608:1 › optional AI 429 falls back locally once and retry requires fresh consent 

    Error: browserType.launch: Target page, context or browser has been closed
    Browser logs:

    <launching> /home/user/.cache/ms-playwright/chromium-1234/chrome-linux64/chrome --disable-field-trial-config --disable-background-networking --disable-background-timer-throttling --disable-backgrounding-occluded-windows --disable-back-forward-cache --disable-breakpad --disable-client-side-phishing-detection --disable-component-extensions-with-background-pages --disable-component-update --no-default-browser-check --disable-default-apps --disable-dev-shm-usage --disable-edgeupdater --disable-extensions --disable-features=AvoidUnnecessaryBeforeUnloadCheckSync,BoundaryEventDispatchTracksNodeRemoval,DestroyProfileOnBrowserClose,DialMediaRouteProvider,GlobalMediaControls,HttpsUpgrades,LensOverlay,MediaRouter,PaintHolding,ThirdPartyStoragePartitioning,BlockOriginHeaderModificationOnRedirect,Translate,AutoDeElevate,OptimizationHints,msForceBrowserSignIn,msEdgeUpdateLaunchServicesPreferredVersion --enable-features=CDPScreenshotNewSurface --allow-pre-commit-input --disable-hang-monitor --disable-ipc-flooding-protection --disable-popup-blocking --disable-prompt-on-repost --disable-renderer-backgrounding --disable-updater-scheduler --force-color-profile=srgb --metrics-recording-only --no-first-run --password-store=basic --use-mock-keychain --no-service-autorun --export-tagged-pdf --disable-search-engine-choice-screen --unsafely-disable-devtools-self-xss-warnings --edge-skip-compat-layer-relaunch --disable-infobars --disable-search-engine-choice-screen --disable-sync --enable-unsafe-swiftshader --headless --hide-scrollbars --mute-audio --blink-settings=primaryHoverType=2,availableHoverTypes=2,primaryPointerType=4,availablePointerTypes=4 --no-sandbox --user-data-dir=/tmp/playwright_chromiumdev_profile-hjgvFq --remote-debugging-pipe --no-startup-window
    <launched> pid=9759
    [pid=9759][err] /home/user/.cache/ms-playwright/chromium-1234/chrome-linux64/chrome: error while loading shared libraries: libcups.so.2: cannot open shared object file: No such file or directory
    Call log:
      - <launching> /home/user/.cache/ms-playwright/chromium-1234/chrome-linux64/chrome --disable-field-trial-config --disable-background-networking --disable-background-timer-throttling --disable-backgrounding-occluded-windows --disable-back-forward-cache --disable-breakpad --disable-client-side-phishing-detection --disable-component-extensions-with-background-pages --disable-component-update --no-default-browser-check --disable-default-apps --disable-dev-shm-usage --disable-edgeupdater --disable-extensions --disable-features=AvoidUnnecessaryBeforeUnloadCheckSync,BoundaryEventDispatchTracksNodeRemoval,DestroyProfileOnBrowserClose,DialMediaRouteProvider,GlobalMediaControls,HttpsUpgrades,LensOverlay,MediaRouter,PaintHolding,ThirdPartyStoragePartitioning,BlockOriginHeaderModificationOnRedirect,Translate,AutoDeElevate,OptimizationHints,msForceBrowserSignIn,msEdgeUpdateLaunchServicesPreferredVersion --enable-features=CDPScreenshotNewSurface --allow-pre-commit-input --disable-hang-monitor --disable-ipc-flooding-protection --disable-popup-blocking --disable-prompt-on-repost --disable-renderer-backgrounding --disable-updater-scheduler --force-color-profile=srgb --metrics-recording-only --no-first-run --password-store=basic --use-mock-keychain --no-service-autorun --export-tagged-pdf --disable-search-engine-choice-screen --unsafely-disable-devtools-self-xss-warnings --edge-skip-compat-layer-relaunch --disable-infobars --disable-search-engine-choice-screen --disable-sync --enable-unsafe-swiftshader --headless --hide-scrollbars --mute-audio --blink-settings=primaryHoverType=2,availableHoverTypes=2,primaryPointerType=4,availablePointerTypes=4 --no-sandbox --user-data-dir=/tmp/playwright_chromiumdev_profile-hjgvFq --remote-debugging-pipe --no-startup-window
      - <launched> pid=9759
      - [pid=9759][err] /home/user/.cache/ms-playwright/chromium-1234/chrome-linux64/chrome: error while loading shared libraries: libcups.so.2: cannot open shared object file: No such file or directory
      - [pid=9759] <gracefully close start>
      - [pid=9759] <kill>
      - [pid=9759] <will force kill>
      - [pid=9759] exception while trying to kill process: Error: kill ESRCH
      - [pid=9759] <process did exit: exitCode=127, signal=null>
      - [pid=9759] starting temporary directories cleanup
      - [pid=9759] finished temporary directories cleanup
      - [pid=9759] <gracefully close end>


    Error Context: test-results/critical-flows-optional-AI-87639-etry-requires-fresh-consent-chromium/error-context.md

    attachment #2: trace (application/zip) ─────────────────────────────────────────────────────────
    test-results/critical-flows-optional-AI-87639-etry-requires-fresh-consent-chromium/trace.zip
    Usage:

        npx playwright show-trace test-results/critical-flows-optional-AI-87639-etry-requires-fresh-consent-chromium/trace.zip

    ────────────────────────────────────────────────────────────────────────────────────────────────


[11/41] [chromium] › tests/e2e/critical-flows.spec.ts:618:1 › P0 daily check-in rebalances load and reflection stores tomorrow's decision
  11) [chromium] › tests/e2e/critical-flows.spec.ts:618:1 › P0 daily check-in rebalances load and reflection stores tomorrow's decision 

    Error: browserType.launch: Target page, context or browser has been closed
    Browser logs:

    <launching> /home/user/.cache/ms-playwright/chromium-1234/chrome-linux64/chrome --disable-field-trial-config --disable-background-networking --disable-background-timer-throttling --disable-backgrounding-occluded-windows --disable-back-forward-cache --disable-breakpad --disable-client-side-phishing-detection --disable-component-extensions-with-background-pages --disable-component-update --no-default-browser-check --disable-default-apps --disable-dev-shm-usage --disable-edgeupdater --disable-extensions --disable-features=AvoidUnnecessaryBeforeUnloadCheckSync,BoundaryEventDispatchTracksNodeRemoval,DestroyProfileOnBrowserClose,DialMediaRouteProvider,GlobalMediaControls,HttpsUpgrades,LensOverlay,MediaRouter,PaintHolding,ThirdPartyStoragePartitioning,BlockOriginHeaderModificationOnRedirect,Translate,AutoDeElevate,OptimizationHints,msForceBrowserSignIn,msEdgeUpdateLaunchServicesPreferredVersion --enable-features=CDPScreenshotNewSurface --allow-pre-commit-input --disable-hang-monitor --disable-ipc-flooding-protection --disable-popup-blocking --disable-prompt-on-repost --disable-renderer-backgrounding --disable-updater-scheduler --force-color-profile=srgb --metrics-recording-only --no-first-run --password-store=basic --use-mock-keychain --no-service-autorun --export-tagged-pdf --disable-search-engine-choice-screen --unsafely-disable-devtools-self-xss-warnings --edge-skip-compat-layer-relaunch --disable-infobars --disable-search-engine-choice-screen --disable-sync --enable-unsafe-swiftshader --headless --hide-scrollbars --mute-audio --blink-settings=primaryHoverType=2,availableHoverTypes=2,primaryPointerType=4,availablePointerTypes=4 --no-sandbox --user-data-dir=/tmp/playwright_chromiumdev_profile-asyeGS --remote-debugging-pipe --no-startup-window
    <launched> pid=9772
    [pid=9772][err] /home/user/.cache/ms-playwright/chromium-1234/chrome-linux64/chrome: error while loading shared libraries: libcups.so.2: cannot open shared object file: No such file or directory
    Call log:
      - <launching> /home/user/.cache/ms-playwright/chromium-1234/chrome-linux64/chrome --disable-field-trial-config --disable-background-networking --disable-background-timer-throttling --disable-backgrounding-occluded-windows --disable-back-forward-cache --disable-breakpad --disable-client-side-phishing-detection --disable-component-extensions-with-background-pages --disable-component-update --no-default-browser-check --disable-default-apps --disable-dev-shm-usage --disable-edgeupdater --disable-extensions --disable-features=AvoidUnnecessaryBeforeUnloadCheckSync,BoundaryEventDispatchTracksNodeRemoval,DestroyProfileOnBrowserClose,DialMediaRouteProvider,GlobalMediaControls,HttpsUpgrades,LensOverlay,MediaRouter,PaintHolding,ThirdPartyStoragePartitioning,BlockOriginHeaderModificationOnRedirect,Translate,AutoDeElevate,OptimizationHints,msForceBrowserSignIn,msEdgeUpdateLaunchServicesPreferredVersion --enable-features=CDPScreenshotNewSurface --allow-pre-commit-input --disable-hang-monitor --disable-ipc-flooding-protection --disable-popup-blocking --disable-prompt-on-repost --disable-renderer-backgrounding --disable-updater-scheduler --force-color-profile=srgb --metrics-recording-only --no-first-run --password-store=basic --use-mock-keychain --no-service-autorun --export-tagged-pdf --disable-search-engine-choice-screen --unsafely-disable-devtools-self-xss-warnings --edge-skip-compat-layer-relaunch --disable-infobars --disable-search-engine-choice-screen --disable-sync --enable-unsafe-swiftshader --headless --hide-scrollbars --mute-audio --blink-settings=primaryHoverType=2,availableHoverTypes=2,primaryPointerType=4,availablePointerTypes=4 --no-sandbox --user-data-dir=/tmp/playwright_chromiumdev_profile-asyeGS --remote-debugging-pipe --no-startup-window
      - <launched> pid=9772
      - [pid=9772][err] /home/user/.cache/ms-playwright/chromium-1234/chrome-linux64/chrome: error while loading shared libraries: libcups.so.2: cannot open shared object file: No such file or directory
      - [pid=9772] <gracefully close start>
      - [pid=9772] <kill>
      - [pid=9772] <will force kill>
      - [pid=9772] exception while trying to kill process: Error: kill ESRCH
      - [pid=9772] <process did exit: exitCode=127, signal=null>
      - [pid=9772] starting temporary directories cleanup
      - [pid=9772] finished temporary directories cleanup
      - [pid=9772] <gracefully close end>


    Error Context: test-results/critical-flows-P0-daily-ch-c7440--stores-tomorrow-s-decision-chromium/error-context.md

    attachment #2: trace (application/zip) ─────────────────────────────────────────────────────────
    test-results/critical-flows-P0-daily-ch-c7440--stores-tomorrow-s-decision-chromium/trace.zip
    Usage:

        npx playwright show-trace test-results/critical-flows-P0-daily-ch-c7440--stores-tomorrow-s-decision-chromium/trace.zip

    ────────────────────────────────────────────────────────────────────────────────────────────────


[12/41] [chromium] › tests/e2e/critical-flows.spec.ts:717:1 › P2 partial-closure guidance surfaces persist bounded local decisions
  12) [chromium] › tests/e2e/critical-flows.spec.ts:717:1 › P2 partial-closure guidance surfaces persist bounded local decisions 

    Error: browserType.launch: Target page, context or browser has been closed
    Browser logs:

    <launching> /home/user/.cache/ms-playwright/chromium-1234/chrome-linux64/chrome --disable-field-trial-config --disable-background-networking --disable-background-timer-throttling --disable-backgrounding-occluded-windows --disable-back-forward-cache --disable-breakpad --disable-client-side-phishing-detection --disable-component-extensions-with-background-pages --disable-component-update --no-default-browser-check --disable-default-apps --disable-dev-shm-usage --disable-edgeupdater --disable-extensions --disable-features=AvoidUnnecessaryBeforeUnloadCheckSync,BoundaryEventDispatchTracksNodeRemoval,DestroyProfileOnBrowserClose,DialMediaRouteProvider,GlobalMediaControls,HttpsUpgrades,LensOverlay,MediaRouter,PaintHolding,ThirdPartyStoragePartitioning,BlockOriginHeaderModificationOnRedirect,Translate,AutoDeElevate,OptimizationHints,msForceBrowserSignIn,msEdgeUpdateLaunchServicesPreferredVersion --enable-features=CDPScreenshotNewSurface --allow-pre-commit-input --disable-hang-monitor --disable-ipc-flooding-protection --disable-popup-blocking --disable-prompt-on-repost --disable-renderer-backgrounding --disable-updater-scheduler --force-color-profile=srgb --metrics-recording-only --no-first-run --password-store=basic --use-mock-keychain --no-service-autorun --export-tagged-pdf --disable-search-engine-choice-screen --unsafely-disable-devtools-self-xss-warnings --edge-skip-compat-layer-relaunch --disable-infobars --disable-search-engine-choice-screen --disable-sync --enable-unsafe-swiftshader --headless --hide-scrollbars --mute-audio --blink-settings=primaryHoverType=2,availableHoverTypes=2,primaryPointerType=4,availablePointerTypes=4 --no-sandbox --user-data-dir=/tmp/playwright_chromiumdev_profile-PRaaSx --remote-debugging-pipe --no-startup-window
    <launched> pid=9785
    [pid=9785][err] /home/user/.cache/ms-playwright/chromium-1234/chrome-linux64/chrome: error while loading shared libraries: libcups.so.2: cannot open shared object file: No such file or directory
    Call log:
      - <launching> /home/user/.cache/ms-playwright/chromium-1234/chrome-linux64/chrome --disable-field-trial-config --disable-background-networking --disable-background-timer-throttling --disable-backgrounding-occluded-windows --disable-back-forward-cache --disable-breakpad --disable-client-side-phishing-detection --disable-component-extensions-with-background-pages --disable-component-update --no-default-browser-check --disable-default-apps --disable-dev-shm-usage --disable-edgeupdater --disable-extensions --disable-features=AvoidUnnecessaryBeforeUnloadCheckSync,BoundaryEventDispatchTracksNodeRemoval,DestroyProfileOnBrowserClose,DialMediaRouteProvider,GlobalMediaControls,HttpsUpgrades,LensOverlay,MediaRouter,PaintHolding,ThirdPartyStoragePartitioning,BlockOriginHeaderModificationOnRedirect,Translate,AutoDeElevate,OptimizationHints,msForceBrowserSignIn,msEdgeUpdateLaunchServicesPreferredVersion --enable-features=CDPScreenshotNewSurface --allow-pre-commit-input --disable-hang-monitor --disable-ipc-flooding-protection --disable-popup-blocking --disable-prompt-on-repost --disable-renderer-backgrounding --disable-updater-scheduler --force-color-profile=srgb --metrics-recording-only --no-first-run --password-store=basic --use-mock-keychain --no-service-autorun --export-tagged-pdf --disable-search-engine-choice-screen --unsafely-disable-devtools-self-xss-warnings --edge-skip-compat-layer-relaunch --disable-infobars --disable-search-engine-choice-screen --disable-sync --enable-unsafe-swiftshader --headless --hide-scrollbars --mute-audio --blink-settings=primaryHoverType=2,availableHoverTypes=2,primaryPointerType=4,availablePointerTypes=4 --no-sandbox --user-data-dir=/tmp/playwright_chromiumdev_profile-PRaaSx --remote-debugging-pipe --no-startup-window
      - <launched> pid=9785
      - [pid=9785][err] /home/user/.cache/ms-playwright/chromium-1234/chrome-linux64/chrome: error while loading shared libraries: libcups.so.2: cannot open shared object file: No such file or directory
      - [pid=9785] <gracefully close start>
      - [pid=9785] <kill>
      - [pid=9785] <will force kill>
      - [pid=9785] exception while trying to kill process: Error: kill ESRCH
      - [pid=9785] <process did exit: exitCode=127, signal=null>
      - [pid=9785] starting temporary directories cleanup
      - [pid=9785] finished temporary directories cleanup
      - [pid=9785] <gracefully close end>


    Error Context: test-results/critical-flows-P2-partial--dea1f-ist-bounded-local-decisions-chromium/error-context.md

    attachment #2: trace (application/zip) ─────────────────────────────────────────────────────────
    test-results/critical-flows-P2-partial--dea1f-ist-bounded-local-decisions-chromium/trace.zip
    Usage:

        npx playwright show-trace test-results/critical-flows-P2-partial--dea1f-ist-bounded-local-decisions-chromium/trace.zip

    ────────────────────────────────────────────────────────────────────────────────────────────────


[13/41] [chromium] › tests/e2e/critical-flows.spec.ts:732:1 › P1 repeated session errors offer one learner-controlled load reduction without penalty
  13) [chromium] › tests/e2e/critical-flows.spec.ts:732:1 › P1 repeated session errors offer one learner-controlled load reduction without penalty 

    Error: browserType.launch: Target page, context or browser has been closed
    Browser logs:

    <launching> /home/user/.cache/ms-playwright/chromium-1234/chrome-linux64/chrome --disable-field-trial-config --disable-background-networking --disable-background-timer-throttling --disable-backgrounding-occluded-windows --disable-back-forward-cache --disable-breakpad --disable-client-side-phishing-detection --disable-component-extensions-with-background-pages --disable-component-update --no-default-browser-check --disable-default-apps --disable-dev-shm-usage --disable-edgeupdater --disable-extensions --disable-features=AvoidUnnecessaryBeforeUnloadCheckSync,BoundaryEventDispatchTracksNodeRemoval,DestroyProfileOnBrowserClose,DialMediaRouteProvider,GlobalMediaControls,HttpsUpgrades,LensOverlay,MediaRouter,PaintHolding,ThirdPartyStoragePartitioning,BlockOriginHeaderModificationOnRedirect,Translate,AutoDeElevate,OptimizationHints,msForceBrowserSignIn,msEdgeUpdateLaunchServicesPreferredVersion --enable-features=CDPScreenshotNewSurface --allow-pre-commit-input --disable-hang-monitor --disable-ipc-flooding-protection --disable-popup-blocking --disable-prompt-on-repost --disable-renderer-backgrounding --disable-updater-scheduler --force-color-profile=srgb --metrics-recording-only --no-first-run --password-store=basic --use-mock-keychain --no-service-autorun --export-tagged-pdf --disable-search-engine-choice-screen --unsafely-disable-devtools-self-xss-warnings --edge-skip-compat-layer-relaunch --disable-infobars --disable-search-engine-choice-screen --disable-sync --enable-unsafe-swiftshader --headless --hide-scrollbars --mute-audio --blink-settings=primaryHoverType=2,availableHoverTypes=2,primaryPointerType=4,availablePointerTypes=4 --no-sandbox --user-data-dir=/tmp/playwright_chromiumdev_profile-Wp9ad9 --remote-debugging-pipe --no-startup-window
    <launched> pid=9798
    [pid=9798][err] /home/user/.cache/ms-playwright/chromium-1234/chrome-linux64/chrome: error while loading shared libraries: libcups.so.2: cannot open shared object file: No such file or directory
    Call log:
      - <launching> /home/user/.cache/ms-playwright/chromium-1234/chrome-linux64/chrome --disable-field-trial-config --disable-background-networking --disable-background-timer-throttling --disable-backgrounding-occluded-windows --disable-back-forward-cache --disable-breakpad --disable-client-side-phishing-detection --disable-component-extensions-with-background-pages --disable-component-update --no-default-browser-check --disable-default-apps --disable-dev-shm-usage --disable-edgeupdater --disable-extensions --disable-features=AvoidUnnecessaryBeforeUnloadCheckSync,BoundaryEventDispatchTracksNodeRemoval,DestroyProfileOnBrowserClose,DialMediaRouteProvider,GlobalMediaControls,HttpsUpgrades,LensOverlay,MediaRouter,PaintHolding,ThirdPartyStoragePartitioning,BlockOriginHeaderModificationOnRedirect,Translate,AutoDeElevate,OptimizationHints,msForceBrowserSignIn,msEdgeUpdateLaunchServicesPreferredVersion --enable-features=CDPScreenshotNewSurface --allow-pre-commit-input --disable-hang-monitor --disable-ipc-flooding-protection --disable-popup-blocking --disable-prompt-on-repost --disable-renderer-backgrounding --disable-updater-scheduler --force-color-profile=srgb --metrics-recording-only --no-first-run --password-store=basic --use-mock-keychain --no-service-autorun --export-tagged-pdf --disable-search-engine-choice-screen --unsafely-disable-devtools-self-xss-warnings --edge-skip-compat-layer-relaunch --disable-infobars --disable-search-engine-choice-screen --disable-sync --enable-unsafe-swiftshader --headless --hide-scrollbars --mute-audio --blink-settings=primaryHoverType=2,availableHoverTypes=2,primaryPointerType=4,availablePointerTypes=4 --no-sandbox --user-data-dir=/tmp/playwright_chromiumdev_profile-Wp9ad9 --remote-debugging-pipe --no-startup-window
      - <launched> pid=9798
      - [pid=9798][err] /home/user/.cache/ms-playwright/chromium-1234/chrome-linux64/chrome: error while loading shared libraries: libcups.so.2: cannot open shared object file: No such file or directory
      - [pid=9798] <gracefully close start>
      - [pid=9798] <kill>
      - [pid=9798] <will force kill>
      - [pid=9798] exception while trying to kill process: Error: kill ESRCH
      - [pid=9798] <process did exit: exitCode=127, signal=null>
      - [pid=9798] starting temporary directories cleanup
      - [pid=9798] finished temporary directories cleanup
      - [pid=9798] <gracefully close end>


    Error Context: test-results/critical-flows-P1-repeated-283a2-d-reduction-without-penalty-chromium/error-context.md

    attachment #2: trace (application/zip) ─────────────────────────────────────────────────────────
    test-results/critical-flows-P1-repeated-283a2-d-reduction-without-penalty-chromium/trace.zip
    Usage:

        npx playwright show-trace test-results/critical-flows-P1-repeated-283a2-d-reduction-without-penalty-chromium/trace.zip

    ────────────────────────────────────────────────────────────────────────────────────────────────


[14/41] [chromium] › tests/e2e/critical-flows.spec.ts:740:1 › P0 clustered error clinic opens at three occurrences and stores a transfer attempt
  14) [chromium] › tests/e2e/critical-flows.spec.ts:740:1 › P0 clustered error clinic opens at three occurrences and stores a transfer attempt 

    Error: browserType.launch: Target page, context or browser has been closed
    Browser logs:

    <launching> /home/user/.cache/ms-playwright/chromium-1234/chrome-linux64/chrome --disable-field-trial-config --disable-background-networking --disable-background-timer-throttling --disable-backgrounding-occluded-windows --disable-back-forward-cache --disable-breakpad --disable-client-side-phishing-detection --disable-component-extensions-with-background-pages --disable-component-update --no-default-browser-check --disable-default-apps --disable-dev-shm-usage --disable-edgeupdater --disable-extensions --disable-features=AvoidUnnecessaryBeforeUnloadCheckSync,BoundaryEventDispatchTracksNodeRemoval,DestroyProfileOnBrowserClose,DialMediaRouteProvider,GlobalMediaControls,HttpsUpgrades,LensOverlay,MediaRouter,PaintHolding,ThirdPartyStoragePartitioning,BlockOriginHeaderModificationOnRedirect,Translate,AutoDeElevate,OptimizationHints,msForceBrowserSignIn,msEdgeUpdateLaunchServicesPreferredVersion --enable-features=CDPScreenshotNewSurface --allow-pre-commit-input --disable-hang-monitor --disable-ipc-flooding-protection --disable-popup-blocking --disable-prompt-on-repost --disable-renderer-backgrounding --disable-updater-scheduler --force-color-profile=srgb --metrics-recording-only --no-first-run --password-store=basic --use-mock-keychain --no-service-autorun --export-tagged-pdf --disable-search-engine-choice-screen --unsafely-disable-devtools-self-xss-warnings --edge-skip-compat-layer-relaunch --disable-infobars --disable-search-engine-choice-screen --disable-sync --enable-unsafe-swiftshader --headless --hide-scrollbars --mute-audio --blink-settings=primaryHoverType=2,availableHoverTypes=2,primaryPointerType=4,availablePointerTypes=4 --no-sandbox --user-data-dir=/tmp/playwright_chromiumdev_profile-8mlSjB --remote-debugging-pipe --no-startup-window
    <launched> pid=9811
    [pid=9811][err] /home/user/.cache/ms-playwright/chromium-1234/chrome-linux64/chrome: error while loading shared libraries: libcups.so.2: cannot open shared object file: No such file or directory
    Call log:
      - <launching> /home/user/.cache/ms-playwright/chromium-1234/chrome-linux64/chrome --disable-field-trial-config --disable-background-networking --disable-background-timer-throttling --disable-backgrounding-occluded-windows --disable-back-forward-cache --disable-breakpad --disable-client-side-phishing-detection --disable-component-extensions-with-background-pages --disable-component-update --no-default-browser-check --disable-default-apps --disable-dev-shm-usage --disable-edgeupdater --disable-extensions --disable-features=AvoidUnnecessaryBeforeUnloadCheckSync,BoundaryEventDispatchTracksNodeRemoval,DestroyProfileOnBrowserClose,DialMediaRouteProvider,GlobalMediaControls,HttpsUpgrades,LensOverlay,MediaRouter,PaintHolding,ThirdPartyStoragePartitioning,BlockOriginHeaderModificationOnRedirect,Translate,AutoDeElevate,OptimizationHints,msForceBrowserSignIn,msEdgeUpdateLaunchServicesPreferredVersion --enable-features=CDPScreenshotNewSurface --allow-pre-commit-input --disable-hang-monitor --disable-ipc-flooding-protection --disable-popup-blocking --disable-prompt-on-repost --disable-renderer-backgrounding --disable-updater-scheduler --force-color-profile=srgb --metrics-recording-only --no-first-run --password-store=basic --use-mock-keychain --no-service-autorun --export-tagged-pdf --disable-search-engine-choice-screen --unsafely-disable-devtools-self-xss-warnings --edge-skip-compat-layer-relaunch --disable-infobars --disable-search-engine-choice-screen --disable-sync --enable-unsafe-swiftshader --headless --hide-scrollbars --mute-audio --blink-settings=primaryHoverType=2,availableHoverTypes=2,primaryPointerType=4,availablePointerTypes=4 --no-sandbox --user-data-dir=/tmp/playwright_chromiumdev_profile-8mlSjB --remote-debugging-pipe --no-startup-window
      - <launched> pid=9811
      - [pid=9811][err] /home/user/.cache/ms-playwright/chromium-1234/chrome-linux64/chrome: error while loading shared libraries: libcups.so.2: cannot open shared object file: No such file or directory
      - [pid=9811] <gracefully close start>
      - [pid=9811] <kill>
      - [pid=9811] <will force kill>
      - [pid=9811] exception while trying to kill process: Error: kill ESRCH
      - [pid=9811] <process did exit: exitCode=127, signal=null>
      - [pid=9811] starting temporary directories cleanup
      - [pid=9811] finished temporary directories cleanup
      - [pid=9811] <gracefully close end>


    Error Context: test-results/critical-flows-P0-clustere-be3bc-d-stores-a-transfer-attempt-chromium/error-context.md

    attachment #2: trace (application/zip) ─────────────────────────────────────────────────────────
    test-results/critical-flows-P0-clustere-be3bc-d-stores-a-transfer-attempt-chromium/trace.zip
    Usage:

        npx playwright show-trace test-results/critical-flows-P0-clustere-be3bc-d-stores-a-transfer-attempt-chromium/trace.zip

    ────────────────────────────────────────────────────────────────────────────────────────────────


[15/41] [chromium] › tests/e2e/critical-flows.spec.ts:774:1 › P0 writing lab enforces plan, draft, self-check, cited feedback, and revision
  15) [chromium] › tests/e2e/critical-flows.spec.ts:774:1 › P0 writing lab enforces plan, draft, self-check, cited feedback, and revision 

    Error: browserType.launch: Target page, context or browser has been closed
    Browser logs:

    <launching> /home/user/.cache/ms-playwright/chromium-1234/chrome-linux64/chrome --disable-field-trial-config --disable-background-networking --disable-background-timer-throttling --disable-backgrounding-occluded-windows --disable-back-forward-cache --disable-breakpad --disable-client-side-phishing-detection --disable-component-extensions-with-background-pages --disable-component-update --no-default-browser-check --disable-default-apps --disable-dev-shm-usage --disable-edgeupdater --disable-extensions --disable-features=AvoidUnnecessaryBeforeUnloadCheckSync,BoundaryEventDispatchTracksNodeRemoval,DestroyProfileOnBrowserClose,DialMediaRouteProvider,GlobalMediaControls,HttpsUpgrades,LensOverlay,MediaRouter,PaintHolding,ThirdPartyStoragePartitioning,BlockOriginHeaderModificationOnRedirect,Translate,AutoDeElevate,OptimizationHints,msForceBrowserSignIn,msEdgeUpdateLaunchServicesPreferredVersion --enable-features=CDPScreenshotNewSurface --allow-pre-commit-input --disable-hang-monitor --disable-ipc-flooding-protection --disable-popup-blocking --disable-prompt-on-repost --disable-renderer-backgrounding --disable-updater-scheduler --force-color-profile=srgb --metrics-recording-only --no-first-run --password-store=basic --use-mock-keychain --no-service-autorun --export-tagged-pdf --disable-search-engine-choice-screen --unsafely-disable-devtools-self-xss-warnings --edge-skip-compat-layer-relaunch --disable-infobars --disable-search-engine-choice-screen --disable-sync --enable-unsafe-swiftshader --headless --hide-scrollbars --mute-audio --blink-settings=primaryHoverType=2,availableHoverTypes=2,primaryPointerType=4,availablePointerTypes=4 --no-sandbox --user-data-dir=/tmp/playwright_chromiumdev_profile-jgSSyV --remote-debugging-pipe --no-startup-window
    <launched> pid=9824
    [pid=9824][err] /home/user/.cache/ms-playwright/chromium-1234/chrome-linux64/chrome: error while loading shared libraries: libcups.so.2: cannot open shared object file: No such file or directory
    Call log:
      - <launching> /home/user/.cache/ms-playwright/chromium-1234/chrome-linux64/chrome --disable-field-trial-config --disable-background-networking --disable-background-timer-throttling --disable-backgrounding-occluded-windows --disable-back-forward-cache --disable-breakpad --disable-client-side-phishing-detection --disable-component-extensions-with-background-pages --disable-component-update --no-default-browser-check --disable-default-apps --disable-dev-shm-usage --disable-edgeupdater --disable-extensions --disable-features=AvoidUnnecessaryBeforeUnloadCheckSync,BoundaryEventDispatchTracksNodeRemoval,DestroyProfileOnBrowserClose,DialMediaRouteProvider,GlobalMediaControls,HttpsUpgrades,LensOverlay,MediaRouter,PaintHolding,ThirdPartyStoragePartitioning,BlockOriginHeaderModificationOnRedirect,Translate,AutoDeElevate,OptimizationHints,msForceBrowserSignIn,msEdgeUpdateLaunchServicesPreferredVersion --enable-features=CDPScreenshotNewSurface --allow-pre-commit-input --disable-hang-monitor --disable-ipc-flooding-protection --disable-popup-blocking --disable-prompt-on-repost --disable-renderer-backgrounding --disable-updater-scheduler --force-color-profile=srgb --metrics-recording-only --no-first-run --password-store=basic --use-mock-keychain --no-service-autorun --export-tagged-pdf --disable-search-engine-choice-screen --unsafely-disable-devtools-self-xss-warnings --edge-skip-compat-layer-relaunch --disable-infobars --disable-search-engine-choice-screen --disable-sync --enable-unsafe-swiftshader --headless --hide-scrollbars --mute-audio --blink-settings=primaryHoverType=2,availableHoverTypes=2,primaryPointerType=4,availablePointerTypes=4 --no-sandbox --user-data-dir=/tmp/playwright_chromiumdev_profile-jgSSyV --remote-debugging-pipe --no-startup-window
      - <launched> pid=9824
      - [pid=9824][err] /home/user/.cache/ms-playwright/chromium-1234/chrome-linux64/chrome: error while loading shared libraries: libcups.so.2: cannot open shared object file: No such file or directory
      - [pid=9824] <gracefully close start>
      - [pid=9824] <kill>
      - [pid=9824] <will force kill>
      - [pid=9824] exception while trying to kill process: Error: kill ESRCH
      - [pid=9824] <process did exit: exitCode=127, signal=null>
      - [pid=9824] starting temporary directories cleanup
      - [pid=9824] finished temporary directories cleanup
      - [pid=9824] <gracefully close end>


    Error Context: test-results/critical-flows-P0-writing--40c21-cited-feedback-and-revision-chromium/error-context.md

    attachment #2: trace (application/zip) ─────────────────────────────────────────────────────────
    test-results/critical-flows-P0-writing--40c21-cited-feedback-and-revision-chromium/trace.zip
    Usage:

        npx playwright show-trace test-results/critical-flows-P0-writing--40c21-cited-feedback-and-revision-chromium/trace.zip

    ────────────────────────────────────────────────────────────────────────────────────────────────


[16/41] [chromium] › tests/e2e/critical-flows.spec.ts:866:1 › P0 WebGPU model is opt-in, runs ranked follow-up locally, and can be deleted
  16) [chromium] › tests/e2e/critical-flows.spec.ts:866:1 › P0 WebGPU model is opt-in, runs ranked follow-up locally, and can be deleted 

    Error: browserType.launch: Target page, context or browser has been closed
    Browser logs:

    <launching> /home/user/.cache/ms-playwright/chromium-1234/chrome-linux64/chrome --disable-field-trial-config --disable-background-networking --disable-background-timer-throttling --disable-backgrounding-occluded-windows --disable-back-forward-cache --disable-breakpad --disable-client-side-phishing-detection --disable-component-extensions-with-background-pages --disable-component-update --no-default-browser-check --disable-default-apps --disable-dev-shm-usage --disable-edgeupdater --disable-extensions --disable-features=AvoidUnnecessaryBeforeUnloadCheckSync,BoundaryEventDispatchTracksNodeRemoval,DestroyProfileOnBrowserClose,DialMediaRouteProvider,GlobalMediaControls,HttpsUpgrades,LensOverlay,MediaRouter,PaintHolding,ThirdPartyStoragePartitioning,BlockOriginHeaderModificationOnRedirect,Translate,AutoDeElevate,OptimizationHints,msForceBrowserSignIn,msEdgeUpdateLaunchServicesPreferredVersion --enable-features=CDPScreenshotNewSurface --allow-pre-commit-input --disable-hang-monitor --disable-ipc-flooding-protection --disable-popup-blocking --disable-prompt-on-repost --disable-renderer-backgrounding --disable-updater-scheduler --force-color-profile=srgb --metrics-recording-only --no-first-run --password-store=basic --use-mock-keychain --no-service-autorun --export-tagged-pdf --disable-search-engine-choice-screen --unsafely-disable-devtools-self-xss-warnings --edge-skip-compat-layer-relaunch --disable-infobars --disable-search-engine-choice-screen --disable-sync --enable-unsafe-swiftshader --headless --hide-scrollbars --mute-audio --blink-settings=primaryHoverType=2,availableHoverTypes=2,primaryPointerType=4,availablePointerTypes=4 --no-sandbox --user-data-dir=/tmp/playwright_chromiumdev_profile-lTv536 --remote-debugging-pipe --no-startup-window
    <launched> pid=9843
    [pid=9843][err] /home/user/.cache/ms-playwright/chromium-1234/chrome-linux64/chrome: error while loading shared libraries: libcups.so.2: cannot open shared object file: No such file or directory
    Call log:
      - <launching> /home/user/.cache/ms-playwright/chromium-1234/chrome-linux64/chrome --disable-field-trial-config --disable-background-networking --disable-background-timer-throttling --disable-backgrounding-occluded-windows --disable-back-forward-cache --disable-breakpad --disable-client-side-phishing-detection --disable-component-extensions-with-background-pages --disable-component-update --no-default-browser-check --disable-default-apps --disable-dev-shm-usage --disable-edgeupdater --disable-extensions --disable-features=AvoidUnnecessaryBeforeUnloadCheckSync,BoundaryEventDispatchTracksNodeRemoval,DestroyProfileOnBrowserClose,DialMediaRouteProvider,GlobalMediaControls,HttpsUpgrades,LensOverlay,MediaRouter,PaintHolding,ThirdPartyStoragePartitioning,BlockOriginHeaderModificationOnRedirect,Translate,AutoDeElevate,OptimizationHints,msForceBrowserSignIn,msEdgeUpdateLaunchServicesPreferredVersion --enable-features=CDPScreenshotNewSurface --allow-pre-commit-input --disable-hang-monitor --disable-ipc-flooding-protection --disable-popup-blocking --disable-prompt-on-repost --disable-renderer-backgrounding --disable-updater-scheduler --force-color-profile=srgb --metrics-recording-only --no-first-run --password-store=basic --use-mock-keychain --no-service-autorun --export-tagged-pdf --disable-search-engine-choice-screen --unsafely-disable-devtools-self-xss-warnings --edge-skip-compat-layer-relaunch --disable-infobars --disable-search-engine-choice-screen --disable-sync --enable-unsafe-swiftshader --headless --hide-scrollbars --mute-audio --blink-settings=primaryHoverType=2,availableHoverTypes=2,primaryPointerType=4,availablePointerTypes=4 --no-sandbox --user-data-dir=/tmp/playwright_chromiumdev_profile-lTv536 --remote-debugging-pipe --no-startup-window
      - <launched> pid=9843
      - [pid=9843][err] /home/user/.cache/ms-playwright/chromium-1234/chrome-linux64/chrome: error while loading shared libraries: libcups.so.2: cannot open shared object file: No such file or directory
      - [pid=9843] <gracefully close start>
      - [pid=9843] <kill>
      - [pid=9843] <will force kill>
      - [pid=9843] exception while trying to kill process: Error: kill ESRCH
      - [pid=9843] <process did exit: exitCode=127, signal=null>
      - [pid=9843] starting temporary directories cleanup
      - [pid=9843] finished temporary directories cleanup
      - [pid=9843] <gracefully close end>


    Error Context: test-results/critical-flows-P0-WebGPU-m-0ce08--locally-and-can-be-deleted-chromium/error-context.md

    attachment #2: trace (application/zip) ─────────────────────────────────────────────────────────
    test-results/critical-flows-P0-WebGPU-m-0ce08--locally-and-can-be-deleted-chromium/trace.zip
    Usage:

        npx playwright show-trace test-results/critical-flows-P0-WebGPU-m-0ce08--locally-and-can-be-deleted-chromium/trace.zip

    ────────────────────────────────────────────────────────────────────────────────────────────────


[17/41] [chromium] › tests/e2e/critical-flows.spec.ts:931:1 › standard pronunciation pack installs explicitly and matches expected German words locally
  17) [chromium] › tests/e2e/critical-flows.spec.ts:931:1 › standard pronunciation pack installs explicitly and matches expected German words locally 

    Error: browserType.launch: Target page, context or browser has been closed
    Browser logs:

    <launching> /home/user/.cache/ms-playwright/chromium-1234/chrome-linux64/chrome --disable-field-trial-config --disable-background-networking --disable-background-timer-throttling --disable-backgrounding-occluded-windows --disable-back-forward-cache --disable-breakpad --disable-client-side-phishing-detection --disable-component-extensions-with-background-pages --disable-component-update --no-default-browser-check --disable-default-apps --disable-dev-shm-usage --disable-edgeupdater --disable-extensions --disable-features=AvoidUnnecessaryBeforeUnloadCheckSync,BoundaryEventDispatchTracksNodeRemoval,DestroyProfileOnBrowserClose,DialMediaRouteProvider,GlobalMediaControls,HttpsUpgrades,LensOverlay,MediaRouter,PaintHolding,ThirdPartyStoragePartitioning,BlockOriginHeaderModificationOnRedirect,Translate,AutoDeElevate,OptimizationHints,msForceBrowserSignIn,msEdgeUpdateLaunchServicesPreferredVersion --enable-features=CDPScreenshotNewSurface --allow-pre-commit-input --disable-hang-monitor --disable-ipc-flooding-protection --disable-popup-blocking --disable-prompt-on-repost --disable-renderer-backgrounding --disable-updater-scheduler --force-color-profile=srgb --metrics-recording-only --no-first-run --password-store=basic --use-mock-keychain --no-service-autorun --export-tagged-pdf --disable-search-engine-choice-screen --unsafely-disable-devtools-self-xss-warnings --edge-skip-compat-layer-relaunch --disable-infobars --disable-search-engine-choice-screen --disable-sync --enable-unsafe-swiftshader --headless --hide-scrollbars --mute-audio --blink-settings=primaryHoverType=2,availableHoverTypes=2,primaryPointerType=4,availablePointerTypes=4 --no-sandbox --user-data-dir=/tmp/playwright_chromiumdev_profile-iDk2ag --remote-debugging-pipe --no-startup-window
    <launched> pid=9856
    [pid=9856][err] /home/user/.cache/ms-playwright/chromium-1234/chrome-linux64/chrome: error while loading shared libraries: libcups.so.2: cannot open shared object file: No such file or directory
    Call log:
      - <launching> /home/user/.cache/ms-playwright/chromium-1234/chrome-linux64/chrome --disable-field-trial-config --disable-background-networking --disable-background-timer-throttling --disable-backgrounding-occluded-windows --disable-back-forward-cache --disable-breakpad --disable-client-side-phishing-detection --disable-component-extensions-with-background-pages --disable-component-update --no-default-browser-check --disable-default-apps --disable-dev-shm-usage --disable-edgeupdater --disable-extensions --disable-features=AvoidUnnecessaryBeforeUnloadCheckSync,BoundaryEventDispatchTracksNodeRemoval,DestroyProfileOnBrowserClose,DialMediaRouteProvider,GlobalMediaControls,HttpsUpgrades,LensOverlay,MediaRouter,PaintHolding,ThirdPartyStoragePartitioning,BlockOriginHeaderModificationOnRedirect,Translate,AutoDeElevate,OptimizationHints,msForceBrowserSignIn,msEdgeUpdateLaunchServicesPreferredVersion --enable-features=CDPScreenshotNewSurface --allow-pre-commit-input --disable-hang-monitor --disable-ipc-flooding-protection --disable-popup-blocking --disable-prompt-on-repost --disable-renderer-backgrounding --disable-updater-scheduler --force-color-profile=srgb --metrics-recording-only --no-first-run --password-store=basic --use-mock-keychain --no-service-autorun --export-tagged-pdf --disable-search-engine-choice-screen --unsafely-disable-devtools-self-xss-warnings --edge-skip-compat-layer-relaunch --disable-infobars --disable-search-engine-choice-screen --disable-sync --enable-unsafe-swiftshader --headless --hide-scrollbars --mute-audio --blink-settings=primaryHoverType=2,availableHoverTypes=2,primaryPointerType=4,availablePointerTypes=4 --no-sandbox --user-data-dir=/tmp/playwright_chromiumdev_profile-iDk2ag --remote-debugging-pipe --no-startup-window
      - <launched> pid=9856
      - [pid=9856][err] /home/user/.cache/ms-playwright/chromium-1234/chrome-linux64/chrome: error while loading shared libraries: libcups.so.2: cannot open shared object file: No such file or directory
      - [pid=9856] <gracefully close start>
      - [pid=9856] <kill>
      - [pid=9856] <will force kill>
      - [pid=9856] exception while trying to kill process: Error: kill ESRCH
      - [pid=9856] <process did exit: exitCode=127, signal=null>
      - [pid=9856] starting temporary directories cleanup
      - [pid=9856] finished temporary directories cleanup
      - [pid=9856] <gracefully close end>


    Error Context: test-results/critical-flows-standard-pr-ad4fc-pected-German-words-locally-chromium/error-context.md

    attachment #2: trace (application/zip) ─────────────────────────────────────────────────────────
    test-results/critical-flows-standard-pr-ad4fc-pected-German-words-locally-chromium/trace.zip
    Usage:

        npx playwright show-trace test-results/critical-flows-standard-pr-ad4fc-pected-German-words-locally-chromium/trace.zip

    ────────────────────────────────────────────────────────────────────────────────────────────────


[18/41] [chromium] › tests/e2e/critical-flows.spec.ts:995:1 › guided speaking keeps learner-selected support visible, grounds typed follow-up, and requires consent before optional AI
  18) [chromium] › tests/e2e/critical-flows.spec.ts:995:1 › guided speaking keeps learner-selected support visible, grounds typed follow-up, and requires consent before optional AI 

    Error: browserType.launch: Target page, context or browser has been closed
    Browser logs:

    <launching> /home/user/.cache/ms-playwright/chromium-1234/chrome-linux64/chrome --disable-field-trial-config --disable-background-networking --disable-background-timer-throttling --disable-backgrounding-occluded-windows --disable-back-forward-cache --disable-breakpad --disable-client-side-phishing-detection --disable-component-extensions-with-background-pages --disable-component-update --no-default-browser-check --disable-default-apps --disable-dev-shm-usage --disable-edgeupdater --disable-extensions --disable-features=AvoidUnnecessaryBeforeUnloadCheckSync,BoundaryEventDispatchTracksNodeRemoval,DestroyProfileOnBrowserClose,DialMediaRouteProvider,GlobalMediaControls,HttpsUpgrades,LensOverlay,MediaRouter,PaintHolding,ThirdPartyStoragePartitioning,BlockOriginHeaderModificationOnRedirect,Translate,AutoDeElevate,OptimizationHints,msForceBrowserSignIn,msEdgeUpdateLaunchServicesPreferredVersion --enable-features=CDPScreenshotNewSurface --allow-pre-commit-input --disable-hang-monitor --disable-ipc-flooding-protection --disable-popup-blocking --disable-prompt-on-repost --disable-renderer-backgrounding --disable-updater-scheduler --force-color-profile=srgb --metrics-recording-only --no-first-run --password-store=basic --use-mock-keychain --no-service-autorun --export-tagged-pdf --disable-search-engine-choice-screen --unsafely-disable-devtools-self-xss-warnings --edge-skip-compat-layer-relaunch --disable-infobars --disable-search-engine-choice-screen --disable-sync --enable-unsafe-swiftshader --headless --hide-scrollbars --mute-audio --blink-settings=primaryHoverType=2,availableHoverTypes=2,primaryPointerType=4,availablePointerTypes=4 --no-sandbox --user-data-dir=/tmp/playwright_chromiumdev_profile-fDnPuN --remote-debugging-pipe --no-startup-window
    <launched> pid=9869
    [pid=9869][err] /home/user/.cache/ms-playwright/chromium-1234/chrome-linux64/chrome: error while loading shared libraries: libcups.so.2: cannot open shared object file: No such file or directory
    Call log:
      - <launching> /home/user/.cache/ms-playwright/chromium-1234/chrome-linux64/chrome --disable-field-trial-config --disable-background-networking --disable-background-timer-throttling --disable-backgrounding-occluded-windows --disable-back-forward-cache --disable-breakpad --disable-client-side-phishing-detection --disable-component-extensions-with-background-pages --disable-component-update --no-default-browser-check --disable-default-apps --disable-dev-shm-usage --disable-edgeupdater --disable-extensions --disable-features=AvoidUnnecessaryBeforeUnloadCheckSync,BoundaryEventDispatchTracksNodeRemoval,DestroyProfileOnBrowserClose,DialMediaRouteProvider,GlobalMediaControls,HttpsUpgrades,LensOverlay,MediaRouter,PaintHolding,ThirdPartyStoragePartitioning,BlockOriginHeaderModificationOnRedirect,Translate,AutoDeElevate,OptimizationHints,msForceBrowserSignIn,msEdgeUpdateLaunchServicesPreferredVersion --enable-features=CDPScreenshotNewSurface --allow-pre-commit-input --disable-hang-monitor --disable-ipc-flooding-protection --disable-popup-blocking --disable-prompt-on-repost --disable-renderer-backgrounding --disable-updater-scheduler --force-color-profile=srgb --metrics-recording-only --no-first-run --password-store=basic --use-mock-keychain --no-service-autorun --export-tagged-pdf --disable-search-engine-choice-screen --unsafely-disable-devtools-self-xss-warnings --edge-skip-compat-layer-relaunch --disable-infobars --disable-search-engine-choice-screen --disable-sync --enable-unsafe-swiftshader --headless --hide-scrollbars --mute-audio --blink-settings=primaryHoverType=2,availableHoverTypes=2,primaryPointerType=4,availablePointerTypes=4 --no-sandbox --user-data-dir=/tmp/playwright_chromiumdev_profile-fDnPuN --remote-debugging-pipe --no-startup-window
      - <launched> pid=9869
      - [pid=9869][err] /home/user/.cache/ms-playwright/chromium-1234/chrome-linux64/chrome: error while loading shared libraries: libcups.so.2: cannot open shared object file: No such file or directory
      - [pid=9869] <gracefully close start>
      - [pid=9869] <kill>
      - [pid=9869] <will force kill>
      - [pid=9869] exception while trying to kill process: Error: kill ESRCH
      - [pid=9869] <process did exit: exitCode=127, signal=null>
      - [pid=9869] starting temporary directories cleanup
      - [pid=9869] finished temporary directories cleanup
      - [pid=9869] <gracefully close end>


    Error Context: test-results/critical-flows-guided-spea-c7bc0--consent-before-optional-AI-chromium/error-context.md

    attachment #2: trace (application/zip) ─────────────────────────────────────────────────────────
    test-results/critical-flows-guided-spea-c7bc0--consent-before-optional-AI-chromium/trace.zip
    Usage:

        npx playwright show-trace test-results/critical-flows-guided-spea-c7bc0--consent-before-optional-AI-chromium/trace.zip

    ────────────────────────────────────────────────────────────────────────────────────────────────


[19/41] [chromium] › tests/e2e/critical-flows.spec.ts:1097:1 › P0 mediation lab enforces source analysis, transfer, self-check, comparison, and revision
  19) [chromium] › tests/e2e/critical-flows.spec.ts:1097:1 › P0 mediation lab enforces source analysis, transfer, self-check, comparison, and revision 

    Error: browserType.launch: Target page, context or browser has been closed
    Browser logs:

    <launching> /home/user/.cache/ms-playwright/chromium-1234/chrome-linux64/chrome --disable-field-trial-config --disable-background-networking --disable-background-timer-throttling --disable-backgrounding-occluded-windows --disable-back-forward-cache --disable-breakpad --disable-client-side-phishing-detection --disable-component-extensions-with-background-pages --disable-component-update --no-default-browser-check --disable-default-apps --disable-dev-shm-usage --disable-edgeupdater --disable-extensions --disable-features=AvoidUnnecessaryBeforeUnloadCheckSync,BoundaryEventDispatchTracksNodeRemoval,DestroyProfileOnBrowserClose,DialMediaRouteProvider,GlobalMediaControls,HttpsUpgrades,LensOverlay,MediaRouter,PaintHolding,ThirdPartyStoragePartitioning,BlockOriginHeaderModificationOnRedirect,Translate,AutoDeElevate,OptimizationHints,msForceBrowserSignIn,msEdgeUpdateLaunchServicesPreferredVersion --enable-features=CDPScreenshotNewSurface --allow-pre-commit-input --disable-hang-monitor --disable-ipc-flooding-protection --disable-popup-blocking --disable-prompt-on-repost --disable-renderer-backgrounding --disable-updater-scheduler --force-color-profile=srgb --metrics-recording-only --no-first-run --password-store=basic --use-mock-keychain --no-service-autorun --export-tagged-pdf --disable-search-engine-choice-screen --unsafely-disable-devtools-self-xss-warnings --edge-skip-compat-layer-relaunch --disable-infobars --disable-search-engine-choice-screen --disable-sync --enable-unsafe-swiftshader --headless --hide-scrollbars --mute-audio --blink-settings=primaryHoverType=2,availableHoverTypes=2,primaryPointerType=4,availablePointerTypes=4 --no-sandbox --user-data-dir=/tmp/playwright_chromiumdev_profile-VKLK3j --remote-debugging-pipe --no-startup-window
    <launched> pid=9882
    [pid=9882][err] /home/user/.cache/ms-playwright/chromium-1234/chrome-linux64/chrome: error while loading shared libraries: libcups.so.2: cannot open shared object file: No such file or directory
    Call log:
      - <launching> /home/user/.cache/ms-playwright/chromium-1234/chrome-linux64/chrome --disable-field-trial-config --disable-background-networking --disable-background-timer-throttling --disable-backgrounding-occluded-windows --disable-back-forward-cache --disable-breakpad --disable-client-side-phishing-detection --disable-component-extensions-with-background-pages --disable-component-update --no-default-browser-check --disable-default-apps --disable-dev-shm-usage --disable-edgeupdater --disable-extensions --disable-features=AvoidUnnecessaryBeforeUnloadCheckSync,BoundaryEventDispatchTracksNodeRemoval,DestroyProfileOnBrowserClose,DialMediaRouteProvider,GlobalMediaControls,HttpsUpgrades,LensOverlay,MediaRouter,PaintHolding,ThirdPartyStoragePartitioning,BlockOriginHeaderModificationOnRedirect,Translate,AutoDeElevate,OptimizationHints,msForceBrowserSignIn,msEdgeUpdateLaunchServicesPreferredVersion --enable-features=CDPScreenshotNewSurface --allow-pre-commit-input --disable-hang-monitor --disable-ipc-flooding-protection --disable-popup-blocking --disable-prompt-on-repost --disable-renderer-backgrounding --disable-updater-scheduler --force-color-profile=srgb --metrics-recording-only --no-first-run --password-store=basic --use-mock-keychain --no-service-autorun --export-tagged-pdf --disable-search-engine-choice-screen --unsafely-disable-devtools-self-xss-warnings --edge-skip-compat-layer-relaunch --disable-infobars --disable-search-engine-choice-screen --disable-sync --enable-unsafe-swiftshader --headless --hide-scrollbars --mute-audio --blink-settings=primaryHoverType=2,availableHoverTypes=2,primaryPointerType=4,availablePointerTypes=4 --no-sandbox --user-data-dir=/tmp/playwright_chromiumdev_profile-VKLK3j --remote-debugging-pipe --no-startup-window
      - <launched> pid=9882
      - [pid=9882][err] /home/user/.cache/ms-playwright/chromium-1234/chrome-linux64/chrome: error while loading shared libraries: libcups.so.2: cannot open shared object file: No such file or directory
      - [pid=9882] <gracefully close start>
      - [pid=9882] <kill>
      - [pid=9882] <will force kill>
      - [pid=9882] exception while trying to kill process: Error: kill ESRCH
      - [pid=9882] <process did exit: exitCode=127, signal=null>
      - [pid=9882] starting temporary directories cleanup
      - [pid=9882] finished temporary directories cleanup
      - [pid=9882] <gracefully close end>


    Error Context: test-results/critical-flows-P0-mediatio-ee5b7-eck-comparison-and-revision-chromium/error-context.md

    attachment #2: trace (application/zip) ─────────────────────────────────────────────────────────
    test-results/critical-flows-P0-mediatio-ee5b7-eck-comparison-and-revision-chromium/trace.zip
    Usage:

        npx playwright show-trace test-results/critical-flows-P0-mediatio-ee5b7-eck-comparison-and-revision-chromium/trace.zip

    ────────────────────────────────────────────────────────────────────────────────────────────────


[20/41] [chromium] › tests/e2e/critical-flows.spec.ts:1130:1 › generated library audio exposes provenance, playback, and Browser TTS fallback
  20) [chromium] › tests/e2e/critical-flows.spec.ts:1130:1 › generated library audio exposes provenance, playback, and Browser TTS fallback 

    Error: browserType.launch: Target page, context or browser has been closed
    Browser logs:

    <launching> /home/user/.cache/ms-playwright/chromium-1234/chrome-linux64/chrome --disable-field-trial-config --disable-background-networking --disable-background-timer-throttling --disable-backgrounding-occluded-windows --disable-back-forward-cache --disable-breakpad --disable-client-side-phishing-detection --disable-component-extensions-with-background-pages --disable-component-update --no-default-browser-check --disable-default-apps --disable-dev-shm-usage --disable-edgeupdater --disable-extensions --disable-features=AvoidUnnecessaryBeforeUnloadCheckSync,BoundaryEventDispatchTracksNodeRemoval,DestroyProfileOnBrowserClose,DialMediaRouteProvider,GlobalMediaControls,HttpsUpgrades,LensOverlay,MediaRouter,PaintHolding,ThirdPartyStoragePartitioning,BlockOriginHeaderModificationOnRedirect,Translate,AutoDeElevate,OptimizationHints,msForceBrowserSignIn,msEdgeUpdateLaunchServicesPreferredVersion --enable-features=CDPScreenshotNewSurface --allow-pre-commit-input --disable-hang-monitor --disable-ipc-flooding-protection --disable-popup-blocking --disable-prompt-on-repost --disable-renderer-backgrounding --disable-updater-scheduler --force-color-profile=srgb --metrics-recording-only --no-first-run --password-store=basic --use-mock-keychain --no-service-autorun --export-tagged-pdf --disable-search-engine-choice-screen --unsafely-disable-devtools-self-xss-warnings --edge-skip-compat-layer-relaunch --disable-infobars --disable-search-engine-choice-screen --disable-sync --enable-unsafe-swiftshader --headless --hide-scrollbars --mute-audio --blink-settings=primaryHoverType=2,availableHoverTypes=2,primaryPointerType=4,availablePointerTypes=4 --no-sandbox --user-data-dir=/tmp/playwright_chromiumdev_profile-D1vmuE --remote-debugging-pipe --no-startup-window
    <launched> pid=9895
    [pid=9895][err] /home/user/.cache/ms-playwright/chromium-1234/chrome-linux64/chrome: error while loading shared libraries: libcups.so.2: cannot open shared object file: No such file or directory
    Call log:
      - <launching> /home/user/.cache/ms-playwright/chromium-1234/chrome-linux64/chrome --disable-field-trial-config --disable-background-networking --disable-background-timer-throttling --disable-backgrounding-occluded-windows --disable-back-forward-cache --disable-breakpad --disable-client-side-phishing-detection --disable-component-extensions-with-background-pages --disable-component-update --no-default-browser-check --disable-default-apps --disable-dev-shm-usage --disable-edgeupdater --disable-extensions --disable-features=AvoidUnnecessaryBeforeUnloadCheckSync,BoundaryEventDispatchTracksNodeRemoval,DestroyProfileOnBrowserClose,DialMediaRouteProvider,GlobalMediaControls,HttpsUpgrades,LensOverlay,MediaRouter,PaintHolding,ThirdPartyStoragePartitioning,BlockOriginHeaderModificationOnRedirect,Translate,AutoDeElevate,OptimizationHints,msForceBrowserSignIn,msEdgeUpdateLaunchServicesPreferredVersion --enable-features=CDPScreenshotNewSurface --allow-pre-commit-input --disable-hang-monitor --disable-ipc-flooding-protection --disable-popup-blocking --disable-prompt-on-repost --disable-renderer-backgrounding --disable-updater-scheduler --force-color-profile=srgb --metrics-recording-only --no-first-run --password-store=basic --use-mock-keychain --no-service-autorun --export-tagged-pdf --disable-search-engine-choice-screen --unsafely-disable-devtools-self-xss-warnings --edge-skip-compat-layer-relaunch --disable-infobars --disable-search-engine-choice-screen --disable-sync --enable-unsafe-swiftshader --headless --hide-scrollbars --mute-audio --blink-settings=primaryHoverType=2,availableHoverTypes=2,primaryPointerType=4,availablePointerTypes=4 --no-sandbox --user-data-dir=/tmp/playwright_chromiumdev_profile-D1vmuE --remote-debugging-pipe --no-startup-window
      - <launched> pid=9895
      - [pid=9895][err] /home/user/.cache/ms-playwright/chromium-1234/chrome-linux64/chrome: error while loading shared libraries: libcups.so.2: cannot open shared object file: No such file or directory
      - [pid=9895] <gracefully close start>
      - [pid=9895] <kill>
      - [pid=9895] <will force kill>
      - [pid=9895] exception while trying to kill process: Error: kill ESRCH
      - [pid=9895] <process did exit: exitCode=127, signal=null>
      - [pid=9895] starting temporary directories cleanup
      - [pid=9895] finished temporary directories cleanup
      - [pid=9895] <gracefully close end>


    Error Context: test-results/critical-flows-generated-l-17de5-ck-and-Browser-TTS-fallback-chromium/error-context.md

    attachment #2: trace (application/zip) ─────────────────────────────────────────────────────────
    test-results/critical-flows-generated-l-17de5-ck-and-Browser-TTS-fallback-chromium/trace.zip
    Usage:

        npx playwright show-trace test-results/critical-flows-generated-l-17de5-ck-and-Browser-TTS-fallback-chromium/trace.zip

    ────────────────────────────────────────────────────────────────────────────────────────────────


[21/41] [chromium] › tests/e2e/critical-flows.spec.ts:1164:1 › generated exam clips play with limits, provenance labels, and TTS fallback
  21) [chromium] › tests/e2e/critical-flows.spec.ts:1164:1 › generated exam clips play with limits, provenance labels, and TTS fallback 

    Error: browserType.launch: Target page, context or browser has been closed
    Browser logs:

    <launching> /home/user/.cache/ms-playwright/chromium-1234/chrome-linux64/chrome --disable-field-trial-config --disable-background-networking --disable-background-timer-throttling --disable-backgrounding-occluded-windows --disable-back-forward-cache --disable-breakpad --disable-client-side-phishing-detection --disable-component-extensions-with-background-pages --disable-component-update --no-default-browser-check --disable-default-apps --disable-dev-shm-usage --disable-edgeupdater --disable-extensions --disable-features=AvoidUnnecessaryBeforeUnloadCheckSync,BoundaryEventDispatchTracksNodeRemoval,DestroyProfileOnBrowserClose,DialMediaRouteProvider,GlobalMediaControls,HttpsUpgrades,LensOverlay,MediaRouter,PaintHolding,ThirdPartyStoragePartitioning,BlockOriginHeaderModificationOnRedirect,Translate,AutoDeElevate,OptimizationHints,msForceBrowserSignIn,msEdgeUpdateLaunchServicesPreferredVersion --enable-features=CDPScreenshotNewSurface --allow-pre-commit-input --disable-hang-monitor --disable-ipc-flooding-protection --disable-popup-blocking --disable-prompt-on-repost --disable-renderer-backgrounding --disable-updater-scheduler --force-color-profile=srgb --metrics-recording-only --no-first-run --password-store=basic --use-mock-keychain --no-service-autorun --export-tagged-pdf --disable-search-engine-choice-screen --unsafely-disable-devtools-self-xss-warnings --edge-skip-compat-layer-relaunch --disable-infobars --disable-search-engine-choice-screen --disable-sync --enable-unsafe-swiftshader --headless --hide-scrollbars --mute-audio --blink-settings=primaryHoverType=2,availableHoverTypes=2,primaryPointerType=4,availablePointerTypes=4 --no-sandbox --user-data-dir=/tmp/playwright_chromiumdev_profile-1GUDSY --remote-debugging-pipe --no-startup-window
    <launched> pid=9915
    [pid=9915][err] /home/user/.cache/ms-playwright/chromium-1234/chrome-linux64/chrome: error while loading shared libraries: libcups.so.2: cannot open shared object file: No such file or directory
    Call log:
      - <launching> /home/user/.cache/ms-playwright/chromium-1234/chrome-linux64/chrome --disable-field-trial-config --disable-background-networking --disable-background-timer-throttling --disable-backgrounding-occluded-windows --disable-back-forward-cache --disable-breakpad --disable-client-side-phishing-detection --disable-component-extensions-with-background-pages --disable-component-update --no-default-browser-check --disable-default-apps --disable-dev-shm-usage --disable-edgeupdater --disable-extensions --disable-features=AvoidUnnecessaryBeforeUnloadCheckSync,BoundaryEventDispatchTracksNodeRemoval,DestroyProfileOnBrowserClose,DialMediaRouteProvider,GlobalMediaControls,HttpsUpgrades,LensOverlay,MediaRouter,PaintHolding,ThirdPartyStoragePartitioning,BlockOriginHeaderModificationOnRedirect,Translate,AutoDeElevate,OptimizationHints,msForceBrowserSignIn,msEdgeUpdateLaunchServicesPreferredVersion --enable-features=CDPScreenshotNewSurface --allow-pre-commit-input --disable-hang-monitor --disable-ipc-flooding-protection --disable-popup-blocking --disable-prompt-on-repost --disable-renderer-backgrounding --disable-updater-scheduler --force-color-profile=srgb --metrics-recording-only --no-first-run --password-store=basic --use-mock-keychain --no-service-autorun --export-tagged-pdf --disable-search-engine-choice-screen --unsafely-disable-devtools-self-xss-warnings --edge-skip-compat-layer-relaunch --disable-infobars --disable-search-engine-choice-screen --disable-sync --enable-unsafe-swiftshader --headless --hide-scrollbars --mute-audio --blink-settings=primaryHoverType=2,availableHoverTypes=2,primaryPointerType=4,availablePointerTypes=4 --no-sandbox --user-data-dir=/tmp/playwright_chromiumdev_profile-1GUDSY --remote-debugging-pipe --no-startup-window
      - <launched> pid=9915
      - [pid=9915][err] /home/user/.cache/ms-playwright/chromium-1234/chrome-linux64/chrome: error while loading shared libraries: libcups.so.2: cannot open shared object file: No such file or directory
      - [pid=9915] <gracefully close start>
      - [pid=9915] <kill>
      - [pid=9915] <will force kill>
      - [pid=9915] exception while trying to kill process: Error: kill ESRCH
      - [pid=9915] <process did exit: exitCode=127, signal=null>
      - [pid=9915] starting temporary directories cleanup
      - [pid=9915] finished temporary directories cleanup
      - [pid=9915] <gracefully close end>


    Error Context: test-results/critical-flows-generated-e-6c45a-nce-labels-and-TTS-fallback-chromium/error-context.md

    attachment #2: trace (application/zip) ─────────────────────────────────────────────────────────
    test-results/critical-flows-generated-e-6c45a-nce-labels-and-TTS-fallback-chromium/trace.zip
    Usage:

        npx playwright show-trace test-results/critical-flows-generated-e-6c45a-nce-labels-and-TTS-fallback-chromium/trace.zip

    ────────────────────────────────────────────────────────────────────────────────────────────────


[22/41] [chromium] › tests/e2e/critical-flows.spec.ts:1308:1 › shadowing studio uses generated audio, speed controls, and delayed transcript
  22) [chromium] › tests/e2e/critical-flows.spec.ts:1308:1 › shadowing studio uses generated audio, speed controls, and delayed transcript 

    Error: browserType.launch: Target page, context or browser has been closed
    Browser logs:

    <launching> /home/user/.cache/ms-playwright/chromium-1234/chrome-linux64/chrome --disable-field-trial-config --disable-background-networking --disable-background-timer-throttling --disable-backgrounding-occluded-windows --disable-back-forward-cache --disable-breakpad --disable-client-side-phishing-detection --disable-component-extensions-with-background-pages --disable-component-update --no-default-browser-check --disable-default-apps --disable-dev-shm-usage --disable-edgeupdater --disable-extensions --disable-features=AvoidUnnecessaryBeforeUnloadCheckSync,BoundaryEventDispatchTracksNodeRemoval,DestroyProfileOnBrowserClose,DialMediaRouteProvider,GlobalMediaControls,HttpsUpgrades,LensOverlay,MediaRouter,PaintHolding,ThirdPartyStoragePartitioning,BlockOriginHeaderModificationOnRedirect,Translate,AutoDeElevate,OptimizationHints,msForceBrowserSignIn,msEdgeUpdateLaunchServicesPreferredVersion --enable-features=CDPScreenshotNewSurface --allow-pre-commit-input --disable-hang-monitor --disable-ipc-flooding-protection --disable-popup-blocking --disable-prompt-on-repost --disable-renderer-backgrounding --disable-updater-scheduler --force-color-profile=srgb --metrics-recording-only --no-first-run --password-store=basic --use-mock-keychain --no-service-autorun --export-tagged-pdf --disable-search-engine-choice-screen --unsafely-disable-devtools-self-xss-warnings --edge-skip-compat-layer-relaunch --disable-infobars --disable-search-engine-choice-screen --disable-sync --enable-unsafe-swiftshader --headless --hide-scrollbars --mute-audio --blink-settings=primaryHoverType=2,availableHoverTypes=2,primaryPointerType=4,availablePointerTypes=4 --no-sandbox --user-data-dir=/tmp/playwright_chromiumdev_profile-jE05Jc --remote-debugging-pipe --no-startup-window
    <launched> pid=9928
    [pid=9928][err] /home/user/.cache/ms-playwright/chromium-1234/chrome-linux64/chrome: error while loading shared libraries: libcups.so.2: cannot open shared object file: No such file or directory
    Call log:
      - <launching> /home/user/.cache/ms-playwright/chromium-1234/chrome-linux64/chrome --disable-field-trial-config --disable-background-networking --disable-background-timer-throttling --disable-backgrounding-occluded-windows --disable-back-forward-cache --disable-breakpad --disable-client-side-phishing-detection --disable-component-extensions-with-background-pages --disable-component-update --no-default-browser-check --disable-default-apps --disable-dev-shm-usage --disable-edgeupdater --disable-extensions --disable-features=AvoidUnnecessaryBeforeUnloadCheckSync,BoundaryEventDispatchTracksNodeRemoval,DestroyProfileOnBrowserClose,DialMediaRouteProvider,GlobalMediaControls,HttpsUpgrades,LensOverlay,MediaRouter,PaintHolding,ThirdPartyStoragePartitioning,BlockOriginHeaderModificationOnRedirect,Translate,AutoDeElevate,OptimizationHints,msForceBrowserSignIn,msEdgeUpdateLaunchServicesPreferredVersion --enable-features=CDPScreenshotNewSurface --allow-pre-commit-input --disable-hang-monitor --disable-ipc-flooding-protection --disable-popup-blocking --disable-prompt-on-repost --disable-renderer-backgrounding --disable-updater-scheduler --force-color-profile=srgb --metrics-recording-only --no-first-run --password-store=basic --use-mock-keychain --no-service-autorun --export-tagged-pdf --disable-search-engine-choice-screen --unsafely-disable-devtools-self-xss-warnings --edge-skip-compat-layer-relaunch --disable-infobars --disable-search-engine-choice-screen --disable-sync --enable-unsafe-swiftshader --headless --hide-scrollbars --mute-audio --blink-settings=primaryHoverType=2,availableHoverTypes=2,primaryPointerType=4,availablePointerTypes=4 --no-sandbox --user-data-dir=/tmp/playwright_chromiumdev_profile-jE05Jc --remote-debugging-pipe --no-startup-window
      - <launched> pid=9928
      - [pid=9928][err] /home/user/.cache/ms-playwright/chromium-1234/chrome-linux64/chrome: error while loading shared libraries: libcups.so.2: cannot open shared object file: No such file or directory
      - [pid=9928] <gracefully close start>
      - [pid=9928] <kill>
      - [pid=9928] <will force kill>
      - [pid=9928] exception while trying to kill process: Error: kill ESRCH
      - [pid=9928] <process did exit: exitCode=127, signal=null>
      - [pid=9928] starting temporary directories cleanup
      - [pid=9928] finished temporary directories cleanup
      - [pid=9928] <gracefully close end>


    Error Context: test-results/critical-flows-shadowing-s-e45fe-rols-and-delayed-transcript-chromium/error-context.md

    attachment #2: trace (application/zip) ─────────────────────────────────────────────────────────
    test-results/critical-flows-shadowing-s-e45fe-rols-and-delayed-transcript-chromium/trace.zip
    Usage:

        npx playwright show-trace test-results/critical-flows-shadowing-s-e45fe-rols-and-delayed-transcript-chromium/trace.zip

    ────────────────────────────────────────────────────────────────────────────────────────────────


[23/41] [chromium] › tests/e2e/critical-flows.spec.ts:1324:1 › a complete lesson run traverses all 14 stages and persists completion
  23) [chromium] › tests/e2e/critical-flows.spec.ts:1324:1 › a complete lesson run traverses all 14 stages and persists completion 

    Error: browserType.launch: Target page, context or browser has been closed
    Browser logs:

    <launching> /home/user/.cache/ms-playwright/chromium-1234/chrome-linux64/chrome --disable-field-trial-config --disable-background-networking --disable-background-timer-throttling --disable-backgrounding-occluded-windows --disable-back-forward-cache --disable-breakpad --disable-client-side-phishing-detection --disable-component-extensions-with-background-pages --disable-component-update --no-default-browser-check --disable-default-apps --disable-dev-shm-usage --disable-edgeupdater --disable-extensions --disable-features=AvoidUnnecessaryBeforeUnloadCheckSync,BoundaryEventDispatchTracksNodeRemoval,DestroyProfileOnBrowserClose,DialMediaRouteProvider,GlobalMediaControls,HttpsUpgrades,LensOverlay,MediaRouter,PaintHolding,ThirdPartyStoragePartitioning,BlockOriginHeaderModificationOnRedirect,Translate,AutoDeElevate,OptimizationHints,msForceBrowserSignIn,msEdgeUpdateLaunchServicesPreferredVersion --enable-features=CDPScreenshotNewSurface --allow-pre-commit-input --disable-hang-monitor --disable-ipc-flooding-protection --disable-popup-blocking --disable-prompt-on-repost --disable-renderer-backgrounding --disable-updater-scheduler --force-color-profile=srgb --metrics-recording-only --no-first-run --password-store=basic --use-mock-keychain --no-service-autorun --export-tagged-pdf --disable-search-engine-choice-screen --unsafely-disable-devtools-self-xss-warnings --edge-skip-compat-layer-relaunch --disable-infobars --disable-search-engine-choice-screen --disable-sync --enable-unsafe-swiftshader --headless --hide-scrollbars --mute-audio --blink-settings=primaryHoverType=2,availableHoverTypes=2,primaryPointerType=4,availablePointerTypes=4 --no-sandbox --user-data-dir=/tmp/playwright_chromiumdev_profile-ttWh2m --remote-debugging-pipe --no-startup-window
    <launched> pid=9941
    [pid=9941][err] /home/user/.cache/ms-playwright/chromium-1234/chrome-linux64/chrome: error while loading shared libraries: libcups.so.2: cannot open shared object file: No such file or directory
    Call log:
      - <launching> /home/user/.cache/ms-playwright/chromium-1234/chrome-linux64/chrome --disable-field-trial-config --disable-background-networking --disable-background-timer-throttling --disable-backgrounding-occluded-windows --disable-back-forward-cache --disable-breakpad --disable-client-side-phishing-detection --disable-component-extensions-with-background-pages --disable-component-update --no-default-browser-check --disable-default-apps --disable-dev-shm-usage --disable-edgeupdater --disable-extensions --disable-features=AvoidUnnecessaryBeforeUnloadCheckSync,BoundaryEventDispatchTracksNodeRemoval,DestroyProfileOnBrowserClose,DialMediaRouteProvider,GlobalMediaControls,HttpsUpgrades,LensOverlay,MediaRouter,PaintHolding,ThirdPartyStoragePartitioning,BlockOriginHeaderModificationOnRedirect,Translate,AutoDeElevate,OptimizationHints,msForceBrowserSignIn,msEdgeUpdateLaunchServicesPreferredVersion --enable-features=CDPScreenshotNewSurface --allow-pre-commit-input --disable-hang-monitor --disable-ipc-flooding-protection --disable-popup-blocking --disable-prompt-on-repost --disable-renderer-backgrounding --disable-updater-scheduler --force-color-profile=srgb --metrics-recording-only --no-first-run --password-store=basic --use-mock-keychain --no-service-autorun --export-tagged-pdf --disable-search-engine-choice-screen --unsafely-disable-devtools-self-xss-warnings --edge-skip-compat-layer-relaunch --disable-infobars --disable-search-engine-choice-screen --disable-sync --enable-unsafe-swiftshader --headless --hide-scrollbars --mute-audio --blink-settings=primaryHoverType=2,availableHoverTypes=2,primaryPointerType=4,availablePointerTypes=4 --no-sandbox --user-data-dir=/tmp/playwright_chromiumdev_profile-ttWh2m --remote-debugging-pipe --no-startup-window
      - <launched> pid=9941
      - [pid=9941][err] /home/user/.cache/ms-playwright/chromium-1234/chrome-linux64/chrome: error while loading shared libraries: libcups.so.2: cannot open shared object file: No such file or directory
      - [pid=9941] <gracefully close start>
      - [pid=9941] <kill>
      - [pid=9941] <will force kill>
      - [pid=9941] exception while trying to kill process: Error: kill ESRCH
      - [pid=9941] <process did exit: exitCode=127, signal=null>
      - [pid=9941] starting temporary directories cleanup
      - [pid=9941] finished temporary directories cleanup
      - [pid=9941] <gracefully close end>


    Error Context: test-results/critical-flows-a-complete--486c4-ges-and-persists-completion-chromium/error-context.md

    attachment #2: trace (application/zip) ─────────────────────────────────────────────────────────
    test-results/critical-flows-a-complete--486c4-ges-and-persists-completion-chromium/trace.zip
    Usage:

        npx playwright show-trace test-results/critical-flows-a-complete--486c4-ges-and-persists-completion-chromium/trace.zip

    ────────────────────────────────────────────────────────────────────────────────────────────────


[24/41] [chromium] › tests/e2e/critical-flows.spec.ts:1658:1 › settings exports an encrypted DWNB archive and imports it as an isolated profile
  24) [chromium] › tests/e2e/critical-flows.spec.ts:1658:1 › settings exports an encrypted DWNB archive and imports it as an isolated profile 

    Error: browserType.launch: Target page, context or browser has been closed
    Browser logs:

    <launching> /home/user/.cache/ms-playwright/chromium-1234/chrome-linux64/chrome --disable-field-trial-config --disable-background-networking --disable-background-timer-throttling --disable-backgrounding-occluded-windows --disable-back-forward-cache --disable-breakpad --disable-client-side-phishing-detection --disable-component-extensions-with-background-pages --disable-component-update --no-default-browser-check --disable-default-apps --disable-dev-shm-usage --disable-edgeupdater --disable-extensions --disable-features=AvoidUnnecessaryBeforeUnloadCheckSync,BoundaryEventDispatchTracksNodeRemoval,DestroyProfileOnBrowserClose,DialMediaRouteProvider,GlobalMediaControls,HttpsUpgrades,LensOverlay,MediaRouter,PaintHolding,ThirdPartyStoragePartitioning,BlockOriginHeaderModificationOnRedirect,Translate,AutoDeElevate,OptimizationHints,msForceBrowserSignIn,msEdgeUpdateLaunchServicesPreferredVersion --enable-features=CDPScreenshotNewSurface --allow-pre-commit-input --disable-hang-monitor --disable-ipc-flooding-protection --disable-popup-blocking --disable-prompt-on-repost --disable-renderer-backgrounding --disable-updater-scheduler --force-color-profile=srgb --metrics-recording-only --no-first-run --password-store=basic --use-mock-keychain --no-service-autorun --export-tagged-pdf --disable-search-engine-choice-screen --unsafely-disable-devtools-self-xss-warnings --edge-skip-compat-layer-relaunch --disable-infobars --disable-search-engine-choice-screen --disable-sync --enable-unsafe-swiftshader --headless --hide-scrollbars --mute-audio --blink-settings=primaryHoverType=2,availableHoverTypes=2,primaryPointerType=4,availablePointerTypes=4 --no-sandbox --user-data-dir=/tmp/playwright_chromiumdev_profile-yrjlQt --remote-debugging-pipe --no-startup-window
    <launched> pid=9954
    [pid=9954][err] /home/user/.cache/ms-playwright/chromium-1234/chrome-linux64/chrome: error while loading shared libraries: libcups.so.2: cannot open shared object file: No such file or directory
    Call log:
      - <launching> /home/user/.cache/ms-playwright/chromium-1234/chrome-linux64/chrome --disable-field-trial-config --disable-background-networking --disable-background-timer-throttling --disable-backgrounding-occluded-windows --disable-back-forward-cache --disable-breakpad --disable-client-side-phishing-detection --disable-component-extensions-with-background-pages --disable-component-update --no-default-browser-check --disable-default-apps --disable-dev-shm-usage --disable-edgeupdater --disable-extensions --disable-features=AvoidUnnecessaryBeforeUnloadCheckSync,BoundaryEventDispatchTracksNodeRemoval,DestroyProfileOnBrowserClose,DialMediaRouteProvider,GlobalMediaControls,HttpsUpgrades,LensOverlay,MediaRouter,PaintHolding,ThirdPartyStoragePartitioning,BlockOriginHeaderModificationOnRedirect,Translate,AutoDeElevate,OptimizationHints,msForceBrowserSignIn,msEdgeUpdateLaunchServicesPreferredVersion --enable-features=CDPScreenshotNewSurface --allow-pre-commit-input --disable-hang-monitor --disable-ipc-flooding-protection --disable-popup-blocking --disable-prompt-on-repost --disable-renderer-backgrounding --disable-updater-scheduler --force-color-profile=srgb --metrics-recording-only --no-first-run --password-store=basic --use-mock-keychain --no-service-autorun --export-tagged-pdf --disable-search-engine-choice-screen --unsafely-disable-devtools-self-xss-warnings --edge-skip-compat-layer-relaunch --disable-infobars --disable-search-engine-choice-screen --disable-sync --enable-unsafe-swiftshader --headless --hide-scrollbars --mute-audio --blink-settings=primaryHoverType=2,availableHoverTypes=2,primaryPointerType=4,availablePointerTypes=4 --no-sandbox --user-data-dir=/tmp/playwright_chromiumdev_profile-yrjlQt --remote-debugging-pipe --no-startup-window
      - <launched> pid=9954
      - [pid=9954][err] /home/user/.cache/ms-playwright/chromium-1234/chrome-linux64/chrome: error while loading shared libraries: libcups.so.2: cannot open shared object file: No such file or directory
      - [pid=9954] <gracefully close start>
      - [pid=9954] <kill>
      - [pid=9954] <will force kill>
      - [pid=9954] exception while trying to kill process: Error: kill ESRCH
      - [pid=9954] <process did exit: exitCode=127, signal=null>
      - [pid=9954] starting temporary directories cleanup
      - [pid=9954] finished temporary directories cleanup
      - [pid=9954] <gracefully close end>


    Error Context: test-results/critical-flows-settings-ex-966c3-s-it-as-an-isolated-profile-chromium/error-context.md

    attachment #2: trace (application/zip) ─────────────────────────────────────────────────────────
    test-results/critical-flows-settings-ex-966c3-s-it-as-an-isolated-profile-chromium/trace.zip
    Usage:

        npx playwright show-trace test-results/critical-flows-settings-ex-966c3-s-it-as-an-isolated-profile-chromium/trace.zip

    ────────────────────────────────────────────────────────────────────────────────────────────────


[25/41] [chromium] › tests/e2e/critical-flows.spec.ts:1708:1 › a previously loaded library survives a real offline reload
  25) [chromium] › tests/e2e/critical-flows.spec.ts:1708:1 › a previously loaded library survives a real offline reload 

    Error: browserType.launch: Target page, context or browser has been closed
    Browser logs:

    <launching> /home/user/.cache/ms-playwright/chromium-1234/chrome-linux64/chrome --disable-field-trial-config --disable-background-networking --disable-background-timer-throttling --disable-backgrounding-occluded-windows --disable-back-forward-cache --disable-breakpad --disable-client-side-phishing-detection --disable-component-extensions-with-background-pages --disable-component-update --no-default-browser-check --disable-default-apps --disable-dev-shm-usage --disable-edgeupdater --disable-extensions --disable-features=AvoidUnnecessaryBeforeUnloadCheckSync,BoundaryEventDispatchTracksNodeRemoval,DestroyProfileOnBrowserClose,DialMediaRouteProvider,GlobalMediaControls,HttpsUpgrades,LensOverlay,MediaRouter,PaintHolding,ThirdPartyStoragePartitioning,BlockOriginHeaderModificationOnRedirect,Translate,AutoDeElevate,OptimizationHints,msForceBrowserSignIn,msEdgeUpdateLaunchServicesPreferredVersion --enable-features=CDPScreenshotNewSurface --allow-pre-commit-input --disable-hang-monitor --disable-ipc-flooding-protection --disable-popup-blocking --disable-prompt-on-repost --disable-renderer-backgrounding --disable-updater-scheduler --force-color-profile=srgb --metrics-recording-only --no-first-run --password-store=basic --use-mock-keychain --no-service-autorun --export-tagged-pdf --disable-search-engine-choice-screen --unsafely-disable-devtools-self-xss-warnings --edge-skip-compat-layer-relaunch --disable-infobars --disable-search-engine-choice-screen --disable-sync --enable-unsafe-swiftshader --headless --hide-scrollbars --mute-audio --blink-settings=primaryHoverType=2,availableHoverTypes=2,primaryPointerType=4,availablePointerTypes=4 --no-sandbox --user-data-dir=/tmp/playwright_chromiumdev_profile-oO37fx --remote-debugging-pipe --no-startup-window
    <launched> pid=9978
    [pid=9978][err] /home/user/.cache/ms-playwright/chromium-1234/chrome-linux64/chrome: error while loading shared libraries: libcups.so.2: cannot open shared object file: No such file or directory
    Call log:
      - <launching> /home/user/.cache/ms-playwright/chromium-1234/chrome-linux64/chrome --disable-field-trial-config --disable-background-networking --disable-background-timer-throttling --disable-backgrounding-occluded-windows --disable-back-forward-cache --disable-breakpad --disable-client-side-phishing-detection --disable-component-extensions-with-background-pages --disable-component-update --no-default-browser-check --disable-default-apps --disable-dev-shm-usage --disable-edgeupdater --disable-extensions --disable-features=AvoidUnnecessaryBeforeUnloadCheckSync,BoundaryEventDispatchTracksNodeRemoval,DestroyProfileOnBrowserClose,DialMediaRouteProvider,GlobalMediaControls,HttpsUpgrades,LensOverlay,MediaRouter,PaintHolding,ThirdPartyStoragePartitioning,BlockOriginHeaderModificationOnRedirect,Translate,AutoDeElevate,OptimizationHints,msForceBrowserSignIn,msEdgeUpdateLaunchServicesPreferredVersion --enable-features=CDPScreenshotNewSurface --allow-pre-commit-input --disable-hang-monitor --disable-ipc-flooding-protection --disable-popup-blocking --disable-prompt-on-repost --disable-renderer-backgrounding --disable-updater-scheduler --force-color-profile=srgb --metrics-recording-only --no-first-run --password-store=basic --use-mock-keychain --no-service-autorun --export-tagged-pdf --disable-search-engine-choice-screen --unsafely-disable-devtools-self-xss-warnings --edge-skip-compat-layer-relaunch --disable-infobars --disable-search-engine-choice-screen --disable-sync --enable-unsafe-swiftshader --headless --hide-scrollbars --mute-audio --blink-settings=primaryHoverType=2,availableHoverTypes=2,primaryPointerType=4,availablePointerTypes=4 --no-sandbox --user-data-dir=/tmp/playwright_chromiumdev_profile-oO37fx --remote-debugging-pipe --no-startup-window
      - <launched> pid=9978
      - [pid=9978][err] /home/user/.cache/ms-playwright/chromium-1234/chrome-linux64/chrome: error while loading shared libraries: libcups.so.2: cannot open shared object file: No such file or directory
      - [pid=9978] <gracefully close start>
      - [pid=9978] <kill>
      - [pid=9978] <will force kill>
      - [pid=9978] exception while trying to kill process: Error: kill ESRCH
      - [pid=9978] <process did exit: exitCode=127, signal=null>
      - [pid=9978] starting temporary directories cleanup
      - [pid=9978] finished temporary directories cleanup
      - [pid=9978] <gracefully close end>


    Error Context: test-results/critical-flows-a-previousl-c9c75-vives-a-real-offline-reload-chromium/error-context.md

    attachment #2: trace (application/zip) ─────────────────────────────────────────────────────────
    test-results/critical-flows-a-previousl-c9c75-vives-a-real-offline-reload-chromium/trace.zip
    Usage:

        npx playwright show-trace test-results/critical-flows-a-previousl-c9c75-vives-a-real-offline-reload-chromium/trace.zip

    ────────────────────────────────────────────────────────────────────────────────────────────────


[26/41] [chromium] › tests/e2e/critical-flows.spec.ts:1733:1 › the optional full content pack opens unvisited lessons and exam tasks offline
  26) [chromium] › tests/e2e/critical-flows.spec.ts:1733:1 › the optional full content pack opens unvisited lessons and exam tasks offline 

    Error: browserType.launch: Target page, context or browser has been closed
    Browser logs:

    <launching> /home/user/.cache/ms-playwright/chromium-1234/chrome-linux64/chrome --disable-field-trial-config --disable-background-networking --disable-background-timer-throttling --disable-backgrounding-occluded-windows --disable-back-forward-cache --disable-breakpad --disable-client-side-phishing-detection --disable-component-extensions-with-background-pages --disable-component-update --no-default-browser-check --disable-default-apps --disable-dev-shm-usage --disable-edgeupdater --disable-extensions --disable-features=AvoidUnnecessaryBeforeUnloadCheckSync,BoundaryEventDispatchTracksNodeRemoval,DestroyProfileOnBrowserClose,DialMediaRouteProvider,GlobalMediaControls,HttpsUpgrades,LensOverlay,MediaRouter,PaintHolding,ThirdPartyStoragePartitioning,BlockOriginHeaderModificationOnRedirect,Translate,AutoDeElevate,OptimizationHints,msForceBrowserSignIn,msEdgeUpdateLaunchServicesPreferredVersion --enable-features=CDPScreenshotNewSurface --allow-pre-commit-input --disable-hang-monitor --disable-ipc-flooding-protection --disable-popup-blocking --disable-prompt-on-repost --disable-renderer-backgrounding --disable-updater-scheduler --force-color-profile=srgb --metrics-recording-only --no-first-run --password-store=basic --use-mock-keychain --no-service-autorun --export-tagged-pdf --disable-search-engine-choice-screen --unsafely-disable-devtools-self-xss-warnings --edge-skip-compat-layer-relaunch --disable-infobars --disable-search-engine-choice-screen --disable-sync --enable-unsafe-swiftshader --headless --hide-scrollbars --mute-audio --blink-settings=primaryHoverType=2,availableHoverTypes=2,primaryPointerType=4,availablePointerTypes=4 --no-sandbox --user-data-dir=/tmp/playwright_chromiumdev_profile-kXzgnD --remote-debugging-pipe --no-startup-window
    <launched> pid=9991
    [pid=9991][err] /home/user/.cache/ms-playwright/chromium-1234/chrome-linux64/chrome: error while loading shared libraries: libcups.so.2: cannot open shared object file: No such file or directory
    Call log:
      - <launching> /home/user/.cache/ms-playwright/chromium-1234/chrome-linux64/chrome --disable-field-trial-config --disable-background-networking --disable-background-timer-throttling --disable-backgrounding-occluded-windows --disable-back-forward-cache --disable-breakpad --disable-client-side-phishing-detection --disable-component-extensions-with-background-pages --disable-component-update --no-default-browser-check --disable-default-apps --disable-dev-shm-usage --disable-edgeupdater --disable-extensions --disable-features=AvoidUnnecessaryBeforeUnloadCheckSync,BoundaryEventDispatchTracksNodeRemoval,DestroyProfileOnBrowserClose,DialMediaRouteProvider,GlobalMediaControls,HttpsUpgrades,LensOverlay,MediaRouter,PaintHolding,ThirdPartyStoragePartitioning,BlockOriginHeaderModificationOnRedirect,Translate,AutoDeElevate,OptimizationHints,msForceBrowserSignIn,msEdgeUpdateLaunchServicesPreferredVersion --enable-features=CDPScreenshotNewSurface --allow-pre-commit-input --disable-hang-monitor --disable-ipc-flooding-protection --disable-popup-blocking --disable-prompt-on-repost --disable-renderer-backgrounding --disable-updater-scheduler --force-color-profile=srgb --metrics-recording-only --no-first-run --password-store=basic --use-mock-keychain --no-service-autorun --export-tagged-pdf --disable-search-engine-choice-screen --unsafely-disable-devtools-self-xss-warnings --edge-skip-compat-layer-relaunch --disable-infobars --disable-search-engine-choice-screen --disable-sync --enable-unsafe-swiftshader --headless --hide-scrollbars --mute-audio --blink-settings=primaryHoverType=2,availableHoverTypes=2,primaryPointerType=4,availablePointerTypes=4 --no-sandbox --user-data-dir=/tmp/playwright_chromiumdev_profile-kXzgnD --remote-debugging-pipe --no-startup-window
      - <launched> pid=9991
      - [pid=9991][err] /home/user/.cache/ms-playwright/chromium-1234/chrome-linux64/chrome: error while loading shared libraries: libcups.so.2: cannot open shared object file: No such file or directory
      - [pid=9991] <gracefully close start>
      - [pid=9991] <kill>
      - [pid=9991] <will force kill>
      - [pid=9991] exception while trying to kill process: Error: kill ESRCH
      - [pid=9991] <process did exit: exitCode=127, signal=null>
      - [pid=9991] starting temporary directories cleanup
      - [pid=9991] finished temporary directories cleanup
      - [pid=9991] <gracefully close end>


    Error Context: test-results/critical-flows-the-optiona-b61fe-sons-and-exam-tasks-offline-chromium/error-context.md

    attachment #2: trace (application/zip) ─────────────────────────────────────────────────────────
    test-results/critical-flows-the-optiona-b61fe-sons-and-exam-tasks-offline-chromium/trace.zip
    Usage:

        npx playwright show-trace test-results/critical-flows-the-optiona-b61fe-sons-and-exam-tasks-offline-chromium/trace.zip

    ────────────────────────────────────────────────────────────────────────────────────────────────


[27/41] [chromium] › tests/e2e/critical-flows.spec.ts:1871:1 › continuous full-exam mode persists one central clock and blocks task skipping
  27) [chromium] › tests/e2e/critical-flows.spec.ts:1871:1 › continuous full-exam mode persists one central clock and blocks task skipping 

    Error: browserType.launch: Target page, context or browser has been closed
    Browser logs:

    <launching> /home/user/.cache/ms-playwright/chromium-1234/chrome-linux64/chrome --disable-field-trial-config --disable-background-networking --disable-background-timer-throttling --disable-backgrounding-occluded-windows --disable-back-forward-cache --disable-breakpad --disable-client-side-phishing-detection --disable-component-extensions-with-background-pages --disable-component-update --no-default-browser-check --disable-default-apps --disable-dev-shm-usage --disable-edgeupdater --disable-extensions --disable-features=AvoidUnnecessaryBeforeUnloadCheckSync,BoundaryEventDispatchTracksNodeRemoval,DestroyProfileOnBrowserClose,DialMediaRouteProvider,GlobalMediaControls,HttpsUpgrades,LensOverlay,MediaRouter,PaintHolding,ThirdPartyStoragePartitioning,BlockOriginHeaderModificationOnRedirect,Translate,AutoDeElevate,OptimizationHints,msForceBrowserSignIn,msEdgeUpdateLaunchServicesPreferredVersion --enable-features=CDPScreenshotNewSurface --allow-pre-commit-input --disable-hang-monitor --disable-ipc-flooding-protection --disable-popup-blocking --disable-prompt-on-repost --disable-renderer-backgrounding --disable-updater-scheduler --force-color-profile=srgb --metrics-recording-only --no-first-run --password-store=basic --use-mock-keychain --no-service-autorun --export-tagged-pdf --disable-search-engine-choice-screen --unsafely-disable-devtools-self-xss-warnings --edge-skip-compat-layer-relaunch --disable-infobars --disable-search-engine-choice-screen --disable-sync --enable-unsafe-swiftshader --headless --hide-scrollbars --mute-audio --blink-settings=primaryHoverType=2,availableHoverTypes=2,primaryPointerType=4,availablePointerTypes=4 --no-sandbox --user-data-dir=/tmp/playwright_chromiumdev_profile-9MY0Dl --remote-debugging-pipe --no-startup-window
    <launched> pid=10004
    [pid=10004][err] /home/user/.cache/ms-playwright/chromium-1234/chrome-linux64/chrome: error while loading shared libraries: libcups.so.2: cannot open shared object file: No such file or directory
    Call log:
      - <launching> /home/user/.cache/ms-playwright/chromium-1234/chrome-linux64/chrome --disable-field-trial-config --disable-background-networking --disable-background-timer-throttling --disable-backgrounding-occluded-windows --disable-back-forward-cache --disable-breakpad --disable-client-side-phishing-detection --disable-component-extensions-with-background-pages --disable-component-update --no-default-browser-check --disable-default-apps --disable-dev-shm-usage --disable-edgeupdater --disable-extensions --disable-features=AvoidUnnecessaryBeforeUnloadCheckSync,BoundaryEventDispatchTracksNodeRemoval,DestroyProfileOnBrowserClose,DialMediaRouteProvider,GlobalMediaControls,HttpsUpgrades,LensOverlay,MediaRouter,PaintHolding,ThirdPartyStoragePartitioning,BlockOriginHeaderModificationOnRedirect,Translate,AutoDeElevate,OptimizationHints,msForceBrowserSignIn,msEdgeUpdateLaunchServicesPreferredVersion --enable-features=CDPScreenshotNewSurface --allow-pre-commit-input --disable-hang-monitor --disable-ipc-flooding-protection --disable-popup-blocking --disable-prompt-on-repost --disable-renderer-backgrounding --disable-updater-scheduler --force-color-profile=srgb --metrics-recording-only --no-first-run --password-store=basic --use-mock-keychain --no-service-autorun --export-tagged-pdf --disable-search-engine-choice-screen --unsafely-disable-devtools-self-xss-warnings --edge-skip-compat-layer-relaunch --disable-infobars --disable-search-engine-choice-screen --disable-sync --enable-unsafe-swiftshader --headless --hide-scrollbars --mute-audio --blink-settings=primaryHoverType=2,availableHoverTypes=2,primaryPointerType=4,availablePointerTypes=4 --no-sandbox --user-data-dir=/tmp/playwright_chromiumdev_profile-9MY0Dl --remote-debugging-pipe --no-startup-window
      - <launched> pid=10004
      - [pid=10004][err] /home/user/.cache/ms-playwright/chromium-1234/chrome-linux64/chrome: error while loading shared libraries: libcups.so.2: cannot open shared object file: No such file or directory
      - [pid=10004] <gracefully close start>
      - [pid=10004] <kill>
      - [pid=10004] <will force kill>
      - [pid=10004] exception while trying to kill process: Error: kill ESRCH
      - [pid=10004] <process did exit: exitCode=127, signal=null>
      - [pid=10004] starting temporary directories cleanup
      - [pid=10004] finished temporary directories cleanup
      - [pid=10004] <gracefully close end>


    Error Context: test-results/critical-flows-continuous--fd327-ck-and-blocks-task-skipping-chromium/error-context.md

    attachment #2: trace (application/zip) ─────────────────────────────────────────────────────────
    test-results/critical-flows-continuous--fd327-ck-and-blocks-task-skipping-chromium/trace.zip
    Usage:

        npx playwright show-trace test-results/critical-flows-continuous--fd327-ck-and-blocks-task-skipping-chromium/trace.zip

    ────────────────────────────────────────────────────────────────────────────────────────────────


[28/41] [chromium] › tests/e2e/critical-flows.spec.ts:2063:1 › progress and daily coach derive metrics, risks, dates, and streaks from evidence
  28) [chromium] › tests/e2e/critical-flows.spec.ts:2063:1 › progress and daily coach derive metrics, risks, dates, and streaks from evidence 

    Error: browserType.launch: Target page, context or browser has been closed
    Browser logs:

    <launching> /home/user/.cache/ms-playwright/chromium-1234/chrome-linux64/chrome --disable-field-trial-config --disable-background-networking --disable-background-timer-throttling --disable-backgrounding-occluded-windows --disable-back-forward-cache --disable-breakpad --disable-client-side-phishing-detection --disable-component-extensions-with-background-pages --disable-component-update --no-default-browser-check --disable-default-apps --disable-dev-shm-usage --disable-edgeupdater --disable-extensions --disable-features=AvoidUnnecessaryBeforeUnloadCheckSync,BoundaryEventDispatchTracksNodeRemoval,DestroyProfileOnBrowserClose,DialMediaRouteProvider,GlobalMediaControls,HttpsUpgrades,LensOverlay,MediaRouter,PaintHolding,ThirdPartyStoragePartitioning,BlockOriginHeaderModificationOnRedirect,Translate,AutoDeElevate,OptimizationHints,msForceBrowserSignIn,msEdgeUpdateLaunchServicesPreferredVersion --enable-features=CDPScreenshotNewSurface --allow-pre-commit-input --disable-hang-monitor --disable-ipc-flooding-protection --disable-popup-blocking --disable-prompt-on-repost --disable-renderer-backgrounding --disable-updater-scheduler --force-color-profile=srgb --metrics-recording-only --no-first-run --password-store=basic --use-mock-keychain --no-service-autorun --export-tagged-pdf --disable-search-engine-choice-screen --unsafely-disable-devtools-self-xss-warnings --edge-skip-compat-layer-relaunch --disable-infobars --disable-search-engine-choice-screen --disable-sync --enable-unsafe-swiftshader --headless --hide-scrollbars --mute-audio --blink-settings=primaryHoverType=2,availableHoverTypes=2,primaryPointerType=4,availablePointerTypes=4 --no-sandbox --user-data-dir=/tmp/playwright_chromiumdev_profile-3Z8muH --remote-debugging-pipe --no-startup-window
    <launched> pid=10017
    [pid=10017][err] /home/user/.cache/ms-playwright/chromium-1234/chrome-linux64/chrome: error while loading shared libraries: libcups.so.2: cannot open shared object file: No such file or directory
    Call log:
      - <launching> /home/user/.cache/ms-playwright/chromium-1234/chrome-linux64/chrome --disable-field-trial-config --disable-background-networking --disable-background-timer-throttling --disable-backgrounding-occluded-windows --disable-back-forward-cache --disable-breakpad --disable-client-side-phishing-detection --disable-component-extensions-with-background-pages --disable-component-update --no-default-browser-check --disable-default-apps --disable-dev-shm-usage --disable-edgeupdater --disable-extensions --disable-features=AvoidUnnecessaryBeforeUnloadCheckSync,BoundaryEventDispatchTracksNodeRemoval,DestroyProfileOnBrowserClose,DialMediaRouteProvider,GlobalMediaControls,HttpsUpgrades,LensOverlay,MediaRouter,PaintHolding,ThirdPartyStoragePartitioning,BlockOriginHeaderModificationOnRedirect,Translate,AutoDeElevate,OptimizationHints,msForceBrowserSignIn,msEdgeUpdateLaunchServicesPreferredVersion --enable-features=CDPScreenshotNewSurface --allow-pre-commit-input --disable-hang-monitor --disable-ipc-flooding-protection --disable-popup-blocking --disable-prompt-on-repost --disable-renderer-backgrounding --disable-updater-scheduler --force-color-profile=srgb --metrics-recording-only --no-first-run --password-store=basic --use-mock-keychain --no-service-autorun --export-tagged-pdf --disable-search-engine-choice-screen --unsafely-disable-devtools-self-xss-warnings --edge-skip-compat-layer-relaunch --disable-infobars --disable-search-engine-choice-screen --disable-sync --enable-unsafe-swiftshader --headless --hide-scrollbars --mute-audio --blink-settings=primaryHoverType=2,availableHoverTypes=2,primaryPointerType=4,availablePointerTypes=4 --no-sandbox --user-data-dir=/tmp/playwright_chromiumdev_profile-3Z8muH --remote-debugging-pipe --no-startup-window
      - <launched> pid=10017
      - [pid=10017][err] /home/user/.cache/ms-playwright/chromium-1234/chrome-linux64/chrome: error while loading shared libraries: libcups.so.2: cannot open shared object file: No such file or directory
      - [pid=10017] <gracefully close start>
      - [pid=10017] <kill>
      - [pid=10017] <will force kill>
      - [pid=10017] exception while trying to kill process: Error: kill ESRCH
      - [pid=10017] <process did exit: exitCode=127, signal=null>
      - [pid=10017] starting temporary directories cleanup
      - [pid=10017] finished temporary directories cleanup
      - [pid=10017] <gracefully close end>


    Error Context: test-results/critical-flows-progress-an-9a709-s-and-streaks-from-evidence-chromium/error-context.md

    attachment #2: trace (application/zip) ─────────────────────────────────────────────────────────
    test-results/critical-flows-progress-an-9a709-s-and-streaks-from-evidence-chromium/trace.zip
    Usage:

        npx playwright show-trace test-results/critical-flows-progress-an-9a709-s-and-streaks-from-evidence-chromium/trace.zip

    ────────────────────────────────────────────────────────────────────────────────────────────────


[29/41] [chromium] › tests/e2e/critical-flows.spec.ts:2136:1 › keyboard users can skip navigation, follow lesson focus, hear results, and escape modals
  29) [chromium] › tests/e2e/critical-flows.spec.ts:2136:1 › keyboard users can skip navigation, follow lesson focus, hear results, and escape modals 

    Error: browserType.launch: Target page, context or browser has been closed
    Browser logs:

    <launching> /home/user/.cache/ms-playwright/chromium-1234/chrome-linux64/chrome --disable-field-trial-config --disable-background-networking --disable-background-timer-throttling --disable-backgrounding-occluded-windows --disable-back-forward-cache --disable-breakpad --disable-client-side-phishing-detection --disable-component-extensions-with-background-pages --disable-component-update --no-default-browser-check --disable-default-apps --disable-dev-shm-usage --disable-edgeupdater --disable-extensions --disable-features=AvoidUnnecessaryBeforeUnloadCheckSync,BoundaryEventDispatchTracksNodeRemoval,DestroyProfileOnBrowserClose,DialMediaRouteProvider,GlobalMediaControls,HttpsUpgrades,LensOverlay,MediaRouter,PaintHolding,ThirdPartyStoragePartitioning,BlockOriginHeaderModificationOnRedirect,Translate,AutoDeElevate,OptimizationHints,msForceBrowserSignIn,msEdgeUpdateLaunchServicesPreferredVersion --enable-features=CDPScreenshotNewSurface --allow-pre-commit-input --disable-hang-monitor --disable-ipc-flooding-protection --disable-popup-blocking --disable-prompt-on-repost --disable-renderer-backgrounding --disable-updater-scheduler --force-color-profile=srgb --metrics-recording-only --no-first-run --password-store=basic --use-mock-keychain --no-service-autorun --export-tagged-pdf --disable-search-engine-choice-screen --unsafely-disable-devtools-self-xss-warnings --edge-skip-compat-layer-relaunch --disable-infobars --disable-search-engine-choice-screen --disable-sync --enable-unsafe-swiftshader --headless --hide-scrollbars --mute-audio --blink-settings=primaryHoverType=2,availableHoverTypes=2,primaryPointerType=4,availablePointerTypes=4 --no-sandbox --user-data-dir=/tmp/playwright_chromiumdev_profile-v3XqHW --remote-debugging-pipe --no-startup-window
    <launched> pid=10047
    [pid=10047][err] /home/user/.cache/ms-playwright/chromium-1234/chrome-linux64/chrome: error while loading shared libraries: libcups.so.2: cannot open shared object file: No such file or directory
    Call log:
      - <launching> /home/user/.cache/ms-playwright/chromium-1234/chrome-linux64/chrome --disable-field-trial-config --disable-background-networking --disable-background-timer-throttling --disable-backgrounding-occluded-windows --disable-back-forward-cache --disable-breakpad --disable-client-side-phishing-detection --disable-component-extensions-with-background-pages --disable-component-update --no-default-browser-check --disable-default-apps --disable-dev-shm-usage --disable-edgeupdater --disable-extensions --disable-features=AvoidUnnecessaryBeforeUnloadCheckSync,BoundaryEventDispatchTracksNodeRemoval,DestroyProfileOnBrowserClose,DialMediaRouteProvider,GlobalMediaControls,HttpsUpgrades,LensOverlay,MediaRouter,PaintHolding,ThirdPartyStoragePartitioning,BlockOriginHeaderModificationOnRedirect,Translate,AutoDeElevate,OptimizationHints,msForceBrowserSignIn,msEdgeUpdateLaunchServicesPreferredVersion --enable-features=CDPScreenshotNewSurface --allow-pre-commit-input --disable-hang-monitor --disable-ipc-flooding-protection --disable-popup-blocking --disable-prompt-on-repost --disable-renderer-backgrounding --disable-updater-scheduler --force-color-profile=srgb --metrics-recording-only --no-first-run --password-store=basic --use-mock-keychain --no-service-autorun --export-tagged-pdf --disable-search-engine-choice-screen --unsafely-disable-devtools-self-xss-warnings --edge-skip-compat-layer-relaunch --disable-infobars --disable-search-engine-choice-screen --disable-sync --enable-unsafe-swiftshader --headless --hide-scrollbars --mute-audio --blink-settings=primaryHoverType=2,availableHoverTypes=2,primaryPointerType=4,availablePointerTypes=4 --no-sandbox --user-data-dir=/tmp/playwright_chromiumdev_profile-v3XqHW --remote-debugging-pipe --no-startup-window
      - <launched> pid=10047
      - [pid=10047][err] /home/user/.cache/ms-playwright/chromium-1234/chrome-linux64/chrome: error while loading shared libraries: libcups.so.2: cannot open shared object file: No such file or directory
      - [pid=10047] <gracefully close start>
      - [pid=10047] <kill>
      - [pid=10047] <will force kill>
      - [pid=10047] exception while trying to kill process: Error: kill ESRCH
      - [pid=10047] <process did exit: exitCode=127, signal=null>
      - [pid=10047] starting temporary directories cleanup
      - [pid=10047] finished temporary directories cleanup
      - [pid=10047] <gracefully close end>


    Error Context: test-results/critical-flows-keyboard-us-3e795-r-results-and-escape-modals-chromium/error-context.md

    attachment #2: trace (application/zip) ─────────────────────────────────────────────────────────
    test-results/critical-flows-keyboard-us-3e795-r-results-and-escape-modals-chromium/trace.zip
    Usage:

        npx playwright show-trace test-results/critical-flows-keyboard-us-3e795-r-results-and-escape-modals-chromium/trace.zip

    ────────────────────────────────────────────────────────────────────────────────────────────────


[30/41] [chromium] › tests/e2e/critical-flows.spec.ts:2184:1 › Arabic shell and every tested German or technical fragment keep explicit Bidi boundaries
  30) [chromium] › tests/e2e/critical-flows.spec.ts:2184:1 › Arabic shell and every tested German or technical fragment keep explicit Bidi boundaries 

    Error: browserType.launch: Target page, context or browser has been closed
    Browser logs:

    <launching> /home/user/.cache/ms-playwright/chromium-1234/chrome-linux64/chrome --disable-field-trial-config --disable-background-networking --disable-background-timer-throttling --disable-backgrounding-occluded-windows --disable-back-forward-cache --disable-breakpad --disable-client-side-phishing-detection --disable-component-extensions-with-background-pages --disable-component-update --no-default-browser-check --disable-default-apps --disable-dev-shm-usage --disable-edgeupdater --disable-extensions --disable-features=AvoidUnnecessaryBeforeUnloadCheckSync,BoundaryEventDispatchTracksNodeRemoval,DestroyProfileOnBrowserClose,DialMediaRouteProvider,GlobalMediaControls,HttpsUpgrades,LensOverlay,MediaRouter,PaintHolding,ThirdPartyStoragePartitioning,BlockOriginHeaderModificationOnRedirect,Translate,AutoDeElevate,OptimizationHints,msForceBrowserSignIn,msEdgeUpdateLaunchServicesPreferredVersion --enable-features=CDPScreenshotNewSurface --allow-pre-commit-input --disable-hang-monitor --disable-ipc-flooding-protection --disable-popup-blocking --disable-prompt-on-repost --disable-renderer-backgrounding --disable-updater-scheduler --force-color-profile=srgb --metrics-recording-only --no-first-run --password-store=basic --use-mock-keychain --no-service-autorun --export-tagged-pdf --disable-search-engine-choice-screen --unsafely-disable-devtools-self-xss-warnings --edge-skip-compat-layer-relaunch --disable-infobars --disable-search-engine-choice-screen --disable-sync --enable-unsafe-swiftshader --headless --hide-scrollbars --mute-audio --blink-settings=primaryHoverType=2,availableHoverTypes=2,primaryPointerType=4,availablePointerTypes=4 --no-sandbox --user-data-dir=/tmp/playwright_chromiumdev_profile-OXMAWp --remote-debugging-pipe --no-startup-window
    <launched> pid=10060
    [pid=10060][err] /home/user/.cache/ms-playwright/chromium-1234/chrome-linux64/chrome: error while loading shared libraries: libcups.so.2: cannot open shared object file: No such file or directory
    Call log:
      - <launching> /home/user/.cache/ms-playwright/chromium-1234/chrome-linux64/chrome --disable-field-trial-config --disable-background-networking --disable-background-timer-throttling --disable-backgrounding-occluded-windows --disable-back-forward-cache --disable-breakpad --disable-client-side-phishing-detection --disable-component-extensions-with-background-pages --disable-component-update --no-default-browser-check --disable-default-apps --disable-dev-shm-usage --disable-edgeupdater --disable-extensions --disable-features=AvoidUnnecessaryBeforeUnloadCheckSync,BoundaryEventDispatchTracksNodeRemoval,DestroyProfileOnBrowserClose,DialMediaRouteProvider,GlobalMediaControls,HttpsUpgrades,LensOverlay,MediaRouter,PaintHolding,ThirdPartyStoragePartitioning,BlockOriginHeaderModificationOnRedirect,Translate,AutoDeElevate,OptimizationHints,msForceBrowserSignIn,msEdgeUpdateLaunchServicesPreferredVersion --enable-features=CDPScreenshotNewSurface --allow-pre-commit-input --disable-hang-monitor --disable-ipc-flooding-protection --disable-popup-blocking --disable-prompt-on-repost --disable-renderer-backgrounding --disable-updater-scheduler --force-color-profile=srgb --metrics-recording-only --no-first-run --password-store=basic --use-mock-keychain --no-service-autorun --export-tagged-pdf --disable-search-engine-choice-screen --unsafely-disable-devtools-self-xss-warnings --edge-skip-compat-layer-relaunch --disable-infobars --disable-search-engine-choice-screen --disable-sync --enable-unsafe-swiftshader --headless --hide-scrollbars --mute-audio --blink-settings=primaryHoverType=2,availableHoverTypes=2,primaryPointerType=4,availablePointerTypes=4 --no-sandbox --user-data-dir=/tmp/playwright_chromiumdev_profile-OXMAWp --remote-debugging-pipe --no-startup-window
      - <launched> pid=10060
      - [pid=10060][err] /home/user/.cache/ms-playwright/chromium-1234/chrome-linux64/chrome: error while loading shared libraries: libcups.so.2: cannot open shared object file: No such file or directory
      - [pid=10060] <gracefully close start>
      - [pid=10060] <kill>
      - [pid=10060] <will force kill>
      - [pid=10060] exception while trying to kill process: Error: kill ESRCH
      - [pid=10060] <process did exit: exitCode=127, signal=null>
      - [pid=10060] starting temporary directories cleanup
      - [pid=10060] finished temporary directories cleanup
      - [pid=10060] <gracefully close end>


    Error Context: test-results/critical-flows-Arabic-shel-70203-ep-explicit-Bidi-boundaries-chromium/error-context.md

    attachment #2: trace (application/zip) ─────────────────────────────────────────────────────────
    test-results/critical-flows-Arabic-shel-70203-ep-explicit-Bidi-boundaries-chromium/trace.zip
    Usage:

        npx playwright show-trace test-results/critical-flows-Arabic-shel-70203-ep-explicit-Bidi-boundaries-chromium/trace.zip

    ────────────────────────────────────────────────────────────────────────────────────────────────


[31/41] [chromium] › tests/e2e/critical-flows.spec.ts:2199:1 › high-confidence errors route through prerequisite repair into deduplicated no-mastery SRS
  31) [chromium] › tests/e2e/critical-flows.spec.ts:2199:1 › high-confidence errors route through prerequisite repair into deduplicated no-mastery SRS 

    Error: browserType.launch: Target page, context or browser has been closed
    Browser logs:

    <launching> /home/user/.cache/ms-playwright/chromium-1234/chrome-linux64/chrome --disable-field-trial-config --disable-background-networking --disable-background-timer-throttling --disable-backgrounding-occluded-windows --disable-back-forward-cache --disable-breakpad --disable-client-side-phishing-detection --disable-component-extensions-with-background-pages --disable-component-update --no-default-browser-check --disable-default-apps --disable-dev-shm-usage --disable-edgeupdater --disable-extensions --disable-features=AvoidUnnecessaryBeforeUnloadCheckSync,BoundaryEventDispatchTracksNodeRemoval,DestroyProfileOnBrowserClose,DialMediaRouteProvider,GlobalMediaControls,HttpsUpgrades,LensOverlay,MediaRouter,PaintHolding,ThirdPartyStoragePartitioning,BlockOriginHeaderModificationOnRedirect,Translate,AutoDeElevate,OptimizationHints,msForceBrowserSignIn,msEdgeUpdateLaunchServicesPreferredVersion --enable-features=CDPScreenshotNewSurface --allow-pre-commit-input --disable-hang-monitor --disable-ipc-flooding-protection --disable-popup-blocking --disable-prompt-on-repost --disable-renderer-backgrounding --disable-updater-scheduler --force-color-profile=srgb --metrics-recording-only --no-first-run --password-store=basic --use-mock-keychain --no-service-autorun --export-tagged-pdf --disable-search-engine-choice-screen --unsafely-disable-devtools-self-xss-warnings --edge-skip-compat-layer-relaunch --disable-infobars --disable-search-engine-choice-screen --disable-sync --enable-unsafe-swiftshader --headless --hide-scrollbars --mute-audio --blink-settings=primaryHoverType=2,availableHoverTypes=2,primaryPointerType=4,availablePointerTypes=4 --no-sandbox --user-data-dir=/tmp/playwright_chromiumdev_profile-ZspNd8 --remote-debugging-pipe --no-startup-window
    <launched> pid=10073
    [pid=10073][err] /home/user/.cache/ms-playwright/chromium-1234/chrome-linux64/chrome: error while loading shared libraries: libcups.so.2: cannot open shared object file: No such file or directory
    Call log:
      - <launching> /home/user/.cache/ms-playwright/chromium-1234/chrome-linux64/chrome --disable-field-trial-config --disable-background-networking --disable-background-timer-throttling --disable-backgrounding-occluded-windows --disable-back-forward-cache --disable-breakpad --disable-client-side-phishing-detection --disable-component-extensions-with-background-pages --disable-component-update --no-default-browser-check --disable-default-apps --disable-dev-shm-usage --disable-edgeupdater --disable-extensions --disable-features=AvoidUnnecessaryBeforeUnloadCheckSync,BoundaryEventDispatchTracksNodeRemoval,DestroyProfileOnBrowserClose,DialMediaRouteProvider,GlobalMediaControls,HttpsUpgrades,LensOverlay,MediaRouter,PaintHolding,ThirdPartyStoragePartitioning,BlockOriginHeaderModificationOnRedirect,Translate,AutoDeElevate,OptimizationHints,msForceBrowserSignIn,msEdgeUpdateLaunchServicesPreferredVersion --enable-features=CDPScreenshotNewSurface --allow-pre-commit-input --disable-hang-monitor --disable-ipc-flooding-protection --disable-popup-blocking --disable-prompt-on-repost --disable-renderer-backgrounding --disable-updater-scheduler --force-color-profile=srgb --metrics-recording-only --no-first-run --password-store=basic --use-mock-keychain --no-service-autorun --export-tagged-pdf --disable-search-engine-choice-screen --unsafely-disable-devtools-self-xss-warnings --edge-skip-compat-layer-relaunch --disable-infobars --disable-search-engine-choice-screen --disable-sync --enable-unsafe-swiftshader --headless --hide-scrollbars --mute-audio --blink-settings=primaryHoverType=2,availableHoverTypes=2,primaryPointerType=4,availablePointerTypes=4 --no-sandbox --user-data-dir=/tmp/playwright_chromiumdev_profile-ZspNd8 --remote-debugging-pipe --no-startup-window
      - <launched> pid=10073
      - [pid=10073][err] /home/user/.cache/ms-playwright/chromium-1234/chrome-linux64/chrome: error while loading shared libraries: libcups.so.2: cannot open shared object file: No such file or directory
      - [pid=10073] <gracefully close start>
      - [pid=10073] <kill>
      - [pid=10073] <will force kill>
      - [pid=10073] exception while trying to kill process: Error: kill ESRCH
      - [pid=10073] <process did exit: exitCode=127, signal=null>
      - [pid=10073] starting temporary directories cleanup
      - [pid=10073] finished temporary directories cleanup
      - [pid=10073] <gracefully close end>


    Error Context: test-results/critical-flows-high-confid-22a50-deduplicated-no-mastery-SRS-chromium/error-context.md

    attachment #2: trace (application/zip) ─────────────────────────────────────────────────────────
    test-results/critical-flows-high-confid-22a50-deduplicated-no-mastery-SRS-chromium/trace.zip
    Usage:

        npx playwright show-trace test-results/critical-flows-high-confid-22a50-deduplicated-no-mastery-SRS-chromium/trace.zip

    ────────────────────────────────────────────────────────────────────────────────────────────────


[32/41] [chromium] › tests/e2e/critical-flows.spec.ts:2275:1 › support use is logged without penalty and old evidence lowers confidence without deleting attempts
  32) [chromium] › tests/e2e/critical-flows.spec.ts:2275:1 › support use is logged without penalty and old evidence lowers confidence without deleting attempts 

    Error: browserType.launch: Target page, context or browser has been closed
    Browser logs:

    <launching> /home/user/.cache/ms-playwright/chromium-1234/chrome-linux64/chrome --disable-field-trial-config --disable-background-networking --disable-background-timer-throttling --disable-backgrounding-occluded-windows --disable-back-forward-cache --disable-breakpad --disable-client-side-phishing-detection --disable-component-extensions-with-background-pages --disable-component-update --no-default-browser-check --disable-default-apps --disable-dev-shm-usage --disable-edgeupdater --disable-extensions --disable-features=AvoidUnnecessaryBeforeUnloadCheckSync,BoundaryEventDispatchTracksNodeRemoval,DestroyProfileOnBrowserClose,DialMediaRouteProvider,GlobalMediaControls,HttpsUpgrades,LensOverlay,MediaRouter,PaintHolding,ThirdPartyStoragePartitioning,BlockOriginHeaderModificationOnRedirect,Translate,AutoDeElevate,OptimizationHints,msForceBrowserSignIn,msEdgeUpdateLaunchServicesPreferredVersion --enable-features=CDPScreenshotNewSurface --allow-pre-commit-input --disable-hang-monitor --disable-ipc-flooding-protection --disable-popup-blocking --disable-prompt-on-repost --disable-renderer-backgrounding --disable-updater-scheduler --force-color-profile=srgb --metrics-recording-only --no-first-run --password-store=basic --use-mock-keychain --no-service-autorun --export-tagged-pdf --disable-search-engine-choice-screen --unsafely-disable-devtools-self-xss-warnings --edge-skip-compat-layer-relaunch --disable-infobars --disable-search-engine-choice-screen --disable-sync --enable-unsafe-swiftshader --headless --hide-scrollbars --mute-audio --blink-settings=primaryHoverType=2,availableHoverTypes=2,primaryPointerType=4,availablePointerTypes=4 --no-sandbox --user-data-dir=/tmp/playwright_chromiumdev_profile-nBxEmH --remote-debugging-pipe --no-startup-window
    <launched> pid=10086
    [pid=10086][err] /home/user/.cache/ms-playwright/chromium-1234/chrome-linux64/chrome: error while loading shared libraries: libcups.so.2: cannot open shared object file: No such file or directory
    Call log:
      - <launching> /home/user/.cache/ms-playwright/chromium-1234/chrome-linux64/chrome --disable-field-trial-config --disable-background-networking --disable-background-timer-throttling --disable-backgrounding-occluded-windows --disable-back-forward-cache --disable-breakpad --disable-client-side-phishing-detection --disable-component-extensions-with-background-pages --disable-component-update --no-default-browser-check --disable-default-apps --disable-dev-shm-usage --disable-edgeupdater --disable-extensions --disable-features=AvoidUnnecessaryBeforeUnloadCheckSync,BoundaryEventDispatchTracksNodeRemoval,DestroyProfileOnBrowserClose,DialMediaRouteProvider,GlobalMediaControls,HttpsUpgrades,LensOverlay,MediaRouter,PaintHolding,ThirdPartyStoragePartitioning,BlockOriginHeaderModificationOnRedirect,Translate,AutoDeElevate,OptimizationHints,msForceBrowserSignIn,msEdgeUpdateLaunchServicesPreferredVersion --enable-features=CDPScreenshotNewSurface --allow-pre-commit-input --disable-hang-monitor --disable-ipc-flooding-protection --disable-popup-blocking --disable-prompt-on-repost --disable-renderer-backgrounding --disable-updater-scheduler --force-color-profile=srgb --metrics-recording-only --no-first-run --password-store=basic --use-mock-keychain --no-service-autorun --export-tagged-pdf --disable-search-engine-choice-screen --unsafely-disable-devtools-self-xss-warnings --edge-skip-compat-layer-relaunch --disable-infobars --disable-search-engine-choice-screen --disable-sync --enable-unsafe-swiftshader --headless --hide-scrollbars --mute-audio --blink-settings=primaryHoverType=2,availableHoverTypes=2,primaryPointerType=4,availablePointerTypes=4 --no-sandbox --user-data-dir=/tmp/playwright_chromiumdev_profile-nBxEmH --remote-debugging-pipe --no-startup-window
      - <launched> pid=10086
      - [pid=10086][err] /home/user/.cache/ms-playwright/chromium-1234/chrome-linux64/chrome: error while loading shared libraries: libcups.so.2: cannot open shared object file: No such file or directory
      - [pid=10086] <gracefully close start>
      - [pid=10086] <kill>
      - [pid=10086] <will force kill>
      - [pid=10086] exception while trying to kill process: Error: kill ESRCH
      - [pid=10086] <process did exit: exitCode=127, signal=null>
      - [pid=10086] starting temporary directories cleanup
      - [pid=10086] finished temporary directories cleanup
      - [pid=10086] <gracefully close end>


    Error Context: test-results/critical-flows-support-use-a1337-e-without-deleting-attempts-chromium/error-context.md

    attachment #2: trace (application/zip) ─────────────────────────────────────────────────────────
    test-results/critical-flows-support-use-a1337-e-without-deleting-attempts-chromium/trace.zip
    Usage:

        npx playwright show-trace test-results/critical-flows-support-use-a1337-e-without-deleting-attempts-chromium/trace.zip

    ────────────────────────────────────────────────────────────────────────────────────────────────


STOPPED_BY_AGENT: تعذّر تشغيل المتصفح — libcups.so.2 ناقصة لـ chromium الكامل، فكل إطلاق كان يموت فورًا. أُلغيت المحاولة لإعادة تثبيت المكتبة؛ النتيجة في 14-e2e-desktop.log.
