
Running 82 tests using 1 worker

[1/82] [chromium] › tests/e2e/critical-flows.spec.ts:47:1 › critical pages have no automatically detectable serious WCAG violations
  1) [chromium] › tests/e2e/critical-flows.spec.ts:47:1 › critical pages have no automatically detectable serious WCAG violations 

    Error: browserType.launch: Target page, context or browser has been closed
    Browser logs:

    <launching> /home/user/.cache/ms-playwright/chromium-1234/chrome-linux64/chrome --disable-field-trial-config --disable-background-networking --disable-background-timer-throttling --disable-backgrounding-occluded-windows --disable-back-forward-cache --disable-breakpad --disable-client-side-phishing-detection --disable-component-extensions-with-background-pages --disable-component-update --no-default-browser-check --disable-default-apps --disable-dev-shm-usage --disable-edgeupdater --disable-extensions --disable-features=AvoidUnnecessaryBeforeUnloadCheckSync,BoundaryEventDispatchTracksNodeRemoval,DestroyProfileOnBrowserClose,DialMediaRouteProvider,GlobalMediaControls,HttpsUpgrades,LensOverlay,MediaRouter,PaintHolding,ThirdPartyStoragePartitioning,BlockOriginHeaderModificationOnRedirect,Translate,AutoDeElevate,OptimizationHints,msForceBrowserSignIn,msEdgeUpdateLaunchServicesPreferredVersion --enable-features=CDPScreenshotNewSurface --allow-pre-commit-input --disable-hang-monitor --disable-ipc-flooding-protection --disable-popup-blocking --disable-prompt-on-repost --disable-renderer-backgrounding --disable-updater-scheduler --force-color-profile=srgb --metrics-recording-only --no-first-run --password-store=basic --use-mock-keychain --no-service-autorun --export-tagged-pdf --disable-search-engine-choice-screen --unsafely-disable-devtools-self-xss-warnings --edge-skip-compat-layer-relaunch --disable-infobars --disable-search-engine-choice-screen --disable-sync --enable-unsafe-swiftshader --headless --hide-scrollbars --mute-audio --blink-settings=primaryHoverType=2,availableHoverTypes=2,primaryPointerType=4,availablePointerTypes=4 --no-sandbox --user-data-dir=/tmp/playwright_chromiumdev_profile-15RMjw --remote-debugging-pipe --no-startup-window
    <launched> pid=9440
    [pid=9440][err] /home/user/.cache/ms-playwright/chromium-1234/chrome-linux64/chrome: error while loading shared libraries: libnspr4.so: cannot open shared object file: No such file or directory
    Call log:
      - <launching> /home/user/.cache/ms-playwright/chromium-1234/chrome-linux64/chrome --disable-field-trial-config --disable-background-networking --disable-background-timer-throttling --disable-backgrounding-occluded-windows --disable-back-forward-cache --disable-breakpad --disable-client-side-phishing-detection --disable-component-extensions-with-background-pages --disable-component-update --no-default-browser-check --disable-default-apps --disable-dev-shm-usage --disable-edgeupdater --disable-extensions --disable-features=AvoidUnnecessaryBeforeUnloadCheckSync,BoundaryEventDispatchTracksNodeRemoval,DestroyProfileOnBrowserClose,DialMediaRouteProvider,GlobalMediaControls,HttpsUpgrades,LensOverlay,MediaRouter,PaintHolding,ThirdPartyStoragePartitioning,BlockOriginHeaderModificationOnRedirect,Translate,AutoDeElevate,OptimizationHints,msForceBrowserSignIn,msEdgeUpdateLaunchServicesPreferredVersion --enable-features=CDPScreenshotNewSurface --allow-pre-commit-input --disable-hang-monitor --disable-ipc-flooding-protection --disable-popup-blocking --disable-prompt-on-repost --disable-renderer-backgrounding --disable-updater-scheduler --force-color-profile=srgb --metrics-recording-only --no-first-run --password-store=basic --use-mock-keychain --no-service-autorun --export-tagged-pdf --disable-search-engine-choice-screen --unsafely-disable-devtools-self-xss-warnings --edge-skip-compat-layer-relaunch --disable-infobars --disable-search-engine-choice-screen --disable-sync --enable-unsafe-swiftshader --headless --hide-scrollbars --mute-audio --blink-settings=primaryHoverType=2,availableHoverTypes=2,primaryPointerType=4,availablePointerTypes=4 --no-sandbox --user-data-dir=/tmp/playwright_chromiumdev_profile-15RMjw --remote-debugging-pipe --no-startup-window
      - <launched> pid=9440
      - [pid=9440][err] /home/user/.cache/ms-playwright/chromium-1234/chrome-linux64/chrome: error while loading shared libraries: libnspr4.so: cannot open shared object file: No such file or directory
      - [pid=9440] <gracefully close start>
      - [pid=9440] <kill>
      - [pid=9440] <will force kill>
      - [pid=9440] exception while trying to kill process: Error: kill ESRCH
      - [pid=9440] <process did exit: exitCode=127, signal=null>
      - [pid=9440] starting temporary directories cleanup
      - [pid=9440] finished temporary directories cleanup
      - [pid=9440] <gracefully close end>


    Error Context: test-results/critical-flows-critical-pa-32fac-ble-serious-WCAG-violations-chromium/error-context.md

    attachment #2: trace (application/zip) ─────────────────────────────────────────────────────────
    test-results/critical-flows-critical-pa-32fac-ble-serious-WCAG-violations-chromium/trace.zip
    Usage:

        npx playwright show-trace test-results/critical-flows-critical-pa-32fac-ble-serious-WCAG-violations-chromium/trace.zip

    ────────────────────────────────────────────────────────────────────────────────────────────────


[2/82] [chromium] › tests/e2e/critical-flows.spec.ts:57:1 › library and exam hubs render their completed content contracts
  2) [chromium] › tests/e2e/critical-flows.spec.ts:57:1 › library and exam hubs render their completed content contracts 

    Error: browserType.launch: Target page, context or browser has been closed
    Browser logs:

    <launching> /home/user/.cache/ms-playwright/chromium-1234/chrome-linux64/chrome --disable-field-trial-config --disable-background-networking --disable-background-timer-throttling --disable-backgrounding-occluded-windows --disable-back-forward-cache --disable-breakpad --disable-client-side-phishing-detection --disable-component-extensions-with-background-pages --disable-component-update --no-default-browser-check --disable-default-apps --disable-dev-shm-usage --disable-edgeupdater --disable-extensions --disable-features=AvoidUnnecessaryBeforeUnloadCheckSync,BoundaryEventDispatchTracksNodeRemoval,DestroyProfileOnBrowserClose,DialMediaRouteProvider,GlobalMediaControls,HttpsUpgrades,LensOverlay,MediaRouter,PaintHolding,ThirdPartyStoragePartitioning,BlockOriginHeaderModificationOnRedirect,Translate,AutoDeElevate,OptimizationHints,msForceBrowserSignIn,msEdgeUpdateLaunchServicesPreferredVersion --enable-features=CDPScreenshotNewSurface --allow-pre-commit-input --disable-hang-monitor --disable-ipc-flooding-protection --disable-popup-blocking --disable-prompt-on-repost --disable-renderer-backgrounding --disable-updater-scheduler --force-color-profile=srgb --metrics-recording-only --no-first-run --password-store=basic --use-mock-keychain --no-service-autorun --export-tagged-pdf --disable-search-engine-choice-screen --unsafely-disable-devtools-self-xss-warnings --edge-skip-compat-layer-relaunch --disable-infobars --disable-search-engine-choice-screen --disable-sync --enable-unsafe-swiftshader --headless --hide-scrollbars --mute-audio --blink-settings=primaryHoverType=2,availableHoverTypes=2,primaryPointerType=4,availablePointerTypes=4 --no-sandbox --user-data-dir=/tmp/playwright_chromiumdev_profile-nsxJc9 --remote-debugging-pipe --no-startup-window
    <launched> pid=9453
    [pid=9453][err] /home/user/.cache/ms-playwright/chromium-1234/chrome-linux64/chrome: error while loading shared libraries: libnspr4.so: cannot open shared object file: No such file or directory
    Call log:
      - <launching> /home/user/.cache/ms-playwright/chromium-1234/chrome-linux64/chrome --disable-field-trial-config --disable-background-networking --disable-background-timer-throttling --disable-backgrounding-occluded-windows --disable-back-forward-cache --disable-breakpad --disable-client-side-phishing-detection --disable-component-extensions-with-background-pages --disable-component-update --no-default-browser-check --disable-default-apps --disable-dev-shm-usage --disable-edgeupdater --disable-extensions --disable-features=AvoidUnnecessaryBeforeUnloadCheckSync,BoundaryEventDispatchTracksNodeRemoval,DestroyProfileOnBrowserClose,DialMediaRouteProvider,GlobalMediaControls,HttpsUpgrades,LensOverlay,MediaRouter,PaintHolding,ThirdPartyStoragePartitioning,BlockOriginHeaderModificationOnRedirect,Translate,AutoDeElevate,OptimizationHints,msForceBrowserSignIn,msEdgeUpdateLaunchServicesPreferredVersion --enable-features=CDPScreenshotNewSurface --allow-pre-commit-input --disable-hang-monitor --disable-ipc-flooding-protection --disable-popup-blocking --disable-prompt-on-repost --disable-renderer-backgrounding --disable-updater-scheduler --force-color-profile=srgb --metrics-recording-only --no-first-run --password-store=basic --use-mock-keychain --no-service-autorun --export-tagged-pdf --disable-search-engine-choice-screen --unsafely-disable-devtools-self-xss-warnings --edge-skip-compat-layer-relaunch --disable-infobars --disable-search-engine-choice-screen --disable-sync --enable-unsafe-swiftshader --headless --hide-scrollbars --mute-audio --blink-settings=primaryHoverType=2,availableHoverTypes=2,primaryPointerType=4,availablePointerTypes=4 --no-sandbox --user-data-dir=/tmp/playwright_chromiumdev_profile-nsxJc9 --remote-debugging-pipe --no-startup-window
      - <launched> pid=9453
      - [pid=9453][err] /home/user/.cache/ms-playwright/chromium-1234/chrome-linux64/chrome: error while loading shared libraries: libnspr4.so: cannot open shared object file: No such file or directory
      - [pid=9453] <gracefully close start>
      - [pid=9453] <kill>
      - [pid=9453] <will force kill>
      - [pid=9453] exception while trying to kill process: Error: kill ESRCH
      - [pid=9453] <process did exit: exitCode=127, signal=null>
      - [pid=9453] starting temporary directories cleanup
      - [pid=9453] finished temporary directories cleanup
      - [pid=9453] <gracefully close end>


    Error Context: test-results/critical-flows-library-and-2477c-completed-content-contracts-chromium/error-context.md

    attachment #2: trace (application/zip) ─────────────────────────────────────────────────────────
    test-results/critical-flows-library-and-2477c-completed-content-contracts-chromium/trace.zip
    Usage:

        npx playwright show-trace test-results/critical-flows-library-and-2477c-completed-content-contracts-chromium/trace.zip

    ────────────────────────────────────────────────────────────────────────────────────────────────


[3/82] [chromium] › tests/e2e/critical-flows.spec.ts:194:1 › bilingual local search ranks German and Arabic results and returns to context
  3) [chromium] › tests/e2e/critical-flows.spec.ts:194:1 › bilingual local search ranks German and Arabic results and returns to context 

    Error: browserType.launch: Target page, context or browser has been closed
    Browser logs:

    <launching> /home/user/.cache/ms-playwright/chromium-1234/chrome-linux64/chrome --disable-field-trial-config --disable-background-networking --disable-background-timer-throttling --disable-backgrounding-occluded-windows --disable-back-forward-cache --disable-breakpad --disable-client-side-phishing-detection --disable-component-extensions-with-background-pages --disable-component-update --no-default-browser-check --disable-default-apps --disable-dev-shm-usage --disable-edgeupdater --disable-extensions --disable-features=AvoidUnnecessaryBeforeUnloadCheckSync,BoundaryEventDispatchTracksNodeRemoval,DestroyProfileOnBrowserClose,DialMediaRouteProvider,GlobalMediaControls,HttpsUpgrades,LensOverlay,MediaRouter,PaintHolding,ThirdPartyStoragePartitioning,BlockOriginHeaderModificationOnRedirect,Translate,AutoDeElevate,OptimizationHints,msForceBrowserSignIn,msEdgeUpdateLaunchServicesPreferredVersion --enable-features=CDPScreenshotNewSurface --allow-pre-commit-input --disable-hang-monitor --disable-ipc-flooding-protection --disable-popup-blocking --disable-prompt-on-repost --disable-renderer-backgrounding --disable-updater-scheduler --force-color-profile=srgb --metrics-recording-only --no-first-run --password-store=basic --use-mock-keychain --no-service-autorun --export-tagged-pdf --disable-search-engine-choice-screen --unsafely-disable-devtools-self-xss-warnings --edge-skip-compat-layer-relaunch --disable-infobars --disable-search-engine-choice-screen --disable-sync --enable-unsafe-swiftshader --headless --hide-scrollbars --mute-audio --blink-settings=primaryHoverType=2,availableHoverTypes=2,primaryPointerType=4,availablePointerTypes=4 --no-sandbox --user-data-dir=/tmp/playwright_chromiumdev_profile-i1eHqh --remote-debugging-pipe --no-startup-window
    <launched> pid=9466
    [pid=9466][err] /home/user/.cache/ms-playwright/chromium-1234/chrome-linux64/chrome: error while loading shared libraries: libnspr4.so: cannot open shared object file: No such file or directory
    Call log:
      - <launching> /home/user/.cache/ms-playwright/chromium-1234/chrome-linux64/chrome --disable-field-trial-config --disable-background-networking --disable-background-timer-throttling --disable-backgrounding-occluded-windows --disable-back-forward-cache --disable-breakpad --disable-client-side-phishing-detection --disable-component-extensions-with-background-pages --disable-component-update --no-default-browser-check --disable-default-apps --disable-dev-shm-usage --disable-edgeupdater --disable-extensions --disable-features=AvoidUnnecessaryBeforeUnloadCheckSync,BoundaryEventDispatchTracksNodeRemoval,DestroyProfileOnBrowserClose,DialMediaRouteProvider,GlobalMediaControls,HttpsUpgrades,LensOverlay,MediaRouter,PaintHolding,ThirdPartyStoragePartitioning,BlockOriginHeaderModificationOnRedirect,Translate,AutoDeElevate,OptimizationHints,msForceBrowserSignIn,msEdgeUpdateLaunchServicesPreferredVersion --enable-features=CDPScreenshotNewSurface --allow-pre-commit-input --disable-hang-monitor --disable-ipc-flooding-protection --disable-popup-blocking --disable-prompt-on-repost --disable-renderer-backgrounding --disable-updater-scheduler --force-color-profile=srgb --metrics-recording-only --no-first-run --password-store=basic --use-mock-keychain --no-service-autorun --export-tagged-pdf --disable-search-engine-choice-screen --unsafely-disable-devtools-self-xss-warnings --edge-skip-compat-layer-relaunch --disable-infobars --disable-search-engine-choice-screen --disable-sync --enable-unsafe-swiftshader --headless --hide-scrollbars --mute-audio --blink-settings=primaryHoverType=2,availableHoverTypes=2,primaryPointerType=4,availablePointerTypes=4 --no-sandbox --user-data-dir=/tmp/playwright_chromiumdev_profile-i1eHqh --remote-debugging-pipe --no-startup-window
      - <launched> pid=9466
      - [pid=9466][err] /home/user/.cache/ms-playwright/chromium-1234/chrome-linux64/chrome: error while loading shared libraries: libnspr4.so: cannot open shared object file: No such file or directory
      - [pid=9466] <gracefully close start>
      - [pid=9466] <kill>
      - [pid=9466] <will force kill>
      - [pid=9466] exception while trying to kill process: Error: kill ESRCH
      - [pid=9466] <process did exit: exitCode=127, signal=null>
      - [pid=9466] starting temporary directories cleanup
      - [pid=9466] finished temporary directories cleanup
      - [pid=9466] <gracefully close end>


    Error Context: test-results/critical-flows-bilingual-l-c12d4-ults-and-returns-to-context-chromium/error-context.md

    attachment #2: trace (application/zip) ─────────────────────────────────────────────────────────
    test-results/critical-flows-bilingual-l-c12d4-ults-and-returns-to-context-chromium/trace.zip
    Usage:

        npx playwright show-trace test-results/critical-flows-bilingual-l-c12d4-ults-and-returns-to-context-chromium/trace.zip

    ────────────────────────────────────────────────────────────────────────────────────────────────


[4/82] [chromium] › tests/e2e/critical-flows.spec.ts:232:1 › visual accessibility preferences preview immediately, persist, reset, and respect system motion
  4) [chromium] › tests/e2e/critical-flows.spec.ts:232:1 › visual accessibility preferences preview immediately, persist, reset, and respect system motion 

    Error: browserType.launch: Target page, context or browser has been closed
    Browser logs:

    <launching> /home/user/.cache/ms-playwright/chromium-1234/chrome-linux64/chrome --disable-field-trial-config --disable-background-networking --disable-background-timer-throttling --disable-backgrounding-occluded-windows --disable-back-forward-cache --disable-breakpad --disable-client-side-phishing-detection --disable-component-extensions-with-background-pages --disable-component-update --no-default-browser-check --disable-default-apps --disable-dev-shm-usage --disable-edgeupdater --disable-extensions --disable-features=AvoidUnnecessaryBeforeUnloadCheckSync,BoundaryEventDispatchTracksNodeRemoval,DestroyProfileOnBrowserClose,DialMediaRouteProvider,GlobalMediaControls,HttpsUpgrades,LensOverlay,MediaRouter,PaintHolding,ThirdPartyStoragePartitioning,BlockOriginHeaderModificationOnRedirect,Translate,AutoDeElevate,OptimizationHints,msForceBrowserSignIn,msEdgeUpdateLaunchServicesPreferredVersion --enable-features=CDPScreenshotNewSurface --allow-pre-commit-input --disable-hang-monitor --disable-ipc-flooding-protection --disable-popup-blocking --disable-prompt-on-repost --disable-renderer-backgrounding --disable-updater-scheduler --force-color-profile=srgb --metrics-recording-only --no-first-run --password-store=basic --use-mock-keychain --no-service-autorun --export-tagged-pdf --disable-search-engine-choice-screen --unsafely-disable-devtools-self-xss-warnings --edge-skip-compat-layer-relaunch --disable-infobars --disable-search-engine-choice-screen --disable-sync --enable-unsafe-swiftshader --headless --hide-scrollbars --mute-audio --blink-settings=primaryHoverType=2,availableHoverTypes=2,primaryPointerType=4,availablePointerTypes=4 --no-sandbox --user-data-dir=/tmp/playwright_chromiumdev_profile-sfOd4B --remote-debugging-pipe --no-startup-window
    <launched> pid=9479
    [pid=9479][err] /home/user/.cache/ms-playwright/chromium-1234/chrome-linux64/chrome: error while loading shared libraries: libnspr4.so: cannot open shared object file: No such file or directory
    Call log:
      - <launching> /home/user/.cache/ms-playwright/chromium-1234/chrome-linux64/chrome --disable-field-trial-config --disable-background-networking --disable-background-timer-throttling --disable-backgrounding-occluded-windows --disable-back-forward-cache --disable-breakpad --disable-client-side-phishing-detection --disable-component-extensions-with-background-pages --disable-component-update --no-default-browser-check --disable-default-apps --disable-dev-shm-usage --disable-edgeupdater --disable-extensions --disable-features=AvoidUnnecessaryBeforeUnloadCheckSync,BoundaryEventDispatchTracksNodeRemoval,DestroyProfileOnBrowserClose,DialMediaRouteProvider,GlobalMediaControls,HttpsUpgrades,LensOverlay,MediaRouter,PaintHolding,ThirdPartyStoragePartitioning,BlockOriginHeaderModificationOnRedirect,Translate,AutoDeElevate,OptimizationHints,msForceBrowserSignIn,msEdgeUpdateLaunchServicesPreferredVersion --enable-features=CDPScreenshotNewSurface --allow-pre-commit-input --disable-hang-monitor --disable-ipc-flooding-protection --disable-popup-blocking --disable-prompt-on-repost --disable-renderer-backgrounding --disable-updater-scheduler --force-color-profile=srgb --metrics-recording-only --no-first-run --password-store=basic --use-mock-keychain --no-service-autorun --export-tagged-pdf --disable-search-engine-choice-screen --unsafely-disable-devtools-self-xss-warnings --edge-skip-compat-layer-relaunch --disable-infobars --disable-search-engine-choice-screen --disable-sync --enable-unsafe-swiftshader --headless --hide-scrollbars --mute-audio --blink-settings=primaryHoverType=2,availableHoverTypes=2,primaryPointerType=4,availablePointerTypes=4 --no-sandbox --user-data-dir=/tmp/playwright_chromiumdev_profile-sfOd4B --remote-debugging-pipe --no-startup-window
      - <launched> pid=9479
      - [pid=9479][err] /home/user/.cache/ms-playwright/chromium-1234/chrome-linux64/chrome: error while loading shared libraries: libnspr4.so: cannot open shared object file: No such file or directory
      - [pid=9479] <gracefully close start>
      - [pid=9479] <kill>
      - [pid=9479] <will force kill>
      - [pid=9479] exception while trying to kill process: Error: kill ESRCH
      - [pid=9479] <process did exit: exitCode=127, signal=null>
      - [pid=9479] starting temporary directories cleanup
      - [pid=9479] finished temporary directories cleanup
      - [pid=9479] <gracefully close end>


    Error Context: test-results/critical-flows-visual-acce-04b5b-t-and-respect-system-motion-chromium/error-context.md

    attachment #2: trace (application/zip) ─────────────────────────────────────────────────────────
    test-results/critical-flows-visual-acce-04b5b-t-and-respect-system-motion-chromium/trace.zip
    Usage:

        npx playwright show-trace test-results/critical-flows-visual-acce-04b5b-t-and-respect-system-motion-chromium/trace.zip

    ────────────────────────────────────────────────────────────────────────────────────────────────


[5/82] [chromium] › tests/e2e/critical-flows.spec.ts:308:1 › P0 exam readiness stays provider-scoped and exposes weak modules instead of one average
  5) [chromium] › tests/e2e/critical-flows.spec.ts:308:1 › P0 exam readiness stays provider-scoped and exposes weak modules instead of one average 

    Error: browserType.launch: Target page, context or browser has been closed
    Browser logs:

    <launching> /home/user/.cache/ms-playwright/chromium-1234/chrome-linux64/chrome --disable-field-trial-config --disable-background-networking --disable-background-timer-throttling --disable-backgrounding-occluded-windows --disable-back-forward-cache --disable-breakpad --disable-client-side-phishing-detection --disable-component-extensions-with-background-pages --disable-component-update --no-default-browser-check --disable-default-apps --disable-dev-shm-usage --disable-edgeupdater --disable-extensions --disable-features=AvoidUnnecessaryBeforeUnloadCheckSync,BoundaryEventDispatchTracksNodeRemoval,DestroyProfileOnBrowserClose,DialMediaRouteProvider,GlobalMediaControls,HttpsUpgrades,LensOverlay,MediaRouter,PaintHolding,ThirdPartyStoragePartitioning,BlockOriginHeaderModificationOnRedirect,Translate,AutoDeElevate,OptimizationHints,msForceBrowserSignIn,msEdgeUpdateLaunchServicesPreferredVersion --enable-features=CDPScreenshotNewSurface --allow-pre-commit-input --disable-hang-monitor --disable-ipc-flooding-protection --disable-popup-blocking --disable-prompt-on-repost --disable-renderer-backgrounding --disable-updater-scheduler --force-color-profile=srgb --metrics-recording-only --no-first-run --password-store=basic --use-mock-keychain --no-service-autorun --export-tagged-pdf --disable-search-engine-choice-screen --unsafely-disable-devtools-self-xss-warnings --edge-skip-compat-layer-relaunch --disable-infobars --disable-search-engine-choice-screen --disable-sync --enable-unsafe-swiftshader --headless --hide-scrollbars --mute-audio --blink-settings=primaryHoverType=2,availableHoverTypes=2,primaryPointerType=4,availablePointerTypes=4 --no-sandbox --user-data-dir=/tmp/playwright_chromiumdev_profile-boHRUo --remote-debugging-pipe --no-startup-window
    <launched> pid=9492
    [pid=9492][err] /home/user/.cache/ms-playwright/chromium-1234/chrome-linux64/chrome: error while loading shared libraries: libnspr4.so: cannot open shared object file: No such file or directory
    Call log:
      - <launching> /home/user/.cache/ms-playwright/chromium-1234/chrome-linux64/chrome --disable-field-trial-config --disable-background-networking --disable-background-timer-throttling --disable-backgrounding-occluded-windows --disable-back-forward-cache --disable-breakpad --disable-client-side-phishing-detection --disable-component-extensions-with-background-pages --disable-component-update --no-default-browser-check --disable-default-apps --disable-dev-shm-usage --disable-edgeupdater --disable-extensions --disable-features=AvoidUnnecessaryBeforeUnloadCheckSync,BoundaryEventDispatchTracksNodeRemoval,DestroyProfileOnBrowserClose,DialMediaRouteProvider,GlobalMediaControls,HttpsUpgrades,LensOverlay,MediaRouter,PaintHolding,ThirdPartyStoragePartitioning,BlockOriginHeaderModificationOnRedirect,Translate,AutoDeElevate,OptimizationHints,msForceBrowserSignIn,msEdgeUpdateLaunchServicesPreferredVersion --enable-features=CDPScreenshotNewSurface --allow-pre-commit-input --disable-hang-monitor --disable-ipc-flooding-protection --disable-popup-blocking --disable-prompt-on-repost --disable-renderer-backgrounding --disable-updater-scheduler --force-color-profile=srgb --metrics-recording-only --no-first-run --password-store=basic --use-mock-keychain --no-service-autorun --export-tagged-pdf --disable-search-engine-choice-screen --unsafely-disable-devtools-self-xss-warnings --edge-skip-compat-layer-relaunch --disable-infobars --disable-search-engine-choice-screen --disable-sync --enable-unsafe-swiftshader --headless --hide-scrollbars --mute-audio --blink-settings=primaryHoverType=2,availableHoverTypes=2,primaryPointerType=4,availablePointerTypes=4 --no-sandbox --user-data-dir=/tmp/playwright_chromiumdev_profile-boHRUo --remote-debugging-pipe --no-startup-window
      - <launched> pid=9492
      - [pid=9492][err] /home/user/.cache/ms-playwright/chromium-1234/chrome-linux64/chrome: error while loading shared libraries: libnspr4.so: cannot open shared object file: No such file or directory
      - [pid=9492] <gracefully close start>
      - [pid=9492] <kill>
      - [pid=9492] <will force kill>
      - [pid=9492] exception while trying to kill process: Error: kill ESRCH
      - [pid=9492] <process did exit: exitCode=127, signal=null>
      - [pid=9492] starting temporary directories cleanup
      - [pid=9492] finished temporary directories cleanup
      - [pid=9492] <gracefully close end>


    Error Context: test-results/critical-flows-P0-exam-rea-7eb37-ules-instead-of-one-average-chromium/error-context.md

    attachment #2: trace (application/zip) ─────────────────────────────────────────────────────────
    test-results/critical-flows-P0-exam-rea-7eb37-ules-instead-of-one-average-chromium/trace.zip
    Usage:

        npx playwright show-trace test-results/critical-flows-P0-exam-rea-7eb37-ules-instead-of-one-average-chromium/trace.zip

    ────────────────────────────────────────────────────────────────────────────────────────────────


[6/82] [chromium] › tests/e2e/critical-flows.spec.ts:354:1 › P0 onboarding captures goals and an explicit device-check skip locally
  6) [chromium] › tests/e2e/critical-flows.spec.ts:354:1 › P0 onboarding captures goals and an explicit device-check skip locally 

    Error: browserType.launch: Target page, context or browser has been closed
    Browser logs:

    <launching> /home/user/.cache/ms-playwright/chromium-1234/chrome-linux64/chrome --disable-field-trial-config --disable-background-networking --disable-background-timer-throttling --disable-backgrounding-occluded-windows --disable-back-forward-cache --disable-breakpad --disable-client-side-phishing-detection --disable-component-extensions-with-background-pages --disable-component-update --no-default-browser-check --disable-default-apps --disable-dev-shm-usage --disable-edgeupdater --disable-extensions --disable-features=AvoidUnnecessaryBeforeUnloadCheckSync,BoundaryEventDispatchTracksNodeRemoval,DestroyProfileOnBrowserClose,DialMediaRouteProvider,GlobalMediaControls,HttpsUpgrades,LensOverlay,MediaRouter,PaintHolding,ThirdPartyStoragePartitioning,BlockOriginHeaderModificationOnRedirect,Translate,AutoDeElevate,OptimizationHints,msForceBrowserSignIn,msEdgeUpdateLaunchServicesPreferredVersion --enable-features=CDPScreenshotNewSurface --allow-pre-commit-input --disable-hang-monitor --disable-ipc-flooding-protection --disable-popup-blocking --disable-prompt-on-repost --disable-renderer-backgrounding --disable-updater-scheduler --force-color-profile=srgb --metrics-recording-only --no-first-run --password-store=basic --use-mock-keychain --no-service-autorun --export-tagged-pdf --disable-search-engine-choice-screen --unsafely-disable-devtools-self-xss-warnings --edge-skip-compat-layer-relaunch --disable-infobars --disable-search-engine-choice-screen --disable-sync --enable-unsafe-swiftshader --headless --hide-scrollbars --mute-audio --blink-settings=primaryHoverType=2,availableHoverTypes=2,primaryPointerType=4,availablePointerTypes=4 --no-sandbox --user-data-dir=/tmp/playwright_chromiumdev_profile-k69Kom --remote-debugging-pipe --no-startup-window
    <launched> pid=9505
    [pid=9505][err] /home/user/.cache/ms-playwright/chromium-1234/chrome-linux64/chrome: error while loading shared libraries: libnspr4.so: cannot open shared object file: No such file or directory
    Call log:
      - <launching> /home/user/.cache/ms-playwright/chromium-1234/chrome-linux64/chrome --disable-field-trial-config --disable-background-networking --disable-background-timer-throttling --disable-backgrounding-occluded-windows --disable-back-forward-cache --disable-breakpad --disable-client-side-phishing-detection --disable-component-extensions-with-background-pages --disable-component-update --no-default-browser-check --disable-default-apps --disable-dev-shm-usage --disable-edgeupdater --disable-extensions --disable-features=AvoidUnnecessaryBeforeUnloadCheckSync,BoundaryEventDispatchTracksNodeRemoval,DestroyProfileOnBrowserClose,DialMediaRouteProvider,GlobalMediaControls,HttpsUpgrades,LensOverlay,MediaRouter,PaintHolding,ThirdPartyStoragePartitioning,BlockOriginHeaderModificationOnRedirect,Translate,AutoDeElevate,OptimizationHints,msForceBrowserSignIn,msEdgeUpdateLaunchServicesPreferredVersion --enable-features=CDPScreenshotNewSurface --allow-pre-commit-input --disable-hang-monitor --disable-ipc-flooding-protection --disable-popup-blocking --disable-prompt-on-repost --disable-renderer-backgrounding --disable-updater-scheduler --force-color-profile=srgb --metrics-recording-only --no-first-run --password-store=basic --use-mock-keychain --no-service-autorun --export-tagged-pdf --disable-search-engine-choice-screen --unsafely-disable-devtools-self-xss-warnings --edge-skip-compat-layer-relaunch --disable-infobars --disable-search-engine-choice-screen --disable-sync --enable-unsafe-swiftshader --headless --hide-scrollbars --mute-audio --blink-settings=primaryHoverType=2,availableHoverTypes=2,primaryPointerType=4,availablePointerTypes=4 --no-sandbox --user-data-dir=/tmp/playwright_chromiumdev_profile-k69Kom --remote-debugging-pipe --no-startup-window
      - <launched> pid=9505
      - [pid=9505][err] /home/user/.cache/ms-playwright/chromium-1234/chrome-linux64/chrome: error while loading shared libraries: libnspr4.so: cannot open shared object file: No such file or directory
      - [pid=9505] <gracefully close start>
      - [pid=9505] <kill>
      - [pid=9505] <will force kill>
      - [pid=9505] exception while trying to kill process: Error: kill ESRCH
      - [pid=9505] <process did exit: exitCode=127, signal=null>
      - [pid=9505] starting temporary directories cleanup
      - [pid=9505] finished temporary directories cleanup
      - [pid=9505] <gracefully close end>


    Error Context: test-results/critical-flows-P0-onboardi-2e033-t-device-check-skip-locally-chromium/error-context.md

    attachment #2: trace (application/zip) ─────────────────────────────────────────────────────────
    test-results/critical-flows-P0-onboardi-2e033-t-device-check-skip-locally-chromium/trace.zip
    Usage:

        npx playwright show-trace test-results/critical-flows-P0-onboardi-2e033-t-device-check-skip-locally-chromium/trace.zip

    ────────────────────────────────────────────────────────────────────────────────────────────────


[7/82] [chromium] › tests/e2e/critical-flows.spec.ts:400:1 › an absolute beginner starts A1 step by step and never receives an isolated writing demand
  7) [chromium] › tests/e2e/critical-flows.spec.ts:400:1 › an absolute beginner starts A1 step by step and never receives an isolated writing demand 

    Error: browserType.launch: Target page, context or browser has been closed
    Browser logs:

    <launching> /home/user/.cache/ms-playwright/chromium-1234/chrome-linux64/chrome --disable-field-trial-config --disable-background-networking --disable-background-timer-throttling --disable-backgrounding-occluded-windows --disable-back-forward-cache --disable-breakpad --disable-client-side-phishing-detection --disable-component-extensions-with-background-pages --disable-component-update --no-default-browser-check --disable-default-apps --disable-dev-shm-usage --disable-edgeupdater --disable-extensions --disable-features=AvoidUnnecessaryBeforeUnloadCheckSync,BoundaryEventDispatchTracksNodeRemoval,DestroyProfileOnBrowserClose,DialMediaRouteProvider,GlobalMediaControls,HttpsUpgrades,LensOverlay,MediaRouter,PaintHolding,ThirdPartyStoragePartitioning,BlockOriginHeaderModificationOnRedirect,Translate,AutoDeElevate,OptimizationHints,msForceBrowserSignIn,msEdgeUpdateLaunchServicesPreferredVersion --enable-features=CDPScreenshotNewSurface --allow-pre-commit-input --disable-hang-monitor --disable-ipc-flooding-protection --disable-popup-blocking --disable-prompt-on-repost --disable-renderer-backgrounding --disable-updater-scheduler --force-color-profile=srgb --metrics-recording-only --no-first-run --password-store=basic --use-mock-keychain --no-service-autorun --export-tagged-pdf --disable-search-engine-choice-screen --unsafely-disable-devtools-self-xss-warnings --edge-skip-compat-layer-relaunch --disable-infobars --disable-search-engine-choice-screen --disable-sync --enable-unsafe-swiftshader --headless --hide-scrollbars --mute-audio --blink-settings=primaryHoverType=2,availableHoverTypes=2,primaryPointerType=4,availablePointerTypes=4 --no-sandbox --user-data-dir=/tmp/playwright_chromiumdev_profile-nVGPYo --remote-debugging-pipe --no-startup-window
    <launched> pid=9518
    [pid=9518][err] /home/user/.cache/ms-playwright/chromium-1234/chrome-linux64/chrome: error while loading shared libraries: libnspr4.so: cannot open shared object file: No such file or directory
    Call log:
      - <launching> /home/user/.cache/ms-playwright/chromium-1234/chrome-linux64/chrome --disable-field-trial-config --disable-background-networking --disable-background-timer-throttling --disable-backgrounding-occluded-windows --disable-back-forward-cache --disable-breakpad --disable-client-side-phishing-detection --disable-component-extensions-with-background-pages --disable-component-update --no-default-browser-check --disable-default-apps --disable-dev-shm-usage --disable-edgeupdater --disable-extensions --disable-features=AvoidUnnecessaryBeforeUnloadCheckSync,BoundaryEventDispatchTracksNodeRemoval,DestroyProfileOnBrowserClose,DialMediaRouteProvider,GlobalMediaControls,HttpsUpgrades,LensOverlay,MediaRouter,PaintHolding,ThirdPartyStoragePartitioning,BlockOriginHeaderModificationOnRedirect,Translate,AutoDeElevate,OptimizationHints,msForceBrowserSignIn,msEdgeUpdateLaunchServicesPreferredVersion --enable-features=CDPScreenshotNewSurface --allow-pre-commit-input --disable-hang-monitor --disable-ipc-flooding-protection --disable-popup-blocking --disable-prompt-on-repost --disable-renderer-backgrounding --disable-updater-scheduler --force-color-profile=srgb --metrics-recording-only --no-first-run --password-store=basic --use-mock-keychain --no-service-autorun --export-tagged-pdf --disable-search-engine-choice-screen --unsafely-disable-devtools-self-xss-warnings --edge-skip-compat-layer-relaunch --disable-infobars --disable-search-engine-choice-screen --disable-sync --enable-unsafe-swiftshader --headless --hide-scrollbars --mute-audio --blink-settings=primaryHoverType=2,availableHoverTypes=2,primaryPointerType=4,availablePointerTypes=4 --no-sandbox --user-data-dir=/tmp/playwright_chromiumdev_profile-nVGPYo --remote-debugging-pipe --no-startup-window
      - <launched> pid=9518
      - [pid=9518][err] /home/user/.cache/ms-playwright/chromium-1234/chrome-linux64/chrome: error while loading shared libraries: libnspr4.so: cannot open shared object file: No such file or directory
      - [pid=9518] <gracefully close start>
      - [pid=9518] <kill>
      - [pid=9518] <will force kill>
      - [pid=9518] exception while trying to kill process: Error: kill ESRCH
      - [pid=9518] <process did exit: exitCode=127, signal=null>
      - [pid=9518] starting temporary directories cleanup
      - [pid=9518] finished temporary directories cleanup
      - [pid=9518] <gracefully close end>


    Error Context: test-results/critical-flows-an-absolute-f17ee--an-isolated-writing-demand-chromium/error-context.md

    attachment #2: trace (application/zip) ─────────────────────────────────────────────────────────
    test-results/critical-flows-an-absolute-f17ee--an-isolated-writing-demand-chromium/trace.zip
    Usage:

        npx playwright show-trace test-results/critical-flows-an-absolute-f17ee--an-isolated-writing-demand-chromium/trace.zip

    ────────────────────────────────────────────────────────────────────────────────────────────────


[8/82] [chromium] › tests/e2e/critical-flows.spec.ts:425:1 › P0 adaptive diagnostic stops at a clear boundary and stores four skill scores
  8) [chromium] › tests/e2e/critical-flows.spec.ts:425:1 › P0 adaptive diagnostic stops at a clear boundary and stores four skill scores 

    Error: browserType.launch: Target page, context or browser has been closed
    Browser logs:

    <launching> /home/user/.cache/ms-playwright/chromium-1234/chrome-linux64/chrome --disable-field-trial-config --disable-background-networking --disable-background-timer-throttling --disable-backgrounding-occluded-windows --disable-back-forward-cache --disable-breakpad --disable-client-side-phishing-detection --disable-component-extensions-with-background-pages --disable-component-update --no-default-browser-check --disable-default-apps --disable-dev-shm-usage --disable-edgeupdater --disable-extensions --disable-features=AvoidUnnecessaryBeforeUnloadCheckSync,BoundaryEventDispatchTracksNodeRemoval,DestroyProfileOnBrowserClose,DialMediaRouteProvider,GlobalMediaControls,HttpsUpgrades,LensOverlay,MediaRouter,PaintHolding,ThirdPartyStoragePartitioning,BlockOriginHeaderModificationOnRedirect,Translate,AutoDeElevate,OptimizationHints,msForceBrowserSignIn,msEdgeUpdateLaunchServicesPreferredVersion --enable-features=CDPScreenshotNewSurface --allow-pre-commit-input --disable-hang-monitor --disable-ipc-flooding-protection --disable-popup-blocking --disable-prompt-on-repost --disable-renderer-backgrounding --disable-updater-scheduler --force-color-profile=srgb --metrics-recording-only --no-first-run --password-store=basic --use-mock-keychain --no-service-autorun --export-tagged-pdf --disable-search-engine-choice-screen --unsafely-disable-devtools-self-xss-warnings --edge-skip-compat-layer-relaunch --disable-infobars --disable-search-engine-choice-screen --disable-sync --enable-unsafe-swiftshader --headless --hide-scrollbars --mute-audio --blink-settings=primaryHoverType=2,availableHoverTypes=2,primaryPointerType=4,availablePointerTypes=4 --no-sandbox --user-data-dir=/tmp/playwright_chromiumdev_profile-v5xqt7 --remote-debugging-pipe --no-startup-window
    <launched> pid=9531
    [pid=9531][err] /home/user/.cache/ms-playwright/chromium-1234/chrome-linux64/chrome: error while loading shared libraries: libnspr4.so: cannot open shared object file: No such file or directory
    Call log:
      - <launching> /home/user/.cache/ms-playwright/chromium-1234/chrome-linux64/chrome --disable-field-trial-config --disable-background-networking --disable-background-timer-throttling --disable-backgrounding-occluded-windows --disable-back-forward-cache --disable-breakpad --disable-client-side-phishing-detection --disable-component-extensions-with-background-pages --disable-component-update --no-default-browser-check --disable-default-apps --disable-dev-shm-usage --disable-edgeupdater --disable-extensions --disable-features=AvoidUnnecessaryBeforeUnloadCheckSync,BoundaryEventDispatchTracksNodeRemoval,DestroyProfileOnBrowserClose,DialMediaRouteProvider,GlobalMediaControls,HttpsUpgrades,LensOverlay,MediaRouter,PaintHolding,ThirdPartyStoragePartitioning,BlockOriginHeaderModificationOnRedirect,Translate,AutoDeElevate,OptimizationHints,msForceBrowserSignIn,msEdgeUpdateLaunchServicesPreferredVersion --enable-features=CDPScreenshotNewSurface --allow-pre-commit-input --disable-hang-monitor --disable-ipc-flooding-protection --disable-popup-blocking --disable-prompt-on-repost --disable-renderer-backgrounding --disable-updater-scheduler --force-color-profile=srgb --metrics-recording-only --no-first-run --password-store=basic --use-mock-keychain --no-service-autorun --export-tagged-pdf --disable-search-engine-choice-screen --unsafely-disable-devtools-self-xss-warnings --edge-skip-compat-layer-relaunch --disable-infobars --disable-search-engine-choice-screen --disable-sync --enable-unsafe-swiftshader --headless --hide-scrollbars --mute-audio --blink-settings=primaryHoverType=2,availableHoverTypes=2,primaryPointerType=4,availablePointerTypes=4 --no-sandbox --user-data-dir=/tmp/playwright_chromiumdev_profile-v5xqt7 --remote-debugging-pipe --no-startup-window
      - <launched> pid=9531
      - [pid=9531][err] /home/user/.cache/ms-playwright/chromium-1234/chrome-linux64/chrome: error while loading shared libraries: libnspr4.so: cannot open shared object file: No such file or directory
      - [pid=9531] <gracefully close start>
      - [pid=9531] <kill>
      - [pid=9531] <will force kill>
      - [pid=9531] exception while trying to kill process: Error: kill ESRCH
      - [pid=9531] <process did exit: exitCode=127, signal=null>
      - [pid=9531] starting temporary directories cleanup
      - [pid=9531] finished temporary directories cleanup
      - [pid=9531] <gracefully close end>


    Error Context: test-results/critical-flows-P0-adaptive-03817-nd-stores-four-skill-scores-chromium/error-context.md

    attachment #2: trace (application/zip) ─────────────────────────────────────────────────────────
    test-results/critical-flows-P0-adaptive-03817-nd-stores-four-skill-scores-chromium/trace.zip
    Usage:

        npx playwright show-trace test-results/critical-flows-P0-adaptive-03817-nd-stores-four-skill-scores-chromium/trace.zip

    ────────────────────────────────────────────────────────────────────────────────────────────────


[9/82] [chromium] › tests/e2e/critical-flows.spec.ts:464:1 › P0 tutor requires per-send consent, validates structured JSON, and deletes its local trace
  9) [chromium] › tests/e2e/critical-flows.spec.ts:464:1 › P0 tutor requires per-send consent, validates structured JSON, and deletes its local trace 

    Error: browserType.launch: Target page, context or browser has been closed
    Browser logs:

    <launching> /home/user/.cache/ms-playwright/chromium-1234/chrome-linux64/chrome --disable-field-trial-config --disable-background-networking --disable-background-timer-throttling --disable-backgrounding-occluded-windows --disable-back-forward-cache --disable-breakpad --disable-client-side-phishing-detection --disable-component-extensions-with-background-pages --disable-component-update --no-default-browser-check --disable-default-apps --disable-dev-shm-usage --disable-edgeupdater --disable-extensions --disable-features=AvoidUnnecessaryBeforeUnloadCheckSync,BoundaryEventDispatchTracksNodeRemoval,DestroyProfileOnBrowserClose,DialMediaRouteProvider,GlobalMediaControls,HttpsUpgrades,LensOverlay,MediaRouter,PaintHolding,ThirdPartyStoragePartitioning,BlockOriginHeaderModificationOnRedirect,Translate,AutoDeElevate,OptimizationHints,msForceBrowserSignIn,msEdgeUpdateLaunchServicesPreferredVersion --enable-features=CDPScreenshotNewSurface --allow-pre-commit-input --disable-hang-monitor --disable-ipc-flooding-protection --disable-popup-blocking --disable-prompt-on-repost --disable-renderer-backgrounding --disable-updater-scheduler --force-color-profile=srgb --metrics-recording-only --no-first-run --password-store=basic --use-mock-keychain --no-service-autorun --export-tagged-pdf --disable-search-engine-choice-screen --unsafely-disable-devtools-self-xss-warnings --edge-skip-compat-layer-relaunch --disable-infobars --disable-search-engine-choice-screen --disable-sync --enable-unsafe-swiftshader --headless --hide-scrollbars --mute-audio --blink-settings=primaryHoverType=2,availableHoverTypes=2,primaryPointerType=4,availablePointerTypes=4 --no-sandbox --user-data-dir=/tmp/playwright_chromiumdev_profile-EhzL2n --remote-debugging-pipe --no-startup-window
    <launched> pid=9544
    [pid=9544][err] /home/user/.cache/ms-playwright/chromium-1234/chrome-linux64/chrome: error while loading shared libraries: libnspr4.so: cannot open shared object file: No such file or directory
    Call log:
      - <launching> /home/user/.cache/ms-playwright/chromium-1234/chrome-linux64/chrome --disable-field-trial-config --disable-background-networking --disable-background-timer-throttling --disable-backgrounding-occluded-windows --disable-back-forward-cache --disable-breakpad --disable-client-side-phishing-detection --disable-component-extensions-with-background-pages --disable-component-update --no-default-browser-check --disable-default-apps --disable-dev-shm-usage --disable-edgeupdater --disable-extensions --disable-features=AvoidUnnecessaryBeforeUnloadCheckSync,BoundaryEventDispatchTracksNodeRemoval,DestroyProfileOnBrowserClose,DialMediaRouteProvider,GlobalMediaControls,HttpsUpgrades,LensOverlay,MediaRouter,PaintHolding,ThirdPartyStoragePartitioning,BlockOriginHeaderModificationOnRedirect,Translate,AutoDeElevate,OptimizationHints,msForceBrowserSignIn,msEdgeUpdateLaunchServicesPreferredVersion --enable-features=CDPScreenshotNewSurface --allow-pre-commit-input --disable-hang-monitor --disable-ipc-flooding-protection --disable-popup-blocking --disable-prompt-on-repost --disable-renderer-backgrounding --disable-updater-scheduler --force-color-profile=srgb --metrics-recording-only --no-first-run --password-store=basic --use-mock-keychain --no-service-autorun --export-tagged-pdf --disable-search-engine-choice-screen --unsafely-disable-devtools-self-xss-warnings --edge-skip-compat-layer-relaunch --disable-infobars --disable-search-engine-choice-screen --disable-sync --enable-unsafe-swiftshader --headless --hide-scrollbars --mute-audio --blink-settings=primaryHoverType=2,availableHoverTypes=2,primaryPointerType=4,availablePointerTypes=4 --no-sandbox --user-data-dir=/tmp/playwright_chromiumdev_profile-EhzL2n --remote-debugging-pipe --no-startup-window
      - <launched> pid=9544
      - [pid=9544][err] /home/user/.cache/ms-playwright/chromium-1234/chrome-linux64/chrome: error while loading shared libraries: libnspr4.so: cannot open shared object file: No such file or directory
      - [pid=9544] <gracefully close start>
      - [pid=9544] <kill>
      - [pid=9544] <will force kill>
      - [pid=9544] exception while trying to kill process: Error: kill ESRCH
      - [pid=9544] <process did exit: exitCode=127, signal=null>
      - [pid=9544] starting temporary directories cleanup
      - [pid=9544] finished temporary directories cleanup
      - [pid=9544] <gracefully close end>


    Error Context: test-results/critical-flows-P0-tutor-re-ebc3a-and-deletes-its-local-trace-chromium/error-context.md

    attachment #2: trace (application/zip) ─────────────────────────────────────────────────────────
    test-results/critical-flows-P0-tutor-re-ebc3a-and-deletes-its-local-trace-chromium/trace.zip
    Usage:

        npx playwright show-trace test-results/critical-flows-P0-tutor-re-ebc3a-and-deletes-its-local-trace-chromium/trace.zip

    ────────────────────────────────────────────────────────────────────────────────────────────────


[10/82] [chromium] › tests/e2e/critical-flows.spec.ts:608:1 › optional AI 429 falls back locally once and retry requires fresh consent
  10) [chromium] › tests/e2e/critical-flows.spec.ts:608:1 › optional AI 429 falls back locally once and retry requires fresh consent 

    Error: browserType.launch: Target page, context or browser has been closed
    Browser logs:

    <launching> /home/user/.cache/ms-playwright/chromium-1234/chrome-linux64/chrome --disable-field-trial-config --disable-background-networking --disable-background-timer-throttling --disable-backgrounding-occluded-windows --disable-back-forward-cache --disable-breakpad --disable-client-side-phishing-detection --disable-component-extensions-with-background-pages --disable-component-update --no-default-browser-check --disable-default-apps --disable-dev-shm-usage --disable-edgeupdater --disable-extensions --disable-features=AvoidUnnecessaryBeforeUnloadCheckSync,BoundaryEventDispatchTracksNodeRemoval,DestroyProfileOnBrowserClose,DialMediaRouteProvider,GlobalMediaControls,HttpsUpgrades,LensOverlay,MediaRouter,PaintHolding,ThirdPartyStoragePartitioning,BlockOriginHeaderModificationOnRedirect,Translate,AutoDeElevate,OptimizationHints,msForceBrowserSignIn,msEdgeUpdateLaunchServicesPreferredVersion --enable-features=CDPScreenshotNewSurface --allow-pre-commit-input --disable-hang-monitor --disable-ipc-flooding-protection --disable-popup-blocking --disable-prompt-on-repost --disable-renderer-backgrounding --disable-updater-scheduler --force-color-profile=srgb --metrics-recording-only --no-first-run --password-store=basic --use-mock-keychain --no-service-autorun --export-tagged-pdf --disable-search-engine-choice-screen --unsafely-disable-devtools-self-xss-warnings --edge-skip-compat-layer-relaunch --disable-infobars --disable-search-engine-choice-screen --disable-sync --enable-unsafe-swiftshader --headless --hide-scrollbars --mute-audio --blink-settings=primaryHoverType=2,availableHoverTypes=2,primaryPointerType=4,availablePointerTypes=4 --no-sandbox --user-data-dir=/tmp/playwright_chromiumdev_profile-ApjG7h --remote-debugging-pipe --no-startup-window
    <launched> pid=9564
    [pid=9564][err] /home/user/.cache/ms-playwright/chromium-1234/chrome-linux64/chrome: error while loading shared libraries: libnspr4.so: cannot open shared object file: No such file or directory
    Call log:
      - <launching> /home/user/.cache/ms-playwright/chromium-1234/chrome-linux64/chrome --disable-field-trial-config --disable-background-networking --disable-background-timer-throttling --disable-backgrounding-occluded-windows --disable-back-forward-cache --disable-breakpad --disable-client-side-phishing-detection --disable-component-extensions-with-background-pages --disable-component-update --no-default-browser-check --disable-default-apps --disable-dev-shm-usage --disable-edgeupdater --disable-extensions --disable-features=AvoidUnnecessaryBeforeUnloadCheckSync,BoundaryEventDispatchTracksNodeRemoval,DestroyProfileOnBrowserClose,DialMediaRouteProvider,GlobalMediaControls,HttpsUpgrades,LensOverlay,MediaRouter,PaintHolding,ThirdPartyStoragePartitioning,BlockOriginHeaderModificationOnRedirect,Translate,AutoDeElevate,OptimizationHints,msForceBrowserSignIn,msEdgeUpdateLaunchServicesPreferredVersion --enable-features=CDPScreenshotNewSurface --allow-pre-commit-input --disable-hang-monitor --disable-ipc-flooding-protection --disable-popup-blocking --disable-prompt-on-repost --disable-renderer-backgrounding --disable-updater-scheduler --force-color-profile=srgb --metrics-recording-only --no-first-run --password-store=basic --use-mock-keychain --no-service-autorun --export-tagged-pdf --disable-search-engine-choice-screen --unsafely-disable-devtools-self-xss-warnings --edge-skip-compat-layer-relaunch --disable-infobars --disable-search-engine-choice-screen --disable-sync --enable-unsafe-swiftshader --headless --hide-scrollbars --mute-audio --blink-settings=primaryHoverType=2,availableHoverTypes=2,primaryPointerType=4,availablePointerTypes=4 --no-sandbox --user-data-dir=/tmp/playwright_chromiumdev_profile-ApjG7h --remote-debugging-pipe --no-startup-window
      - <launched> pid=9564
      - [pid=9564][err] /home/user/.cache/ms-playwright/chromium-1234/chrome-linux64/chrome: error while loading shared libraries: libnspr4.so: cannot open shared object file: No such file or directory
      - [pid=9564] <gracefully close start>
      - [pid=9564] <kill>
      - [pid=9564] <will force kill>
      - [pid=9564] exception while trying to kill process: Error: kill ESRCH
      - [pid=9564] <process did exit: exitCode=127, signal=null>
      - [pid=9564] starting temporary directories cleanup
      - [pid=9564] finished temporary directories cleanup
      - [pid=9564] <gracefully close end>


    Error Context: test-results/critical-flows-optional-AI-87639-etry-requires-fresh-consent-chromium/error-context.md

    attachment #2: trace (application/zip) ─────────────────────────────────────────────────────────
    test-results/critical-flows-optional-AI-87639-etry-requires-fresh-consent-chromium/trace.zip
    Usage:

        npx playwright show-trace test-results/critical-flows-optional-AI-87639-etry-requires-fresh-consent-chromium/trace.zip

    ────────────────────────────────────────────────────────────────────────────────────────────────


[11/82] [chromium] › tests/e2e/critical-flows.spec.ts:618:1 › P0 daily check-in rebalances load and reflection stores tomorrow's decision
  11) [chromium] › tests/e2e/critical-flows.spec.ts:618:1 › P0 daily check-in rebalances load and reflection stores tomorrow's decision 

    Error: browserType.launch: Target page, context or browser has been closed
    Browser logs:

    <launching> /home/user/.cache/ms-playwright/chromium-1234/chrome-linux64/chrome --disable-field-trial-config --disable-background-networking --disable-background-timer-throttling --disable-backgrounding-occluded-windows --disable-back-forward-cache --disable-breakpad --disable-client-side-phishing-detection --disable-component-extensions-with-background-pages --disable-component-update --no-default-browser-check --disable-default-apps --disable-dev-shm-usage --disable-edgeupdater --disable-extensions --disable-features=AvoidUnnecessaryBeforeUnloadCheckSync,BoundaryEventDispatchTracksNodeRemoval,DestroyProfileOnBrowserClose,DialMediaRouteProvider,GlobalMediaControls,HttpsUpgrades,LensOverlay,MediaRouter,PaintHolding,ThirdPartyStoragePartitioning,BlockOriginHeaderModificationOnRedirect,Translate,AutoDeElevate,OptimizationHints,msForceBrowserSignIn,msEdgeUpdateLaunchServicesPreferredVersion --enable-features=CDPScreenshotNewSurface --allow-pre-commit-input --disable-hang-monitor --disable-ipc-flooding-protection --disable-popup-blocking --disable-prompt-on-repost --disable-renderer-backgrounding --disable-updater-scheduler --force-color-profile=srgb --metrics-recording-only --no-first-run --password-store=basic --use-mock-keychain --no-service-autorun --export-tagged-pdf --disable-search-engine-choice-screen --unsafely-disable-devtools-self-xss-warnings --edge-skip-compat-layer-relaunch --disable-infobars --disable-search-engine-choice-screen --disable-sync --enable-unsafe-swiftshader --headless --hide-scrollbars --mute-audio --blink-settings=primaryHoverType=2,availableHoverTypes=2,primaryPointerType=4,availablePointerTypes=4 --no-sandbox --user-data-dir=/tmp/playwright_chromiumdev_profile-sRYvAo --remote-debugging-pipe --no-startup-window
    <launched> pid=9577
    [pid=9577][err] /home/user/.cache/ms-playwright/chromium-1234/chrome-linux64/chrome: error while loading shared libraries: libnspr4.so: cannot open shared object file: No such file or directory
    Call log:
      - <launching> /home/user/.cache/ms-playwright/chromium-1234/chrome-linux64/chrome --disable-field-trial-config --disable-background-networking --disable-background-timer-throttling --disable-backgrounding-occluded-windows --disable-back-forward-cache --disable-breakpad --disable-client-side-phishing-detection --disable-component-extensions-with-background-pages --disable-component-update --no-default-browser-check --disable-default-apps --disable-dev-shm-usage --disable-edgeupdater --disable-extensions --disable-features=AvoidUnnecessaryBeforeUnloadCheckSync,BoundaryEventDispatchTracksNodeRemoval,DestroyProfileOnBrowserClose,DialMediaRouteProvider,GlobalMediaControls,HttpsUpgrades,LensOverlay,MediaRouter,PaintHolding,ThirdPartyStoragePartitioning,BlockOriginHeaderModificationOnRedirect,Translate,AutoDeElevate,OptimizationHints,msForceBrowserSignIn,msEdgeUpdateLaunchServicesPreferredVersion --enable-features=CDPScreenshotNewSurface --allow-pre-commit-input --disable-hang-monitor --disable-ipc-flooding-protection --disable-popup-blocking --disable-prompt-on-repost --disable-renderer-backgrounding --disable-updater-scheduler --force-color-profile=srgb --metrics-recording-only --no-first-run --password-store=basic --use-mock-keychain --no-service-autorun --export-tagged-pdf --disable-search-engine-choice-screen --unsafely-disable-devtools-self-xss-warnings --edge-skip-compat-layer-relaunch --disable-infobars --disable-search-engine-choice-screen --disable-sync --enable-unsafe-swiftshader --headless --hide-scrollbars --mute-audio --blink-settings=primaryHoverType=2,availableHoverTypes=2,primaryPointerType=4,availablePointerTypes=4 --no-sandbox --user-data-dir=/tmp/playwright_chromiumdev_profile-sRYvAo --remote-debugging-pipe --no-startup-window
      - <launched> pid=9577
      - [pid=9577][err] /home/user/.cache/ms-playwright/chromium-1234/chrome-linux64/chrome: error while loading shared libraries: libnspr4.so: cannot open shared object file: No such file or directory
      - [pid=9577] <gracefully close start>
      - [pid=9577] <kill>
      - [pid=9577] <will force kill>
      - [pid=9577] exception while trying to kill process: Error: kill ESRCH
      - [pid=9577] <process did exit: exitCode=127, signal=null>
      - [pid=9577] starting temporary directories cleanup
      - [pid=9577] finished temporary directories cleanup
      - [pid=9577] <gracefully close end>


    Error Context: test-results/critical-flows-P0-daily-ch-c7440--stores-tomorrow-s-decision-chromium/error-context.md

    attachment #2: trace (application/zip) ─────────────────────────────────────────────────────────
    test-results/critical-flows-P0-daily-ch-c7440--stores-tomorrow-s-decision-chromium/trace.zip
    Usage:

        npx playwright show-trace test-results/critical-flows-P0-daily-ch-c7440--stores-tomorrow-s-decision-chromium/trace.zip

    ────────────────────────────────────────────────────────────────────────────────────────────────


[12/82] [chromium] › tests/e2e/critical-flows.spec.ts:717:1 › P2 partial-closure guidance surfaces persist bounded local decisions
  12) [chromium] › tests/e2e/critical-flows.spec.ts:717:1 › P2 partial-closure guidance surfaces persist bounded local decisions 

    Error: browserType.launch: Target page, context or browser has been closed
    Browser logs:

    <launching> /home/user/.cache/ms-playwright/chromium-1234/chrome-linux64/chrome --disable-field-trial-config --disable-background-networking --disable-background-timer-throttling --disable-backgrounding-occluded-windows --disable-back-forward-cache --disable-breakpad --disable-client-side-phishing-detection --disable-component-extensions-with-background-pages --disable-component-update --no-default-browser-check --disable-default-apps --disable-dev-shm-usage --disable-edgeupdater --disable-extensions --disable-features=AvoidUnnecessaryBeforeUnloadCheckSync,BoundaryEventDispatchTracksNodeRemoval,DestroyProfileOnBrowserClose,DialMediaRouteProvider,GlobalMediaControls,HttpsUpgrades,LensOverlay,MediaRouter,PaintHolding,ThirdPartyStoragePartitioning,BlockOriginHeaderModificationOnRedirect,Translate,AutoDeElevate,OptimizationHints,msForceBrowserSignIn,msEdgeUpdateLaunchServicesPreferredVersion --enable-features=CDPScreenshotNewSurface --allow-pre-commit-input --disable-hang-monitor --disable-ipc-flooding-protection --disable-popup-blocking --disable-prompt-on-repost --disable-renderer-backgrounding --disable-updater-scheduler --force-color-profile=srgb --metrics-recording-only --no-first-run --password-store=basic --use-mock-keychain --no-service-autorun --export-tagged-pdf --disable-search-engine-choice-screen --unsafely-disable-devtools-self-xss-warnings --edge-skip-compat-layer-relaunch --disable-infobars --disable-search-engine-choice-screen --disable-sync --enable-unsafe-swiftshader --headless --hide-scrollbars --mute-audio --blink-settings=primaryHoverType=2,availableHoverTypes=2,primaryPointerType=4,availablePointerTypes=4 --no-sandbox --user-data-dir=/tmp/playwright_chromiumdev_profile-e9FRuU --remote-debugging-pipe --no-startup-window
    <launched> pid=9590
    [pid=9590][err] /home/user/.cache/ms-playwright/chromium-1234/chrome-linux64/chrome: error while loading shared libraries: libnspr4.so: cannot open shared object file: No such file or directory
    Call log:
      - <launching> /home/user/.cache/ms-playwright/chromium-1234/chrome-linux64/chrome --disable-field-trial-config --disable-background-networking --disable-background-timer-throttling --disable-backgrounding-occluded-windows --disable-back-forward-cache --disable-breakpad --disable-client-side-phishing-detection --disable-component-extensions-with-background-pages --disable-component-update --no-default-browser-check --disable-default-apps --disable-dev-shm-usage --disable-edgeupdater --disable-extensions --disable-features=AvoidUnnecessaryBeforeUnloadCheckSync,BoundaryEventDispatchTracksNodeRemoval,DestroyProfileOnBrowserClose,DialMediaRouteProvider,GlobalMediaControls,HttpsUpgrades,LensOverlay,MediaRouter,PaintHolding,ThirdPartyStoragePartitioning,BlockOriginHeaderModificationOnRedirect,Translate,AutoDeElevate,OptimizationHints,msForceBrowserSignIn,msEdgeUpdateLaunchServicesPreferredVersion --enable-features=CDPScreenshotNewSurface --allow-pre-commit-input --disable-hang-monitor --disable-ipc-flooding-protection --disable-popup-blocking --disable-prompt-on-repost --disable-renderer-backgrounding --disable-updater-scheduler --force-color-profile=srgb --metrics-recording-only --no-first-run --password-store=basic --use-mock-keychain --no-service-autorun --export-tagged-pdf --disable-search-engine-choice-screen --unsafely-disable-devtools-self-xss-warnings --edge-skip-compat-layer-relaunch --disable-infobars --disable-search-engine-choice-screen --disable-sync --enable-unsafe-swiftshader --headless --hide-scrollbars --mute-audio --blink-settings=primaryHoverType=2,availableHoverTypes=2,primaryPointerType=4,availablePointerTypes=4 --no-sandbox --user-data-dir=/tmp/playwright_chromiumdev_profile-e9FRuU --remote-debugging-pipe --no-startup-window
      - <launched> pid=9590
      - [pid=9590][err] /home/user/.cache/ms-playwright/chromium-1234/chrome-linux64/chrome: error while loading shared libraries: libnspr4.so: cannot open shared object file: No such file or directory
      - [pid=9590] <gracefully close start>
      - [pid=9590] <kill>
      - [pid=9590] <will force kill>
      - [pid=9590] exception while trying to kill process: Error: kill ESRCH
      - [pid=9590] <process did exit: exitCode=127, signal=null>
      - [pid=9590] starting temporary directories cleanup
      - [pid=9590] finished temporary directories cleanup
      - [pid=9590] <gracefully close end>


    Error Context: test-results/critical-flows-P2-partial--dea1f-ist-bounded-local-decisions-chromium/error-context.md

    attachment #2: trace (application/zip) ─────────────────────────────────────────────────────────
    test-results/critical-flows-P2-partial--dea1f-ist-bounded-local-decisions-chromium/trace.zip
    Usage:

        npx playwright show-trace test-results/critical-flows-P2-partial--dea1f-ist-bounded-local-decisions-chromium/trace.zip

    ────────────────────────────────────────────────────────────────────────────────────────────────


[13/82] [chromium] › tests/e2e/critical-flows.spec.ts:732:1 › P1 repeated session errors offer one learner-controlled load reduction without penalty
  13) [chromium] › tests/e2e/critical-flows.spec.ts:732:1 › P1 repeated session errors offer one learner-controlled load reduction without penalty 

    Error: browserType.launch: Target page, context or browser has been closed
    Browser logs:

    <launching> /home/user/.cache/ms-playwright/chromium-1234/chrome-linux64/chrome --disable-field-trial-config --disable-background-networking --disable-background-timer-throttling --disable-backgrounding-occluded-windows --disable-back-forward-cache --disable-breakpad --disable-client-side-phishing-detection --disable-component-extensions-with-background-pages --disable-component-update --no-default-browser-check --disable-default-apps --disable-dev-shm-usage --disable-edgeupdater --disable-extensions --disable-features=AvoidUnnecessaryBeforeUnloadCheckSync,BoundaryEventDispatchTracksNodeRemoval,DestroyProfileOnBrowserClose,DialMediaRouteProvider,GlobalMediaControls,HttpsUpgrades,LensOverlay,MediaRouter,PaintHolding,ThirdPartyStoragePartitioning,BlockOriginHeaderModificationOnRedirect,Translate,AutoDeElevate,OptimizationHints,msForceBrowserSignIn,msEdgeUpdateLaunchServicesPreferredVersion --enable-features=CDPScreenshotNewSurface --allow-pre-commit-input --disable-hang-monitor --disable-ipc-flooding-protection --disable-popup-blocking --disable-prompt-on-repost --disable-renderer-backgrounding --disable-updater-scheduler --force-color-profile=srgb --metrics-recording-only --no-first-run --password-store=basic --use-mock-keychain --no-service-autorun --export-tagged-pdf --disable-search-engine-choice-screen --unsafely-disable-devtools-self-xss-warnings --edge-skip-compat-layer-relaunch --disable-infobars --disable-search-engine-choice-screen --disable-sync --enable-unsafe-swiftshader --headless --hide-scrollbars --mute-audio --blink-settings=primaryHoverType=2,availableHoverTypes=2,primaryPointerType=4,availablePointerTypes=4 --no-sandbox --user-data-dir=/tmp/playwright_chromiumdev_profile-u0J6rM --remote-debugging-pipe --no-startup-window
    <launched> pid=9603
    [pid=9603][err] /home/user/.cache/ms-playwright/chromium-1234/chrome-linux64/chrome: error while loading shared libraries: libnspr4.so: cannot open shared object file: No such file or directory
    Call log:
      - <launching> /home/user/.cache/ms-playwright/chromium-1234/chrome-linux64/chrome --disable-field-trial-config --disable-background-networking --disable-background-timer-throttling --disable-backgrounding-occluded-windows --disable-back-forward-cache --disable-breakpad --disable-client-side-phishing-detection --disable-component-extensions-with-background-pages --disable-component-update --no-default-browser-check --disable-default-apps --disable-dev-shm-usage --disable-edgeupdater --disable-extensions --disable-features=AvoidUnnecessaryBeforeUnloadCheckSync,BoundaryEventDispatchTracksNodeRemoval,DestroyProfileOnBrowserClose,DialMediaRouteProvider,GlobalMediaControls,HttpsUpgrades,LensOverlay,MediaRouter,PaintHolding,ThirdPartyStoragePartitioning,BlockOriginHeaderModificationOnRedirect,Translate,AutoDeElevate,OptimizationHints,msForceBrowserSignIn,msEdgeUpdateLaunchServicesPreferredVersion --enable-features=CDPScreenshotNewSurface --allow-pre-commit-input --disable-hang-monitor --disable-ipc-flooding-protection --disable-popup-blocking --disable-prompt-on-repost --disable-renderer-backgrounding --disable-updater-scheduler --force-color-profile=srgb --metrics-recording-only --no-first-run --password-store=basic --use-mock-keychain --no-service-autorun --export-tagged-pdf --disable-search-engine-choice-screen --unsafely-disable-devtools-self-xss-warnings --edge-skip-compat-layer-relaunch --disable-infobars --disable-search-engine-choice-screen --disable-sync --enable-unsafe-swiftshader --headless --hide-scrollbars --mute-audio --blink-settings=primaryHoverType=2,availableHoverTypes=2,primaryPointerType=4,availablePointerTypes=4 --no-sandbox --user-data-dir=/tmp/playwright_chromiumdev_profile-u0J6rM --remote-debugging-pipe --no-startup-window
      - <launched> pid=9603
      - [pid=9603][err] /home/user/.cache/ms-playwright/chromium-1234/chrome-linux64/chrome: error while loading shared libraries: libnspr4.so: cannot open shared object file: No such file or directory
      - [pid=9603] <gracefully close start>
      - [pid=9603] <kill>
      - [pid=9603] <will force kill>
      - [pid=9603] exception while trying to kill process: Error: kill ESRCH
      - [pid=9603] <process did exit: exitCode=127, signal=null>
      - [pid=9603] starting temporary directories cleanup
      - [pid=9603] finished temporary directories cleanup
      - [pid=9603] <gracefully close end>


    Error Context: test-results/critical-flows-P1-repeated-283a2-d-reduction-without-penalty-chromium/error-context.md

    attachment #2: trace (application/zip) ─────────────────────────────────────────────────────────
    test-results/critical-flows-P1-repeated-283a2-d-reduction-without-penalty-chromium/trace.zip
    Usage:

        npx playwright show-trace test-results/critical-flows-P1-repeated-283a2-d-reduction-without-penalty-chromium/trace.zip

    ────────────────────────────────────────────────────────────────────────────────────────────────


[14/82] [chromium] › tests/e2e/critical-flows.spec.ts:740:1 › P0 clustered error clinic opens at three occurrences and stores a transfer attempt
  14) [chromium] › tests/e2e/critical-flows.spec.ts:740:1 › P0 clustered error clinic opens at three occurrences and stores a transfer attempt 

    Error: browserType.launch: Target page, context or browser has been closed
    Browser logs:

    <launching> /home/user/.cache/ms-playwright/chromium-1234/chrome-linux64/chrome --disable-field-trial-config --disable-background-networking --disable-background-timer-throttling --disable-backgrounding-occluded-windows --disable-back-forward-cache --disable-breakpad --disable-client-side-phishing-detection --disable-component-extensions-with-background-pages --disable-component-update --no-default-browser-check --disable-default-apps --disable-dev-shm-usage --disable-edgeupdater --disable-extensions --disable-features=AvoidUnnecessaryBeforeUnloadCheckSync,BoundaryEventDispatchTracksNodeRemoval,DestroyProfileOnBrowserClose,DialMediaRouteProvider,GlobalMediaControls,HttpsUpgrades,LensOverlay,MediaRouter,PaintHolding,ThirdPartyStoragePartitioning,BlockOriginHeaderModificationOnRedirect,Translate,AutoDeElevate,OptimizationHints,msForceBrowserSignIn,msEdgeUpdateLaunchServicesPreferredVersion --enable-features=CDPScreenshotNewSurface --allow-pre-commit-input --disable-hang-monitor --disable-ipc-flooding-protection --disable-popup-blocking --disable-prompt-on-repost --disable-renderer-backgrounding --disable-updater-scheduler --force-color-profile=srgb --metrics-recording-only --no-first-run --password-store=basic --use-mock-keychain --no-service-autorun --export-tagged-pdf --disable-search-engine-choice-screen --unsafely-disable-devtools-self-xss-warnings --edge-skip-compat-layer-relaunch --disable-infobars --disable-search-engine-choice-screen --disable-sync --enable-unsafe-swiftshader --headless --hide-scrollbars --mute-audio --blink-settings=primaryHoverType=2,availableHoverTypes=2,primaryPointerType=4,availablePointerTypes=4 --no-sandbox --user-data-dir=/tmp/playwright_chromiumdev_profile-3kv46m --remote-debugging-pipe --no-startup-window
    <launched> pid=9616
    [pid=9616][err] /home/user/.cache/ms-playwright/chromium-1234/chrome-linux64/chrome: error while loading shared libraries: libnspr4.so: cannot open shared object file: No such file or directory
    Call log:
      - <launching> /home/user/.cache/ms-playwright/chromium-1234/chrome-linux64/chrome --disable-field-trial-config --disable-background-networking --disable-background-timer-throttling --disable-backgrounding-occluded-windows --disable-back-forward-cache --disable-breakpad --disable-client-side-phishing-detection --disable-component-extensions-with-background-pages --disable-component-update --no-default-browser-check --disable-default-apps --disable-dev-shm-usage --disable-edgeupdater --disable-extensions --disable-features=AvoidUnnecessaryBeforeUnloadCheckSync,BoundaryEventDispatchTracksNodeRemoval,DestroyProfileOnBrowserClose,DialMediaRouteProvider,GlobalMediaControls,HttpsUpgrades,LensOverlay,MediaRouter,PaintHolding,ThirdPartyStoragePartitioning,BlockOriginHeaderModificationOnRedirect,Translate,AutoDeElevate,OptimizationHints,msForceBrowserSignIn,msEdgeUpdateLaunchServicesPreferredVersion --enable-features=CDPScreenshotNewSurface --allow-pre-commit-input --disable-hang-monitor --disable-ipc-flooding-protection --disable-popup-blocking --disable-prompt-on-repost --disable-renderer-backgrounding --disable-updater-scheduler --force-color-profile=srgb --metrics-recording-only --no-first-run --password-store=basic --use-mock-keychain --no-service-autorun --export-tagged-pdf --disable-search-engine-choice-screen --unsafely-disable-devtools-self-xss-warnings --edge-skip-compat-layer-relaunch --disable-infobars --disable-search-engine-choice-screen --disable-sync --enable-unsafe-swiftshader --headless --hide-scrollbars --mute-audio --blink-settings=primaryHoverType=2,availableHoverTypes=2,primaryPointerType=4,availablePointerTypes=4 --no-sandbox --user-data-dir=/tmp/playwright_chromiumdev_profile-3kv46m --remote-debugging-pipe --no-startup-window
      - <launched> pid=9616
      - [pid=9616][err] /home/user/.cache/ms-playwright/chromium-1234/chrome-linux64/chrome: error while loading shared libraries: libnspr4.so: cannot open shared object file: No such file or directory
      - [pid=9616] <gracefully close start>
      - [pid=9616] <kill>
      - [pid=9616] <will force kill>
      - [pid=9616] exception while trying to kill process: Error: kill ESRCH
      - [pid=9616] <process did exit: exitCode=127, signal=null>
      - [pid=9616] starting temporary directories cleanup
      - [pid=9616] finished temporary directories cleanup
      - [pid=9616] <gracefully close end>


    Error Context: test-results/critical-flows-P0-clustere-be3bc-d-stores-a-transfer-attempt-chromium/error-context.md

    attachment #2: trace (application/zip) ─────────────────────────────────────────────────────────
    test-results/critical-flows-P0-clustere-be3bc-d-stores-a-transfer-attempt-chromium/trace.zip
    Usage:

        npx playwright show-trace test-results/critical-flows-P0-clustere-be3bc-d-stores-a-transfer-attempt-chromium/trace.zip

    ────────────────────────────────────────────────────────────────────────────────────────────────


[15/82] [chromium] › tests/e2e/critical-flows.spec.ts:774:1 › P0 writing lab enforces plan, draft, self-check, cited feedback, and revision
  15) [chromium] › tests/e2e/critical-flows.spec.ts:774:1 › P0 writing lab enforces plan, draft, self-check, cited feedback, and revision 

    Error: browserType.launch: Target page, context or browser has been closed
    Browser logs:

    <launching> /home/user/.cache/ms-playwright/chromium-1234/chrome-linux64/chrome --disable-field-trial-config --disable-background-networking --disable-background-timer-throttling --disable-backgrounding-occluded-windows --disable-back-forward-cache --disable-breakpad --disable-client-side-phishing-detection --disable-component-extensions-with-background-pages --disable-component-update --no-default-browser-check --disable-default-apps --disable-dev-shm-usage --disable-edgeupdater --disable-extensions --disable-features=AvoidUnnecessaryBeforeUnloadCheckSync,BoundaryEventDispatchTracksNodeRemoval,DestroyProfileOnBrowserClose,DialMediaRouteProvider,GlobalMediaControls,HttpsUpgrades,LensOverlay,MediaRouter,PaintHolding,ThirdPartyStoragePartitioning,BlockOriginHeaderModificationOnRedirect,Translate,AutoDeElevate,OptimizationHints,msForceBrowserSignIn,msEdgeUpdateLaunchServicesPreferredVersion --enable-features=CDPScreenshotNewSurface --allow-pre-commit-input --disable-hang-monitor --disable-ipc-flooding-protection --disable-popup-blocking --disable-prompt-on-repost --disable-renderer-backgrounding --disable-updater-scheduler --force-color-profile=srgb --metrics-recording-only --no-first-run --password-store=basic --use-mock-keychain --no-service-autorun --export-tagged-pdf --disable-search-engine-choice-screen --unsafely-disable-devtools-self-xss-warnings --edge-skip-compat-layer-relaunch --disable-infobars --disable-search-engine-choice-screen --disable-sync --enable-unsafe-swiftshader --headless --hide-scrollbars --mute-audio --blink-settings=primaryHoverType=2,availableHoverTypes=2,primaryPointerType=4,availablePointerTypes=4 --no-sandbox --user-data-dir=/tmp/playwright_chromiumdev_profile-aN36om --remote-debugging-pipe --no-startup-window
    <launched> pid=9629
    [pid=9629][err] /home/user/.cache/ms-playwright/chromium-1234/chrome-linux64/chrome: error while loading shared libraries: libnspr4.so: cannot open shared object file: No such file or directory
    Call log:
      - <launching> /home/user/.cache/ms-playwright/chromium-1234/chrome-linux64/chrome --disable-field-trial-config --disable-background-networking --disable-background-timer-throttling --disable-backgrounding-occluded-windows --disable-back-forward-cache --disable-breakpad --disable-client-side-phishing-detection --disable-component-extensions-with-background-pages --disable-component-update --no-default-browser-check --disable-default-apps --disable-dev-shm-usage --disable-edgeupdater --disable-extensions --disable-features=AvoidUnnecessaryBeforeUnloadCheckSync,BoundaryEventDispatchTracksNodeRemoval,DestroyProfileOnBrowserClose,DialMediaRouteProvider,GlobalMediaControls,HttpsUpgrades,LensOverlay,MediaRouter,PaintHolding,ThirdPartyStoragePartitioning,BlockOriginHeaderModificationOnRedirect,Translate,AutoDeElevate,OptimizationHints,msForceBrowserSignIn,msEdgeUpdateLaunchServicesPreferredVersion --enable-features=CDPScreenshotNewSurface --allow-pre-commit-input --disable-hang-monitor --disable-ipc-flooding-protection --disable-popup-blocking --disable-prompt-on-repost --disable-renderer-backgrounding --disable-updater-scheduler --force-color-profile=srgb --metrics-recording-only --no-first-run --password-store=basic --use-mock-keychain --no-service-autorun --export-tagged-pdf --disable-search-engine-choice-screen --unsafely-disable-devtools-self-xss-warnings --edge-skip-compat-layer-relaunch --disable-infobars --disable-search-engine-choice-screen --disable-sync --enable-unsafe-swiftshader --headless --hide-scrollbars --mute-audio --blink-settings=primaryHoverType=2,availableHoverTypes=2,primaryPointerType=4,availablePointerTypes=4 --no-sandbox --user-data-dir=/tmp/playwright_chromiumdev_profile-aN36om --remote-debugging-pipe --no-startup-window
      - <launched> pid=9629
      - [pid=9629][err] /home/user/.cache/ms-playwright/chromium-1234/chrome-linux64/chrome: error while loading shared libraries: libnspr4.so: cannot open shared object file: No such file or directory
      - [pid=9629] <gracefully close start>
      - [pid=9629] <kill>
      - [pid=9629] <will force kill>
      - [pid=9629] exception while trying to kill process: Error: kill ESRCH
      - [pid=9629] <process did exit: exitCode=127, signal=null>
      - [pid=9629] starting temporary directories cleanup
      - [pid=9629] finished temporary directories cleanup
      - [pid=9629] <gracefully close end>


    Error Context: test-results/critical-flows-P0-writing--40c21-cited-feedback-and-revision-chromium/error-context.md

    attachment #2: trace (application/zip) ─────────────────────────────────────────────────────────
    test-results/critical-flows-P0-writing--40c21-cited-feedback-and-revision-chromium/trace.zip
    Usage:

        npx playwright show-trace test-results/critical-flows-P0-writing--40c21-cited-feedback-and-revision-chromium/trace.zip

    ────────────────────────────────────────────────────────────────────────────────────────────────


[16/82] [chromium] › tests/e2e/critical-flows.spec.ts:866:1 › P0 WebGPU model is opt-in, runs ranked follow-up locally, and can be deleted
  16) [chromium] › tests/e2e/critical-flows.spec.ts:866:1 › P0 WebGPU model is opt-in, runs ranked follow-up locally, and can be deleted 

    Error: browserType.launch: Target page, context or browser has been closed
    Browser logs:

    <launching> /home/user/.cache/ms-playwright/chromium-1234/chrome-linux64/chrome --disable-field-trial-config --disable-background-networking --disable-background-timer-throttling --disable-backgrounding-occluded-windows --disable-back-forward-cache --disable-breakpad --disable-client-side-phishing-detection --disable-component-extensions-with-background-pages --disable-component-update --no-default-browser-check --disable-default-apps --disable-dev-shm-usage --disable-edgeupdater --disable-extensions --disable-features=AvoidUnnecessaryBeforeUnloadCheckSync,BoundaryEventDispatchTracksNodeRemoval,DestroyProfileOnBrowserClose,DialMediaRouteProvider,GlobalMediaControls,HttpsUpgrades,LensOverlay,MediaRouter,PaintHolding,ThirdPartyStoragePartitioning,BlockOriginHeaderModificationOnRedirect,Translate,AutoDeElevate,OptimizationHints,msForceBrowserSignIn,msEdgeUpdateLaunchServicesPreferredVersion --enable-features=CDPScreenshotNewSurface --allow-pre-commit-input --disable-hang-monitor --disable-ipc-flooding-protection --disable-popup-blocking --disable-prompt-on-repost --disable-renderer-backgrounding --disable-updater-scheduler --force-color-profile=srgb --metrics-recording-only --no-first-run --password-store=basic --use-mock-keychain --no-service-autorun --export-tagged-pdf --disable-search-engine-choice-screen --unsafely-disable-devtools-self-xss-warnings --edge-skip-compat-layer-relaunch --disable-infobars --disable-search-engine-choice-screen --disable-sync --enable-unsafe-swiftshader --headless --hide-scrollbars --mute-audio --blink-settings=primaryHoverType=2,availableHoverTypes=2,primaryPointerType=4,availablePointerTypes=4 --no-sandbox --user-data-dir=/tmp/playwright_chromiumdev_profile-GB9sYg --remote-debugging-pipe --no-startup-window
    <launched> pid=9642
    [pid=9642][err] /home/user/.cache/ms-playwright/chromium-1234/chrome-linux64/chrome: error while loading shared libraries: libnspr4.so: cannot open shared object file: No such file or directory
    Call log:
      - <launching> /home/user/.cache/ms-playwright/chromium-1234/chrome-linux64/chrome --disable-field-trial-config --disable-background-networking --disable-background-timer-throttling --disable-backgrounding-occluded-windows --disable-back-forward-cache --disable-breakpad --disable-client-side-phishing-detection --disable-component-extensions-with-background-pages --disable-component-update --no-default-browser-check --disable-default-apps --disable-dev-shm-usage --disable-edgeupdater --disable-extensions --disable-features=AvoidUnnecessaryBeforeUnloadCheckSync,BoundaryEventDispatchTracksNodeRemoval,DestroyProfileOnBrowserClose,DialMediaRouteProvider,GlobalMediaControls,HttpsUpgrades,LensOverlay,MediaRouter,PaintHolding,ThirdPartyStoragePartitioning,BlockOriginHeaderModificationOnRedirect,Translate,AutoDeElevate,OptimizationHints,msForceBrowserSignIn,msEdgeUpdateLaunchServicesPreferredVersion --enable-features=CDPScreenshotNewSurface --allow-pre-commit-input --disable-hang-monitor --disable-ipc-flooding-protection --disable-popup-blocking --disable-prompt-on-repost --disable-renderer-backgrounding --disable-updater-scheduler --force-color-profile=srgb --metrics-recording-only --no-first-run --password-store=basic --use-mock-keychain --no-service-autorun --export-tagged-pdf --disable-search-engine-choice-screen --unsafely-disable-devtools-self-xss-warnings --edge-skip-compat-layer-relaunch --disable-infobars --disable-search-engine-choice-screen --disable-sync --enable-unsafe-swiftshader --headless --hide-scrollbars --mute-audio --blink-settings=primaryHoverType=2,availableHoverTypes=2,primaryPointerType=4,availablePointerTypes=4 --no-sandbox --user-data-dir=/tmp/playwright_chromiumdev_profile-GB9sYg --remote-debugging-pipe --no-startup-window
      - <launched> pid=9642
      - [pid=9642][err] /home/user/.cache/ms-playwright/chromium-1234/chrome-linux64/chrome: error while loading shared libraries: libnspr4.so: cannot open shared object file: No such file or directory
      - [pid=9642] <gracefully close start>
      - [pid=9642] <kill>
      - [pid=9642] <will force kill>
      - [pid=9642] exception while trying to kill process: Error: kill ESRCH
      - [pid=9642] <process did exit: exitCode=127, signal=null>
      - [pid=9642] starting temporary directories cleanup
      - [pid=9642] finished temporary directories cleanup
      - [pid=9642] <gracefully close end>


    Error Context: test-results/critical-flows-P0-WebGPU-m-0ce08--locally-and-can-be-deleted-chromium/error-context.md

    attachment #2: trace (application/zip) ─────────────────────────────────────────────────────────
    test-results/critical-flows-P0-WebGPU-m-0ce08--locally-and-can-be-deleted-chromium/trace.zip
    Usage:

        npx playwright show-trace test-results/critical-flows-P0-WebGPU-m-0ce08--locally-and-can-be-deleted-chromium/trace.zip

    ────────────────────────────────────────────────────────────────────────────────────────────────


[17/82] [chromium] › tests/e2e/critical-flows.spec.ts:931:1 › standard pronunciation pack installs explicitly and matches expected German words locally
  17) [chromium] › tests/e2e/critical-flows.spec.ts:931:1 › standard pronunciation pack installs explicitly and matches expected German words locally 

    Error: browserType.launch: Target page, context or browser has been closed
    Browser logs:

    <launching> /home/user/.cache/ms-playwright/chromium-1234/chrome-linux64/chrome --disable-field-trial-config --disable-background-networking --disable-background-timer-throttling --disable-backgrounding-occluded-windows --disable-back-forward-cache --disable-breakpad --disable-client-side-phishing-detection --disable-component-extensions-with-background-pages --disable-component-update --no-default-browser-check --disable-default-apps --disable-dev-shm-usage --disable-edgeupdater --disable-extensions --disable-features=AvoidUnnecessaryBeforeUnloadCheckSync,BoundaryEventDispatchTracksNodeRemoval,DestroyProfileOnBrowserClose,DialMediaRouteProvider,GlobalMediaControls,HttpsUpgrades,LensOverlay,MediaRouter,PaintHolding,ThirdPartyStoragePartitioning,BlockOriginHeaderModificationOnRedirect,Translate,AutoDeElevate,OptimizationHints,msForceBrowserSignIn,msEdgeUpdateLaunchServicesPreferredVersion --enable-features=CDPScreenshotNewSurface --allow-pre-commit-input --disable-hang-monitor --disable-ipc-flooding-protection --disable-popup-blocking --disable-prompt-on-repost --disable-renderer-backgrounding --disable-updater-scheduler --force-color-profile=srgb --metrics-recording-only --no-first-run --password-store=basic --use-mock-keychain --no-service-autorun --export-tagged-pdf --disable-search-engine-choice-screen --unsafely-disable-devtools-self-xss-warnings --edge-skip-compat-layer-relaunch --disable-infobars --disable-search-engine-choice-screen --disable-sync --enable-unsafe-swiftshader --headless --hide-scrollbars --mute-audio --blink-settings=primaryHoverType=2,availableHoverTypes=2,primaryPointerType=4,availablePointerTypes=4 --no-sandbox --user-data-dir=/tmp/playwright_chromiumdev_profile-WvT95C --remote-debugging-pipe --no-startup-window
    <launched> pid=9664
    [pid=9664][err] /home/user/.cache/ms-playwright/chromium-1234/chrome-linux64/chrome: error while loading shared libraries: libnspr4.so: cannot open shared object file: No such file or directory
    Call log:
      - <launching> /home/user/.cache/ms-playwright/chromium-1234/chrome-linux64/chrome --disable-field-trial-config --disable-background-networking --disable-background-timer-throttling --disable-backgrounding-occluded-windows --disable-back-forward-cache --disable-breakpad --disable-client-side-phishing-detection --disable-component-extensions-with-background-pages --disable-component-update --no-default-browser-check --disable-default-apps --disable-dev-shm-usage --disable-edgeupdater --disable-extensions --disable-features=AvoidUnnecessaryBeforeUnloadCheckSync,BoundaryEventDispatchTracksNodeRemoval,DestroyProfileOnBrowserClose,DialMediaRouteProvider,GlobalMediaControls,HttpsUpgrades,LensOverlay,MediaRouter,PaintHolding,ThirdPartyStoragePartitioning,BlockOriginHeaderModificationOnRedirect,Translate,AutoDeElevate,OptimizationHints,msForceBrowserSignIn,msEdgeUpdateLaunchServicesPreferredVersion --enable-features=CDPScreenshotNewSurface --allow-pre-commit-input --disable-hang-monitor --disable-ipc-flooding-protection --disable-popup-blocking --disable-prompt-on-repost --disable-renderer-backgrounding --disable-updater-scheduler --force-color-profile=srgb --metrics-recording-only --no-first-run --password-store=basic --use-mock-keychain --no-service-autorun --export-tagged-pdf --disable-search-engine-choice-screen --unsafely-disable-devtools-self-xss-warnings --edge-skip-compat-layer-relaunch --disable-infobars --disable-search-engine-choice-screen --disable-sync --enable-unsafe-swiftshader --headless --hide-scrollbars --mute-audio --blink-settings=primaryHoverType=2,availableHoverTypes=2,primaryPointerType=4,availablePointerTypes=4 --no-sandbox --user-data-dir=/tmp/playwright_chromiumdev_profile-WvT95C --remote-debugging-pipe --no-startup-window
      - <launched> pid=9664
      - [pid=9664][err] /home/user/.cache/ms-playwright/chromium-1234/chrome-linux64/chrome: error while loading shared libraries: libnspr4.so: cannot open shared object file: No such file or directory
      - [pid=9664] <gracefully close start>
      - [pid=9664] <kill>
      - [pid=9664] <will force kill>
      - [pid=9664] exception while trying to kill process: Error: kill ESRCH
      - [pid=9664] <process did exit: exitCode=127, signal=null>
      - [pid=9664] starting temporary directories cleanup
      - [pid=9664] finished temporary directories cleanup
      - [pid=9664] <gracefully close end>


    Error Context: test-results/critical-flows-standard-pr-ad4fc-pected-German-words-locally-chromium/error-context.md

    attachment #2: trace (application/zip) ─────────────────────────────────────────────────────────
    test-results/critical-flows-standard-pr-ad4fc-pected-German-words-locally-chromium/trace.zip
    Usage:

        npx playwright show-trace test-results/critical-flows-standard-pr-ad4fc-pected-German-words-locally-chromium/trace.zip

    ────────────────────────────────────────────────────────────────────────────────────────────────


[18/82] [chromium] › tests/e2e/critical-flows.spec.ts:995:1 › guided speaking keeps learner-selected support visible, grounds typed follow-up, and requires consent before optional AI
  18) [chromium] › tests/e2e/critical-flows.spec.ts:995:1 › guided speaking keeps learner-selected support visible, grounds typed follow-up, and requires consent before optional AI 

    Error: browserType.launch: Target page, context or browser has been closed
    Browser logs:

    <launching> /home/user/.cache/ms-playwright/chromium-1234/chrome-linux64/chrome --disable-field-trial-config --disable-background-networking --disable-background-timer-throttling --disable-backgrounding-occluded-windows --disable-back-forward-cache --disable-breakpad --disable-client-side-phishing-detection --disable-component-extensions-with-background-pages --disable-component-update --no-default-browser-check --disable-default-apps --disable-dev-shm-usage --disable-edgeupdater --disable-extensions --disable-features=AvoidUnnecessaryBeforeUnloadCheckSync,BoundaryEventDispatchTracksNodeRemoval,DestroyProfileOnBrowserClose,DialMediaRouteProvider,GlobalMediaControls,HttpsUpgrades,LensOverlay,MediaRouter,PaintHolding,ThirdPartyStoragePartitioning,BlockOriginHeaderModificationOnRedirect,Translate,AutoDeElevate,OptimizationHints,msForceBrowserSignIn,msEdgeUpdateLaunchServicesPreferredVersion --enable-features=CDPScreenshotNewSurface --allow-pre-commit-input --disable-hang-monitor --disable-ipc-flooding-protection --disable-popup-blocking --disable-prompt-on-repost --disable-renderer-backgrounding --disable-updater-scheduler --force-color-profile=srgb --metrics-recording-only --no-first-run --password-store=basic --use-mock-keychain --no-service-autorun --export-tagged-pdf --disable-search-engine-choice-screen --unsafely-disable-devtools-self-xss-warnings --edge-skip-compat-layer-relaunch --disable-infobars --disable-search-engine-choice-screen --disable-sync --enable-unsafe-swiftshader --headless --hide-scrollbars --mute-audio --blink-settings=primaryHoverType=2,availableHoverTypes=2,primaryPointerType=4,availablePointerTypes=4 --no-sandbox --user-data-dir=/tmp/playwright_chromiumdev_profile-ivpK2S --remote-debugging-pipe --no-startup-window
    <launched> pid=9677
    [pid=9677][err] /home/user/.cache/ms-playwright/chromium-1234/chrome-linux64/chrome: error while loading shared libraries: libnspr4.so: cannot open shared object file: No such file or directory
    Call log:
      - <launching> /home/user/.cache/ms-playwright/chromium-1234/chrome-linux64/chrome --disable-field-trial-config --disable-background-networking --disable-background-timer-throttling --disable-backgrounding-occluded-windows --disable-back-forward-cache --disable-breakpad --disable-client-side-phishing-detection --disable-component-extensions-with-background-pages --disable-component-update --no-default-browser-check --disable-default-apps --disable-dev-shm-usage --disable-edgeupdater --disable-extensions --disable-features=AvoidUnnecessaryBeforeUnloadCheckSync,BoundaryEventDispatchTracksNodeRemoval,DestroyProfileOnBrowserClose,DialMediaRouteProvider,GlobalMediaControls,HttpsUpgrades,LensOverlay,MediaRouter,PaintHolding,ThirdPartyStoragePartitioning,BlockOriginHeaderModificationOnRedirect,Translate,AutoDeElevate,OptimizationHints,msForceBrowserSignIn,msEdgeUpdateLaunchServicesPreferredVersion --enable-features=CDPScreenshotNewSurface --allow-pre-commit-input --disable-hang-monitor --disable-ipc-flooding-protection --disable-popup-blocking --disable-prompt-on-repost --disable-renderer-backgrounding --disable-updater-scheduler --force-color-profile=srgb --metrics-recording-only --no-first-run --password-store=basic --use-mock-keychain --no-service-autorun --export-tagged-pdf --disable-search-engine-choice-screen --unsafely-disable-devtools-self-xss-warnings --edge-skip-compat-layer-relaunch --disable-infobars --disable-search-engine-choice-screen --disable-sync --enable-unsafe-swiftshader --headless --hide-scrollbars --mute-audio --blink-settings=primaryHoverType=2,availableHoverTypes=2,primaryPointerType=4,availablePointerTypes=4 --no-sandbox --user-data-dir=/tmp/playwright_chromiumdev_profile-ivpK2S --remote-debugging-pipe --no-startup-window
      - <launched> pid=9677
      - [pid=9677][err] /home/user/.cache/ms-playwright/chromium-1234/chrome-linux64/chrome: error while loading shared libraries: libnspr4.so: cannot open shared object file: No such file or directory
      - [pid=9677] <gracefully close start>
      - [pid=9677] <kill>
      - [pid=9677] <will force kill>
      - [pid=9677] exception while trying to kill process: Error: kill ESRCH
      - [pid=9677] <process did exit: exitCode=127, signal=null>
      - [pid=9677] starting temporary directories cleanup
      - [pid=9677] finished temporary directories cleanup
      - [pid=9677] <gracefully close end>


    Error Context: test-results/critical-flows-guided-spea-c7bc0--consent-before-optional-AI-chromium/error-context.md

    attachment #2: trace (application/zip) ─────────────────────────────────────────────────────────
    test-results/critical-flows-guided-spea-c7bc0--consent-before-optional-AI-chromium/trace.zip
    Usage:

        npx playwright show-trace test-results/critical-flows-guided-spea-c7bc0--consent-before-optional-AI-chromium/trace.zip

    ────────────────────────────────────────────────────────────────────────────────────────────────


[19/82] [chromium] › tests/e2e/critical-flows.spec.ts:1097:1 › P0 mediation lab enforces source analysis, transfer, self-check, comparison, and revision
  19) [chromium] › tests/e2e/critical-flows.spec.ts:1097:1 › P0 mediation lab enforces source analysis, transfer, self-check, comparison, and revision 

    Error: browserType.launch: Target page, context or browser has been closed
    Browser logs:

    <launching> /home/user/.cache/ms-playwright/chromium-1234/chrome-linux64/chrome --disable-field-trial-config --disable-background-networking --disable-background-timer-throttling --disable-backgrounding-occluded-windows --disable-back-forward-cache --disable-breakpad --disable-client-side-phishing-detection --disable-component-extensions-with-background-pages --disable-component-update --no-default-browser-check --disable-default-apps --disable-dev-shm-usage --disable-edgeupdater --disable-extensions --disable-features=AvoidUnnecessaryBeforeUnloadCheckSync,BoundaryEventDispatchTracksNodeRemoval,DestroyProfileOnBrowserClose,DialMediaRouteProvider,GlobalMediaControls,HttpsUpgrades,LensOverlay,MediaRouter,PaintHolding,ThirdPartyStoragePartitioning,BlockOriginHeaderModificationOnRedirect,Translate,AutoDeElevate,OptimizationHints,msForceBrowserSignIn,msEdgeUpdateLaunchServicesPreferredVersion --enable-features=CDPScreenshotNewSurface --allow-pre-commit-input --disable-hang-monitor --disable-ipc-flooding-protection --disable-popup-blocking --disable-prompt-on-repost --disable-renderer-backgrounding --disable-updater-scheduler --force-color-profile=srgb --metrics-recording-only --no-first-run --password-store=basic --use-mock-keychain --no-service-autorun --export-tagged-pdf --disable-search-engine-choice-screen --unsafely-disable-devtools-self-xss-warnings --edge-skip-compat-layer-relaunch --disable-infobars --disable-search-engine-choice-screen --disable-sync --enable-unsafe-swiftshader --headless --hide-scrollbars --mute-audio --blink-settings=primaryHoverType=2,availableHoverTypes=2,primaryPointerType=4,availablePointerTypes=4 --no-sandbox --user-data-dir=/tmp/playwright_chromiumdev_profile-R0zLfe --remote-debugging-pipe --no-startup-window
    <launched> pid=9690
    [pid=9690][err] /home/user/.cache/ms-playwright/chromium-1234/chrome-linux64/chrome: error while loading shared libraries: libnspr4.so: cannot open shared object file: No such file or directory
    Call log:
      - <launching> /home/user/.cache/ms-playwright/chromium-1234/chrome-linux64/chrome --disable-field-trial-config --disable-background-networking --disable-background-timer-throttling --disable-backgrounding-occluded-windows --disable-back-forward-cache --disable-breakpad --disable-client-side-phishing-detection --disable-component-extensions-with-background-pages --disable-component-update --no-default-browser-check --disable-default-apps --disable-dev-shm-usage --disable-edgeupdater --disable-extensions --disable-features=AvoidUnnecessaryBeforeUnloadCheckSync,BoundaryEventDispatchTracksNodeRemoval,DestroyProfileOnBrowserClose,DialMediaRouteProvider,GlobalMediaControls,HttpsUpgrades,LensOverlay,MediaRouter,PaintHolding,ThirdPartyStoragePartitioning,BlockOriginHeaderModificationOnRedirect,Translate,AutoDeElevate,OptimizationHints,msForceBrowserSignIn,msEdgeUpdateLaunchServicesPreferredVersion --enable-features=CDPScreenshotNewSurface --allow-pre-commit-input --disable-hang-monitor --disable-ipc-flooding-protection --disable-popup-blocking --disable-prompt-on-repost --disable-renderer-backgrounding --disable-updater-scheduler --force-color-profile=srgb --metrics-recording-only --no-first-run --password-store=basic --use-mock-keychain --no-service-autorun --export-tagged-pdf --disable-search-engine-choice-screen --unsafely-disable-devtools-self-xss-warnings --edge-skip-compat-layer-relaunch --disable-infobars --disable-search-engine-choice-screen --disable-sync --enable-unsafe-swiftshader --headless --hide-scrollbars --mute-audio --blink-settings=primaryHoverType=2,availableHoverTypes=2,primaryPointerType=4,availablePointerTypes=4 --no-sandbox --user-data-dir=/tmp/playwright_chromiumdev_profile-R0zLfe --remote-debugging-pipe --no-startup-window
      - <launched> pid=9690
      - [pid=9690][err] /home/user/.cache/ms-playwright/chromium-1234/chrome-linux64/chrome: error while loading shared libraries: libnspr4.so: cannot open shared object file: No such file or directory
      - [pid=9690] <gracefully close start>
      - [pid=9690] <kill>
      - [pid=9690] <will force kill>
      - [pid=9690] exception while trying to kill process: Error: kill ESRCH
      - [pid=9690] <process did exit: exitCode=127, signal=null>
      - [pid=9690] starting temporary directories cleanup
      - [pid=9690] finished temporary directories cleanup
      - [pid=9690] <gracefully close end>


    Error Context: test-results/critical-flows-P0-mediatio-ee5b7-eck-comparison-and-revision-chromium/error-context.md

    attachment #2: trace (application/zip) ─────────────────────────────────────────────────────────
    test-results/critical-flows-P0-mediatio-ee5b7-eck-comparison-and-revision-chromium/trace.zip
    Usage:

        npx playwright show-trace test-results/critical-flows-P0-mediatio-ee5b7-eck-comparison-and-revision-chromium/trace.zip

    ────────────────────────────────────────────────────────────────────────────────────────────────


[20/82] [chromium] › tests/e2e/critical-flows.spec.ts:1130:1 › generated library audio exposes provenance, playback, and Browser TTS fallback
  20) [chromium] › tests/e2e/critical-flows.spec.ts:1130:1 › generated library audio exposes provenance, playback, and Browser TTS fallback 

    Error: browserType.launch: Target page, context or browser has been closed
    Browser logs:

    <launching> /home/user/.cache/ms-playwright/chromium-1234/chrome-linux64/chrome --disable-field-trial-config --disable-background-networking --disable-background-timer-throttling --disable-backgrounding-occluded-windows --disable-back-forward-cache --disable-breakpad --disable-client-side-phishing-detection --disable-component-extensions-with-background-pages --disable-component-update --no-default-browser-check --disable-default-apps --disable-dev-shm-usage --disable-edgeupdater --disable-extensions --disable-features=AvoidUnnecessaryBeforeUnloadCheckSync,BoundaryEventDispatchTracksNodeRemoval,DestroyProfileOnBrowserClose,DialMediaRouteProvider,GlobalMediaControls,HttpsUpgrades,LensOverlay,MediaRouter,PaintHolding,ThirdPartyStoragePartitioning,BlockOriginHeaderModificationOnRedirect,Translate,AutoDeElevate,OptimizationHints,msForceBrowserSignIn,msEdgeUpdateLaunchServicesPreferredVersion --enable-features=CDPScreenshotNewSurface --allow-pre-commit-input --disable-hang-monitor --disable-ipc-flooding-protection --disable-popup-blocking --disable-prompt-on-repost --disable-renderer-backgrounding --disable-updater-scheduler --force-color-profile=srgb --metrics-recording-only --no-first-run --password-store=basic --use-mock-keychain --no-service-autorun --export-tagged-pdf --disable-search-engine-choice-screen --unsafely-disable-devtools-self-xss-warnings --edge-skip-compat-layer-relaunch --disable-infobars --disable-search-engine-choice-screen --disable-sync --enable-unsafe-swiftshader --headless --hide-scrollbars --mute-audio --blink-settings=primaryHoverType=2,availableHoverTypes=2,primaryPointerType=4,availablePointerTypes=4 --no-sandbox --user-data-dir=/tmp/playwright_chromiumdev_profile-LwpCF7 --remote-debugging-pipe --no-startup-window
    <launched> pid=9703
    [pid=9703][err] /home/user/.cache/ms-playwright/chromium-1234/chrome-linux64/chrome: error while loading shared libraries: libnspr4.so: cannot open shared object file: No such file or directory
    Call log:
      - <launching> /home/user/.cache/ms-playwright/chromium-1234/chrome-linux64/chrome --disable-field-trial-config --disable-background-networking --disable-background-timer-throttling --disable-backgrounding-occluded-windows --disable-back-forward-cache --disable-breakpad --disable-client-side-phishing-detection --disable-component-extensions-with-background-pages --disable-component-update --no-default-browser-check --disable-default-apps --disable-dev-shm-usage --disable-edgeupdater --disable-extensions --disable-features=AvoidUnnecessaryBeforeUnloadCheckSync,BoundaryEventDispatchTracksNodeRemoval,DestroyProfileOnBrowserClose,DialMediaRouteProvider,GlobalMediaControls,HttpsUpgrades,LensOverlay,MediaRouter,PaintHolding,ThirdPartyStoragePartitioning,BlockOriginHeaderModificationOnRedirect,Translate,AutoDeElevate,OptimizationHints,msForceBrowserSignIn,msEdgeUpdateLaunchServicesPreferredVersion --enable-features=CDPScreenshotNewSurface --allow-pre-commit-input --disable-hang-monitor --disable-ipc-flooding-protection --disable-popup-blocking --disable-prompt-on-repost --disable-renderer-backgrounding --disable-updater-scheduler --force-color-profile=srgb --metrics-recording-only --no-first-run --password-store=basic --use-mock-keychain --no-service-autorun --export-tagged-pdf --disable-search-engine-choice-screen --unsafely-disable-devtools-self-xss-warnings --edge-skip-compat-layer-relaunch --disable-infobars --disable-search-engine-choice-screen --disable-sync --enable-unsafe-swiftshader --headless --hide-scrollbars --mute-audio --blink-settings=primaryHoverType=2,availableHoverTypes=2,primaryPointerType=4,availablePointerTypes=4 --no-sandbox --user-data-dir=/tmp/playwright_chromiumdev_profile-LwpCF7 --remote-debugging-pipe --no-startup-window
      - <launched> pid=9703
      - [pid=9703][err] /home/user/.cache/ms-playwright/chromium-1234/chrome-linux64/chrome: error while loading shared libraries: libnspr4.so: cannot open shared object file: No such file or directory
      - [pid=9703] <gracefully close start>
      - [pid=9703] <kill>
      - [pid=9703] <will force kill>
      - [pid=9703] exception while trying to kill process: Error: kill ESRCH
      - [pid=9703] <process did exit: exitCode=127, signal=null>
      - [pid=9703] starting temporary directories cleanup
      - [pid=9703] finished temporary directories cleanup
      - [pid=9703] <gracefully close end>


    Error Context: test-results/critical-flows-generated-l-17de5-ck-and-Browser-TTS-fallback-chromium/error-context.md

    attachment #2: trace (application/zip) ─────────────────────────────────────────────────────────
    test-results/critical-flows-generated-l-17de5-ck-and-Browser-TTS-fallback-chromium/trace.zip
    Usage:

        npx playwright show-trace test-results/critical-flows-generated-l-17de5-ck-and-Browser-TTS-fallback-chromium/trace.zip

    ────────────────────────────────────────────────────────────────────────────────────────────────


[21/82] [chromium] › tests/e2e/critical-flows.spec.ts:1164:1 › generated exam clips play with limits, provenance labels, and TTS fallback
  21) [chromium] › tests/e2e/critical-flows.spec.ts:1164:1 › generated exam clips play with limits, provenance labels, and TTS fallback 

    Error: browserType.launch: Target page, context or browser has been closed
    Browser logs:

    <launching> /home/user/.cache/ms-playwright/chromium-1234/chrome-linux64/chrome --disable-field-trial-config --disable-background-networking --disable-background-timer-throttling --disable-backgrounding-occluded-windows --disable-back-forward-cache --disable-breakpad --disable-client-side-phishing-detection --disable-component-extensions-with-background-pages --disable-component-update --no-default-browser-check --disable-default-apps --disable-dev-shm-usage --disable-edgeupdater --disable-extensions --disable-features=AvoidUnnecessaryBeforeUnloadCheckSync,BoundaryEventDispatchTracksNodeRemoval,DestroyProfileOnBrowserClose,DialMediaRouteProvider,GlobalMediaControls,HttpsUpgrades,LensOverlay,MediaRouter,PaintHolding,ThirdPartyStoragePartitioning,BlockOriginHeaderModificationOnRedirect,Translate,AutoDeElevate,OptimizationHints,msForceBrowserSignIn,msEdgeUpdateLaunchServicesPreferredVersion --enable-features=CDPScreenshotNewSurface --allow-pre-commit-input --disable-hang-monitor --disable-ipc-flooding-protection --disable-popup-blocking --disable-prompt-on-repost --disable-renderer-backgrounding --disable-updater-scheduler --force-color-profile=srgb --metrics-recording-only --no-first-run --password-store=basic --use-mock-keychain --no-service-autorun --export-tagged-pdf --disable-search-engine-choice-screen --unsafely-disable-devtools-self-xss-warnings --edge-skip-compat-layer-relaunch --disable-infobars --disable-search-engine-choice-screen --disable-sync --enable-unsafe-swiftshader --headless --hide-scrollbars --mute-audio --blink-settings=primaryHoverType=2,availableHoverTypes=2,primaryPointerType=4,availablePointerTypes=4 --no-sandbox --user-data-dir=/tmp/playwright_chromiumdev_profile-PFsKpV --remote-debugging-pipe --no-startup-window
    <launched> pid=9722
    [pid=9722][err] /home/user/.cache/ms-playwright/chromium-1234/chrome-linux64/chrome: error while loading shared libraries: libnspr4.so: cannot open shared object file: No such file or directory
    Call log:
      - <launching> /home/user/.cache/ms-playwright/chromium-1234/chrome-linux64/chrome --disable-field-trial-config --disable-background-networking --disable-background-timer-throttling --disable-backgrounding-occluded-windows --disable-back-forward-cache --disable-breakpad --disable-client-side-phishing-detection --disable-component-extensions-with-background-pages --disable-component-update --no-default-browser-check --disable-default-apps --disable-dev-shm-usage --disable-edgeupdater --disable-extensions --disable-features=AvoidUnnecessaryBeforeUnloadCheckSync,BoundaryEventDispatchTracksNodeRemoval,DestroyProfileOnBrowserClose,DialMediaRouteProvider,GlobalMediaControls,HttpsUpgrades,LensOverlay,MediaRouter,PaintHolding,ThirdPartyStoragePartitioning,BlockOriginHeaderModificationOnRedirect,Translate,AutoDeElevate,OptimizationHints,msForceBrowserSignIn,msEdgeUpdateLaunchServicesPreferredVersion --enable-features=CDPScreenshotNewSurface --allow-pre-commit-input --disable-hang-monitor --disable-ipc-flooding-protection --disable-popup-blocking --disable-prompt-on-repost --disable-renderer-backgrounding --disable-updater-scheduler --force-color-profile=srgb --metrics-recording-only --no-first-run --password-store=basic --use-mock-keychain --no-service-autorun --export-tagged-pdf --disable-search-engine-choice-screen --unsafely-disable-devtools-self-xss-warnings --edge-skip-compat-layer-relaunch --disable-infobars --disable-search-engine-choice-screen --disable-sync --enable-unsafe-swiftshader --headless --hide-scrollbars --mute-audio --blink-settings=primaryHoverType=2,availableHoverTypes=2,primaryPointerType=4,availablePointerTypes=4 --no-sandbox --user-data-dir=/tmp/playwright_chromiumdev_profile-PFsKpV --remote-debugging-pipe --no-startup-window
      - <launched> pid=9722
      - [pid=9722][err] /home/user/.cache/ms-playwright/chromium-1234/chrome-linux64/chrome: error while loading shared libraries: libnspr4.so: cannot open shared object file: No such file or directory
      - [pid=9722] <gracefully close start>
      - [pid=9722] <kill>
      - [pid=9722] <will force kill>
      - [pid=9722] exception while trying to kill process: Error: kill ESRCH
      - [pid=9722] <process did exit: exitCode=127, signal=null>
      - [pid=9722] starting temporary directories cleanup
      - [pid=9722] finished temporary directories cleanup
      - [pid=9722] <gracefully close end>


    Error Context: test-results/critical-flows-generated-e-6c45a-nce-labels-and-TTS-fallback-chromium/error-context.md

    attachment #2: trace (application/zip) ─────────────────────────────────────────────────────────
    test-results/critical-flows-generated-e-6c45a-nce-labels-and-TTS-fallback-chromium/trace.zip
    Usage:

        npx playwright show-trace test-results/critical-flows-generated-e-6c45a-nce-labels-and-TTS-fallback-chromium/trace.zip

    ────────────────────────────────────────────────────────────────────────────────────────────────


[22/82] [chromium] › tests/e2e/critical-flows.spec.ts:1308:1 › shadowing studio uses generated audio, speed controls, and delayed transcript
  22) [chromium] › tests/e2e/critical-flows.spec.ts:1308:1 › shadowing studio uses generated audio, speed controls, and delayed transcript 

    Error: browserType.launch: Target page, context or browser has been closed
    Browser logs:

    <launching> /home/user/.cache/ms-playwright/chromium-1234/chrome-linux64/chrome --disable-field-trial-config --disable-background-networking --disable-background-timer-throttling --disable-backgrounding-occluded-windows --disable-back-forward-cache --disable-breakpad --disable-client-side-phishing-detection --disable-component-extensions-with-background-pages --disable-component-update --no-default-browser-check --disable-default-apps --disable-dev-shm-usage --disable-edgeupdater --disable-extensions --disable-features=AvoidUnnecessaryBeforeUnloadCheckSync,BoundaryEventDispatchTracksNodeRemoval,DestroyProfileOnBrowserClose,DialMediaRouteProvider,GlobalMediaControls,HttpsUpgrades,LensOverlay,MediaRouter,PaintHolding,ThirdPartyStoragePartitioning,BlockOriginHeaderModificationOnRedirect,Translate,AutoDeElevate,OptimizationHints,msForceBrowserSignIn,msEdgeUpdateLaunchServicesPreferredVersion --enable-features=CDPScreenshotNewSurface --allow-pre-commit-input --disable-hang-monitor --disable-ipc-flooding-protection --disable-popup-blocking --disable-prompt-on-repost --disable-renderer-backgrounding --disable-updater-scheduler --force-color-profile=srgb --metrics-recording-only --no-first-run --password-store=basic --use-mock-keychain --no-service-autorun --export-tagged-pdf --disable-search-engine-choice-screen --unsafely-disable-devtools-self-xss-warnings --edge-skip-compat-layer-relaunch --disable-infobars --disable-search-engine-choice-screen --disable-sync --enable-unsafe-swiftshader --headless --hide-scrollbars --mute-audio --blink-settings=primaryHoverType=2,availableHoverTypes=2,primaryPointerType=4,availablePointerTypes=4 --no-sandbox --user-data-dir=/tmp/playwright_chromiumdev_profile-uWGIey --remote-debugging-pipe --no-startup-window
    <launched> pid=9735
    [pid=9735][err] /home/user/.cache/ms-playwright/chromium-1234/chrome-linux64/chrome: error while loading shared libraries: libnspr4.so: cannot open shared object file: No such file or directory
    Call log:
      - <launching> /home/user/.cache/ms-playwright/chromium-1234/chrome-linux64/chrome --disable-field-trial-config --disable-background-networking --disable-background-timer-throttling --disable-backgrounding-occluded-windows --disable-back-forward-cache --disable-breakpad --disable-client-side-phishing-detection --disable-component-extensions-with-background-pages --disable-component-update --no-default-browser-check --disable-default-apps --disable-dev-shm-usage --disable-edgeupdater --disable-extensions --disable-features=AvoidUnnecessaryBeforeUnloadCheckSync,BoundaryEventDispatchTracksNodeRemoval,DestroyProfileOnBrowserClose,DialMediaRouteProvider,GlobalMediaControls,HttpsUpgrades,LensOverlay,MediaRouter,PaintHolding,ThirdPartyStoragePartitioning,BlockOriginHeaderModificationOnRedirect,Translate,AutoDeElevate,OptimizationHints,msForceBrowserSignIn,msEdgeUpdateLaunchServicesPreferredVersion --enable-features=CDPScreenshotNewSurface --allow-pre-commit-input --disable-hang-monitor --disable-ipc-flooding-protection --disable-popup-blocking --disable-prompt-on-repost --disable-renderer-backgrounding --disable-updater-scheduler --force-color-profile=srgb --metrics-recording-only --no-first-run --password-store=basic --use-mock-keychain --no-service-autorun --export-tagged-pdf --disable-search-engine-choice-screen --unsafely-disable-devtools-self-xss-warnings --edge-skip-compat-layer-relaunch --disable-infobars --disable-search-engine-choice-screen --disable-sync --enable-unsafe-swiftshader --headless --hide-scrollbars --mute-audio --blink-settings=primaryHoverType=2,availableHoverTypes=2,primaryPointerType=4,availablePointerTypes=4 --no-sandbox --user-data-dir=/tmp/playwright_chromiumdev_profile-uWGIey --remote-debugging-pipe --no-startup-window
      - <launched> pid=9735
      - [pid=9735][err] /home/user/.cache/ms-playwright/chromium-1234/chrome-linux64/chrome: error while loading shared libraries: libnspr4.so: cannot open shared object file: No such file or directory
      - [pid=9735] <gracefully close start>
      - [pid=9735] <kill>
      - [pid=9735] <will force kill>
      - [pid=9735] exception while trying to kill process: Error: kill ESRCH
      - [pid=9735] <process did exit: exitCode=127, signal=null>
      - [pid=9735] starting temporary directories cleanup
      - [pid=9735] finished temporary directories cleanup
      - [pid=9735] <gracefully close end>


    Error Context: test-results/critical-flows-shadowing-s-e45fe-rols-and-delayed-transcript-chromium/error-context.md

    attachment #2: trace (application/zip) ─────────────────────────────────────────────────────────
    test-results/critical-flows-shadowing-s-e45fe-rols-and-delayed-transcript-chromium/trace.zip
    Usage:

        npx playwright show-trace test-results/critical-flows-shadowing-s-e45fe-rols-and-delayed-transcript-chromium/trace.zip

    ────────────────────────────────────────────────────────────────────────────────────────────────


[23/82] [chromium] › tests/e2e/critical-flows.spec.ts:1324:1 › a complete lesson run traverses all 14 stages and persists completion
  23) [chromium] › tests/e2e/critical-flows.spec.ts:1324:1 › a complete lesson run traverses all 14 stages and persists completion 

    Error: browserType.launch: Target page, context or browser has been closed
    Browser logs:

    <launching> /home/user/.cache/ms-playwright/chromium-1234/chrome-linux64/chrome --disable-field-trial-config --disable-background-networking --disable-background-timer-throttling --disable-backgrounding-occluded-windows --disable-back-forward-cache --disable-breakpad --disable-client-side-phishing-detection --disable-component-extensions-with-background-pages --disable-component-update --no-default-browser-check --disable-default-apps --disable-dev-shm-usage --disable-edgeupdater --disable-extensions --disable-features=AvoidUnnecessaryBeforeUnloadCheckSync,BoundaryEventDispatchTracksNodeRemoval,DestroyProfileOnBrowserClose,DialMediaRouteProvider,GlobalMediaControls,HttpsUpgrades,LensOverlay,MediaRouter,PaintHolding,ThirdPartyStoragePartitioning,BlockOriginHeaderModificationOnRedirect,Translate,AutoDeElevate,OptimizationHints,msForceBrowserSignIn,msEdgeUpdateLaunchServicesPreferredVersion --enable-features=CDPScreenshotNewSurface --allow-pre-commit-input --disable-hang-monitor --disable-ipc-flooding-protection --disable-popup-blocking --disable-prompt-on-repost --disable-renderer-backgrounding --disable-updater-scheduler --force-color-profile=srgb --metrics-recording-only --no-first-run --password-store=basic --use-mock-keychain --no-service-autorun --export-tagged-pdf --disable-search-engine-choice-screen --unsafely-disable-devtools-self-xss-warnings --edge-skip-compat-layer-relaunch --disable-infobars --disable-search-engine-choice-screen --disable-sync --enable-unsafe-swiftshader --headless --hide-scrollbars --mute-audio --blink-settings=primaryHoverType=2,availableHoverTypes=2,primaryPointerType=4,availablePointerTypes=4 --no-sandbox --user-data-dir=/tmp/playwright_chromiumdev_profile-Vg7XyB --remote-debugging-pipe --no-startup-window
    <launched> pid=9748
    [pid=9748][err] /home/user/.cache/ms-playwright/chromium-1234/chrome-linux64/chrome: error while loading shared libraries: libnspr4.so: cannot open shared object file: No such file or directory
    Call log:
      - <launching> /home/user/.cache/ms-playwright/chromium-1234/chrome-linux64/chrome --disable-field-trial-config --disable-background-networking --disable-background-timer-throttling --disable-backgrounding-occluded-windows --disable-back-forward-cache --disable-breakpad --disable-client-side-phishing-detection --disable-component-extensions-with-background-pages --disable-component-update --no-default-browser-check --disable-default-apps --disable-dev-shm-usage --disable-edgeupdater --disable-extensions --disable-features=AvoidUnnecessaryBeforeUnloadCheckSync,BoundaryEventDispatchTracksNodeRemoval,DestroyProfileOnBrowserClose,DialMediaRouteProvider,GlobalMediaControls,HttpsUpgrades,LensOverlay,MediaRouter,PaintHolding,ThirdPartyStoragePartitioning,BlockOriginHeaderModificationOnRedirect,Translate,AutoDeElevate,OptimizationHints,msForceBrowserSignIn,msEdgeUpdateLaunchServicesPreferredVersion --enable-features=CDPScreenshotNewSurface --allow-pre-commit-input --disable-hang-monitor --disable-ipc-flooding-protection --disable-popup-blocking --disable-prompt-on-repost --disable-renderer-backgrounding --disable-updater-scheduler --force-color-profile=srgb --metrics-recording-only --no-first-run --password-store=basic --use-mock-keychain --no-service-autorun --export-tagged-pdf --disable-search-engine-choice-screen --unsafely-disable-devtools-self-xss-warnings --edge-skip-compat-layer-relaunch --disable-infobars --disable-search-engine-choice-screen --disable-sync --enable-unsafe-swiftshader --headless --hide-scrollbars --mute-audio --blink-settings=primaryHoverType=2,availableHoverTypes=2,primaryPointerType=4,availablePointerTypes=4 --no-sandbox --user-data-dir=/tmp/playwright_chromiumdev_profile-Vg7XyB --remote-debugging-pipe --no-startup-window
      - <launched> pid=9748
      - [pid=9748][err] /home/user/.cache/ms-playwright/chromium-1234/chrome-linux64/chrome: error while loading shared libraries: libnspr4.so: cannot open shared object file: No such file or directory
      - [pid=9748] <gracefully close start>
      - [pid=9748] <kill>
      - [pid=9748] <will force kill>
      - [pid=9748] exception while trying to kill process: Error: kill ESRCH
      - [pid=9748] <process did exit: exitCode=127, signal=null>
      - [pid=9748] starting temporary directories cleanup
      - [pid=9748] finished temporary directories cleanup
      - [pid=9748] <gracefully close end>


    Error Context: test-results/critical-flows-a-complete--486c4-ges-and-persists-completion-chromium/error-context.md

    attachment #2: trace (application/zip) ─────────────────────────────────────────────────────────
    test-results/critical-flows-a-complete--486c4-ges-and-persists-completion-chromium/trace.zip
    Usage:

        npx playwright show-trace test-results/critical-flows-a-complete--486c4-ges-and-persists-completion-chromium/trace.zip

    ────────────────────────────────────────────────────────────────────────────────────────────────


[24/82] [chromium] › tests/e2e/critical-flows.spec.ts:1658:1 › settings exports an encrypted DWNB archive and imports it as an isolated profile
  24) [chromium] › tests/e2e/critical-flows.spec.ts:1658:1 › settings exports an encrypted DWNB archive and imports it as an isolated profile 

    Error: browserType.launch: Target page, context or browser has been closed
    Browser logs:

    <launching> /home/user/.cache/ms-playwright/chromium-1234/chrome-linux64/chrome --disable-field-trial-config --disable-background-networking --disable-background-timer-throttling --disable-backgrounding-occluded-windows --disable-back-forward-cache --disable-breakpad --disable-client-side-phishing-detection --disable-component-extensions-with-background-pages --disable-component-update --no-default-browser-check --disable-default-apps --disable-dev-shm-usage --disable-edgeupdater --disable-extensions --disable-features=AvoidUnnecessaryBeforeUnloadCheckSync,BoundaryEventDispatchTracksNodeRemoval,DestroyProfileOnBrowserClose,DialMediaRouteProvider,GlobalMediaControls,HttpsUpgrades,LensOverlay,MediaRouter,PaintHolding,ThirdPartyStoragePartitioning,BlockOriginHeaderModificationOnRedirect,Translate,AutoDeElevate,OptimizationHints,msForceBrowserSignIn,msEdgeUpdateLaunchServicesPreferredVersion --enable-features=CDPScreenshotNewSurface --allow-pre-commit-input --disable-hang-monitor --disable-ipc-flooding-protection --disable-popup-blocking --disable-prompt-on-repost --disable-renderer-backgrounding --disable-updater-scheduler --force-color-profile=srgb --metrics-recording-only --no-first-run --password-store=basic --use-mock-keychain --no-service-autorun --export-tagged-pdf --disable-search-engine-choice-screen --unsafely-disable-devtools-self-xss-warnings --edge-skip-compat-layer-relaunch --disable-infobars --disable-search-engine-choice-screen --disable-sync --enable-unsafe-swiftshader --headless --hide-scrollbars --mute-audio --blink-settings=primaryHoverType=2,availableHoverTypes=2,primaryPointerType=4,availablePointerTypes=4 --no-sandbox --user-data-dir=/tmp/playwright_chromiumdev_profile-yWJb1y --remote-debugging-pipe --no-startup-window
    <launched> pid=9761
    [pid=9761][err] /home/user/.cache/ms-playwright/chromium-1234/chrome-linux64/chrome: error while loading shared libraries: libnspr4.so: cannot open shared object file: No such file or directory
    Call log:
      - <launching> /home/user/.cache/ms-playwright/chromium-1234/chrome-linux64/chrome --disable-field-trial-config --disable-background-networking --disable-background-timer-throttling --disable-backgrounding-occluded-windows --disable-back-forward-cache --disable-breakpad --disable-client-side-phishing-detection --disable-component-extensions-with-background-pages --disable-component-update --no-default-browser-check --disable-default-apps --disable-dev-shm-usage --disable-edgeupdater --disable-extensions --disable-features=AvoidUnnecessaryBeforeUnloadCheckSync,BoundaryEventDispatchTracksNodeRemoval,DestroyProfileOnBrowserClose,DialMediaRouteProvider,GlobalMediaControls,HttpsUpgrades,LensOverlay,MediaRouter,PaintHolding,ThirdPartyStoragePartitioning,BlockOriginHeaderModificationOnRedirect,Translate,AutoDeElevate,OptimizationHints,msForceBrowserSignIn,msEdgeUpdateLaunchServicesPreferredVersion --enable-features=CDPScreenshotNewSurface --allow-pre-commit-input --disable-hang-monitor --disable-ipc-flooding-protection --disable-popup-blocking --disable-prompt-on-repost --disable-renderer-backgrounding --disable-updater-scheduler --force-color-profile=srgb --metrics-recording-only --no-first-run --password-store=basic --use-mock-keychain --no-service-autorun --export-tagged-pdf --disable-search-engine-choice-screen --unsafely-disable-devtools-self-xss-warnings --edge-skip-compat-layer-relaunch --disable-infobars --disable-search-engine-choice-screen --disable-sync --enable-unsafe-swiftshader --headless --hide-scrollbars --mute-audio --blink-settings=primaryHoverType=2,availableHoverTypes=2,primaryPointerType=4,availablePointerTypes=4 --no-sandbox --user-data-dir=/tmp/playwright_chromiumdev_profile-yWJb1y --remote-debugging-pipe --no-startup-window
      - <launched> pid=9761
      - [pid=9761][err] /home/user/.cache/ms-playwright/chromium-1234/chrome-linux64/chrome: error while loading shared libraries: libnspr4.so: cannot open shared object file: No such file or directory
      - [pid=9761] <gracefully close start>
      - [pid=9761] <kill>
      - [pid=9761] <will force kill>
      - [pid=9761] exception while trying to kill process: Error: kill ESRCH
      - [pid=9761] <process did exit: exitCode=127, signal=null>
      - [pid=9761] starting temporary directories cleanup
      - [pid=9761] finished temporary directories cleanup
      - [pid=9761] <gracefully close end>


    Error Context: test-results/critical-flows-settings-ex-966c3-s-it-as-an-isolated-profile-chromium/error-context.md

    attachment #2: trace (application/zip) ─────────────────────────────────────────────────────────
    test-results/critical-flows-settings-ex-966c3-s-it-as-an-isolated-profile-chromium/trace.zip
    Usage:

        npx playwright show-trace test-results/critical-flows-settings-ex-966c3-s-it-as-an-isolated-profile-chromium/trace.zip

    ────────────────────────────────────────────────────────────────────────────────────────────────


[25/82] [chromium] › tests/e2e/critical-flows.spec.ts:1708:1 › a previously loaded library survives a real offline reload
  25) [chromium] › tests/e2e/critical-flows.spec.ts:1708:1 › a previously loaded library survives a real offline reload 

    Error: browserType.launch: Target page, context or browser has been closed
    Browser logs:

    <launching> /home/user/.cache/ms-playwright/chromium-1234/chrome-linux64/chrome --disable-field-trial-config --disable-background-networking --disable-background-timer-throttling --disable-backgrounding-occluded-windows --disable-back-forward-cache --disable-breakpad --disable-client-side-phishing-detection --disable-component-extensions-with-background-pages --disable-component-update --no-default-browser-check --disable-default-apps --disable-dev-shm-usage --disable-edgeupdater --disable-extensions --disable-features=AvoidUnnecessaryBeforeUnloadCheckSync,BoundaryEventDispatchTracksNodeRemoval,DestroyProfileOnBrowserClose,DialMediaRouteProvider,GlobalMediaControls,HttpsUpgrades,LensOverlay,MediaRouter,PaintHolding,ThirdPartyStoragePartitioning,BlockOriginHeaderModificationOnRedirect,Translate,AutoDeElevate,OptimizationHints,msForceBrowserSignIn,msEdgeUpdateLaunchServicesPreferredVersion --enable-features=CDPScreenshotNewSurface --allow-pre-commit-input --disable-hang-monitor --disable-ipc-flooding-protection --disable-popup-blocking --disable-prompt-on-repost --disable-renderer-backgrounding --disable-updater-scheduler --force-color-profile=srgb --metrics-recording-only --no-first-run --password-store=basic --use-mock-keychain --no-service-autorun --export-tagged-pdf --disable-search-engine-choice-screen --unsafely-disable-devtools-self-xss-warnings --edge-skip-compat-layer-relaunch --disable-infobars --disable-search-engine-choice-screen --disable-sync --enable-unsafe-swiftshader --headless --hide-scrollbars --mute-audio --blink-settings=primaryHoverType=2,availableHoverTypes=2,primaryPointerType=4,availablePointerTypes=4 --no-sandbox --user-data-dir=/tmp/playwright_chromiumdev_profile-ZwsnPx --remote-debugging-pipe --no-startup-window
    <launched> pid=9774
    [pid=9774][err] /home/user/.cache/ms-playwright/chromium-1234/chrome-linux64/chrome: error while loading shared libraries: libnspr4.so: cannot open shared object file: No such file or directory
    Call log:
      - <launching> /home/user/.cache/ms-playwright/chromium-1234/chrome-linux64/chrome --disable-field-trial-config --disable-background-networking --disable-background-timer-throttling --disable-backgrounding-occluded-windows --disable-back-forward-cache --disable-breakpad --disable-client-side-phishing-detection --disable-component-extensions-with-background-pages --disable-component-update --no-default-browser-check --disable-default-apps --disable-dev-shm-usage --disable-edgeupdater --disable-extensions --disable-features=AvoidUnnecessaryBeforeUnloadCheckSync,BoundaryEventDispatchTracksNodeRemoval,DestroyProfileOnBrowserClose,DialMediaRouteProvider,GlobalMediaControls,HttpsUpgrades,LensOverlay,MediaRouter,PaintHolding,ThirdPartyStoragePartitioning,BlockOriginHeaderModificationOnRedirect,Translate,AutoDeElevate,OptimizationHints,msForceBrowserSignIn,msEdgeUpdateLaunchServicesPreferredVersion --enable-features=CDPScreenshotNewSurface --allow-pre-commit-input --disable-hang-monitor --disable-ipc-flooding-protection --disable-popup-blocking --disable-prompt-on-repost --disable-renderer-backgrounding --disable-updater-scheduler --force-color-profile=srgb --metrics-recording-only --no-first-run --password-store=basic --use-mock-keychain --no-service-autorun --export-tagged-pdf --disable-search-engine-choice-screen --unsafely-disable-devtools-self-xss-warnings --edge-skip-compat-layer-relaunch --disable-infobars --disable-search-engine-choice-screen --disable-sync --enable-unsafe-swiftshader --headless --hide-scrollbars --mute-audio --blink-settings=primaryHoverType=2,availableHoverTypes=2,primaryPointerType=4,availablePointerTypes=4 --no-sandbox --user-data-dir=/tmp/playwright_chromiumdev_profile-ZwsnPx --remote-debugging-pipe --no-startup-window
      - <launched> pid=9774
      - [pid=9774][err] /home/user/.cache/ms-playwright/chromium-1234/chrome-linux64/chrome: error while loading shared libraries: libnspr4.so: cannot open shared object file: No such file or directory
      - [pid=9774] <gracefully close start>
      - [pid=9774] <kill>
      - [pid=9774] <will force kill>
      - [pid=9774] exception while trying to kill process: Error: kill ESRCH
      - [pid=9774] <process did exit: exitCode=127, signal=null>
      - [pid=9774] starting temporary directories cleanup
      - [pid=9774] finished temporary directories cleanup
      - [pid=9774] <gracefully close end>


    Error Context: test-results/critical-flows-a-previousl-c9c75-vives-a-real-offline-reload-chromium/error-context.md

    attachment #2: trace (application/zip) ─────────────────────────────────────────────────────────
    test-results/critical-flows-a-previousl-c9c75-vives-a-real-offline-reload-chromium/trace.zip
    Usage:

        npx playwright show-trace test-results/critical-flows-a-previousl-c9c75-vives-a-real-offline-reload-chromium/trace.zip

    ────────────────────────────────────────────────────────────────────────────────────────────────


[26/82] [chromium] › tests/e2e/critical-flows.spec.ts:1733:1 › the optional full content pack opens unvisited lessons and exam tasks offline
  26) [chromium] › tests/e2e/critical-flows.spec.ts:1733:1 › the optional full content pack opens unvisited lessons and exam tasks offline 

    Error: browserType.launch: Target page, context or browser has been closed
    Browser logs:

    <launching> /home/user/.cache/ms-playwright/chromium-1234/chrome-linux64/chrome --disable-field-trial-config --disable-background-networking --disable-background-timer-throttling --disable-backgrounding-occluded-windows --disable-back-forward-cache --disable-breakpad --disable-client-side-phishing-detection --disable-component-extensions-with-background-pages --disable-component-update --no-default-browser-check --disable-default-apps --disable-dev-shm-usage --disable-edgeupdater --disable-extensions --disable-features=AvoidUnnecessaryBeforeUnloadCheckSync,BoundaryEventDispatchTracksNodeRemoval,DestroyProfileOnBrowserClose,DialMediaRouteProvider,GlobalMediaControls,HttpsUpgrades,LensOverlay,MediaRouter,PaintHolding,ThirdPartyStoragePartitioning,BlockOriginHeaderModificationOnRedirect,Translate,AutoDeElevate,OptimizationHints,msForceBrowserSignIn,msEdgeUpdateLaunchServicesPreferredVersion --enable-features=CDPScreenshotNewSurface --allow-pre-commit-input --disable-hang-monitor --disable-ipc-flooding-protection --disable-popup-blocking --disable-prompt-on-repost --disable-renderer-backgrounding --disable-updater-scheduler --force-color-profile=srgb --metrics-recording-only --no-first-run --password-store=basic --use-mock-keychain --no-service-autorun --export-tagged-pdf --disable-search-engine-choice-screen --unsafely-disable-devtools-self-xss-warnings --edge-skip-compat-layer-relaunch --disable-infobars --disable-search-engine-choice-screen --disable-sync --enable-unsafe-swiftshader --headless --hide-scrollbars --mute-audio --blink-settings=primaryHoverType=2,availableHoverTypes=2,primaryPointerType=4,availablePointerTypes=4 --no-sandbox --user-data-dir=/tmp/playwright_chromiumdev_profile-19hgJk --remote-debugging-pipe --no-startup-window
    <launched> pid=9787
    [pid=9787][err] /home/user/.cache/ms-playwright/chromium-1234/chrome-linux64/chrome: error while loading shared libraries: libnspr4.so: cannot open shared object file: No such file or directory
    Call log:
      - <launching> /home/user/.cache/ms-playwright/chromium-1234/chrome-linux64/chrome --disable-field-trial-config --disable-background-networking --disable-background-timer-throttling --disable-backgrounding-occluded-windows --disable-back-forward-cache --disable-breakpad --disable-client-side-phishing-detection --disable-component-extensions-with-background-pages --disable-component-update --no-default-browser-check --disable-default-apps --disable-dev-shm-usage --disable-edgeupdater --disable-extensions --disable-features=AvoidUnnecessaryBeforeUnloadCheckSync,BoundaryEventDispatchTracksNodeRemoval,DestroyProfileOnBrowserClose,DialMediaRouteProvider,GlobalMediaControls,HttpsUpgrades,LensOverlay,MediaRouter,PaintHolding,ThirdPartyStoragePartitioning,BlockOriginHeaderModificationOnRedirect,Translate,AutoDeElevate,OptimizationHints,msForceBrowserSignIn,msEdgeUpdateLaunchServicesPreferredVersion --enable-features=CDPScreenshotNewSurface --allow-pre-commit-input --disable-hang-monitor --disable-ipc-flooding-protection --disable-popup-blocking --disable-prompt-on-repost --disable-renderer-backgrounding --disable-updater-scheduler --force-color-profile=srgb --metrics-recording-only --no-first-run --password-store=basic --use-mock-keychain --no-service-autorun --export-tagged-pdf --disable-search-engine-choice-screen --unsafely-disable-devtools-self-xss-warnings --edge-skip-compat-layer-relaunch --disable-infobars --disable-search-engine-choice-screen --disable-sync --enable-unsafe-swiftshader --headless --hide-scrollbars --mute-audio --blink-settings=primaryHoverType=2,availableHoverTypes=2,primaryPointerType=4,availablePointerTypes=4 --no-sandbox --user-data-dir=/tmp/playwright_chromiumdev_profile-19hgJk --remote-debugging-pipe --no-startup-window
      - <launched> pid=9787
      - [pid=9787][err] /home/user/.cache/ms-playwright/chromium-1234/chrome-linux64/chrome: error while loading shared libraries: libnspr4.so: cannot open shared object file: No such file or directory
      - [pid=9787] <gracefully close start>
      - [pid=9787] <kill>
      - [pid=9787] <will force kill>
      - [pid=9787] exception while trying to kill process: Error: kill ESRCH
      - [pid=9787] <process did exit: exitCode=127, signal=null>
      - [pid=9787] starting temporary directories cleanup
      - [pid=9787] finished temporary directories cleanup
      - [pid=9787] <gracefully close end>


    Error Context: test-results/critical-flows-the-optiona-b61fe-sons-and-exam-tasks-offline-chromium/error-context.md

    attachment #2: trace (application/zip) ─────────────────────────────────────────────────────────
    test-results/critical-flows-the-optiona-b61fe-sons-and-exam-tasks-offline-chromium/trace.zip
    Usage:

        npx playwright show-trace test-results/critical-flows-the-optiona-b61fe-sons-and-exam-tasks-offline-chromium/trace.zip

    ────────────────────────────────────────────────────────────────────────────────────────────────


[27/82] [chromium] › tests/e2e/critical-flows.spec.ts:1871:1 › continuous full-exam mode persists one central clock and blocks task skipping
  27) [chromium] › tests/e2e/critical-flows.spec.ts:1871:1 › continuous full-exam mode persists one central clock and blocks task skipping 

    Error: browserType.launch: Target page, context or browser has been closed
    Browser logs:

    <launching> /home/user/.cache/ms-playwright/chromium-1234/chrome-linux64/chrome --disable-field-trial-config --disable-background-networking --disable-background-timer-throttling --disable-backgrounding-occluded-windows --disable-back-forward-cache --disable-breakpad --disable-client-side-phishing-detection --disable-component-extensions-with-background-pages --disable-component-update --no-default-browser-check --disable-default-apps --disable-dev-shm-usage --disable-edgeupdater --disable-extensions --disable-features=AvoidUnnecessaryBeforeUnloadCheckSync,BoundaryEventDispatchTracksNodeRemoval,DestroyProfileOnBrowserClose,DialMediaRouteProvider,GlobalMediaControls,HttpsUpgrades,LensOverlay,MediaRouter,PaintHolding,ThirdPartyStoragePartitioning,BlockOriginHeaderModificationOnRedirect,Translate,AutoDeElevate,OptimizationHints,msForceBrowserSignIn,msEdgeUpdateLaunchServicesPreferredVersion --enable-features=CDPScreenshotNewSurface --allow-pre-commit-input --disable-hang-monitor --disable-ipc-flooding-protection --disable-popup-blocking --disable-prompt-on-repost --disable-renderer-backgrounding --disable-updater-scheduler --force-color-profile=srgb --metrics-recording-only --no-first-run --password-store=basic --use-mock-keychain --no-service-autorun --export-tagged-pdf --disable-search-engine-choice-screen --unsafely-disable-devtools-self-xss-warnings --edge-skip-compat-layer-relaunch --disable-infobars --disable-search-engine-choice-screen --disable-sync --enable-unsafe-swiftshader --headless --hide-scrollbars --mute-audio --blink-settings=primaryHoverType=2,availableHoverTypes=2,primaryPointerType=4,availablePointerTypes=4 --no-sandbox --user-data-dir=/tmp/playwright_chromiumdev_profile-TvNhAE --remote-debugging-pipe --no-startup-window
    <launched> pid=9800
    [pid=9800][err] /home/user/.cache/ms-playwright/chromium-1234/chrome-linux64/chrome: error while loading shared libraries: libnspr4.so: cannot open shared object file: No such file or directory
    Call log:
      - <launching> /home/user/.cache/ms-playwright/chromium-1234/chrome-linux64/chrome --disable-field-trial-config --disable-background-networking --disable-background-timer-throttling --disable-backgrounding-occluded-windows --disable-back-forward-cache --disable-breakpad --disable-client-side-phishing-detection --disable-component-extensions-with-background-pages --disable-component-update --no-default-browser-check --disable-default-apps --disable-dev-shm-usage --disable-edgeupdater --disable-extensions --disable-features=AvoidUnnecessaryBeforeUnloadCheckSync,BoundaryEventDispatchTracksNodeRemoval,DestroyProfileOnBrowserClose,DialMediaRouteProvider,GlobalMediaControls,HttpsUpgrades,LensOverlay,MediaRouter,PaintHolding,ThirdPartyStoragePartitioning,BlockOriginHeaderModificationOnRedirect,Translate,AutoDeElevate,OptimizationHints,msForceBrowserSignIn,msEdgeUpdateLaunchServicesPreferredVersion --enable-features=CDPScreenshotNewSurface --allow-pre-commit-input --disable-hang-monitor --disable-ipc-flooding-protection --disable-popup-blocking --disable-prompt-on-repost --disable-renderer-backgrounding --disable-updater-scheduler --force-color-profile=srgb --metrics-recording-only --no-first-run --password-store=basic --use-mock-keychain --no-service-autorun --export-tagged-pdf --disable-search-engine-choice-screen --unsafely-disable-devtools-self-xss-warnings --edge-skip-compat-layer-relaunch --disable-infobars --disable-search-engine-choice-screen --disable-sync --enable-unsafe-swiftshader --headless --hide-scrollbars --mute-audio --blink-settings=primaryHoverType=2,availableHoverTypes=2,primaryPointerType=4,availablePointerTypes=4 --no-sandbox --user-data-dir=/tmp/playwright_chromiumdev_profile-TvNhAE --remote-debugging-pipe --no-startup-window
      - <launched> pid=9800
      - [pid=9800][err] /home/user/.cache/ms-playwright/chromium-1234/chrome-linux64/chrome: error while loading shared libraries: libnspr4.so: cannot open shared object file: No such file or directory
      - [pid=9800] <gracefully close start>
      - [pid=9800] <kill>
      - [pid=9800] <will force kill>
      - [pid=9800] exception while trying to kill process: Error: kill ESRCH
      - [pid=9800] <process did exit: exitCode=127, signal=null>
      - [pid=9800] starting temporary directories cleanup
      - [pid=9800] finished temporary directories cleanup
      - [pid=9800] <gracefully close end>


    Error Context: test-results/critical-flows-continuous--fd327-ck-and-blocks-task-skipping-chromium/error-context.md

    attachment #2: trace (application/zip) ─────────────────────────────────────────────────────────
    test-results/critical-flows-continuous--fd327-ck-and-blocks-task-skipping-chromium/trace.zip
    Usage:

        npx playwright show-trace test-results/critical-flows-continuous--fd327-ck-and-blocks-task-skipping-chromium/trace.zip

    ────────────────────────────────────────────────────────────────────────────────────────────────


[28/82] [chromium] › tests/e2e/critical-flows.spec.ts:2063:1 › progress and daily coach derive metrics, risks, dates, and streaks from evidence
  28) [chromium] › tests/e2e/critical-flows.spec.ts:2063:1 › progress and daily coach derive metrics, risks, dates, and streaks from evidence 

    Error: browserType.launch: Target page, context or browser has been closed
    Browser logs:

    <launching> /home/user/.cache/ms-playwright/chromium-1234/chrome-linux64/chrome --disable-field-trial-config --disable-background-networking --disable-background-timer-throttling --disable-backgrounding-occluded-windows --disable-back-forward-cache --disable-breakpad --disable-client-side-phishing-detection --disable-component-extensions-with-background-pages --disable-component-update --no-default-browser-check --disable-default-apps --disable-dev-shm-usage --disable-edgeupdater --disable-extensions --disable-features=AvoidUnnecessaryBeforeUnloadCheckSync,BoundaryEventDispatchTracksNodeRemoval,DestroyProfileOnBrowserClose,DialMediaRouteProvider,GlobalMediaControls,HttpsUpgrades,LensOverlay,MediaRouter,PaintHolding,ThirdPartyStoragePartitioning,BlockOriginHeaderModificationOnRedirect,Translate,AutoDeElevate,OptimizationHints,msForceBrowserSignIn,msEdgeUpdateLaunchServicesPreferredVersion --enable-features=CDPScreenshotNewSurface --allow-pre-commit-input --disable-hang-monitor --disable-ipc-flooding-protection --disable-popup-blocking --disable-prompt-on-repost --disable-renderer-backgrounding --disable-updater-scheduler --force-color-profile=srgb --metrics-recording-only --no-first-run --password-store=basic --use-mock-keychain --no-service-autorun --export-tagged-pdf --disable-search-engine-choice-screen --unsafely-disable-devtools-self-xss-warnings --edge-skip-compat-layer-relaunch --disable-infobars --disable-search-engine-choice-screen --disable-sync --enable-unsafe-swiftshader --headless --hide-scrollbars --mute-audio --blink-settings=primaryHoverType=2,availableHoverTypes=2,primaryPointerType=4,availablePointerTypes=4 --no-sandbox --user-data-dir=/tmp/playwright_chromiumdev_profile-H280pE --remote-debugging-pipe --no-startup-window
    <launched> pid=9813
    [pid=9813][err] /home/user/.cache/ms-playwright/chromium-1234/chrome-linux64/chrome: error while loading shared libraries: libnspr4.so: cannot open shared object file: No such file or directory
    Call log:
      - <launching> /home/user/.cache/ms-playwright/chromium-1234/chrome-linux64/chrome --disable-field-trial-config --disable-background-networking --disable-background-timer-throttling --disable-backgrounding-occluded-windows --disable-back-forward-cache --disable-breakpad --disable-client-side-phishing-detection --disable-component-extensions-with-background-pages --disable-component-update --no-default-browser-check --disable-default-apps --disable-dev-shm-usage --disable-edgeupdater --disable-extensions --disable-features=AvoidUnnecessaryBeforeUnloadCheckSync,BoundaryEventDispatchTracksNodeRemoval,DestroyProfileOnBrowserClose,DialMediaRouteProvider,GlobalMediaControls,HttpsUpgrades,LensOverlay,MediaRouter,PaintHolding,ThirdPartyStoragePartitioning,BlockOriginHeaderModificationOnRedirect,Translate,AutoDeElevate,OptimizationHints,msForceBrowserSignIn,msEdgeUpdateLaunchServicesPreferredVersion --enable-features=CDPScreenshotNewSurface --allow-pre-commit-input --disable-hang-monitor --disable-ipc-flooding-protection --disable-popup-blocking --disable-prompt-on-repost --disable-renderer-backgrounding --disable-updater-scheduler --force-color-profile=srgb --metrics-recording-only --no-first-run --password-store=basic --use-mock-keychain --no-service-autorun --export-tagged-pdf --disable-search-engine-choice-screen --unsafely-disable-devtools-self-xss-warnings --edge-skip-compat-layer-relaunch --disable-infobars --disable-search-engine-choice-screen --disable-sync --enable-unsafe-swiftshader --headless --hide-scrollbars --mute-audio --blink-settings=primaryHoverType=2,availableHoverTypes=2,primaryPointerType=4,availablePointerTypes=4 --no-sandbox --user-data-dir=/tmp/playwright_chromiumdev_profile-H280pE --remote-debugging-pipe --no-startup-window
      - <launched> pid=9813
      - [pid=9813][err] /home/user/.cache/ms-playwright/chromium-1234/chrome-linux64/chrome: error while loading shared libraries: libnspr4.so: cannot open shared object file: No such file or directory
      - [pid=9813] <gracefully close start>
      - [pid=9813] <kill>
      - [pid=9813] <will force kill>
      - [pid=9813] exception while trying to kill process: Error: kill ESRCH
      - [pid=9813] <process did exit: exitCode=127, signal=null>
      - [pid=9813] starting temporary directories cleanup
      - [pid=9813] finished temporary directories cleanup
      - [pid=9813] <gracefully close end>


    Error Context: test-results/critical-flows-progress-an-9a709-s-and-streaks-from-evidence-chromium/error-context.md

    attachment #2: trace (application/zip) ─────────────────────────────────────────────────────────
    test-results/critical-flows-progress-an-9a709-s-and-streaks-from-evidence-chromium/trace.zip
    Usage:

        npx playwright show-trace test-results/critical-flows-progress-an-9a709-s-and-streaks-from-evidence-chromium/trace.zip

    ────────────────────────────────────────────────────────────────────────────────────────────────


[29/82] [chromium] › tests/e2e/critical-flows.spec.ts:2136:1 › keyboard users can skip navigation, follow lesson focus, hear results, and escape modals
  29) [chromium] › tests/e2e/critical-flows.spec.ts:2136:1 › keyboard users can skip navigation, follow lesson focus, hear results, and escape modals 

    Error: browserType.launch: Target page, context or browser has been closed
    Browser logs:

    <launching> /home/user/.cache/ms-playwright/chromium-1234/chrome-linux64/chrome --disable-field-trial-config --disable-background-networking --disable-background-timer-throttling --disable-backgrounding-occluded-windows --disable-back-forward-cache --disable-breakpad --disable-client-side-phishing-detection --disable-component-extensions-with-background-pages --disable-component-update --no-default-browser-check --disable-default-apps --disable-dev-shm-usage --disable-edgeupdater --disable-extensions --disable-features=AvoidUnnecessaryBeforeUnloadCheckSync,BoundaryEventDispatchTracksNodeRemoval,DestroyProfileOnBrowserClose,DialMediaRouteProvider,GlobalMediaControls,HttpsUpgrades,LensOverlay,MediaRouter,PaintHolding,ThirdPartyStoragePartitioning,BlockOriginHeaderModificationOnRedirect,Translate,AutoDeElevate,OptimizationHints,msForceBrowserSignIn,msEdgeUpdateLaunchServicesPreferredVersion --enable-features=CDPScreenshotNewSurface --allow-pre-commit-input --disable-hang-monitor --disable-ipc-flooding-protection --disable-popup-blocking --disable-prompt-on-repost --disable-renderer-backgrounding --disable-updater-scheduler --force-color-profile=srgb --metrics-recording-only --no-first-run --password-store=basic --use-mock-keychain --no-service-autorun --export-tagged-pdf --disable-search-engine-choice-screen --unsafely-disable-devtools-self-xss-warnings --edge-skip-compat-layer-relaunch --disable-infobars --disable-search-engine-choice-screen --disable-sync --enable-unsafe-swiftshader --headless --hide-scrollbars --mute-audio --blink-settings=primaryHoverType=2,availableHoverTypes=2,primaryPointerType=4,availablePointerTypes=4 --no-sandbox --user-data-dir=/tmp/playwright_chromiumdev_profile-qV4VdK --remote-debugging-pipe --no-startup-window
    <launched> pid=9826
    [pid=9826][err] /home/user/.cache/ms-playwright/chromium-1234/chrome-linux64/chrome: error while loading shared libraries: libnspr4.so: cannot open shared object file: No such file or directory
    Call log:
      - <launching> /home/user/.cache/ms-playwright/chromium-1234/chrome-linux64/chrome --disable-field-trial-config --disable-background-networking --disable-background-timer-throttling --disable-backgrounding-occluded-windows --disable-back-forward-cache --disable-breakpad --disable-client-side-phishing-detection --disable-component-extensions-with-background-pages --disable-component-update --no-default-browser-check --disable-default-apps --disable-dev-shm-usage --disable-edgeupdater --disable-extensions --disable-features=AvoidUnnecessaryBeforeUnloadCheckSync,BoundaryEventDispatchTracksNodeRemoval,DestroyProfileOnBrowserClose,DialMediaRouteProvider,GlobalMediaControls,HttpsUpgrades,LensOverlay,MediaRouter,PaintHolding,ThirdPartyStoragePartitioning,BlockOriginHeaderModificationOnRedirect,Translate,AutoDeElevate,OptimizationHints,msForceBrowserSignIn,msEdgeUpdateLaunchServicesPreferredVersion --enable-features=CDPScreenshotNewSurface --allow-pre-commit-input --disable-hang-monitor --disable-ipc-flooding-protection --disable-popup-blocking --disable-prompt-on-repost --disable-renderer-backgrounding --disable-updater-scheduler --force-color-profile=srgb --metrics-recording-only --no-first-run --password-store=basic --use-mock-keychain --no-service-autorun --export-tagged-pdf --disable-search-engine-choice-screen --unsafely-disable-devtools-self-xss-warnings --edge-skip-compat-layer-relaunch --disable-infobars --disable-search-engine-choice-screen --disable-sync --enable-unsafe-swiftshader --headless --hide-scrollbars --mute-audio --blink-settings=primaryHoverType=2,availableHoverTypes=2,primaryPointerType=4,availablePointerTypes=4 --no-sandbox --user-data-dir=/tmp/playwright_chromiumdev_profile-qV4VdK --remote-debugging-pipe --no-startup-window
      - <launched> pid=9826
      - [pid=9826][err] /home/user/.cache/ms-playwright/chromium-1234/chrome-linux64/chrome: error while loading shared libraries: libnspr4.so: cannot open shared object file: No such file or directory
      - [pid=9826] <gracefully close start>
      - [pid=9826] <kill>
      - [pid=9826] <will force kill>
      - [pid=9826] exception while trying to kill process: Error: kill ESRCH
      - [pid=9826] <process did exit: exitCode=127, signal=null>
      - [pid=9826] starting temporary directories cleanup
      - [pid=9826] finished temporary directories cleanup
      - [pid=9826] <gracefully close end>


    Error Context: test-results/critical-flows-keyboard-us-3e795-r-results-and-escape-modals-chromium/error-context.md

    attachment #2: trace (application/zip) ─────────────────────────────────────────────────────────
    test-results/critical-flows-keyboard-us-3e795-r-results-and-escape-modals-chromium/trace.zip
    Usage:

        npx playwright show-trace test-results/critical-flows-keyboard-us-3e795-r-results-and-escape-modals-chromium/trace.zip

    ────────────────────────────────────────────────────────────────────────────────────────────────


[30/82] [chromium] › tests/e2e/critical-flows.spec.ts:2184:1 › Arabic shell and every tested German or technical fragment keep explicit Bidi boundaries
  30) [chromium] › tests/e2e/critical-flows.spec.ts:2184:1 › Arabic shell and every tested German or technical fragment keep explicit Bidi boundaries 

    Error: browserType.launch: Target page, context or browser has been closed
    Browser logs:

    <launching> /home/user/.cache/ms-playwright/chromium-1234/chrome-linux64/chrome --disable-field-trial-config --disable-background-networking --disable-background-timer-throttling --disable-backgrounding-occluded-windows --disable-back-forward-cache --disable-breakpad --disable-client-side-phishing-detection --disable-component-extensions-with-background-pages --disable-component-update --no-default-browser-check --disable-default-apps --disable-dev-shm-usage --disable-edgeupdater --disable-extensions --disable-features=AvoidUnnecessaryBeforeUnloadCheckSync,BoundaryEventDispatchTracksNodeRemoval,DestroyProfileOnBrowserClose,DialMediaRouteProvider,GlobalMediaControls,HttpsUpgrades,LensOverlay,MediaRouter,PaintHolding,ThirdPartyStoragePartitioning,BlockOriginHeaderModificationOnRedirect,Translate,AutoDeElevate,OptimizationHints,msForceBrowserSignIn,msEdgeUpdateLaunchServicesPreferredVersion --enable-features=CDPScreenshotNewSurface --allow-pre-commit-input --disable-hang-monitor --disable-ipc-flooding-protection --disable-popup-blocking --disable-prompt-on-repost --disable-renderer-backgrounding --disable-updater-scheduler --force-color-profile=srgb --metrics-recording-only --no-first-run --password-store=basic --use-mock-keychain --no-service-autorun --export-tagged-pdf --disable-search-engine-choice-screen --unsafely-disable-devtools-self-xss-warnings --edge-skip-compat-layer-relaunch --disable-infobars --disable-search-engine-choice-screen --disable-sync --enable-unsafe-swiftshader --headless --hide-scrollbars --mute-audio --blink-settings=primaryHoverType=2,availableHoverTypes=2,primaryPointerType=4,availablePointerTypes=4 --no-sandbox --user-data-dir=/tmp/playwright_chromiumdev_profile-Sezw88 --remote-debugging-pipe --no-startup-window
    <launched> pid=9839
    [pid=9839][err] /home/user/.cache/ms-playwright/chromium-1234/chrome-linux64/chrome: error while loading shared libraries: libnspr4.so: cannot open shared object file: No such file or directory
    Call log:
      - <launching> /home/user/.cache/ms-playwright/chromium-1234/chrome-linux64/chrome --disable-field-trial-config --disable-background-networking --disable-background-timer-throttling --disable-backgrounding-occluded-windows --disable-back-forward-cache --disable-breakpad --disable-client-side-phishing-detection --disable-component-extensions-with-background-pages --disable-component-update --no-default-browser-check --disable-default-apps --disable-dev-shm-usage --disable-edgeupdater --disable-extensions --disable-features=AvoidUnnecessaryBeforeUnloadCheckSync,BoundaryEventDispatchTracksNodeRemoval,DestroyProfileOnBrowserClose,DialMediaRouteProvider,GlobalMediaControls,HttpsUpgrades,LensOverlay,MediaRouter,PaintHolding,ThirdPartyStoragePartitioning,BlockOriginHeaderModificationOnRedirect,Translate,AutoDeElevate,OptimizationHints,msForceBrowserSignIn,msEdgeUpdateLaunchServicesPreferredVersion --enable-features=CDPScreenshotNewSurface --allow-pre-commit-input --disable-hang-monitor --disable-ipc-flooding-protection --disable-popup-blocking --disable-prompt-on-repost --disable-renderer-backgrounding --disable-updater-scheduler --force-color-profile=srgb --metrics-recording-only --no-first-run --password-store=basic --use-mock-keychain --no-service-autorun --export-tagged-pdf --disable-search-engine-choice-screen --unsafely-disable-devtools-self-xss-warnings --edge-skip-compat-layer-relaunch --disable-infobars --disable-search-engine-choice-screen --disable-sync --enable-unsafe-swiftshader --headless --hide-scrollbars --mute-audio --blink-settings=primaryHoverType=2,availableHoverTypes=2,primaryPointerType=4,availablePointerTypes=4 --no-sandbox --user-data-dir=/tmp/playwright_chromiumdev_profile-Sezw88 --remote-debugging-pipe --no-startup-window
      - <launched> pid=9839
      - [pid=9839][err] /home/user/.cache/ms-playwright/chromium-1234/chrome-linux64/chrome: error while loading shared libraries: libnspr4.so: cannot open shared object file: No such file or directory
      - [pid=9839] <gracefully close start>
      - [pid=9839] <kill>
      - [pid=9839] <will force kill>
      - [pid=9839] exception while trying to kill process: Error: kill ESRCH
      - [pid=9839] <process did exit: exitCode=127, signal=null>
      - [pid=9839] starting temporary directories cleanup
      - [pid=9839] finished temporary directories cleanup
      - [pid=9839] <gracefully close end>


    Error Context: test-results/critical-flows-Arabic-shel-70203-ep-explicit-Bidi-boundaries-chromium/error-context.md

    attachment #2: trace (application/zip) ─────────────────────────────────────────────────────────
    test-results/critical-flows-Arabic-shel-70203-ep-explicit-Bidi-boundaries-chromium/trace.zip
    Usage:

        npx playwright show-trace test-results/critical-flows-Arabic-shel-70203-ep-explicit-Bidi-boundaries-chromium/trace.zip

    ────────────────────────────────────────────────────────────────────────────────────────────────


[31/82] [chromium] › tests/e2e/critical-flows.spec.ts:2199:1 › high-confidence errors route through prerequisite repair into deduplicated no-mastery SRS
  31) [chromium] › tests/e2e/critical-flows.spec.ts:2199:1 › high-confidence errors route through prerequisite repair into deduplicated no-mastery SRS 

    Error: browserType.launch: Target page, context or browser has been closed
    Browser logs:

    <launching> /home/user/.cache/ms-playwright/chromium-1234/chrome-linux64/chrome --disable-field-trial-config --disable-background-networking --disable-background-timer-throttling --disable-backgrounding-occluded-windows --disable-back-forward-cache --disable-breakpad --disable-client-side-phishing-detection --disable-component-extensions-with-background-pages --disable-component-update --no-default-browser-check --disable-default-apps --disable-dev-shm-usage --disable-edgeupdater --disable-extensions --disable-features=AvoidUnnecessaryBeforeUnloadCheckSync,BoundaryEventDispatchTracksNodeRemoval,DestroyProfileOnBrowserClose,DialMediaRouteProvider,GlobalMediaControls,HttpsUpgrades,LensOverlay,MediaRouter,PaintHolding,ThirdPartyStoragePartitioning,BlockOriginHeaderModificationOnRedirect,Translate,AutoDeElevate,OptimizationHints,msForceBrowserSignIn,msEdgeUpdateLaunchServicesPreferredVersion --enable-features=CDPScreenshotNewSurface --allow-pre-commit-input --disable-hang-monitor --disable-ipc-flooding-protection --disable-popup-blocking --disable-prompt-on-repost --disable-renderer-backgrounding --disable-updater-scheduler --force-color-profile=srgb --metrics-recording-only --no-first-run --password-store=basic --use-mock-keychain --no-service-autorun --export-tagged-pdf --disable-search-engine-choice-screen --unsafely-disable-devtools-self-xss-warnings --edge-skip-compat-layer-relaunch --disable-infobars --disable-search-engine-choice-screen --disable-sync --enable-unsafe-swiftshader --headless --hide-scrollbars --mute-audio --blink-settings=primaryHoverType=2,availableHoverTypes=2,primaryPointerType=4,availablePointerTypes=4 --no-sandbox --user-data-dir=/tmp/playwright_chromiumdev_profile-UksrNX --remote-debugging-pipe --no-startup-window
    <launched> pid=9852
    [pid=9852][err] /home/user/.cache/ms-playwright/chromium-1234/chrome-linux64/chrome: error while loading shared libraries: libnspr4.so: cannot open shared object file: No such file or directory
    Call log:
      - <launching> /home/user/.cache/ms-playwright/chromium-1234/chrome-linux64/chrome --disable-field-trial-config --disable-background-networking --disable-background-timer-throttling --disable-backgrounding-occluded-windows --disable-back-forward-cache --disable-breakpad --disable-client-side-phishing-detection --disable-component-extensions-with-background-pages --disable-component-update --no-default-browser-check --disable-default-apps --disable-dev-shm-usage --disable-edgeupdater --disable-extensions --disable-features=AvoidUnnecessaryBeforeUnloadCheckSync,BoundaryEventDispatchTracksNodeRemoval,DestroyProfileOnBrowserClose,DialMediaRouteProvider,GlobalMediaControls,HttpsUpgrades,LensOverlay,MediaRouter,PaintHolding,ThirdPartyStoragePartitioning,BlockOriginHeaderModificationOnRedirect,Translate,AutoDeElevate,OptimizationHints,msForceBrowserSignIn,msEdgeUpdateLaunchServicesPreferredVersion --enable-features=CDPScreenshotNewSurface --allow-pre-commit-input --disable-hang-monitor --disable-ipc-flooding-protection --disable-popup-blocking --disable-prompt-on-repost --disable-renderer-backgrounding --disable-updater-scheduler --force-color-profile=srgb --metrics-recording-only --no-first-run --password-store=basic --use-mock-keychain --no-service-autorun --export-tagged-pdf --disable-search-engine-choice-screen --unsafely-disable-devtools-self-xss-warnings --edge-skip-compat-layer-relaunch --disable-infobars --disable-search-engine-choice-screen --disable-sync --enable-unsafe-swiftshader --headless --hide-scrollbars --mute-audio --blink-settings=primaryHoverType=2,availableHoverTypes=2,primaryPointerType=4,availablePointerTypes=4 --no-sandbox --user-data-dir=/tmp/playwright_chromiumdev_profile-UksrNX --remote-debugging-pipe --no-startup-window
      - <launched> pid=9852
      - [pid=9852][err] /home/user/.cache/ms-playwright/chromium-1234/chrome-linux64/chrome: error while loading shared libraries: libnspr4.so: cannot open shared object file: No such file or directory
      - [pid=9852] <gracefully close start>
      - [pid=9852] <kill>
      - [pid=9852] <will force kill>
      - [pid=9852] exception while trying to kill process: Error: kill ESRCH
      - [pid=9852] <process did exit: exitCode=127, signal=null>
      - [pid=9852] starting temporary directories cleanup
      - [pid=9852] finished temporary directories cleanup
      - [pid=9852] <gracefully close end>


    Error Context: test-results/critical-flows-high-confid-22a50-deduplicated-no-mastery-SRS-chromium/error-context.md

    attachment #2: trace (application/zip) ─────────────────────────────────────────────────────────
    test-results/critical-flows-high-confid-22a50-deduplicated-no-mastery-SRS-chromium/trace.zip
    Usage:

        npx playwright show-trace test-results/critical-flows-high-confid-22a50-deduplicated-no-mastery-SRS-chromium/trace.zip

    ────────────────────────────────────────────────────────────────────────────────────────────────


[32/82] [chromium] › tests/e2e/critical-flows.spec.ts:2275:1 › support use is logged without penalty and old evidence lowers confidence without deleting attempts
  32) [chromium] › tests/e2e/critical-flows.spec.ts:2275:1 › support use is logged without penalty and old evidence lowers confidence without deleting attempts 

    Error: browserType.launch: Target page, context or browser has been closed
    Browser logs:

    <launching> /home/user/.cache/ms-playwright/chromium-1234/chrome-linux64/chrome --disable-field-trial-config --disable-background-networking --disable-background-timer-throttling --disable-backgrounding-occluded-windows --disable-back-forward-cache --disable-breakpad --disable-client-side-phishing-detection --disable-component-extensions-with-background-pages --disable-component-update --no-default-browser-check --disable-default-apps --disable-dev-shm-usage --disable-edgeupdater --disable-extensions --disable-features=AvoidUnnecessaryBeforeUnloadCheckSync,BoundaryEventDispatchTracksNodeRemoval,DestroyProfileOnBrowserClose,DialMediaRouteProvider,GlobalMediaControls,HttpsUpgrades,LensOverlay,MediaRouter,PaintHolding,ThirdPartyStoragePartitioning,BlockOriginHeaderModificationOnRedirect,Translate,AutoDeElevate,OptimizationHints,msForceBrowserSignIn,msEdgeUpdateLaunchServicesPreferredVersion --enable-features=CDPScreenshotNewSurface --allow-pre-commit-input --disable-hang-monitor --disable-ipc-flooding-protection --disable-popup-blocking --disable-prompt-on-repost --disable-renderer-backgrounding --disable-updater-scheduler --force-color-profile=srgb --metrics-recording-only --no-first-run --password-store=basic --use-mock-keychain --no-service-autorun --export-tagged-pdf --disable-search-engine-choice-screen --unsafely-disable-devtools-self-xss-warnings --edge-skip-compat-layer-relaunch --disable-infobars --disable-search-engine-choice-screen --disable-sync --enable-unsafe-swiftshader --headless --hide-scrollbars --mute-audio --blink-settings=primaryHoverType=2,availableHoverTypes=2,primaryPointerType=4,availablePointerTypes=4 --no-sandbox --user-data-dir=/tmp/playwright_chromiumdev_profile-FxHsnJ --remote-debugging-pipe --no-startup-window
    <launched> pid=9865
    [pid=9865][err] /home/user/.cache/ms-playwright/chromium-1234/chrome-linux64/chrome: error while loading shared libraries: libnspr4.so: cannot open shared object file: No such file or directory
    Call log:
      - <launching> /home/user/.cache/ms-playwright/chromium-1234/chrome-linux64/chrome --disable-field-trial-config --disable-background-networking --disable-background-timer-throttling --disable-backgrounding-occluded-windows --disable-back-forward-cache --disable-breakpad --disable-client-side-phishing-detection --disable-component-extensions-with-background-pages --disable-component-update --no-default-browser-check --disable-default-apps --disable-dev-shm-usage --disable-edgeupdater --disable-extensions --disable-features=AvoidUnnecessaryBeforeUnloadCheckSync,BoundaryEventDispatchTracksNodeRemoval,DestroyProfileOnBrowserClose,DialMediaRouteProvider,GlobalMediaControls,HttpsUpgrades,LensOverlay,MediaRouter,PaintHolding,ThirdPartyStoragePartitioning,BlockOriginHeaderModificationOnRedirect,Translate,AutoDeElevate,OptimizationHints,msForceBrowserSignIn,msEdgeUpdateLaunchServicesPreferredVersion --enable-features=CDPScreenshotNewSurface --allow-pre-commit-input --disable-hang-monitor --disable-ipc-flooding-protection --disable-popup-blocking --disable-prompt-on-repost --disable-renderer-backgrounding --disable-updater-scheduler --force-color-profile=srgb --metrics-recording-only --no-first-run --password-store=basic --use-mock-keychain --no-service-autorun --export-tagged-pdf --disable-search-engine-choice-screen --unsafely-disable-devtools-self-xss-warnings --edge-skip-compat-layer-relaunch --disable-infobars --disable-search-engine-choice-screen --disable-sync --enable-unsafe-swiftshader --headless --hide-scrollbars --mute-audio --blink-settings=primaryHoverType=2,availableHoverTypes=2,primaryPointerType=4,availablePointerTypes=4 --no-sandbox --user-data-dir=/tmp/playwright_chromiumdev_profile-FxHsnJ --remote-debugging-pipe --no-startup-window
      - <launched> pid=9865
      - [pid=9865][err] /home/user/.cache/ms-playwright/chromium-1234/chrome-linux64/chrome: error while loading shared libraries: libnspr4.so: cannot open shared object file: No such file or directory
      - [pid=9865] <gracefully close start>
      - [pid=9865] <kill>
      - [pid=9865] <will force kill>
      - [pid=9865] exception while trying to kill process: Error: kill ESRCH
      - [pid=9865] <process did exit: exitCode=127, signal=null>
      - [pid=9865] starting temporary directories cleanup
      - [pid=9865] finished temporary directories cleanup
      - [pid=9865] <gracefully close end>


    Error Context: test-results/critical-flows-support-use-a1337-e-without-deleting-attempts-chromium/error-context.md

    attachment #2: trace (application/zip) ─────────────────────────────────────────────────────────
    test-results/critical-flows-support-use-a1337-e-without-deleting-attempts-chromium/trace.zip
    Usage:

        npx playwright show-trace test-results/critical-flows-support-use-a1337-e-without-deleting-attempts-chromium/trace.zip

    ────────────────────────────────────────────────────────────────────────────────────────────────


[33/82] [chromium] › tests/e2e/critical-flows.spec.ts:2346:1 › fourteen-day contract, quiet hours, and one-skill diagnostic stay planning-only
  33) [chromium] › tests/e2e/critical-flows.spec.ts:2346:1 › fourteen-day contract, quiet hours, and one-skill diagnostic stay planning-only 

    Error: browserType.launch: Target page, context or browser has been closed
    Browser logs:

    <launching> /home/user/.cache/ms-playwright/chromium-1234/chrome-linux64/chrome --disable-field-trial-config --disable-background-networking --disable-background-timer-throttling --disable-backgrounding-occluded-windows --disable-back-forward-cache --disable-breakpad --disable-client-side-phishing-detection --disable-component-extensions-with-background-pages --disable-component-update --no-default-browser-check --disable-default-apps --disable-dev-shm-usage --disable-edgeupdater --disable-extensions --disable-features=AvoidUnnecessaryBeforeUnloadCheckSync,BoundaryEventDispatchTracksNodeRemoval,DestroyProfileOnBrowserClose,DialMediaRouteProvider,GlobalMediaControls,HttpsUpgrades,LensOverlay,MediaRouter,PaintHolding,ThirdPartyStoragePartitioning,BlockOriginHeaderModificationOnRedirect,Translate,AutoDeElevate,OptimizationHints,msForceBrowserSignIn,msEdgeUpdateLaunchServicesPreferredVersion --enable-features=CDPScreenshotNewSurface --allow-pre-commit-input --disable-hang-monitor --disable-ipc-flooding-protection --disable-popup-blocking --disable-prompt-on-repost --disable-renderer-backgrounding --disable-updater-scheduler --force-color-profile=srgb --metrics-recording-only --no-first-run --password-store=basic --use-mock-keychain --no-service-autorun --export-tagged-pdf --disable-search-engine-choice-screen --unsafely-disable-devtools-self-xss-warnings --edge-skip-compat-layer-relaunch --disable-infobars --disable-search-engine-choice-screen --disable-sync --enable-unsafe-swiftshader --headless --hide-scrollbars --mute-audio --blink-settings=primaryHoverType=2,availableHoverTypes=2,primaryPointerType=4,availablePointerTypes=4 --no-sandbox --user-data-dir=/tmp/playwright_chromiumdev_profile-3tVY5F --remote-debugging-pipe --no-startup-window
    <launched> pid=9878
    [pid=9878][err] /home/user/.cache/ms-playwright/chromium-1234/chrome-linux64/chrome: error while loading shared libraries: libnspr4.so: cannot open shared object file: No such file or directory
    Call log:
      - <launching> /home/user/.cache/ms-playwright/chromium-1234/chrome-linux64/chrome --disable-field-trial-config --disable-background-networking --disable-background-timer-throttling --disable-backgrounding-occluded-windows --disable-back-forward-cache --disable-breakpad --disable-client-side-phishing-detection --disable-component-extensions-with-background-pages --disable-component-update --no-default-browser-check --disable-default-apps --disable-dev-shm-usage --disable-edgeupdater --disable-extensions --disable-features=AvoidUnnecessaryBeforeUnloadCheckSync,BoundaryEventDispatchTracksNodeRemoval,DestroyProfileOnBrowserClose,DialMediaRouteProvider,GlobalMediaControls,HttpsUpgrades,LensOverlay,MediaRouter,PaintHolding,ThirdPartyStoragePartitioning,BlockOriginHeaderModificationOnRedirect,Translate,AutoDeElevate,OptimizationHints,msForceBrowserSignIn,msEdgeUpdateLaunchServicesPreferredVersion --enable-features=CDPScreenshotNewSurface --allow-pre-commit-input --disable-hang-monitor --disable-ipc-flooding-protection --disable-popup-blocking --disable-prompt-on-repost --disable-renderer-backgrounding --disable-updater-scheduler --force-color-profile=srgb --metrics-recording-only --no-first-run --password-store=basic --use-mock-keychain --no-service-autorun --export-tagged-pdf --disable-search-engine-choice-screen --unsafely-disable-devtools-self-xss-warnings --edge-skip-compat-layer-relaunch --disable-infobars --disable-search-engine-choice-screen --disable-sync --enable-unsafe-swiftshader --headless --hide-scrollbars --mute-audio --blink-settings=primaryHoverType=2,availableHoverTypes=2,primaryPointerType=4,availablePointerTypes=4 --no-sandbox --user-data-dir=/tmp/playwright_chromiumdev_profile-3tVY5F --remote-debugging-pipe --no-startup-window
      - <launched> pid=9878
      - [pid=9878][err] /home/user/.cache/ms-playwright/chromium-1234/chrome-linux64/chrome: error while loading shared libraries: libnspr4.so: cannot open shared object file: No such file or directory
      - [pid=9878] <gracefully close start>
      - [pid=9878] <kill>
      - [pid=9878] <will force kill>
      - [pid=9878] exception while trying to kill process: Error: kill ESRCH
      - [pid=9878] <process did exit: exitCode=127, signal=null>
      - [pid=9878] starting temporary directories cleanup
      - [pid=9878] finished temporary directories cleanup
      - [pid=9878] <gracefully close end>


    Error Context: test-results/critical-flows-fourteen-da-602bb-agnostic-stay-planning-only-chromium/error-context.md

    attachment #2: trace (application/zip) ─────────────────────────────────────────────────────────
    test-results/critical-flows-fourteen-da-602bb-agnostic-stay-planning-only-chromium/trace.zip
    Usage:

        npx playwright show-trace test-results/critical-flows-fourteen-da-602bb-agnostic-stay-planning-only-chromium/trace.zip

    ────────────────────────────────────────────────────────────────────────────────────────────────


[34/82] [chromium] › tests/e2e/critical-flows.spec.ts:2372:1 › local study exports preview and download ICS, printable PDF, and safe Anki TSV
  34) [chromium] › tests/e2e/critical-flows.spec.ts:2372:1 › local study exports preview and download ICS, printable PDF, and safe Anki TSV 

    Error: browserType.launch: Target page, context or browser has been closed
    Browser logs:

    <launching> /home/user/.cache/ms-playwright/chromium-1234/chrome-linux64/chrome --disable-field-trial-config --disable-background-networking --disable-background-timer-throttling --disable-backgrounding-occluded-windows --disable-back-forward-cache --disable-breakpad --disable-client-side-phishing-detection --disable-component-extensions-with-background-pages --disable-component-update --no-default-browser-check --disable-default-apps --disable-dev-shm-usage --disable-edgeupdater --disable-extensions --disable-features=AvoidUnnecessaryBeforeUnloadCheckSync,BoundaryEventDispatchTracksNodeRemoval,DestroyProfileOnBrowserClose,DialMediaRouteProvider,GlobalMediaControls,HttpsUpgrades,LensOverlay,MediaRouter,PaintHolding,ThirdPartyStoragePartitioning,BlockOriginHeaderModificationOnRedirect,Translate,AutoDeElevate,OptimizationHints,msForceBrowserSignIn,msEdgeUpdateLaunchServicesPreferredVersion --enable-features=CDPScreenshotNewSurface --allow-pre-commit-input --disable-hang-monitor --disable-ipc-flooding-protection --disable-popup-blocking --disable-prompt-on-repost --disable-renderer-backgrounding --disable-updater-scheduler --force-color-profile=srgb --metrics-recording-only --no-first-run --password-store=basic --use-mock-keychain --no-service-autorun --export-tagged-pdf --disable-search-engine-choice-screen --unsafely-disable-devtools-self-xss-warnings --edge-skip-compat-layer-relaunch --disable-infobars --disable-search-engine-choice-screen --disable-sync --enable-unsafe-swiftshader --headless --hide-scrollbars --mute-audio --blink-settings=primaryHoverType=2,availableHoverTypes=2,primaryPointerType=4,availablePointerTypes=4 --no-sandbox --user-data-dir=/tmp/playwright_chromiumdev_profile-atkpgL --remote-debugging-pipe --no-startup-window
    <launched> pid=9891
    [pid=9891][err] /home/user/.cache/ms-playwright/chromium-1234/chrome-linux64/chrome: error while loading shared libraries: libnspr4.so: cannot open shared object file: No such file or directory
    Call log:
      - <launching> /home/user/.cache/ms-playwright/chromium-1234/chrome-linux64/chrome --disable-field-trial-config --disable-background-networking --disable-background-timer-throttling --disable-backgrounding-occluded-windows --disable-back-forward-cache --disable-breakpad --disable-client-side-phishing-detection --disable-component-extensions-with-background-pages --disable-component-update --no-default-browser-check --disable-default-apps --disable-dev-shm-usage --disable-edgeupdater --disable-extensions --disable-features=AvoidUnnecessaryBeforeUnloadCheckSync,BoundaryEventDispatchTracksNodeRemoval,DestroyProfileOnBrowserClose,DialMediaRouteProvider,GlobalMediaControls,HttpsUpgrades,LensOverlay,MediaRouter,PaintHolding,ThirdPartyStoragePartitioning,BlockOriginHeaderModificationOnRedirect,Translate,AutoDeElevate,OptimizationHints,msForceBrowserSignIn,msEdgeUpdateLaunchServicesPreferredVersion --enable-features=CDPScreenshotNewSurface --allow-pre-commit-input --disable-hang-monitor --disable-ipc-flooding-protection --disable-popup-blocking --disable-prompt-on-repost --disable-renderer-backgrounding --disable-updater-scheduler --force-color-profile=srgb --metrics-recording-only --no-first-run --password-store=basic --use-mock-keychain --no-service-autorun --export-tagged-pdf --disable-search-engine-choice-screen --unsafely-disable-devtools-self-xss-warnings --edge-skip-compat-layer-relaunch --disable-infobars --disable-search-engine-choice-screen --disable-sync --enable-unsafe-swiftshader --headless --hide-scrollbars --mute-audio --blink-settings=primaryHoverType=2,availableHoverTypes=2,primaryPointerType=4,availablePointerTypes=4 --no-sandbox --user-data-dir=/tmp/playwright_chromiumdev_profile-atkpgL --remote-debugging-pipe --no-startup-window
      - <launched> pid=9891
      - [pid=9891][err] /home/user/.cache/ms-playwright/chromium-1234/chrome-linux64/chrome: error while loading shared libraries: libnspr4.so: cannot open shared object file: No such file or directory
      - [pid=9891] <gracefully close start>
      - [pid=9891] <kill>
      - [pid=9891] <will force kill>
      - [pid=9891] exception while trying to kill process: Error: kill ESRCH
      - [pid=9891] <process did exit: exitCode=127, signal=null>
      - [pid=9891] starting temporary directories cleanup
      - [pid=9891] finished temporary directories cleanup
      - [pid=9891] <gracefully close end>


    Error Context: test-results/critical-flows-local-study-d053c-table-PDF-and-safe-Anki-TSV-chromium/error-context.md

    attachment #2: trace (application/zip) ─────────────────────────────────────────────────────────
    test-results/critical-flows-local-study-d053c-table-PDF-and-safe-Anki-TSV-chromium/trace.zip
    Usage:

        npx playwright show-trace test-results/critical-flows-local-study-d053c-table-PDF-and-safe-Anki-TSV-chromium/trace.zip

    ────────────────────────────────────────────────────────────────────────────────────────────────


[35/82] [chromium] › tests/e2e/critical-flows.spec.ts:2403:1 › adaptive dictation moves from partial A1 to full A2 and stores summary only
  35) [chromium] › tests/e2e/critical-flows.spec.ts:2403:1 › adaptive dictation moves from partial A1 to full A2 and stores summary only 

    Error: browserType.launch: Target page, context or browser has been closed
    Browser logs:

    <launching> /home/user/.cache/ms-playwright/chromium-1234/chrome-linux64/chrome --disable-field-trial-config --disable-background-networking --disable-background-timer-throttling --disable-backgrounding-occluded-windows --disable-back-forward-cache --disable-breakpad --disable-client-side-phishing-detection --disable-component-extensions-with-background-pages --disable-component-update --no-default-browser-check --disable-default-apps --disable-dev-shm-usage --disable-edgeupdater --disable-extensions --disable-features=AvoidUnnecessaryBeforeUnloadCheckSync,BoundaryEventDispatchTracksNodeRemoval,DestroyProfileOnBrowserClose,DialMediaRouteProvider,GlobalMediaControls,HttpsUpgrades,LensOverlay,MediaRouter,PaintHolding,ThirdPartyStoragePartitioning,BlockOriginHeaderModificationOnRedirect,Translate,AutoDeElevate,OptimizationHints,msForceBrowserSignIn,msEdgeUpdateLaunchServicesPreferredVersion --enable-features=CDPScreenshotNewSurface --allow-pre-commit-input --disable-hang-monitor --disable-ipc-flooding-protection --disable-popup-blocking --disable-prompt-on-repost --disable-renderer-backgrounding --disable-updater-scheduler --force-color-profile=srgb --metrics-recording-only --no-first-run --password-store=basic --use-mock-keychain --no-service-autorun --export-tagged-pdf --disable-search-engine-choice-screen --unsafely-disable-devtools-self-xss-warnings --edge-skip-compat-layer-relaunch --disable-infobars --disable-search-engine-choice-screen --disable-sync --enable-unsafe-swiftshader --headless --hide-scrollbars --mute-audio --blink-settings=primaryHoverType=2,availableHoverTypes=2,primaryPointerType=4,availablePointerTypes=4 --no-sandbox --user-data-dir=/tmp/playwright_chromiumdev_profile-3wajAK --remote-debugging-pipe --no-startup-window
    <launched> pid=9904
    [pid=9904][err] /home/user/.cache/ms-playwright/chromium-1234/chrome-linux64/chrome: error while loading shared libraries: libnspr4.so: cannot open shared object file: No such file or directory
    Call log:
      - <launching> /home/user/.cache/ms-playwright/chromium-1234/chrome-linux64/chrome --disable-field-trial-config --disable-background-networking --disable-background-timer-throttling --disable-backgrounding-occluded-windows --disable-back-forward-cache --disable-breakpad --disable-client-side-phishing-detection --disable-component-extensions-with-background-pages --disable-component-update --no-default-browser-check --disable-default-apps --disable-dev-shm-usage --disable-edgeupdater --disable-extensions --disable-features=AvoidUnnecessaryBeforeUnloadCheckSync,BoundaryEventDispatchTracksNodeRemoval,DestroyProfileOnBrowserClose,DialMediaRouteProvider,GlobalMediaControls,HttpsUpgrades,LensOverlay,MediaRouter,PaintHolding,ThirdPartyStoragePartitioning,BlockOriginHeaderModificationOnRedirect,Translate,AutoDeElevate,OptimizationHints,msForceBrowserSignIn,msEdgeUpdateLaunchServicesPreferredVersion --enable-features=CDPScreenshotNewSurface --allow-pre-commit-input --disable-hang-monitor --disable-ipc-flooding-protection --disable-popup-blocking --disable-prompt-on-repost --disable-renderer-backgrounding --disable-updater-scheduler --force-color-profile=srgb --metrics-recording-only --no-first-run --password-store=basic --use-mock-keychain --no-service-autorun --export-tagged-pdf --disable-search-engine-choice-screen --unsafely-disable-devtools-self-xss-warnings --edge-skip-compat-layer-relaunch --disable-infobars --disable-search-engine-choice-screen --disable-sync --enable-unsafe-swiftshader --headless --hide-scrollbars --mute-audio --blink-settings=primaryHoverType=2,availableHoverTypes=2,primaryPointerType=4,availablePointerTypes=4 --no-sandbox --user-data-dir=/tmp/playwright_chromiumdev_profile-3wajAK --remote-debugging-pipe --no-startup-window
      - <launched> pid=9904
      - [pid=9904][err] /home/user/.cache/ms-playwright/chromium-1234/chrome-linux64/chrome: error while loading shared libraries: libnspr4.so: cannot open shared object file: No such file or directory
      - [pid=9904] <gracefully close start>
      - [pid=9904] <kill>
      - [pid=9904] <will force kill>
      - [pid=9904] exception while trying to kill process: Error: kill ESRCH
      - [pid=9904] <process did exit: exitCode=127, signal=null>
      - [pid=9904] starting temporary directories cleanup
      - [pid=9904] finished temporary directories cleanup
      - [pid=9904] <gracefully close end>


    Error Context: test-results/critical-flows-adaptive-di-8c283--A2-and-stores-summary-only-chromium/error-context.md

    attachment #2: trace (application/zip) ─────────────────────────────────────────────────────────
    test-results/critical-flows-adaptive-di-8c283--A2-and-stores-summary-only-chromium/trace.zip
    Usage:

        npx playwright show-trace test-results/critical-flows-adaptive-di-8c283--A2-and-stores-summary-only-chromium/trace.zip

    ────────────────────────────────────────────────────────────────────────────────────────────────


[36/82] [chromium] › tests/e2e/critical-flows.spec.ts:2477:1 › offline branching conversations change consequences and persist structured summaries only
  36) [chromium] › tests/e2e/critical-flows.spec.ts:2477:1 › offline branching conversations change consequences and persist structured summaries only 

    Error: browserType.launch: Target page, context or browser has been closed
    Browser logs:

    <launching> /home/user/.cache/ms-playwright/chromium-1234/chrome-linux64/chrome --disable-field-trial-config --disable-background-networking --disable-background-timer-throttling --disable-backgrounding-occluded-windows --disable-back-forward-cache --disable-breakpad --disable-client-side-phishing-detection --disable-component-extensions-with-background-pages --disable-component-update --no-default-browser-check --disable-default-apps --disable-dev-shm-usage --disable-edgeupdater --disable-extensions --disable-features=AvoidUnnecessaryBeforeUnloadCheckSync,BoundaryEventDispatchTracksNodeRemoval,DestroyProfileOnBrowserClose,DialMediaRouteProvider,GlobalMediaControls,HttpsUpgrades,LensOverlay,MediaRouter,PaintHolding,ThirdPartyStoragePartitioning,BlockOriginHeaderModificationOnRedirect,Translate,AutoDeElevate,OptimizationHints,msForceBrowserSignIn,msEdgeUpdateLaunchServicesPreferredVersion --enable-features=CDPScreenshotNewSurface --allow-pre-commit-input --disable-hang-monitor --disable-ipc-flooding-protection --disable-popup-blocking --disable-prompt-on-repost --disable-renderer-backgrounding --disable-updater-scheduler --force-color-profile=srgb --metrics-recording-only --no-first-run --password-store=basic --use-mock-keychain --no-service-autorun --export-tagged-pdf --disable-search-engine-choice-screen --unsafely-disable-devtools-self-xss-warnings --edge-skip-compat-layer-relaunch --disable-infobars --disable-search-engine-choice-screen --disable-sync --enable-unsafe-swiftshader --headless --hide-scrollbars --mute-audio --blink-settings=primaryHoverType=2,availableHoverTypes=2,primaryPointerType=4,availablePointerTypes=4 --no-sandbox --user-data-dir=/tmp/playwright_chromiumdev_profile-3c4NvB --remote-debugging-pipe --no-startup-window
    <launched> pid=9917
    [pid=9917][err] /home/user/.cache/ms-playwright/chromium-1234/chrome-linux64/chrome: error while loading shared libraries: libnspr4.so: cannot open shared object file: No such file or directory
    Call log:
      - <launching> /home/user/.cache/ms-playwright/chromium-1234/chrome-linux64/chrome --disable-field-trial-config --disable-background-networking --disable-background-timer-throttling --disable-backgrounding-occluded-windows --disable-back-forward-cache --disable-breakpad --disable-client-side-phishing-detection --disable-component-extensions-with-background-pages --disable-component-update --no-default-browser-check --disable-default-apps --disable-dev-shm-usage --disable-edgeupdater --disable-extensions --disable-features=AvoidUnnecessaryBeforeUnloadCheckSync,BoundaryEventDispatchTracksNodeRemoval,DestroyProfileOnBrowserClose,DialMediaRouteProvider,GlobalMediaControls,HttpsUpgrades,LensOverlay,MediaRouter,PaintHolding,ThirdPartyStoragePartitioning,BlockOriginHeaderModificationOnRedirect,Translate,AutoDeElevate,OptimizationHints,msForceBrowserSignIn,msEdgeUpdateLaunchServicesPreferredVersion --enable-features=CDPScreenshotNewSurface --allow-pre-commit-input --disable-hang-monitor --disable-ipc-flooding-protection --disable-popup-blocking --disable-prompt-on-repost --disable-renderer-backgrounding --disable-updater-scheduler --force-color-profile=srgb --metrics-recording-only --no-first-run --password-store=basic --use-mock-keychain --no-service-autorun --export-tagged-pdf --disable-search-engine-choice-screen --unsafely-disable-devtools-self-xss-warnings --edge-skip-compat-layer-relaunch --disable-infobars --disable-search-engine-choice-screen --disable-sync --enable-unsafe-swiftshader --headless --hide-scrollbars --mute-audio --blink-settings=primaryHoverType=2,availableHoverTypes=2,primaryPointerType=4,availablePointerTypes=4 --no-sandbox --user-data-dir=/tmp/playwright_chromiumdev_profile-3c4NvB --remote-debugging-pipe --no-startup-window
      - <launched> pid=9917
      - [pid=9917][err] /home/user/.cache/ms-playwright/chromium-1234/chrome-linux64/chrome: error while loading shared libraries: libnspr4.so: cannot open shared object file: No such file or directory
      - [pid=9917] <gracefully close start>
      - [pid=9917] <kill>
      - [pid=9917] <will force kill>
      - [pid=9917] exception while trying to kill process: Error: kill ESRCH
      - [pid=9917] <process did exit: exitCode=127, signal=null>
      - [pid=9917] starting temporary directories cleanup
      - [pid=9917] finished temporary directories cleanup
      - [pid=9917] <gracefully close end>


    Error Context: test-results/critical-flows-offline-bra-f6dcc-t-structured-summaries-only-chromium/error-context.md

    attachment #2: trace (application/zip) ─────────────────────────────────────────────────────────
    test-results/critical-flows-offline-bra-f6dcc-t-structured-summaries-only-chromium/trace.zip
    Usage:

        npx playwright show-trace test-results/critical-flows-offline-bra-f6dcc-t-structured-summaries-only-chromium/trace.zip

    ────────────────────────────────────────────────────────────────────────────────────────────────


[37/82] [chromium] › tests/e2e/critical-flows.spec.ts:2519:1 › contextual collocation networks require exploration and match communicative intent
  37) [chromium] › tests/e2e/critical-flows.spec.ts:2519:1 › contextual collocation networks require exploration and match communicative intent 

    Error: browserType.launch: Target page, context or browser has been closed
    Browser logs:

    <launching> /home/user/.cache/ms-playwright/chromium-1234/chrome-linux64/chrome --disable-field-trial-config --disable-background-networking --disable-background-timer-throttling --disable-backgrounding-occluded-windows --disable-back-forward-cache --disable-breakpad --disable-client-side-phishing-detection --disable-component-extensions-with-background-pages --disable-component-update --no-default-browser-check --disable-default-apps --disable-dev-shm-usage --disable-edgeupdater --disable-extensions --disable-features=AvoidUnnecessaryBeforeUnloadCheckSync,BoundaryEventDispatchTracksNodeRemoval,DestroyProfileOnBrowserClose,DialMediaRouteProvider,GlobalMediaControls,HttpsUpgrades,LensOverlay,MediaRouter,PaintHolding,ThirdPartyStoragePartitioning,BlockOriginHeaderModificationOnRedirect,Translate,AutoDeElevate,OptimizationHints,msForceBrowserSignIn,msEdgeUpdateLaunchServicesPreferredVersion --enable-features=CDPScreenshotNewSurface --allow-pre-commit-input --disable-hang-monitor --disable-ipc-flooding-protection --disable-popup-blocking --disable-prompt-on-repost --disable-renderer-backgrounding --disable-updater-scheduler --force-color-profile=srgb --metrics-recording-only --no-first-run --password-store=basic --use-mock-keychain --no-service-autorun --export-tagged-pdf --disable-search-engine-choice-screen --unsafely-disable-devtools-self-xss-warnings --edge-skip-compat-layer-relaunch --disable-infobars --disable-search-engine-choice-screen --disable-sync --enable-unsafe-swiftshader --headless --hide-scrollbars --mute-audio --blink-settings=primaryHoverType=2,availableHoverTypes=2,primaryPointerType=4,availablePointerTypes=4 --no-sandbox --user-data-dir=/tmp/playwright_chromiumdev_profile-MijuTo --remote-debugging-pipe --no-startup-window
    <launched> pid=9930
    [pid=9930][err] /home/user/.cache/ms-playwright/chromium-1234/chrome-linux64/chrome: error while loading shared libraries: libnspr4.so: cannot open shared object file: No such file or directory
    Call log:
      - <launching> /home/user/.cache/ms-playwright/chromium-1234/chrome-linux64/chrome --disable-field-trial-config --disable-background-networking --disable-background-timer-throttling --disable-backgrounding-occluded-windows --disable-back-forward-cache --disable-breakpad --disable-client-side-phishing-detection --disable-component-extensions-with-background-pages --disable-component-update --no-default-browser-check --disable-default-apps --disable-dev-shm-usage --disable-edgeupdater --disable-extensions --disable-features=AvoidUnnecessaryBeforeUnloadCheckSync,BoundaryEventDispatchTracksNodeRemoval,DestroyProfileOnBrowserClose,DialMediaRouteProvider,GlobalMediaControls,HttpsUpgrades,LensOverlay,MediaRouter,PaintHolding,ThirdPartyStoragePartitioning,BlockOriginHeaderModificationOnRedirect,Translate,AutoDeElevate,OptimizationHints,msForceBrowserSignIn,msEdgeUpdateLaunchServicesPreferredVersion --enable-features=CDPScreenshotNewSurface --allow-pre-commit-input --disable-hang-monitor --disable-ipc-flooding-protection --disable-popup-blocking --disable-prompt-on-repost --disable-renderer-backgrounding --disable-updater-scheduler --force-color-profile=srgb --metrics-recording-only --no-first-run --password-store=basic --use-mock-keychain --no-service-autorun --export-tagged-pdf --disable-search-engine-choice-screen --unsafely-disable-devtools-self-xss-warnings --edge-skip-compat-layer-relaunch --disable-infobars --disable-search-engine-choice-screen --disable-sync --enable-unsafe-swiftshader --headless --hide-scrollbars --mute-audio --blink-settings=primaryHoverType=2,availableHoverTypes=2,primaryPointerType=4,availablePointerTypes=4 --no-sandbox --user-data-dir=/tmp/playwright_chromiumdev_profile-MijuTo --remote-debugging-pipe --no-startup-window
      - <launched> pid=9930
      - [pid=9930][err] /home/user/.cache/ms-playwright/chromium-1234/chrome-linux64/chrome: error while loading shared libraries: libnspr4.so: cannot open shared object file: No such file or directory
      - [pid=9930] <gracefully close start>
      - [pid=9930] <kill>
      - [pid=9930] <will force kill>
      - [pid=9930] exception while trying to kill process: Error: kill ESRCH
      - [pid=9930] <process did exit: exitCode=127, signal=null>
      - [pid=9930] starting temporary directories cleanup
      - [pid=9930] finished temporary directories cleanup
      - [pid=9930] <gracefully close end>


    Error Context: test-results/critical-flows-contextual--a78d9--match-communicative-intent-chromium/error-context.md

    attachment #2: trace (application/zip) ─────────────────────────────────────────────────────────
    test-results/critical-flows-contextual--a78d9--match-communicative-intent-chromium/trace.zip
    Usage:

        npx playwright show-trace test-results/critical-flows-contextual--a78d9--match-communicative-intent-chromium/trace.zip

    ────────────────────────────────────────────────────────────────────────────────────────────────


[38/82] [chromium] › tests/e2e/critical-flows.spec.ts:2530:1 › representative 320–1920 px viewports avoid document-level horizontal overflow
  38) [chromium] › tests/e2e/critical-flows.spec.ts:2530:1 › representative 320–1920 px viewports avoid document-level horizontal overflow 

    Error: browserType.launch: Target page, context or browser has been closed
    Browser logs:

    <launching> /home/user/.cache/ms-playwright/chromium-1234/chrome-linux64/chrome --disable-field-trial-config --disable-background-networking --disable-background-timer-throttling --disable-backgrounding-occluded-windows --disable-back-forward-cache --disable-breakpad --disable-client-side-phishing-detection --disable-component-extensions-with-background-pages --disable-component-update --no-default-browser-check --disable-default-apps --disable-dev-shm-usage --disable-edgeupdater --disable-extensions --disable-features=AvoidUnnecessaryBeforeUnloadCheckSync,BoundaryEventDispatchTracksNodeRemoval,DestroyProfileOnBrowserClose,DialMediaRouteProvider,GlobalMediaControls,HttpsUpgrades,LensOverlay,MediaRouter,PaintHolding,ThirdPartyStoragePartitioning,BlockOriginHeaderModificationOnRedirect,Translate,AutoDeElevate,OptimizationHints,msForceBrowserSignIn,msEdgeUpdateLaunchServicesPreferredVersion --enable-features=CDPScreenshotNewSurface --allow-pre-commit-input --disable-hang-monitor --disable-ipc-flooding-protection --disable-popup-blocking --disable-prompt-on-repost --disable-renderer-backgrounding --disable-updater-scheduler --force-color-profile=srgb --metrics-recording-only --no-first-run --password-store=basic --use-mock-keychain --no-service-autorun --export-tagged-pdf --disable-search-engine-choice-screen --unsafely-disable-devtools-self-xss-warnings --edge-skip-compat-layer-relaunch --disable-infobars --disable-search-engine-choice-screen --disable-sync --enable-unsafe-swiftshader --headless --hide-scrollbars --mute-audio --blink-settings=primaryHoverType=2,availableHoverTypes=2,primaryPointerType=4,availablePointerTypes=4 --no-sandbox --user-data-dir=/tmp/playwright_chromiumdev_profile-teUdJa --remote-debugging-pipe --no-startup-window
    <launched> pid=9953
    [pid=9953][err] /home/user/.cache/ms-playwright/chromium-1234/chrome-linux64/chrome: error while loading shared libraries: libnspr4.so: cannot open shared object file: No such file or directory
    Call log:
      - <launching> /home/user/.cache/ms-playwright/chromium-1234/chrome-linux64/chrome --disable-field-trial-config --disable-background-networking --disable-background-timer-throttling --disable-backgrounding-occluded-windows --disable-back-forward-cache --disable-breakpad --disable-client-side-phishing-detection --disable-component-extensions-with-background-pages --disable-component-update --no-default-browser-check --disable-default-apps --disable-dev-shm-usage --disable-edgeupdater --disable-extensions --disable-features=AvoidUnnecessaryBeforeUnloadCheckSync,BoundaryEventDispatchTracksNodeRemoval,DestroyProfileOnBrowserClose,DialMediaRouteProvider,GlobalMediaControls,HttpsUpgrades,LensOverlay,MediaRouter,PaintHolding,ThirdPartyStoragePartitioning,BlockOriginHeaderModificationOnRedirect,Translate,AutoDeElevate,OptimizationHints,msForceBrowserSignIn,msEdgeUpdateLaunchServicesPreferredVersion --enable-features=CDPScreenshotNewSurface --allow-pre-commit-input --disable-hang-monitor --disable-ipc-flooding-protection --disable-popup-blocking --disable-prompt-on-repost --disable-renderer-backgrounding --disable-updater-scheduler --force-color-profile=srgb --metrics-recording-only --no-first-run --password-store=basic --use-mock-keychain --no-service-autorun --export-tagged-pdf --disable-search-engine-choice-screen --unsafely-disable-devtools-self-xss-warnings --edge-skip-compat-layer-relaunch --disable-infobars --disable-search-engine-choice-screen --disable-sync --enable-unsafe-swiftshader --headless --hide-scrollbars --mute-audio --blink-settings=primaryHoverType=2,availableHoverTypes=2,primaryPointerType=4,availablePointerTypes=4 --no-sandbox --user-data-dir=/tmp/playwright_chromiumdev_profile-teUdJa --remote-debugging-pipe --no-startup-window
      - <launched> pid=9953
      - [pid=9953][err] /home/user/.cache/ms-playwright/chromium-1234/chrome-linux64/chrome: error while loading shared libraries: libnspr4.so: cannot open shared object file: No such file or directory
      - [pid=9953] <gracefully close start>
      - [pid=9953] <kill>
      - [pid=9953] <will force kill>
      - [pid=9953] <process did exit: exitCode=127, signal=null>
      - [pid=9953] starting temporary directories cleanup
      - [pid=9953] finished temporary directories cleanup
      - [pid=9953] <gracefully close end>


    Error Context: test-results/critical-flows-representat-bb919-t-level-horizontal-overflow-chromium/error-context.md

    attachment #2: trace (application/zip) ─────────────────────────────────────────────────────────
    test-results/critical-flows-representat-bb919-t-level-horizontal-overflow-chromium/trace.zip
    Usage:

        npx playwright show-trace test-results/critical-flows-representat-bb919-t-level-horizontal-overflow-chromium/trace.zip

    ────────────────────────────────────────────────────────────────────────────────────────────────


[39/82] [chromium] › tests/e2e/critical-flows.spec.ts:2572:1 › completed four-skill vocabulary progress is terminal, persisted, and continues to discovery
  39) [chromium] › tests/e2e/critical-flows.spec.ts:2572:1 › completed four-skill vocabulary progress is terminal, persisted, and continues to discovery 

    Error: browserType.launch: Target page, context or browser has been closed
    Browser logs:

    <launching> /home/user/.cache/ms-playwright/chromium-1234/chrome-linux64/chrome --disable-field-trial-config --disable-background-networking --disable-background-timer-throttling --disable-backgrounding-occluded-windows --disable-back-forward-cache --disable-breakpad --disable-client-side-phishing-detection --disable-component-extensions-with-background-pages --disable-component-update --no-default-browser-check --disable-default-apps --disable-dev-shm-usage --disable-edgeupdater --disable-extensions --disable-features=AvoidUnnecessaryBeforeUnloadCheckSync,BoundaryEventDispatchTracksNodeRemoval,DestroyProfileOnBrowserClose,DialMediaRouteProvider,GlobalMediaControls,HttpsUpgrades,LensOverlay,MediaRouter,PaintHolding,ThirdPartyStoragePartitioning,BlockOriginHeaderModificationOnRedirect,Translate,AutoDeElevate,OptimizationHints,msForceBrowserSignIn,msEdgeUpdateLaunchServicesPreferredVersion --enable-features=CDPScreenshotNewSurface --allow-pre-commit-input --disable-hang-monitor --disable-ipc-flooding-protection --disable-popup-blocking --disable-prompt-on-repost --disable-renderer-backgrounding --disable-updater-scheduler --force-color-profile=srgb --metrics-recording-only --no-first-run --password-store=basic --use-mock-keychain --no-service-autorun --export-tagged-pdf --disable-search-engine-choice-screen --unsafely-disable-devtools-self-xss-warnings --edge-skip-compat-layer-relaunch --disable-infobars --disable-search-engine-choice-screen --disable-sync --enable-unsafe-swiftshader --headless --hide-scrollbars --mute-audio --blink-settings=primaryHoverType=2,availableHoverTypes=2,primaryPointerType=4,availablePointerTypes=4 --no-sandbox --user-data-dir=/tmp/playwright_chromiumdev_profile-WJkyTW --remote-debugging-pipe --no-startup-window
    <launched> pid=9988
    [pid=9988][err] /home/user/.cache/ms-playwright/chromium-1234/chrome-linux64/chrome: error while loading shared libraries: libnspr4.so: cannot open shared object file: No such file or directory
    Call log:
      - <launching> /home/user/.cache/ms-playwright/chromium-1234/chrome-linux64/chrome --disable-field-trial-config --disable-background-networking --disable-background-timer-throttling --disable-backgrounding-occluded-windows --disable-back-forward-cache --disable-breakpad --disable-client-side-phishing-detection --disable-component-extensions-with-background-pages --disable-component-update --no-default-browser-check --disable-default-apps --disable-dev-shm-usage --disable-edgeupdater --disable-extensions --disable-features=AvoidUnnecessaryBeforeUnloadCheckSync,BoundaryEventDispatchTracksNodeRemoval,DestroyProfileOnBrowserClose,DialMediaRouteProvider,GlobalMediaControls,HttpsUpgrades,LensOverlay,MediaRouter,PaintHolding,ThirdPartyStoragePartitioning,BlockOriginHeaderModificationOnRedirect,Translate,AutoDeElevate,OptimizationHints,msForceBrowserSignIn,msEdgeUpdateLaunchServicesPreferredVersion --enable-features=CDPScreenshotNewSurface --allow-pre-commit-input --disable-hang-monitor --disable-ipc-flooding-protection --disable-popup-blocking --disable-prompt-on-repost --disable-renderer-backgrounding --disable-updater-scheduler --force-color-profile=srgb --metrics-recording-only --no-first-run --password-store=basic --use-mock-keychain --no-service-autorun --export-tagged-pdf --disable-search-engine-choice-screen --unsafely-disable-devtools-self-xss-warnings --edge-skip-compat-layer-relaunch --disable-infobars --disable-search-engine-choice-screen --disable-sync --enable-unsafe-swiftshader --headless --hide-scrollbars --mute-audio --blink-settings=primaryHoverType=2,availableHoverTypes=2,primaryPointerType=4,availablePointerTypes=4 --no-sandbox --user-data-dir=/tmp/playwright_chromiumdev_profile-WJkyTW --remote-debugging-pipe --no-startup-window
      - <launched> pid=9988
      - [pid=9988][err] /home/user/.cache/ms-playwright/chromium-1234/chrome-linux64/chrome: error while loading shared libraries: libnspr4.so: cannot open shared object file: No such file or directory
      - [pid=9988] <gracefully close start>
      - [pid=9988] <kill>
      - [pid=9988] <will force kill>
      - [pid=9988] exception while trying to kill process: Error: kill ESRCH
      - [pid=9988] <process did exit: exitCode=127, signal=null>
      - [pid=9988] starting temporary directories cleanup
      - [pid=9988] finished temporary directories cleanup
      - [pid=9988] <gracefully close end>


    Error Context: test-results/critical-flows-completed-f-c9f54--and-continues-to-discovery-chromium/error-context.md

    attachment #2: trace (application/zip) ─────────────────────────────────────────────────────────
    test-results/critical-flows-completed-f-c9f54--and-continues-to-discovery-chromium/trace.zip
    Usage:

        npx playwright show-trace test-results/critical-flows-completed-f-c9f54--and-continues-to-discovery-chromium/trace.zip

    ────────────────────────────────────────────────────────────────────────────────────────────────


[40/82] [chromium] › tests/e2e/critical-flows.spec.ts:2609:1 › route × font-scale × compact-viewport matrix keeps context visible without text clipping or sibling overlap
  40) [chromium] › tests/e2e/critical-flows.spec.ts:2609:1 › route × font-scale × compact-viewport matrix keeps context visible without text clipping or sibling overlap 

    Error: browserType.launch: Target page, context or browser has been closed
    Browser logs:

    <launching> /home/user/.cache/ms-playwright/chromium-1234/chrome-linux64/chrome --disable-field-trial-config --disable-background-networking --disable-background-timer-throttling --disable-backgrounding-occluded-windows --disable-back-forward-cache --disable-breakpad --disable-client-side-phishing-detection --disable-component-extensions-with-background-pages --disable-component-update --no-default-browser-check --disable-default-apps --disable-dev-shm-usage --disable-edgeupdater --disable-extensions --disable-features=AvoidUnnecessaryBeforeUnloadCheckSync,BoundaryEventDispatchTracksNodeRemoval,DestroyProfileOnBrowserClose,DialMediaRouteProvider,GlobalMediaControls,HttpsUpgrades,LensOverlay,MediaRouter,PaintHolding,ThirdPartyStoragePartitioning,BlockOriginHeaderModificationOnRedirect,Translate,AutoDeElevate,OptimizationHints,msForceBrowserSignIn,msEdgeUpdateLaunchServicesPreferredVersion --enable-features=CDPScreenshotNewSurface --allow-pre-commit-input --disable-hang-monitor --disable-ipc-flooding-protection --disable-popup-blocking --disable-prompt-on-repost --disable-renderer-backgrounding --disable-updater-scheduler --force-color-profile=srgb --metrics-recording-only --no-first-run --password-store=basic --use-mock-keychain --no-service-autorun --export-tagged-pdf --disable-search-engine-choice-screen --unsafely-disable-devtools-self-xss-warnings --edge-skip-compat-layer-relaunch --disable-infobars --disable-search-engine-choice-screen --disable-sync --enable-unsafe-swiftshader --headless --hide-scrollbars --mute-audio --blink-settings=primaryHoverType=2,availableHoverTypes=2,primaryPointerType=4,availablePointerTypes=4 --no-sandbox --user-data-dir=/tmp/playwright_chromiumdev_profile-zGbjYK --remote-debugging-pipe --no-startup-window
    <launched> pid=10001
    [pid=10001][err] /home/user/.cache/ms-playwright/chromium-1234/chrome-linux64/chrome: error while loading shared libraries: libnspr4.so: cannot open shared object file: No such file or directory
    Call log:
      - <launching> /home/user/.cache/ms-playwright/chromium-1234/chrome-linux64/chrome --disable-field-trial-config --disable-background-networking --disable-background-timer-throttling --disable-backgrounding-occluded-windows --disable-back-forward-cache --disable-breakpad --disable-client-side-phishing-detection --disable-component-extensions-with-background-pages --disable-component-update --no-default-browser-check --disable-default-apps --disable-dev-shm-usage --disable-edgeupdater --disable-extensions --disable-features=AvoidUnnecessaryBeforeUnloadCheckSync,BoundaryEventDispatchTracksNodeRemoval,DestroyProfileOnBrowserClose,DialMediaRouteProvider,GlobalMediaControls,HttpsUpgrades,LensOverlay,MediaRouter,PaintHolding,ThirdPartyStoragePartitioning,BlockOriginHeaderModificationOnRedirect,Translate,AutoDeElevate,OptimizationHints,msForceBrowserSignIn,msEdgeUpdateLaunchServicesPreferredVersion --enable-features=CDPScreenshotNewSurface --allow-pre-commit-input --disable-hang-monitor --disable-ipc-flooding-protection --disable-popup-blocking --disable-prompt-on-repost --disable-renderer-backgrounding --disable-updater-scheduler --force-color-profile=srgb --metrics-recording-only --no-first-run --password-store=basic --use-mock-keychain --no-service-autorun --export-tagged-pdf --disable-search-engine-choice-screen --unsafely-disable-devtools-self-xss-warnings --edge-skip-compat-layer-relaunch --disable-infobars --disable-search-engine-choice-screen --disable-sync --enable-unsafe-swiftshader --headless --hide-scrollbars --mute-audio --blink-settings=primaryHoverType=2,availableHoverTypes=2,primaryPointerType=4,availablePointerTypes=4 --no-sandbox --user-data-dir=/tmp/playwright_chromiumdev_profile-zGbjYK --remote-debugging-pipe --no-startup-window
      - <launched> pid=10001
      - [pid=10001][err] /home/user/.cache/ms-playwright/chromium-1234/chrome-linux64/chrome: error while loading shared libraries: libnspr4.so: cannot open shared object file: No such file or directory
      - [pid=10001] <gracefully close start>
      - [pid=10001] <kill>
      - [pid=10001] <will force kill>
      - [pid=10001] exception while trying to kill process: Error: kill ESRCH
      - [pid=10001] <process did exit: exitCode=127, signal=null>
      - [pid=10001] starting temporary directories cleanup
      - [pid=10001] finished temporary directories cleanup
      - [pid=10001] <gracefully close end>


    Error Context: test-results/critical-flows-route-×-fon-064a0-clipping-or-sibling-overlap-chromium/error-context.md

    attachment #2: trace (application/zip) ─────────────────────────────────────────────────────────
    test-results/critical-flows-route-×-fon-064a0-clipping-or-sibling-overlap-chromium/trace.zip
    Usage:

        npx playwright show-trace test-results/critical-flows-route-×-fon-064a0-clipping-or-sibling-overlap-chromium/trace.zip

    ────────────────────────────────────────────────────────────────────────────────────────────────


[41/82] [chromium] › tests/e2e/critical-flows.spec.ts:2676:1 › review reminders use due SRS evidence, persist daily dismissal, and respect quiet hours
  41) [chromium] › tests/e2e/critical-flows.spec.ts:2676:1 › review reminders use due SRS evidence, persist daily dismissal, and respect quiet hours 

    Error: browserType.launch: Target page, context or browser has been closed
    Browser logs:

    <launching> /home/user/.cache/ms-playwright/chromium-1234/chrome-linux64/chrome --disable-field-trial-config --disable-background-networking --disable-background-timer-throttling --disable-backgrounding-occluded-windows --disable-back-forward-cache --disable-breakpad --disable-client-side-phishing-detection --disable-component-extensions-with-background-pages --disable-component-update --no-default-browser-check --disable-default-apps --disable-dev-shm-usage --disable-edgeupdater --disable-extensions --disable-features=AvoidUnnecessaryBeforeUnloadCheckSync,BoundaryEventDispatchTracksNodeRemoval,DestroyProfileOnBrowserClose,DialMediaRouteProvider,GlobalMediaControls,HttpsUpgrades,LensOverlay,MediaRouter,PaintHolding,ThirdPartyStoragePartitioning,BlockOriginHeaderModificationOnRedirect,Translate,AutoDeElevate,OptimizationHints,msForceBrowserSignIn,msEdgeUpdateLaunchServicesPreferredVersion --enable-features=CDPScreenshotNewSurface --allow-pre-commit-input --disable-hang-monitor --disable-ipc-flooding-protection --disable-popup-blocking --disable-prompt-on-repost --disable-renderer-backgrounding --disable-updater-scheduler --force-color-profile=srgb --metrics-recording-only --no-first-run --password-store=basic --use-mock-keychain --no-service-autorun --export-tagged-pdf --disable-search-engine-choice-screen --unsafely-disable-devtools-self-xss-warnings --edge-skip-compat-layer-relaunch --disable-infobars --disable-search-engine-choice-screen --disable-sync --enable-unsafe-swiftshader --headless --hide-scrollbars --mute-audio --blink-settings=primaryHoverType=2,availableHoverTypes=2,primaryPointerType=4,availablePointerTypes=4 --no-sandbox --user-data-dir=/tmp/playwright_chromiumdev_profile-rCdEyq --remote-debugging-pipe --no-startup-window
    <launched> pid=10014
    [pid=10014][err] /home/user/.cache/ms-playwright/chromium-1234/chrome-linux64/chrome: error while loading shared libraries: libnspr4.so: cannot open shared object file: No such file or directory
    Call log:
      - <launching> /home/user/.cache/ms-playwright/chromium-1234/chrome-linux64/chrome --disable-field-trial-config --disable-background-networking --disable-background-timer-throttling --disable-backgrounding-occluded-windows --disable-back-forward-cache --disable-breakpad --disable-client-side-phishing-detection --disable-component-extensions-with-background-pages --disable-component-update --no-default-browser-check --disable-default-apps --disable-dev-shm-usage --disable-edgeupdater --disable-extensions --disable-features=AvoidUnnecessaryBeforeUnloadCheckSync,BoundaryEventDispatchTracksNodeRemoval,DestroyProfileOnBrowserClose,DialMediaRouteProvider,GlobalMediaControls,HttpsUpgrades,LensOverlay,MediaRouter,PaintHolding,ThirdPartyStoragePartitioning,BlockOriginHeaderModificationOnRedirect,Translate,AutoDeElevate,OptimizationHints,msForceBrowserSignIn,msEdgeUpdateLaunchServicesPreferredVersion --enable-features=CDPScreenshotNewSurface --allow-pre-commit-input --disable-hang-monitor --disable-ipc-flooding-protection --disable-popup-blocking --disable-prompt-on-repost --disable-renderer-backgrounding --disable-updater-scheduler --force-color-profile=srgb --metrics-recording-only --no-first-run --password-store=basic --use-mock-keychain --no-service-autorun --export-tagged-pdf --disable-search-engine-choice-screen --unsafely-disable-devtools-self-xss-warnings --edge-skip-compat-layer-relaunch --disable-infobars --disable-search-engine-choice-screen --disable-sync --enable-unsafe-swiftshader --headless --hide-scrollbars --mute-audio --blink-settings=primaryHoverType=2,availableHoverTypes=2,primaryPointerType=4,availablePointerTypes=4 --no-sandbox --user-data-dir=/tmp/playwright_chromiumdev_profile-rCdEyq --remote-debugging-pipe --no-startup-window
      - <launched> pid=10014
      - [pid=10014][err] /home/user/.cache/ms-playwright/chromium-1234/chrome-linux64/chrome: error while loading shared libraries: libnspr4.so: cannot open shared object file: No such file or directory
      - [pid=10014] <gracefully close start>
      - [pid=10014] <kill>
      - [pid=10014] <will force kill>
      - [pid=10014] exception while trying to kill process: Error: kill ESRCH
      - [pid=10014] <process did exit: exitCode=127, signal=null>
      - [pid=10014] starting temporary directories cleanup
      - [pid=10014] finished temporary directories cleanup
      - [pid=10014] <gracefully close end>


    Error Context: test-results/critical-flows-review-remi-fe49a-sal-and-respect-quiet-hours-chromium/error-context.md

    attachment #2: trace (application/zip) ─────────────────────────────────────────────────────────
    test-results/critical-flows-review-remi-fe49a-sal-and-respect-quiet-hours-chromium/trace.zip
    Usage:

        npx playwright show-trace test-results/critical-flows-review-remi-fe49a-sal-and-respect-quiet-hours-chromium/trace.zip

    ────────────────────────────────────────────────────────────────────────────────────────────────


[42/82] [mobile-chromium] › tests/e2e/critical-flows.spec.ts:47:1 › critical pages have no automatically detectable serious WCAG violations
  42) [mobile-chromium] › tests/e2e/critical-flows.spec.ts:47:1 › critical pages have no automatically detectable serious WCAG violations 

    Error: browserType.launch: Target page, context or browser has been closed
    Browser logs:

    <launching> /home/user/.cache/ms-playwright/chromium-1234/chrome-linux64/chrome --disable-field-trial-config --disable-background-networking --disable-background-timer-throttling --disable-backgrounding-occluded-windows --disable-back-forward-cache --disable-breakpad --disable-client-side-phishing-detection --disable-component-extensions-with-background-pages --disable-component-update --no-default-browser-check --disable-default-apps --disable-dev-shm-usage --disable-edgeupdater --disable-extensions --disable-features=AvoidUnnecessaryBeforeUnloadCheckSync,BoundaryEventDispatchTracksNodeRemoval,DestroyProfileOnBrowserClose,DialMediaRouteProvider,GlobalMediaControls,HttpsUpgrades,LensOverlay,MediaRouter,PaintHolding,ThirdPartyStoragePartitioning,BlockOriginHeaderModificationOnRedirect,Translate,AutoDeElevate,OptimizationHints,msForceBrowserSignIn,msEdgeUpdateLaunchServicesPreferredVersion --enable-features=CDPScreenshotNewSurface --allow-pre-commit-input --disable-hang-monitor --disable-ipc-flooding-protection --disable-popup-blocking --disable-prompt-on-repost --disable-renderer-backgrounding --disable-updater-scheduler --force-color-profile=srgb --metrics-recording-only --no-first-run --password-store=basic --use-mock-keychain --no-service-autorun --export-tagged-pdf --disable-search-engine-choice-screen --unsafely-disable-devtools-self-xss-warnings --edge-skip-compat-layer-relaunch --disable-infobars --disable-search-engine-choice-screen --disable-sync --enable-unsafe-swiftshader --headless --hide-scrollbars --mute-audio --blink-settings=primaryHoverType=2,availableHoverTypes=2,primaryPointerType=4,availablePointerTypes=4 --no-sandbox --user-data-dir=/tmp/playwright_chromiumdev_profile-G0gtHO --remote-debugging-pipe --no-startup-window
    <launched> pid=10027
    [pid=10027][err] /home/user/.cache/ms-playwright/chromium-1234/chrome-linux64/chrome: error while loading shared libraries: libnspr4.so: cannot open shared object file: No such file or directory
    Call log:
      - <launching> /home/user/.cache/ms-playwright/chromium-1234/chrome-linux64/chrome --disable-field-trial-config --disable-background-networking --disable-background-timer-throttling --disable-backgrounding-occluded-windows --disable-back-forward-cache --disable-breakpad --disable-client-side-phishing-detection --disable-component-extensions-with-background-pages --disable-component-update --no-default-browser-check --disable-default-apps --disable-dev-shm-usage --disable-edgeupdater --disable-extensions --disable-features=AvoidUnnecessaryBeforeUnloadCheckSync,BoundaryEventDispatchTracksNodeRemoval,DestroyProfileOnBrowserClose,DialMediaRouteProvider,GlobalMediaControls,HttpsUpgrades,LensOverlay,MediaRouter,PaintHolding,ThirdPartyStoragePartitioning,BlockOriginHeaderModificationOnRedirect,Translate,AutoDeElevate,OptimizationHints,msForceBrowserSignIn,msEdgeUpdateLaunchServicesPreferredVersion --enable-features=CDPScreenshotNewSurface --allow-pre-commit-input --disable-hang-monitor --disable-ipc-flooding-protection --disable-popup-blocking --disable-prompt-on-repost --disable-renderer-backgrounding --disable-updater-scheduler --force-color-profile=srgb --metrics-recording-only --no-first-run --password-store=basic --use-mock-keychain --no-service-autorun --export-tagged-pdf --disable-search-engine-choice-screen --unsafely-disable-devtools-self-xss-warnings --edge-skip-compat-layer-relaunch --disable-infobars --disable-search-engine-choice-screen --disable-sync --enable-unsafe-swiftshader --headless --hide-scrollbars --mute-audio --blink-settings=primaryHoverType=2,availableHoverTypes=2,primaryPointerType=4,availablePointerTypes=4 --no-sandbox --user-data-dir=/tmp/playwright_chromiumdev_profile-G0gtHO --remote-debugging-pipe --no-startup-window
      - <launched> pid=10027
      - [pid=10027][err] /home/user/.cache/ms-playwright/chromium-1234/chrome-linux64/chrome: error while loading shared libraries: libnspr4.so: cannot open shared object file: No such file or directory
      - [pid=10027] <gracefully close start>
      - [pid=10027] <kill>
      - [pid=10027] <will force kill>
      - [pid=10027] exception while trying to kill process: Error: kill ESRCH
      - [pid=10027] <process did exit: exitCode=127, signal=null>
      - [pid=10027] starting temporary directories cleanup
      - [pid=10027] finished temporary directories cleanup
      - [pid=10027] <gracefully close end>


    Error Context: test-results/critical-flows-critical-pa-32fac-ble-serious-WCAG-violations-mobile-chromium/error-context.md

    attachment #2: trace (application/zip) ─────────────────────────────────────────────────────────
    test-results/critical-flows-critical-pa-32fac-ble-serious-WCAG-violations-mobile-chromium/trace.zip
    Usage:

        npx playwright show-trace test-results/critical-flows-critical-pa-32fac-ble-serious-WCAG-violations-mobile-chromium/trace.zip

    ────────────────────────────────────────────────────────────────────────────────────────────────


[43/82] [mobile-chromium] › tests/e2e/critical-flows.spec.ts:57:1 › library and exam hubs render their completed content contracts
  43) [mobile-chromium] › tests/e2e/critical-flows.spec.ts:57:1 › library and exam hubs render their completed content contracts 

    Error: browserType.launch: Target page, context or browser has been closed
    Browser logs:

    <launching> /home/user/.cache/ms-playwright/chromium-1234/chrome-linux64/chrome --disable-field-trial-config --disable-background-networking --disable-background-timer-throttling --disable-backgrounding-occluded-windows --disable-back-forward-cache --disable-breakpad --disable-client-side-phishing-detection --disable-component-extensions-with-background-pages --disable-component-update --no-default-browser-check --disable-default-apps --disable-dev-shm-usage --disable-edgeupdater --disable-extensions --disable-features=AvoidUnnecessaryBeforeUnloadCheckSync,BoundaryEventDispatchTracksNodeRemoval,DestroyProfileOnBrowserClose,DialMediaRouteProvider,GlobalMediaControls,HttpsUpgrades,LensOverlay,MediaRouter,PaintHolding,ThirdPartyStoragePartitioning,BlockOriginHeaderModificationOnRedirect,Translate,AutoDeElevate,OptimizationHints,msForceBrowserSignIn,msEdgeUpdateLaunchServicesPreferredVersion --enable-features=CDPScreenshotNewSurface --allow-pre-commit-input --disable-hang-monitor --disable-ipc-flooding-protection --disable-popup-blocking --disable-prompt-on-repost --disable-renderer-backgrounding --disable-updater-scheduler --force-color-profile=srgb --metrics-recording-only --no-first-run --password-store=basic --use-mock-keychain --no-service-autorun --export-tagged-pdf --disable-search-engine-choice-screen --unsafely-disable-devtools-self-xss-warnings --edge-skip-compat-layer-relaunch --disable-infobars --disable-search-engine-choice-screen --disable-sync --enable-unsafe-swiftshader --headless --hide-scrollbars --mute-audio --blink-settings=primaryHoverType=2,availableHoverTypes=2,primaryPointerType=4,availablePointerTypes=4 --no-sandbox --user-data-dir=/tmp/playwright_chromiumdev_profile-j0Yyq0 --remote-debugging-pipe --no-startup-window
    <launched> pid=10040
    [pid=10040][err] /home/user/.cache/ms-playwright/chromium-1234/chrome-linux64/chrome: error while loading shared libraries: libnspr4.so: cannot open shared object file: No such file or directory
    Call log:
      - <launching> /home/user/.cache/ms-playwright/chromium-1234/chrome-linux64/chrome --disable-field-trial-config --disable-background-networking --disable-background-timer-throttling --disable-backgrounding-occluded-windows --disable-back-forward-cache --disable-breakpad --disable-client-side-phishing-detection --disable-component-extensions-with-background-pages --disable-component-update --no-default-browser-check --disable-default-apps --disable-dev-shm-usage --disable-edgeupdater --disable-extensions --disable-features=AvoidUnnecessaryBeforeUnloadCheckSync,BoundaryEventDispatchTracksNodeRemoval,DestroyProfileOnBrowserClose,DialMediaRouteProvider,GlobalMediaControls,HttpsUpgrades,LensOverlay,MediaRouter,PaintHolding,ThirdPartyStoragePartitioning,BlockOriginHeaderModificationOnRedirect,Translate,AutoDeElevate,OptimizationHints,msForceBrowserSignIn,msEdgeUpdateLaunchServicesPreferredVersion --enable-features=CDPScreenshotNewSurface --allow-pre-commit-input --disable-hang-monitor --disable-ipc-flooding-protection --disable-popup-blocking --disable-prompt-on-repost --disable-renderer-backgrounding --disable-updater-scheduler --force-color-profile=srgb --metrics-recording-only --no-first-run --password-store=basic --use-mock-keychain --no-service-autorun --export-tagged-pdf --disable-search-engine-choice-screen --unsafely-disable-devtools-self-xss-warnings --edge-skip-compat-layer-relaunch --disable-infobars --disable-search-engine-choice-screen --disable-sync --enable-unsafe-swiftshader --headless --hide-scrollbars --mute-audio --blink-settings=primaryHoverType=2,availableHoverTypes=2,primaryPointerType=4,availablePointerTypes=4 --no-sandbox --user-data-dir=/tmp/playwright_chromiumdev_profile-j0Yyq0 --remote-debugging-pipe --no-startup-window
      - <launched> pid=10040
      - [pid=10040][err] /home/user/.cache/ms-playwright/chromium-1234/chrome-linux64/chrome: error while loading shared libraries: libnspr4.so: cannot open shared object file: No such file or directory
      - [pid=10040] <gracefully close start>
      - [pid=10040] <kill>
      - [pid=10040] <will force kill>
      - [pid=10040] exception while trying to kill process: Error: kill ESRCH
      - [pid=10040] <process did exit: exitCode=127, signal=null>
      - [pid=10040] starting temporary directories cleanup
      - [pid=10040] finished temporary directories cleanup
      - [pid=10040] <gracefully close end>


    Error Context: test-results/critical-flows-library-and-2477c-completed-content-contracts-mobile-chromium/error-context.md

    attachment #2: trace (application/zip) ─────────────────────────────────────────────────────────
    test-results/critical-flows-library-and-2477c-completed-content-contracts-mobile-chromium/trace.zip
    Usage:

        npx playwright show-trace test-results/critical-flows-library-and-2477c-completed-content-contracts-mobile-chromium/trace.zip

    ────────────────────────────────────────────────────────────────────────────────────────────────


[44/82] [mobile-chromium] › tests/e2e/critical-flows.spec.ts:194:1 › bilingual local search ranks German and Arabic results and returns to context
  44) [mobile-chromium] › tests/e2e/critical-flows.spec.ts:194:1 › bilingual local search ranks German and Arabic results and returns to context 

    Error: browserType.launch: Target page, context or browser has been closed
    Browser logs:

    <launching> /home/user/.cache/ms-playwright/chromium-1234/chrome-linux64/chrome --disable-field-trial-config --disable-background-networking --disable-background-timer-throttling --disable-backgrounding-occluded-windows --disable-back-forward-cache --disable-breakpad --disable-client-side-phishing-detection --disable-component-extensions-with-background-pages --disable-component-update --no-default-browser-check --disable-default-apps --disable-dev-shm-usage --disable-edgeupdater --disable-extensions --disable-features=AvoidUnnecessaryBeforeUnloadCheckSync,BoundaryEventDispatchTracksNodeRemoval,DestroyProfileOnBrowserClose,DialMediaRouteProvider,GlobalMediaControls,HttpsUpgrades,LensOverlay,MediaRouter,PaintHolding,ThirdPartyStoragePartitioning,BlockOriginHeaderModificationOnRedirect,Translate,AutoDeElevate,OptimizationHints,msForceBrowserSignIn,msEdgeUpdateLaunchServicesPreferredVersion --enable-features=CDPScreenshotNewSurface --allow-pre-commit-input --disable-hang-monitor --disable-ipc-flooding-protection --disable-popup-blocking --disable-prompt-on-repost --disable-renderer-backgrounding --disable-updater-scheduler --force-color-profile=srgb --metrics-recording-only --no-first-run --password-store=basic --use-mock-keychain --no-service-autorun --export-tagged-pdf --disable-search-engine-choice-screen --unsafely-disable-devtools-self-xss-warnings --edge-skip-compat-layer-relaunch --disable-infobars --disable-search-engine-choice-screen --disable-sync --enable-unsafe-swiftshader --headless --hide-scrollbars --mute-audio --blink-settings=primaryHoverType=2,availableHoverTypes=2,primaryPointerType=4,availablePointerTypes=4 --no-sandbox --user-data-dir=/tmp/playwright_chromiumdev_profile-KfriXA --remote-debugging-pipe --no-startup-window
    <launched> pid=10053
    [pid=10053][err] /home/user/.cache/ms-playwright/chromium-1234/chrome-linux64/chrome: error while loading shared libraries: libnspr4.so: cannot open shared object file: No such file or directory
    Call log:
      - <launching> /home/user/.cache/ms-playwright/chromium-1234/chrome-linux64/chrome --disable-field-trial-config --disable-background-networking --disable-background-timer-throttling --disable-backgrounding-occluded-windows --disable-back-forward-cache --disable-breakpad --disable-client-side-phishing-detection --disable-component-extensions-with-background-pages --disable-component-update --no-default-browser-check --disable-default-apps --disable-dev-shm-usage --disable-edgeupdater --disable-extensions --disable-features=AvoidUnnecessaryBeforeUnloadCheckSync,BoundaryEventDispatchTracksNodeRemoval,DestroyProfileOnBrowserClose,DialMediaRouteProvider,GlobalMediaControls,HttpsUpgrades,LensOverlay,MediaRouter,PaintHolding,ThirdPartyStoragePartitioning,BlockOriginHeaderModificationOnRedirect,Translate,AutoDeElevate,OptimizationHints,msForceBrowserSignIn,msEdgeUpdateLaunchServicesPreferredVersion --enable-features=CDPScreenshotNewSurface --allow-pre-commit-input --disable-hang-monitor --disable-ipc-flooding-protection --disable-popup-blocking --disable-prompt-on-repost --disable-renderer-backgrounding --disable-updater-scheduler --force-color-profile=srgb --metrics-recording-only --no-first-run --password-store=basic --use-mock-keychain --no-service-autorun --export-tagged-pdf --disable-search-engine-choice-screen --unsafely-disable-devtools-self-xss-warnings --edge-skip-compat-layer-relaunch --disable-infobars --disable-search-engine-choice-screen --disable-sync --enable-unsafe-swiftshader --headless --hide-scrollbars --mute-audio --blink-settings=primaryHoverType=2,availableHoverTypes=2,primaryPointerType=4,availablePointerTypes=4 --no-sandbox --user-data-dir=/tmp/playwright_chromiumdev_profile-KfriXA --remote-debugging-pipe --no-startup-window
      - <launched> pid=10053
      - [pid=10053][err] /home/user/.cache/ms-playwright/chromium-1234/chrome-linux64/chrome: error while loading shared libraries: libnspr4.so: cannot open shared object file: No such file or directory
      - [pid=10053] <gracefully close start>
      - [pid=10053] <kill>
      - [pid=10053] <will force kill>
      - [pid=10053] exception while trying to kill process: Error: kill ESRCH
      - [pid=10053] <process did exit: exitCode=127, signal=null>
      - [pid=10053] starting temporary directories cleanup
      - [pid=10053] finished temporary directories cleanup
      - [pid=10053] <gracefully close end>


    Error Context: test-results/critical-flows-bilingual-l-c12d4-ults-and-returns-to-context-mobile-chromium/error-context.md

    attachment #2: trace (application/zip) ─────────────────────────────────────────────────────────
    test-results/critical-flows-bilingual-l-c12d4-ults-and-returns-to-context-mobile-chromium/trace.zip
    Usage:

        npx playwright show-trace test-results/critical-flows-bilingual-l-c12d4-ults-and-returns-to-context-mobile-chromium/trace.zip

    ────────────────────────────────────────────────────────────────────────────────────────────────


[45/82] [mobile-chromium] › tests/e2e/critical-flows.spec.ts:232:1 › visual accessibility preferences preview immediately, persist, reset, and respect system motion
  45) [mobile-chromium] › tests/e2e/critical-flows.spec.ts:232:1 › visual accessibility preferences preview immediately, persist, reset, and respect system motion 

    Error: browserType.launch: Target page, context or browser has been closed
    Browser logs:

    <launching> /home/user/.cache/ms-playwright/chromium-1234/chrome-linux64/chrome --disable-field-trial-config --disable-background-networking --disable-background-timer-throttling --disable-backgrounding-occluded-windows --disable-back-forward-cache --disable-breakpad --disable-client-side-phishing-detection --disable-component-extensions-with-background-pages --disable-component-update --no-default-browser-check --disable-default-apps --disable-dev-shm-usage --disable-edgeupdater --disable-extensions --disable-features=AvoidUnnecessaryBeforeUnloadCheckSync,BoundaryEventDispatchTracksNodeRemoval,DestroyProfileOnBrowserClose,DialMediaRouteProvider,GlobalMediaControls,HttpsUpgrades,LensOverlay,MediaRouter,PaintHolding,ThirdPartyStoragePartitioning,BlockOriginHeaderModificationOnRedirect,Translate,AutoDeElevate,OptimizationHints,msForceBrowserSignIn,msEdgeUpdateLaunchServicesPreferredVersion --enable-features=CDPScreenshotNewSurface --allow-pre-commit-input --disable-hang-monitor --disable-ipc-flooding-protection --disable-popup-blocking --disable-prompt-on-repost --disable-renderer-backgrounding --disable-updater-scheduler --force-color-profile=srgb --metrics-recording-only --no-first-run --password-store=basic --use-mock-keychain --no-service-autorun --export-tagged-pdf --disable-search-engine-choice-screen --unsafely-disable-devtools-self-xss-warnings --edge-skip-compat-layer-relaunch --disable-infobars --disable-search-engine-choice-screen --disable-sync --enable-unsafe-swiftshader --headless --hide-scrollbars --mute-audio --blink-settings=primaryHoverType=2,availableHoverTypes=2,primaryPointerType=4,availablePointerTypes=4 --no-sandbox --user-data-dir=/tmp/playwright_chromiumdev_profile-315z1e --remote-debugging-pipe --no-startup-window
    <launched> pid=10066
    [pid=10066][err] /home/user/.cache/ms-playwright/chromium-1234/chrome-linux64/chrome: error while loading shared libraries: libnspr4.so: cannot open shared object file: No such file or directory
    Call log:
      - <launching> /home/user/.cache/ms-playwright/chromium-1234/chrome-linux64/chrome --disable-field-trial-config --disable-background-networking --disable-background-timer-throttling --disable-backgrounding-occluded-windows --disable-back-forward-cache --disable-breakpad --disable-client-side-phishing-detection --disable-component-extensions-with-background-pages --disable-component-update --no-default-browser-check --disable-default-apps --disable-dev-shm-usage --disable-edgeupdater --disable-extensions --disable-features=AvoidUnnecessaryBeforeUnloadCheckSync,BoundaryEventDispatchTracksNodeRemoval,DestroyProfileOnBrowserClose,DialMediaRouteProvider,GlobalMediaControls,HttpsUpgrades,LensOverlay,MediaRouter,PaintHolding,ThirdPartyStoragePartitioning,BlockOriginHeaderModificationOnRedirect,Translate,AutoDeElevate,OptimizationHints,msForceBrowserSignIn,msEdgeUpdateLaunchServicesPreferredVersion --enable-features=CDPScreenshotNewSurface --allow-pre-commit-input --disable-hang-monitor --disable-ipc-flooding-protection --disable-popup-blocking --disable-prompt-on-repost --disable-renderer-backgrounding --disable-updater-scheduler --force-color-profile=srgb --metrics-recording-only --no-first-run --password-store=basic --use-mock-keychain --no-service-autorun --export-tagged-pdf --disable-search-engine-choice-screen --unsafely-disable-devtools-self-xss-warnings --edge-skip-compat-layer-relaunch --disable-infobars --disable-search-engine-choice-screen --disable-sync --enable-unsafe-swiftshader --headless --hide-scrollbars --mute-audio --blink-settings=primaryHoverType=2,availableHoverTypes=2,primaryPointerType=4,availablePointerTypes=4 --no-sandbox --user-data-dir=/tmp/playwright_chromiumdev_profile-315z1e --remote-debugging-pipe --no-startup-window
      - <launched> pid=10066
      - [pid=10066][err] /home/user/.cache/ms-playwright/chromium-1234/chrome-linux64/chrome: error while loading shared libraries: libnspr4.so: cannot open shared object file: No such file or directory
      - [pid=10066] <gracefully close start>
      - [pid=10066] <kill>
      - [pid=10066] <will force kill>
      - [pid=10066] exception while trying to kill process: Error: kill ESRCH
      - [pid=10066] <process did exit: exitCode=127, signal=null>
      - [pid=10066] starting temporary directories cleanup
      - [pid=10066] finished temporary directories cleanup
      - [pid=10066] <gracefully close end>


    Error Context: test-results/critical-flows-visual-acce-04b5b-t-and-respect-system-motion-mobile-chromium/error-context.md

    attachment #2: trace (application/zip) ─────────────────────────────────────────────────────────
    test-results/critical-flows-visual-acce-04b5b-t-and-respect-system-motion-mobile-chromium/trace.zip
    Usage:

        npx playwright show-trace test-results/critical-flows-visual-acce-04b5b-t-and-respect-system-motion-mobile-chromium/trace.zip

    ────────────────────────────────────────────────────────────────────────────────────────────────


[46/82] [mobile-chromium] › tests/e2e/critical-flows.spec.ts:308:1 › P0 exam readiness stays provider-scoped and exposes weak modules instead of one average
  46) [mobile-chromium] › tests/e2e/critical-flows.spec.ts:308:1 › P0 exam readiness stays provider-scoped and exposes weak modules instead of one average 

    Error: browserType.launch: Target page, context or browser has been closed
    Browser logs:

    <launching> /home/user/.cache/ms-playwright/chromium-1234/chrome-linux64/chrome --disable-field-trial-config --disable-background-networking --disable-background-timer-throttling --disable-backgrounding-occluded-windows --disable-back-forward-cache --disable-breakpad --disable-client-side-phishing-detection --disable-component-extensions-with-background-pages --disable-component-update --no-default-browser-check --disable-default-apps --disable-dev-shm-usage --disable-edgeupdater --disable-extensions --disable-features=AvoidUnnecessaryBeforeUnloadCheckSync,BoundaryEventDispatchTracksNodeRemoval,DestroyProfileOnBrowserClose,DialMediaRouteProvider,GlobalMediaControls,HttpsUpgrades,LensOverlay,MediaRouter,PaintHolding,ThirdPartyStoragePartitioning,BlockOriginHeaderModificationOnRedirect,Translate,AutoDeElevate,OptimizationHints,msForceBrowserSignIn,msEdgeUpdateLaunchServicesPreferredVersion --enable-features=CDPScreenshotNewSurface --allow-pre-commit-input --disable-hang-monitor --disable-ipc-flooding-protection --disable-popup-blocking --disable-prompt-on-repost --disable-renderer-backgrounding --disable-updater-scheduler --force-color-profile=srgb --metrics-recording-only --no-first-run --password-store=basic --use-mock-keychain --no-service-autorun --export-tagged-pdf --disable-search-engine-choice-screen --unsafely-disable-devtools-self-xss-warnings --edge-skip-compat-layer-relaunch --disable-infobars --disable-search-engine-choice-screen --disable-sync --enable-unsafe-swiftshader --headless --hide-scrollbars --mute-audio --blink-settings=primaryHoverType=2,availableHoverTypes=2,primaryPointerType=4,availablePointerTypes=4 --no-sandbox --user-data-dir=/tmp/playwright_chromiumdev_profile-OsLpaz --remote-debugging-pipe --no-startup-window
    <launched> pid=10079
    [pid=10079][err] /home/user/.cache/ms-playwright/chromium-1234/chrome-linux64/chrome: error while loading shared libraries: libnspr4.so: cannot open shared object file: No such file or directory
    Call log:
      - <launching> /home/user/.cache/ms-playwright/chromium-1234/chrome-linux64/chrome --disable-field-trial-config --disable-background-networking --disable-background-timer-throttling --disable-backgrounding-occluded-windows --disable-back-forward-cache --disable-breakpad --disable-client-side-phishing-detection --disable-component-extensions-with-background-pages --disable-component-update --no-default-browser-check --disable-default-apps --disable-dev-shm-usage --disable-edgeupdater --disable-extensions --disable-features=AvoidUnnecessaryBeforeUnloadCheckSync,BoundaryEventDispatchTracksNodeRemoval,DestroyProfileOnBrowserClose,DialMediaRouteProvider,GlobalMediaControls,HttpsUpgrades,LensOverlay,MediaRouter,PaintHolding,ThirdPartyStoragePartitioning,BlockOriginHeaderModificationOnRedirect,Translate,AutoDeElevate,OptimizationHints,msForceBrowserSignIn,msEdgeUpdateLaunchServicesPreferredVersion --enable-features=CDPScreenshotNewSurface --allow-pre-commit-input --disable-hang-monitor --disable-ipc-flooding-protection --disable-popup-blocking --disable-prompt-on-repost --disable-renderer-backgrounding --disable-updater-scheduler --force-color-profile=srgb --metrics-recording-only --no-first-run --password-store=basic --use-mock-keychain --no-service-autorun --export-tagged-pdf --disable-search-engine-choice-screen --unsafely-disable-devtools-self-xss-warnings --edge-skip-compat-layer-relaunch --disable-infobars --disable-search-engine-choice-screen --disable-sync --enable-unsafe-swiftshader --headless --hide-scrollbars --mute-audio --blink-settings=primaryHoverType=2,availableHoverTypes=2,primaryPointerType=4,availablePointerTypes=4 --no-sandbox --user-data-dir=/tmp/playwright_chromiumdev_profile-OsLpaz --remote-debugging-pipe --no-startup-window
      - <launched> pid=10079
      - [pid=10079][err] /home/user/.cache/ms-playwright/chromium-1234/chrome-linux64/chrome: error while loading shared libraries: libnspr4.so: cannot open shared object file: No such file or directory
      - [pid=10079] <gracefully close start>
      - [pid=10079] <kill>
      - [pid=10079] <will force kill>
      - [pid=10079] <process did exit: exitCode=127, signal=null>
      - [pid=10079] starting temporary directories cleanup
      - [pid=10079] finished temporary directories cleanup
      - [pid=10079] <gracefully close end>


    Error Context: test-results/critical-flows-P0-exam-rea-7eb37-ules-instead-of-one-average-mobile-chromium/error-context.md

    attachment #2: trace (application/zip) ─────────────────────────────────────────────────────────
    test-results/critical-flows-P0-exam-rea-7eb37-ules-instead-of-one-average-mobile-chromium/trace.zip
    Usage:

        npx playwright show-trace test-results/critical-flows-P0-exam-rea-7eb37-ules-instead-of-one-average-mobile-chromium/trace.zip

    ────────────────────────────────────────────────────────────────────────────────────────────────


[47/82] [mobile-chromium] › tests/e2e/critical-flows.spec.ts:354:1 › P0 onboarding captures goals and an explicit device-check skip locally
  47) [mobile-chromium] › tests/e2e/critical-flows.spec.ts:354:1 › P0 onboarding captures goals and an explicit device-check skip locally 

    Error: browserType.launch: Target page, context or browser has been closed
    Browser logs:

    <launching> /home/user/.cache/ms-playwright/chromium-1234/chrome-linux64/chrome --disable-field-trial-config --disable-background-networking --disable-background-timer-throttling --disable-backgrounding-occluded-windows --disable-back-forward-cache --disable-breakpad --disable-client-side-phishing-detection --disable-component-extensions-with-background-pages --disable-component-update --no-default-browser-check --disable-default-apps --disable-dev-shm-usage --disable-edgeupdater --disable-extensions --disable-features=AvoidUnnecessaryBeforeUnloadCheckSync,BoundaryEventDispatchTracksNodeRemoval,DestroyProfileOnBrowserClose,DialMediaRouteProvider,GlobalMediaControls,HttpsUpgrades,LensOverlay,MediaRouter,PaintHolding,ThirdPartyStoragePartitioning,BlockOriginHeaderModificationOnRedirect,Translate,AutoDeElevate,OptimizationHints,msForceBrowserSignIn,msEdgeUpdateLaunchServicesPreferredVersion --enable-features=CDPScreenshotNewSurface --allow-pre-commit-input --disable-hang-monitor --disable-ipc-flooding-protection --disable-popup-blocking --disable-prompt-on-repost --disable-renderer-backgrounding --disable-updater-scheduler --force-color-profile=srgb --metrics-recording-only --no-first-run --password-store=basic --use-mock-keychain --no-service-autorun --export-tagged-pdf --disable-search-engine-choice-screen --unsafely-disable-devtools-self-xss-warnings --edge-skip-compat-layer-relaunch --disable-infobars --disable-search-engine-choice-screen --disable-sync --enable-unsafe-swiftshader --headless --hide-scrollbars --mute-audio --blink-settings=primaryHoverType=2,availableHoverTypes=2,primaryPointerType=4,availablePointerTypes=4 --no-sandbox --user-data-dir=/tmp/playwright_chromiumdev_profile-Rr732G --remote-debugging-pipe --no-startup-window
    <launched> pid=10139
    [pid=10139][err] /home/user/.cache/ms-playwright/chromium-1234/chrome-linux64/chrome: error while loading shared libraries: libnspr4.so: cannot open shared object file: No such file or directory
    Call log:
      - <launching> /home/user/.cache/ms-playwright/chromium-1234/chrome-linux64/chrome --disable-field-trial-config --disable-background-networking --disable-background-timer-throttling --disable-backgrounding-occluded-windows --disable-back-forward-cache --disable-breakpad --disable-client-side-phishing-detection --disable-component-extensions-with-background-pages --disable-component-update --no-default-browser-check --disable-default-apps --disable-dev-shm-usage --disable-edgeupdater --disable-extensions --disable-features=AvoidUnnecessaryBeforeUnloadCheckSync,BoundaryEventDispatchTracksNodeRemoval,DestroyProfileOnBrowserClose,DialMediaRouteProvider,GlobalMediaControls,HttpsUpgrades,LensOverlay,MediaRouter,PaintHolding,ThirdPartyStoragePartitioning,BlockOriginHeaderModificationOnRedirect,Translate,AutoDeElevate,OptimizationHints,msForceBrowserSignIn,msEdgeUpdateLaunchServicesPreferredVersion --enable-features=CDPScreenshotNewSurface --allow-pre-commit-input --disable-hang-monitor --disable-ipc-flooding-protection --disable-popup-blocking --disable-prompt-on-repost --disable-renderer-backgrounding --disable-updater-scheduler --force-color-profile=srgb --metrics-recording-only --no-first-run --password-store=basic --use-mock-keychain --no-service-autorun --export-tagged-pdf --disable-search-engine-choice-screen --unsafely-disable-devtools-self-xss-warnings --edge-skip-compat-layer-relaunch --disable-infobars --disable-search-engine-choice-screen --disable-sync --enable-unsafe-swiftshader --headless --hide-scrollbars --mute-audio --blink-settings=primaryHoverType=2,availableHoverTypes=2,primaryPointerType=4,availablePointerTypes=4 --no-sandbox --user-data-dir=/tmp/playwright_chromiumdev_profile-Rr732G --remote-debugging-pipe --no-startup-window
      - <launched> pid=10139
      - [pid=10139][err] /home/user/.cache/ms-playwright/chromium-1234/chrome-linux64/chrome: error while loading shared libraries: libnspr4.so: cannot open shared object file: No such file or directory
      - [pid=10139] <gracefully close start>
      - [pid=10139] <kill>
      - [pid=10139] <will force kill>
      - [pid=10139] exception while trying to kill process: Error: kill ESRCH
      - [pid=10139] <process did exit: exitCode=127, signal=null>
      - [pid=10139] starting temporary directories cleanup
      - [pid=10139] finished temporary directories cleanup
      - [pid=10139] <gracefully close end>


    Error Context: test-results/critical-flows-P0-onboardi-2e033-t-device-check-skip-locally-mobile-chromium/error-context.md

    attachment #2: trace (application/zip) ─────────────────────────────────────────────────────────
    test-results/critical-flows-P0-onboardi-2e033-t-device-check-skip-locally-mobile-chromium/trace.zip
    Usage:

        npx playwright show-trace test-results/critical-flows-P0-onboardi-2e033-t-device-check-skip-locally-mobile-chromium/trace.zip

    ────────────────────────────────────────────────────────────────────────────────────────────────


[48/82] [mobile-chromium] › tests/e2e/critical-flows.spec.ts:400:1 › an absolute beginner starts A1 step by step and never receives an isolated writing demand
  48) [mobile-chromium] › tests/e2e/critical-flows.spec.ts:400:1 › an absolute beginner starts A1 step by step and never receives an isolated writing demand 

    Error: browserType.launch: Target page, context or browser has been closed
    Browser logs:

    <launching> /home/user/.cache/ms-playwright/chromium-1234/chrome-linux64/chrome --disable-field-trial-config --disable-background-networking --disable-background-timer-throttling --disable-backgrounding-occluded-windows --disable-back-forward-cache --disable-breakpad --disable-client-side-phishing-detection --disable-component-extensions-with-background-pages --disable-component-update --no-default-browser-check --disable-default-apps --disable-dev-shm-usage --disable-edgeupdater --disable-extensions --disable-features=AvoidUnnecessaryBeforeUnloadCheckSync,BoundaryEventDispatchTracksNodeRemoval,DestroyProfileOnBrowserClose,DialMediaRouteProvider,GlobalMediaControls,HttpsUpgrades,LensOverlay,MediaRouter,PaintHolding,ThirdPartyStoragePartitioning,BlockOriginHeaderModificationOnRedirect,Translate,AutoDeElevate,OptimizationHints,msForceBrowserSignIn,msEdgeUpdateLaunchServicesPreferredVersion --enable-features=CDPScreenshotNewSurface --allow-pre-commit-input --disable-hang-monitor --disable-ipc-flooding-protection --disable-popup-blocking --disable-prompt-on-repost --disable-renderer-backgrounding --disable-updater-scheduler --force-color-profile=srgb --metrics-recording-only --no-first-run --password-store=basic --use-mock-keychain --no-service-autorun --export-tagged-pdf --disable-search-engine-choice-screen --unsafely-disable-devtools-self-xss-warnings --edge-skip-compat-layer-relaunch --disable-infobars --disable-search-engine-choice-screen --disable-sync --enable-unsafe-swiftshader --headless --hide-scrollbars --mute-audio --blink-settings=primaryHoverType=2,availableHoverTypes=2,primaryPointerType=4,availablePointerTypes=4 --no-sandbox --user-data-dir=/tmp/playwright_chromiumdev_profile-lOT0IT --remote-debugging-pipe --no-startup-window
    <launched> pid=10152
    [pid=10152][err] /home/user/.cache/ms-playwright/chromium-1234/chrome-linux64/chrome: error while loading shared libraries: libnspr4.so: cannot open shared object file: No such file or directory
    Call log:
      - <launching> /home/user/.cache/ms-playwright/chromium-1234/chrome-linux64/chrome --disable-field-trial-config --disable-background-networking --disable-background-timer-throttling --disable-backgrounding-occluded-windows --disable-back-forward-cache --disable-breakpad --disable-client-side-phishing-detection --disable-component-extensions-with-background-pages --disable-component-update --no-default-browser-check --disable-default-apps --disable-dev-shm-usage --disable-edgeupdater --disable-extensions --disable-features=AvoidUnnecessaryBeforeUnloadCheckSync,BoundaryEventDispatchTracksNodeRemoval,DestroyProfileOnBrowserClose,DialMediaRouteProvider,GlobalMediaControls,HttpsUpgrades,LensOverlay,MediaRouter,PaintHolding,ThirdPartyStoragePartitioning,BlockOriginHeaderModificationOnRedirect,Translate,AutoDeElevate,OptimizationHints,msForceBrowserSignIn,msEdgeUpdateLaunchServicesPreferredVersion --enable-features=CDPScreenshotNewSurface --allow-pre-commit-input --disable-hang-monitor --disable-ipc-flooding-protection --disable-popup-blocking --disable-prompt-on-repost --disable-renderer-backgrounding --disable-updater-scheduler --force-color-profile=srgb --metrics-recording-only --no-first-run --password-store=basic --use-mock-keychain --no-service-autorun --export-tagged-pdf --disable-search-engine-choice-screen --unsafely-disable-devtools-self-xss-warnings --edge-skip-compat-layer-relaunch --disable-infobars --disable-search-engine-choice-screen --disable-sync --enable-unsafe-swiftshader --headless --hide-scrollbars --mute-audio --blink-settings=primaryHoverType=2,availableHoverTypes=2,primaryPointerType=4,availablePointerTypes=4 --no-sandbox --user-data-dir=/tmp/playwright_chromiumdev_profile-lOT0IT --remote-debugging-pipe --no-startup-window
      - <launched> pid=10152
      - [pid=10152][err] /home/user/.cache/ms-playwright/chromium-1234/chrome-linux64/chrome: error while loading shared libraries: libnspr4.so: cannot open shared object file: No such file or directory
      - [pid=10152] <gracefully close start>
      - [pid=10152] <kill>
      - [pid=10152] <will force kill>
      - [pid=10152] exception while trying to kill process: Error: kill ESRCH
      - [pid=10152] <process did exit: exitCode=127, signal=null>
      - [pid=10152] starting temporary directories cleanup
      - [pid=10152] finished temporary directories cleanup
      - [pid=10152] <gracefully close end>


    Error Context: test-results/critical-flows-an-absolute-f17ee--an-isolated-writing-demand-mobile-chromium/error-context.md

    attachment #2: trace (application/zip) ─────────────────────────────────────────────────────────
    test-results/critical-flows-an-absolute-f17ee--an-isolated-writing-demand-mobile-chromium/trace.zip
    Usage:

        npx playwright show-trace test-results/critical-flows-an-absolute-f17ee--an-isolated-writing-demand-mobile-chromium/trace.zip

    ────────────────────────────────────────────────────────────────────────────────────────────────


[49/82] [mobile-chromium] › tests/e2e/critical-flows.spec.ts:425:1 › P0 adaptive diagnostic stops at a clear boundary and stores four skill scores
  49) [mobile-chromium] › tests/e2e/critical-flows.spec.ts:425:1 › P0 adaptive diagnostic stops at a clear boundary and stores four skill scores 

    Error: browserType.launch: Target page, context or browser has been closed
    Browser logs:

    <launching> /home/user/.cache/ms-playwright/chromium-1234/chrome-linux64/chrome --disable-field-trial-config --disable-background-networking --disable-background-timer-throttling --disable-backgrounding-occluded-windows --disable-back-forward-cache --disable-breakpad --disable-client-side-phishing-detection --disable-component-extensions-with-background-pages --disable-component-update --no-default-browser-check --disable-default-apps --disable-dev-shm-usage --disable-edgeupdater --disable-extensions --disable-features=AvoidUnnecessaryBeforeUnloadCheckSync,BoundaryEventDispatchTracksNodeRemoval,DestroyProfileOnBrowserClose,DialMediaRouteProvider,GlobalMediaControls,HttpsUpgrades,LensOverlay,MediaRouter,PaintHolding,ThirdPartyStoragePartitioning,BlockOriginHeaderModificationOnRedirect,Translate,AutoDeElevate,OptimizationHints,msForceBrowserSignIn,msEdgeUpdateLaunchServicesPreferredVersion --enable-features=CDPScreenshotNewSurface --allow-pre-commit-input --disable-hang-monitor --disable-ipc-flooding-protection --disable-popup-blocking --disable-prompt-on-repost --disable-renderer-backgrounding --disable-updater-scheduler --force-color-profile=srgb --metrics-recording-only --no-first-run --password-store=basic --use-mock-keychain --no-service-autorun --export-tagged-pdf --disable-search-engine-choice-screen --unsafely-disable-devtools-self-xss-warnings --edge-skip-compat-layer-relaunch --disable-infobars --disable-search-engine-choice-screen --disable-sync --enable-unsafe-swiftshader --headless --hide-scrollbars --mute-audio --blink-settings=primaryHoverType=2,availableHoverTypes=2,primaryPointerType=4,availablePointerTypes=4 --no-sandbox --user-data-dir=/tmp/playwright_chromiumdev_profile-V74DVA --remote-debugging-pipe --no-startup-window
    <launched> pid=10165
    [pid=10165][err] /home/user/.cache/ms-playwright/chromium-1234/chrome-linux64/chrome: error while loading shared libraries: libnspr4.so: cannot open shared object file: No such file or directory
    Call log:
      - <launching> /home/user/.cache/ms-playwright/chromium-1234/chrome-linux64/chrome --disable-field-trial-config --disable-background-networking --disable-background-timer-throttling --disable-backgrounding-occluded-windows --disable-back-forward-cache --disable-breakpad --disable-client-side-phishing-detection --disable-component-extensions-with-background-pages --disable-component-update --no-default-browser-check --disable-default-apps --disable-dev-shm-usage --disable-edgeupdater --disable-extensions --disable-features=AvoidUnnecessaryBeforeUnloadCheckSync,BoundaryEventDispatchTracksNodeRemoval,DestroyProfileOnBrowserClose,DialMediaRouteProvider,GlobalMediaControls,HttpsUpgrades,LensOverlay,MediaRouter,PaintHolding,ThirdPartyStoragePartitioning,BlockOriginHeaderModificationOnRedirect,Translate,AutoDeElevate,OptimizationHints,msForceBrowserSignIn,msEdgeUpdateLaunchServicesPreferredVersion --enable-features=CDPScreenshotNewSurface --allow-pre-commit-input --disable-hang-monitor --disable-ipc-flooding-protection --disable-popup-blocking --disable-prompt-on-repost --disable-renderer-backgrounding --disable-updater-scheduler --force-color-profile=srgb --metrics-recording-only --no-first-run --password-store=basic --use-mock-keychain --no-service-autorun --export-tagged-pdf --disable-search-engine-choice-screen --unsafely-disable-devtools-self-xss-warnings --edge-skip-compat-layer-relaunch --disable-infobars --disable-search-engine-choice-screen --disable-sync --enable-unsafe-swiftshader --headless --hide-scrollbars --mute-audio --blink-settings=primaryHoverType=2,availableHoverTypes=2,primaryPointerType=4,availablePointerTypes=4 --no-sandbox --user-data-dir=/tmp/playwright_chromiumdev_profile-V74DVA --remote-debugging-pipe --no-startup-window
      - <launched> pid=10165
      - [pid=10165][err] /home/user/.cache/ms-playwright/chromium-1234/chrome-linux64/chrome: error while loading shared libraries: libnspr4.so: cannot open shared object file: No such file or directory
      - [pid=10165] <gracefully close start>
      - [pid=10165] <kill>
      - [pid=10165] <will force kill>
      - [pid=10165] <process did exit: exitCode=127, signal=null>
      - [pid=10165] starting temporary directories cleanup
      - [pid=10165] finished temporary directories cleanup
      - [pid=10165] <gracefully close end>


    Error Context: test-results/critical-flows-P0-adaptive-03817-nd-stores-four-skill-scores-mobile-chromium/error-context.md

    attachment #2: trace (application/zip) ─────────────────────────────────────────────────────────
    test-results/critical-flows-P0-adaptive-03817-nd-stores-four-skill-scores-mobile-chromium/trace.zip
    Usage:

        npx playwright show-trace test-results/critical-flows-P0-adaptive-03817-nd-stores-four-skill-scores-mobile-chromium/trace.zip

    ────────────────────────────────────────────────────────────────────────────────────────────────


[50/82] [mobile-chromium] › tests/e2e/critical-flows.spec.ts:464:1 › P0 tutor requires per-send consent, validates structured JSON, and deletes its local trace
  50) [mobile-chromium] › tests/e2e/critical-flows.spec.ts:464:1 › P0 tutor requires per-send consent, validates structured JSON, and deletes its local trace 

    Error: browserType.launch: Target page, context or browser has been closed
    Browser logs:

    <launching> /home/user/.cache/ms-playwright/chromium-1234/chrome-linux64/chrome --disable-field-trial-config --disable-background-networking --disable-background-timer-throttling --disable-backgrounding-occluded-windows --disable-back-forward-cache --disable-breakpad --disable-client-side-phishing-detection --disable-component-extensions-with-background-pages --disable-component-update --no-default-browser-check --disable-default-apps --disable-dev-shm-usage --disable-edgeupdater --disable-extensions --disable-features=AvoidUnnecessaryBeforeUnloadCheckSync,BoundaryEventDispatchTracksNodeRemoval,DestroyProfileOnBrowserClose,DialMediaRouteProvider,GlobalMediaControls,HttpsUpgrades,LensOverlay,MediaRouter,PaintHolding,ThirdPartyStoragePartitioning,BlockOriginHeaderModificationOnRedirect,Translate,AutoDeElevate,OptimizationHints,msForceBrowserSignIn,msEdgeUpdateLaunchServicesPreferredVersion --enable-features=CDPScreenshotNewSurface --allow-pre-commit-input --disable-hang-monitor --disable-ipc-flooding-protection --disable-popup-blocking --disable-prompt-on-repost --disable-renderer-backgrounding --disable-updater-scheduler --force-color-profile=srgb --metrics-recording-only --no-first-run --password-store=basic --use-mock-keychain --no-service-autorun --export-tagged-pdf --disable-search-engine-choice-screen --unsafely-disable-devtools-self-xss-warnings --edge-skip-compat-layer-relaunch --disable-infobars --disable-search-engine-choice-screen --disable-sync --enable-unsafe-swiftshader --headless --hide-scrollbars --mute-audio --blink-settings=primaryHoverType=2,availableHoverTypes=2,primaryPointerType=4,availablePointerTypes=4 --no-sandbox --user-data-dir=/tmp/playwright_chromiumdev_profile-ltXMqd --remote-debugging-pipe --no-startup-window
    <launched> pid=10178
    [pid=10178][err] /home/user/.cache/ms-playwright/chromium-1234/chrome-linux64/chrome: error while loading shared libraries: libnspr4.so: cannot open shared object file: No such file or directory
    Call log:
      - <launching> /home/user/.cache/ms-playwright/chromium-1234/chrome-linux64/chrome --disable-field-trial-config --disable-background-networking --disable-background-timer-throttling --disable-backgrounding-occluded-windows --disable-back-forward-cache --disable-breakpad --disable-client-side-phishing-detection --disable-component-extensions-with-background-pages --disable-component-update --no-default-browser-check --disable-default-apps --disable-dev-shm-usage --disable-edgeupdater --disable-extensions --disable-features=AvoidUnnecessaryBeforeUnloadCheckSync,BoundaryEventDispatchTracksNodeRemoval,DestroyProfileOnBrowserClose,DialMediaRouteProvider,GlobalMediaControls,HttpsUpgrades,LensOverlay,MediaRouter,PaintHolding,ThirdPartyStoragePartitioning,BlockOriginHeaderModificationOnRedirect,Translate,AutoDeElevate,OptimizationHints,msForceBrowserSignIn,msEdgeUpdateLaunchServicesPreferredVersion --enable-features=CDPScreenshotNewSurface --allow-pre-commit-input --disable-hang-monitor --disable-ipc-flooding-protection --disable-popup-blocking --disable-prompt-on-repost --disable-renderer-backgrounding --disable-updater-scheduler --force-color-profile=srgb --metrics-recording-only --no-first-run --password-store=basic --use-mock-keychain --no-service-autorun --export-tagged-pdf --disable-search-engine-choice-screen --unsafely-disable-devtools-self-xss-warnings --edge-skip-compat-layer-relaunch --disable-infobars --disable-search-engine-choice-screen --disable-sync --enable-unsafe-swiftshader --headless --hide-scrollbars --mute-audio --blink-settings=primaryHoverType=2,availableHoverTypes=2,primaryPointerType=4,availablePointerTypes=4 --no-sandbox --user-data-dir=/tmp/playwright_chromiumdev_profile-ltXMqd --remote-debugging-pipe --no-startup-window
      - <launched> pid=10178
      - [pid=10178][err] /home/user/.cache/ms-playwright/chromium-1234/chrome-linux64/chrome: error while loading shared libraries: libnspr4.so: cannot open shared object file: No such file or directory
      - [pid=10178] <gracefully close start>
      - [pid=10178] <kill>
      - [pid=10178] <will force kill>
      - [pid=10178] exception while trying to kill process: Error: kill ESRCH
      - [pid=10178] <process did exit: exitCode=127, signal=null>
      - [pid=10178] starting temporary directories cleanup
      - [pid=10178] finished temporary directories cleanup
      - [pid=10178] <gracefully close end>


    Error Context: test-results/critical-flows-P0-tutor-re-ebc3a-and-deletes-its-local-trace-mobile-chromium/error-context.md

    attachment #2: trace (application/zip) ─────────────────────────────────────────────────────────
    test-results/critical-flows-P0-tutor-re-ebc3a-and-deletes-its-local-trace-mobile-chromium/trace.zip
    Usage:

        npx playwright show-trace test-results/critical-flows-P0-tutor-re-ebc3a-and-deletes-its-local-trace-mobile-chromium/trace.zip

    ────────────────────────────────────────────────────────────────────────────────────────────────


[51/82] [mobile-chromium] › tests/e2e/critical-flows.spec.ts:608:1 › optional AI 429 falls back locally once and retry requires fresh consent
  51) [mobile-chromium] › tests/e2e/critical-flows.spec.ts:608:1 › optional AI 429 falls back locally once and retry requires fresh consent 

    Error: browserType.launch: Target page, context or browser has been closed
    Browser logs:

    <launching> /home/user/.cache/ms-playwright/chromium-1234/chrome-linux64/chrome --disable-field-trial-config --disable-background-networking --disable-background-timer-throttling --disable-backgrounding-occluded-windows --disable-back-forward-cache --disable-breakpad --disable-client-side-phishing-detection --disable-component-extensions-with-background-pages --disable-component-update --no-default-browser-check --disable-default-apps --disable-dev-shm-usage --disable-edgeupdater --disable-extensions --disable-features=AvoidUnnecessaryBeforeUnloadCheckSync,BoundaryEventDispatchTracksNodeRemoval,DestroyProfileOnBrowserClose,DialMediaRouteProvider,GlobalMediaControls,HttpsUpgrades,LensOverlay,MediaRouter,PaintHolding,ThirdPartyStoragePartitioning,BlockOriginHeaderModificationOnRedirect,Translate,AutoDeElevate,OptimizationHints,msForceBrowserSignIn,msEdgeUpdateLaunchServicesPreferredVersion --enable-features=CDPScreenshotNewSurface --allow-pre-commit-input --disable-hang-monitor --disable-ipc-flooding-protection --disable-popup-blocking --disable-prompt-on-repost --disable-renderer-backgrounding --disable-updater-scheduler --force-color-profile=srgb --metrics-recording-only --no-first-run --password-store=basic --use-mock-keychain --no-service-autorun --export-tagged-pdf --disable-search-engine-choice-screen --unsafely-disable-devtools-self-xss-warnings --edge-skip-compat-layer-relaunch --disable-infobars --disable-search-engine-choice-screen --disable-sync --enable-unsafe-swiftshader --headless --hide-scrollbars --mute-audio --blink-settings=primaryHoverType=2,availableHoverTypes=2,primaryPointerType=4,availablePointerTypes=4 --no-sandbox --user-data-dir=/tmp/playwright_chromiumdev_profile-DxYpU8 --remote-debugging-pipe --no-startup-window
    <launched> pid=10204
    [pid=10204][err] /home/user/.cache/ms-playwright/chromium-1234/chrome-linux64/chrome: error while loading shared libraries: libnspr4.so: cannot open shared object file: No such file or directory
    Call log:
      - <launching> /home/user/.cache/ms-playwright/chromium-1234/chrome-linux64/chrome --disable-field-trial-config --disable-background-networking --disable-background-timer-throttling --disable-backgrounding-occluded-windows --disable-back-forward-cache --disable-breakpad --disable-client-side-phishing-detection --disable-component-extensions-with-background-pages --disable-component-update --no-default-browser-check --disable-default-apps --disable-dev-shm-usage --disable-edgeupdater --disable-extensions --disable-features=AvoidUnnecessaryBeforeUnloadCheckSync,BoundaryEventDispatchTracksNodeRemoval,DestroyProfileOnBrowserClose,DialMediaRouteProvider,GlobalMediaControls,HttpsUpgrades,LensOverlay,MediaRouter,PaintHolding,ThirdPartyStoragePartitioning,BlockOriginHeaderModificationOnRedirect,Translate,AutoDeElevate,OptimizationHints,msForceBrowserSignIn,msEdgeUpdateLaunchServicesPreferredVersion --enable-features=CDPScreenshotNewSurface --allow-pre-commit-input --disable-hang-monitor --disable-ipc-flooding-protection --disable-popup-blocking --disable-prompt-on-repost --disable-renderer-backgrounding --disable-updater-scheduler --force-color-profile=srgb --metrics-recording-only --no-first-run --password-store=basic --use-mock-keychain --no-service-autorun --export-tagged-pdf --disable-search-engine-choice-screen --unsafely-disable-devtools-self-xss-warnings --edge-skip-compat-layer-relaunch --disable-infobars --disable-search-engine-choice-screen --disable-sync --enable-unsafe-swiftshader --headless --hide-scrollbars --mute-audio --blink-settings=primaryHoverType=2,availableHoverTypes=2,primaryPointerType=4,availablePointerTypes=4 --no-sandbox --user-data-dir=/tmp/playwright_chromiumdev_profile-DxYpU8 --remote-debugging-pipe --no-startup-window
      - <launched> pid=10204
      - [pid=10204][err] /home/user/.cache/ms-playwright/chromium-1234/chrome-linux64/chrome: error while loading shared libraries: libnspr4.so: cannot open shared object file: No such file or directory
      - [pid=10204] <gracefully close start>
      - [pid=10204] <kill>
      - [pid=10204] <will force kill>
      - [pid=10204] exception while trying to kill process: Error: kill ESRCH
      - [pid=10204] <process did exit: exitCode=127, signal=null>
      - [pid=10204] starting temporary directories cleanup
      - [pid=10204] finished temporary directories cleanup
      - [pid=10204] <gracefully close end>


    Error Context: test-results/critical-flows-optional-AI-87639-etry-requires-fresh-consent-mobile-chromium/error-context.md

    attachment #2: trace (application/zip) ─────────────────────────────────────────────────────────
    test-results/critical-flows-optional-AI-87639-etry-requires-fresh-consent-mobile-chromium/trace.zip
    Usage:

        npx playwright show-trace test-results/critical-flows-optional-AI-87639-etry-requires-fresh-consent-mobile-chromium/trace.zip

    ────────────────────────────────────────────────────────────────────────────────────────────────


[52/82] [mobile-chromium] › tests/e2e/critical-flows.spec.ts:618:1 › P0 daily check-in rebalances load and reflection stores tomorrow's decision
  52) [mobile-chromium] › tests/e2e/critical-flows.spec.ts:618:1 › P0 daily check-in rebalances load and reflection stores tomorrow's decision 

    Error: browserType.launch: Target page, context or browser has been closed
    Browser logs:

    <launching> /home/user/.cache/ms-playwright/chromium-1234/chrome-linux64/chrome --disable-field-trial-config --disable-background-networking --disable-background-timer-throttling --disable-backgrounding-occluded-windows --disable-back-forward-cache --disable-breakpad --disable-client-side-phishing-detection --disable-component-extensions-with-background-pages --disable-component-update --no-default-browser-check --disable-default-apps --disable-dev-shm-usage --disable-edgeupdater --disable-extensions --disable-features=AvoidUnnecessaryBeforeUnloadCheckSync,BoundaryEventDispatchTracksNodeRemoval,DestroyProfileOnBrowserClose,DialMediaRouteProvider,GlobalMediaControls,HttpsUpgrades,LensOverlay,MediaRouter,PaintHolding,ThirdPartyStoragePartitioning,BlockOriginHeaderModificationOnRedirect,Translate,AutoDeElevate,OptimizationHints,msForceBrowserSignIn,msEdgeUpdateLaunchServicesPreferredVersion --enable-features=CDPScreenshotNewSurface --allow-pre-commit-input --disable-hang-monitor --disable-ipc-flooding-protection --disable-popup-blocking --disable-prompt-on-repost --disable-renderer-backgrounding --disable-updater-scheduler --force-color-profile=srgb --metrics-recording-only --no-first-run --password-store=basic --use-mock-keychain --no-service-autorun --export-tagged-pdf --disable-search-engine-choice-screen --unsafely-disable-devtools-self-xss-warnings --edge-skip-compat-layer-relaunch --disable-infobars --disable-search-engine-choice-screen --disable-sync --enable-unsafe-swiftshader --headless --hide-scrollbars --mute-audio --blink-settings=primaryHoverType=2,availableHoverTypes=2,primaryPointerType=4,availablePointerTypes=4 --no-sandbox --user-data-dir=/tmp/playwright_chromiumdev_profile-Q9Txbk --remote-debugging-pipe --no-startup-window
    <launched> pid=10230
    [pid=10230][err] /home/user/.cache/ms-playwright/chromium-1234/chrome-linux64/chrome: error while loading shared libraries: libnspr4.so: cannot open shared object file: No such file or directory
    Call log:
      - <launching> /home/user/.cache/ms-playwright/chromium-1234/chrome-linux64/chrome --disable-field-trial-config --disable-background-networking --disable-background-timer-throttling --disable-backgrounding-occluded-windows --disable-back-forward-cache --disable-breakpad --disable-client-side-phishing-detection --disable-component-extensions-with-background-pages --disable-component-update --no-default-browser-check --disable-default-apps --disable-dev-shm-usage --disable-edgeupdater --disable-extensions --disable-features=AvoidUnnecessaryBeforeUnloadCheckSync,BoundaryEventDispatchTracksNodeRemoval,DestroyProfileOnBrowserClose,DialMediaRouteProvider,GlobalMediaControls,HttpsUpgrades,LensOverlay,MediaRouter,PaintHolding,ThirdPartyStoragePartitioning,BlockOriginHeaderModificationOnRedirect,Translate,AutoDeElevate,OptimizationHints,msForceBrowserSignIn,msEdgeUpdateLaunchServicesPreferredVersion --enable-features=CDPScreenshotNewSurface --allow-pre-commit-input --disable-hang-monitor --disable-ipc-flooding-protection --disable-popup-blocking --disable-prompt-on-repost --disable-renderer-backgrounding --disable-updater-scheduler --force-color-profile=srgb --metrics-recording-only --no-first-run --password-store=basic --use-mock-keychain --no-service-autorun --export-tagged-pdf --disable-search-engine-choice-screen --unsafely-disable-devtools-self-xss-warnings --edge-skip-compat-layer-relaunch --disable-infobars --disable-search-engine-choice-screen --disable-sync --enable-unsafe-swiftshader --headless --hide-scrollbars --mute-audio --blink-settings=primaryHoverType=2,availableHoverTypes=2,primaryPointerType=4,availablePointerTypes=4 --no-sandbox --user-data-dir=/tmp/playwright_chromiumdev_profile-Q9Txbk --remote-debugging-pipe --no-startup-window
      - <launched> pid=10230
      - [pid=10230][err] /home/user/.cache/ms-playwright/chromium-1234/chrome-linux64/chrome: error while loading shared libraries: libnspr4.so: cannot open shared object file: No such file or directory
      - [pid=10230] <gracefully close start>
      - [pid=10230] <kill>
      - [pid=10230] <will force kill>
      - [pid=10230] exception while trying to kill process: Error: kill ESRCH
      - [pid=10230] <process did exit: exitCode=127, signal=null>
      - [pid=10230] starting temporary directories cleanup
      - [pid=10230] finished temporary directories cleanup
      - [pid=10230] <gracefully close end>


    Error Context: test-results/critical-flows-P0-daily-ch-c7440--stores-tomorrow-s-decision-mobile-chromium/error-context.md

    attachment #2: trace (application/zip) ─────────────────────────────────────────────────────────
    test-results/critical-flows-P0-daily-ch-c7440--stores-tomorrow-s-decision-mobile-chromium/trace.zip
    Usage:

        npx playwright show-trace test-results/critical-flows-P0-daily-ch-c7440--stores-tomorrow-s-decision-mobile-chromium/trace.zip

    ────────────────────────────────────────────────────────────────────────────────────────────────


[53/82] [mobile-chromium] › tests/e2e/critical-flows.spec.ts:717:1 › P2 partial-closure guidance surfaces persist bounded local decisions
  53) [mobile-chromium] › tests/e2e/critical-flows.spec.ts:717:1 › P2 partial-closure guidance surfaces persist bounded local decisions 

    Error: browserType.launch: Target page, context or browser has been closed
    Browser logs:

    <launching> /home/user/.cache/ms-playwright/chromium-1234/chrome-linux64/chrome --disable-field-trial-config --disable-background-networking --disable-background-timer-throttling --disable-backgrounding-occluded-windows --disable-back-forward-cache --disable-breakpad --disable-client-side-phishing-detection --disable-component-extensions-with-background-pages --disable-component-update --no-default-browser-check --disable-default-apps --disable-dev-shm-usage --disable-edgeupdater --disable-extensions --disable-features=AvoidUnnecessaryBeforeUnloadCheckSync,BoundaryEventDispatchTracksNodeRemoval,DestroyProfileOnBrowserClose,DialMediaRouteProvider,GlobalMediaControls,HttpsUpgrades,LensOverlay,MediaRouter,PaintHolding,ThirdPartyStoragePartitioning,BlockOriginHeaderModificationOnRedirect,Translate,AutoDeElevate,OptimizationHints,msForceBrowserSignIn,msEdgeUpdateLaunchServicesPreferredVersion --enable-features=CDPScreenshotNewSurface --allow-pre-commit-input --disable-hang-monitor --disable-ipc-flooding-protection --disable-popup-blocking --disable-prompt-on-repost --disable-renderer-backgrounding --disable-updater-scheduler --force-color-profile=srgb --metrics-recording-only --no-first-run --password-store=basic --use-mock-keychain --no-service-autorun --export-tagged-pdf --disable-search-engine-choice-screen --unsafely-disable-devtools-self-xss-warnings --edge-skip-compat-layer-relaunch --disable-infobars --disable-search-engine-choice-screen --disable-sync --enable-unsafe-swiftshader --headless --hide-scrollbars --mute-audio --blink-settings=primaryHoverType=2,availableHoverTypes=2,primaryPointerType=4,availablePointerTypes=4 --no-sandbox --user-data-dir=/tmp/playwright_chromiumdev_profile-tcYHqH --remote-debugging-pipe --no-startup-window
    <launched> pid=10256
    [pid=10256][err] /home/user/.cache/ms-playwright/chromium-1234/chrome-linux64/chrome: error while loading shared libraries: libnspr4.so: cannot open shared object file: No such file or directory
    Call log:
      - <launching> /home/user/.cache/ms-playwright/chromium-1234/chrome-linux64/chrome --disable-field-trial-config --disable-background-networking --disable-background-timer-throttling --disable-backgrounding-occluded-windows --disable-back-forward-cache --disable-breakpad --disable-client-side-phishing-detection --disable-component-extensions-with-background-pages --disable-component-update --no-default-browser-check --disable-default-apps --disable-dev-shm-usage --disable-edgeupdater --disable-extensions --disable-features=AvoidUnnecessaryBeforeUnloadCheckSync,BoundaryEventDispatchTracksNodeRemoval,DestroyProfileOnBrowserClose,DialMediaRouteProvider,GlobalMediaControls,HttpsUpgrades,LensOverlay,MediaRouter,PaintHolding,ThirdPartyStoragePartitioning,BlockOriginHeaderModificationOnRedirect,Translate,AutoDeElevate,OptimizationHints,msForceBrowserSignIn,msEdgeUpdateLaunchServicesPreferredVersion --enable-features=CDPScreenshotNewSurface --allow-pre-commit-input --disable-hang-monitor --disable-ipc-flooding-protection --disable-popup-blocking --disable-prompt-on-repost --disable-renderer-backgrounding --disable-updater-scheduler --force-color-profile=srgb --metrics-recording-only --no-first-run --password-store=basic --use-mock-keychain --no-service-autorun --export-tagged-pdf --disable-search-engine-choice-screen --unsafely-disable-devtools-self-xss-warnings --edge-skip-compat-layer-relaunch --disable-infobars --disable-search-engine-choice-screen --disable-sync --enable-unsafe-swiftshader --headless --hide-scrollbars --mute-audio --blink-settings=primaryHoverType=2,availableHoverTypes=2,primaryPointerType=4,availablePointerTypes=4 --no-sandbox --user-data-dir=/tmp/playwright_chromiumdev_profile-tcYHqH --remote-debugging-pipe --no-startup-window
      - <launched> pid=10256
      - [pid=10256][err] /home/user/.cache/ms-playwright/chromium-1234/chrome-linux64/chrome: error while loading shared libraries: libnspr4.so: cannot open shared object file: No such file or directory
      - [pid=10256] <gracefully close start>
      - [pid=10256] <kill>
      - [pid=10256] <will force kill>
      - [pid=10256] exception while trying to kill process: Error: kill ESRCH
      - [pid=10256] <process did exit: exitCode=127, signal=null>
      - [pid=10256] starting temporary directories cleanup
      - [pid=10256] finished temporary directories cleanup
      - [pid=10256] <gracefully close end>


    Error Context: test-results/critical-flows-P2-partial--dea1f-ist-bounded-local-decisions-mobile-chromium/error-context.md

    attachment #2: trace (application/zip) ─────────────────────────────────────────────────────────
    test-results/critical-flows-P2-partial--dea1f-ist-bounded-local-decisions-mobile-chromium/trace.zip
    Usage:

        npx playwright show-trace test-results/critical-flows-P2-partial--dea1f-ist-bounded-local-decisions-mobile-chromium/trace.zip

    ────────────────────────────────────────────────────────────────────────────────────────────────


[54/82] [mobile-chromium] › tests/e2e/critical-flows.spec.ts:732:1 › P1 repeated session errors offer one learner-controlled load reduction without penalty
  54) [mobile-chromium] › tests/e2e/critical-flows.spec.ts:732:1 › P1 repeated session errors offer one learner-controlled load reduction without penalty 

    Error: browserType.launch: Target page, context or browser has been closed
    Browser logs:

    <launching> /home/user/.cache/ms-playwright/chromium-1234/chrome-linux64/chrome --disable-field-trial-config --disable-background-networking --disable-background-timer-throttling --disable-backgrounding-occluded-windows --disable-back-forward-cache --disable-breakpad --disable-client-side-phishing-detection --disable-component-extensions-with-background-pages --disable-component-update --no-default-browser-check --disable-default-apps --disable-dev-shm-usage --disable-edgeupdater --disable-extensions --disable-features=AvoidUnnecessaryBeforeUnloadCheckSync,BoundaryEventDispatchTracksNodeRemoval,DestroyProfileOnBrowserClose,DialMediaRouteProvider,GlobalMediaControls,HttpsUpgrades,LensOverlay,MediaRouter,PaintHolding,ThirdPartyStoragePartitioning,BlockOriginHeaderModificationOnRedirect,Translate,AutoDeElevate,OptimizationHints,msForceBrowserSignIn,msEdgeUpdateLaunchServicesPreferredVersion --enable-features=CDPScreenshotNewSurface --allow-pre-commit-input --disable-hang-monitor --disable-ipc-flooding-protection --disable-popup-blocking --disable-prompt-on-repost --disable-renderer-backgrounding --disable-updater-scheduler --force-color-profile=srgb --metrics-recording-only --no-first-run --password-store=basic --use-mock-keychain --no-service-autorun --export-tagged-pdf --disable-search-engine-choice-screen --unsafely-disable-devtools-self-xss-warnings --edge-skip-compat-layer-relaunch --disable-infobars --disable-search-engine-choice-screen --disable-sync --enable-unsafe-swiftshader --headless --hide-scrollbars --mute-audio --blink-settings=primaryHoverType=2,availableHoverTypes=2,primaryPointerType=4,availablePointerTypes=4 --no-sandbox --user-data-dir=/tmp/playwright_chromiumdev_profile-bStv2o --remote-debugging-pipe --no-startup-window
    <launched> pid=10282
    [pid=10282][err] /home/user/.cache/ms-playwright/chromium-1234/chrome-linux64/chrome: error while loading shared libraries: libnspr4.so: cannot open shared object file: No such file or directory
    Call log:
      - <launching> /home/user/.cache/ms-playwright/chromium-1234/chrome-linux64/chrome --disable-field-trial-config --disable-background-networking --disable-background-timer-throttling --disable-backgrounding-occluded-windows --disable-back-forward-cache --disable-breakpad --disable-client-side-phishing-detection --disable-component-extensions-with-background-pages --disable-component-update --no-default-browser-check --disable-default-apps --disable-dev-shm-usage --disable-edgeupdater --disable-extensions --disable-features=AvoidUnnecessaryBeforeUnloadCheckSync,BoundaryEventDispatchTracksNodeRemoval,DestroyProfileOnBrowserClose,DialMediaRouteProvider,GlobalMediaControls,HttpsUpgrades,LensOverlay,MediaRouter,PaintHolding,ThirdPartyStoragePartitioning,BlockOriginHeaderModificationOnRedirect,Translate,AutoDeElevate,OptimizationHints,msForceBrowserSignIn,msEdgeUpdateLaunchServicesPreferredVersion --enable-features=CDPScreenshotNewSurface --allow-pre-commit-input --disable-hang-monitor --disable-ipc-flooding-protection --disable-popup-blocking --disable-prompt-on-repost --disable-renderer-backgrounding --disable-updater-scheduler --force-color-profile=srgb --metrics-recording-only --no-first-run --password-store=basic --use-mock-keychain --no-service-autorun --export-tagged-pdf --disable-search-engine-choice-screen --unsafely-disable-devtools-self-xss-warnings --edge-skip-compat-layer-relaunch --disable-infobars --disable-search-engine-choice-screen --disable-sync --enable-unsafe-swiftshader --headless --hide-scrollbars --mute-audio --blink-settings=primaryHoverType=2,availableHoverTypes=2,primaryPointerType=4,availablePointerTypes=4 --no-sandbox --user-data-dir=/tmp/playwright_chromiumdev_profile-bStv2o --remote-debugging-pipe --no-startup-window
      - <launched> pid=10282
      - [pid=10282][err] /home/user/.cache/ms-playwright/chromium-1234/chrome-linux64/chrome: error while loading shared libraries: libnspr4.so: cannot open shared object file: No such file or directory
      - [pid=10282] <gracefully close start>
      - [pid=10282] <kill>
      - [pid=10282] <will force kill>
      - [pid=10282] exception while trying to kill process: Error: kill ESRCH
      - [pid=10282] <process did exit: exitCode=127, signal=null>
      - [pid=10282] starting temporary directories cleanup
      - [pid=10282] finished temporary directories cleanup
      - [pid=10282] <gracefully close end>


    Error Context: test-results/critical-flows-P1-repeated-283a2-d-reduction-without-penalty-mobile-chromium/error-context.md

    attachment #2: trace (application/zip) ─────────────────────────────────────────────────────────
    test-results/critical-flows-P1-repeated-283a2-d-reduction-without-penalty-mobile-chromium/trace.zip
    Usage:

        npx playwright show-trace test-results/critical-flows-P1-repeated-283a2-d-reduction-without-penalty-mobile-chromium/trace.zip

    ────────────────────────────────────────────────────────────────────────────────────────────────


[55/82] [mobile-chromium] › tests/e2e/critical-flows.spec.ts:740:1 › P0 clustered error clinic opens at three occurrences and stores a transfer attempt
  55) [mobile-chromium] › tests/e2e/critical-flows.spec.ts:740:1 › P0 clustered error clinic opens at three occurrences and stores a transfer attempt 

    Error: browserType.launch: Target page, context or browser has been closed
    Browser logs:

    <launching> /home/user/.cache/ms-playwright/chromium-1234/chrome-linux64/chrome --disable-field-trial-config --disable-background-networking --disable-background-timer-throttling --disable-backgrounding-occluded-windows --disable-back-forward-cache --disable-breakpad --disable-client-side-phishing-detection --disable-component-extensions-with-background-pages --disable-component-update --no-default-browser-check --disable-default-apps --disable-dev-shm-usage --disable-edgeupdater --disable-extensions --disable-features=AvoidUnnecessaryBeforeUnloadCheckSync,BoundaryEventDispatchTracksNodeRemoval,DestroyProfileOnBrowserClose,DialMediaRouteProvider,GlobalMediaControls,HttpsUpgrades,LensOverlay,MediaRouter,PaintHolding,ThirdPartyStoragePartitioning,BlockOriginHeaderModificationOnRedirect,Translate,AutoDeElevate,OptimizationHints,msForceBrowserSignIn,msEdgeUpdateLaunchServicesPreferredVersion --enable-features=CDPScreenshotNewSurface --allow-pre-commit-input --disable-hang-monitor --disable-ipc-flooding-protection --disable-popup-blocking --disable-prompt-on-repost --disable-renderer-backgrounding --disable-updater-scheduler --force-color-profile=srgb --metrics-recording-only --no-first-run --password-store=basic --use-mock-keychain --no-service-autorun --export-tagged-pdf --disable-search-engine-choice-screen --unsafely-disable-devtools-self-xss-warnings --edge-skip-compat-layer-relaunch --disable-infobars --disable-search-engine-choice-screen --disable-sync --enable-unsafe-swiftshader --headless --hide-scrollbars --mute-audio --blink-settings=primaryHoverType=2,availableHoverTypes=2,primaryPointerType=4,availablePointerTypes=4 --no-sandbox --user-data-dir=/tmp/playwright_chromiumdev_profile-WaQDrC --remote-debugging-pipe --no-startup-window
    <launched> pid=10308
    [pid=10308][err] /home/user/.cache/ms-playwright/chromium-1234/chrome-linux64/chrome: error while loading shared libraries: libnspr4.so: cannot open shared object file: No such file or directory
    Call log:
      - <launching> /home/user/.cache/ms-playwright/chromium-1234/chrome-linux64/chrome --disable-field-trial-config --disable-background-networking --disable-background-timer-throttling --disable-backgrounding-occluded-windows --disable-back-forward-cache --disable-breakpad --disable-client-side-phishing-detection --disable-component-extensions-with-background-pages --disable-component-update --no-default-browser-check --disable-default-apps --disable-dev-shm-usage --disable-edgeupdater --disable-extensions --disable-features=AvoidUnnecessaryBeforeUnloadCheckSync,BoundaryEventDispatchTracksNodeRemoval,DestroyProfileOnBrowserClose,DialMediaRouteProvider,GlobalMediaControls,HttpsUpgrades,LensOverlay,MediaRouter,PaintHolding,ThirdPartyStoragePartitioning,BlockOriginHeaderModificationOnRedirect,Translate,AutoDeElevate,OptimizationHints,msForceBrowserSignIn,msEdgeUpdateLaunchServicesPreferredVersion --enable-features=CDPScreenshotNewSurface --allow-pre-commit-input --disable-hang-monitor --disable-ipc-flooding-protection --disable-popup-blocking --disable-prompt-on-repost --disable-renderer-backgrounding --disable-updater-scheduler --force-color-profile=srgb --metrics-recording-only --no-first-run --password-store=basic --use-mock-keychain --no-service-autorun --export-tagged-pdf --disable-search-engine-choice-screen --unsafely-disable-devtools-self-xss-warnings --edge-skip-compat-layer-relaunch --disable-infobars --disable-search-engine-choice-screen --disable-sync --enable-unsafe-swiftshader --headless --hide-scrollbars --mute-audio --blink-settings=primaryHoverType=2,availableHoverTypes=2,primaryPointerType=4,availablePointerTypes=4 --no-sandbox --user-data-dir=/tmp/playwright_chromiumdev_profile-WaQDrC --remote-debugging-pipe --no-startup-window
      - <launched> pid=10308
      - [pid=10308][err] /home/user/.cache/ms-playwright/chromium-1234/chrome-linux64/chrome: error while loading shared libraries: libnspr4.so: cannot open shared object file: No such file or directory
      - [pid=10308] <gracefully close start>
      - [pid=10308] <kill>
      - [pid=10308] <will force kill>
      - [pid=10308] exception while trying to kill process: Error: kill ESRCH
      - [pid=10308] <process did exit: exitCode=127, signal=null>
      - [pid=10308] starting temporary directories cleanup
      - [pid=10308] finished temporary directories cleanup
      - [pid=10308] <gracefully close end>


    Error Context: test-results/critical-flows-P0-clustere-be3bc-d-stores-a-transfer-attempt-mobile-chromium/error-context.md

    attachment #2: trace (application/zip) ─────────────────────────────────────────────────────────
    test-results/critical-flows-P0-clustere-be3bc-d-stores-a-transfer-attempt-mobile-chromium/trace.zip
    Usage:

        npx playwright show-trace test-results/critical-flows-P0-clustere-be3bc-d-stores-a-transfer-attempt-mobile-chromium/trace.zip

    ────────────────────────────────────────────────────────────────────────────────────────────────


[56/82] [mobile-chromium] › tests/e2e/critical-flows.spec.ts:774:1 › P0 writing lab enforces plan, draft, self-check, cited feedback, and revision
  56) [mobile-chromium] › tests/e2e/critical-flows.spec.ts:774:1 › P0 writing lab enforces plan, draft, self-check, cited feedback, and revision 

    Error: browserType.launch: Target page, context or browser has been closed
    Browser logs:

    <launching> /home/user/.cache/ms-playwright/chromium-1234/chrome-linux64/chrome --disable-field-trial-config --disable-background-networking --disable-background-timer-throttling --disable-backgrounding-occluded-windows --disable-back-forward-cache --disable-breakpad --disable-client-side-phishing-detection --disable-component-extensions-with-background-pages --disable-component-update --no-default-browser-check --disable-default-apps --disable-dev-shm-usage --disable-edgeupdater --disable-extensions --disable-features=AvoidUnnecessaryBeforeUnloadCheckSync,BoundaryEventDispatchTracksNodeRemoval,DestroyProfileOnBrowserClose,DialMediaRouteProvider,GlobalMediaControls,HttpsUpgrades,LensOverlay,MediaRouter,PaintHolding,ThirdPartyStoragePartitioning,BlockOriginHeaderModificationOnRedirect,Translate,AutoDeElevate,OptimizationHints,msForceBrowserSignIn,msEdgeUpdateLaunchServicesPreferredVersion --enable-features=CDPScreenshotNewSurface --allow-pre-commit-input --disable-hang-monitor --disable-ipc-flooding-protection --disable-popup-blocking --disable-prompt-on-repost --disable-renderer-backgrounding --disable-updater-scheduler --force-color-profile=srgb --metrics-recording-only --no-first-run --password-store=basic --use-mock-keychain --no-service-autorun --export-tagged-pdf --disable-search-engine-choice-screen --unsafely-disable-devtools-self-xss-warnings --edge-skip-compat-layer-relaunch --disable-infobars --disable-search-engine-choice-screen --disable-sync --enable-unsafe-swiftshader --headless --hide-scrollbars --mute-audio --blink-settings=primaryHoverType=2,availableHoverTypes=2,primaryPointerType=4,availablePointerTypes=4 --no-sandbox --user-data-dir=/tmp/playwright_chromiumdev_profile-nBbvgO --remote-debugging-pipe --no-startup-window
    <launched> pid=10334
    [pid=10334][err] /home/user/.cache/ms-playwright/chromium-1234/chrome-linux64/chrome: error while loading shared libraries: libnspr4.so: cannot open shared object file: No such file or directory
    Call log:
      - <launching> /home/user/.cache/ms-playwright/chromium-1234/chrome-linux64/chrome --disable-field-trial-config --disable-background-networking --disable-background-timer-throttling --disable-backgrounding-occluded-windows --disable-back-forward-cache --disable-breakpad --disable-client-side-phishing-detection --disable-component-extensions-with-background-pages --disable-component-update --no-default-browser-check --disable-default-apps --disable-dev-shm-usage --disable-edgeupdater --disable-extensions --disable-features=AvoidUnnecessaryBeforeUnloadCheckSync,BoundaryEventDispatchTracksNodeRemoval,DestroyProfileOnBrowserClose,DialMediaRouteProvider,GlobalMediaControls,HttpsUpgrades,LensOverlay,MediaRouter,PaintHolding,ThirdPartyStoragePartitioning,BlockOriginHeaderModificationOnRedirect,Translate,AutoDeElevate,OptimizationHints,msForceBrowserSignIn,msEdgeUpdateLaunchServicesPreferredVersion --enable-features=CDPScreenshotNewSurface --allow-pre-commit-input --disable-hang-monitor --disable-ipc-flooding-protection --disable-popup-blocking --disable-prompt-on-repost --disable-renderer-backgrounding --disable-updater-scheduler --force-color-profile=srgb --metrics-recording-only --no-first-run --password-store=basic --use-mock-keychain --no-service-autorun --export-tagged-pdf --disable-search-engine-choice-screen --unsafely-disable-devtools-self-xss-warnings --edge-skip-compat-layer-relaunch --disable-infobars --disable-search-engine-choice-screen --disable-sync --enable-unsafe-swiftshader --headless --hide-scrollbars --mute-audio --blink-settings=primaryHoverType=2,availableHoverTypes=2,primaryPointerType=4,availablePointerTypes=4 --no-sandbox --user-data-dir=/tmp/playwright_chromiumdev_profile-nBbvgO --remote-debugging-pipe --no-startup-window
      - <launched> pid=10334
      - [pid=10334][err] /home/user/.cache/ms-playwright/chromium-1234/chrome-linux64/chrome: error while loading shared libraries: libnspr4.so: cannot open shared object file: No such file or directory
      - [pid=10334] <gracefully close start>
      - [pid=10334] <kill>
      - [pid=10334] <will force kill>
      - [pid=10334] exception while trying to kill process: Error: kill ESRCH
      - [pid=10334] <process did exit: exitCode=127, signal=null>
      - [pid=10334] starting temporary directories cleanup
      - [pid=10334] finished temporary directories cleanup
      - [pid=10334] <gracefully close end>


    Error Context: test-results/critical-flows-P0-writing--40c21-cited-feedback-and-revision-mobile-chromium/error-context.md

    attachment #2: trace (application/zip) ─────────────────────────────────────────────────────────
    test-results/critical-flows-P0-writing--40c21-cited-feedback-and-revision-mobile-chromium/trace.zip
    Usage:

        npx playwright show-trace test-results/critical-flows-P0-writing--40c21-cited-feedback-and-revision-mobile-chromium/trace.zip

    ────────────────────────────────────────────────────────────────────────────────────────────────


[57/82] [mobile-chromium] › tests/e2e/critical-flows.spec.ts:866:1 › P0 WebGPU model is opt-in, runs ranked follow-up locally, and can be deleted
  57) [mobile-chromium] › tests/e2e/critical-flows.spec.ts:866:1 › P0 WebGPU model is opt-in, runs ranked follow-up locally, and can be deleted 

    Error: browserType.launch: Target page, context or browser has been closed
    Browser logs:

    <launching> /home/user/.cache/ms-playwright/chromium-1234/chrome-linux64/chrome --disable-field-trial-config --disable-background-networking --disable-background-timer-throttling --disable-backgrounding-occluded-windows --disable-back-forward-cache --disable-breakpad --disable-client-side-phishing-detection --disable-component-extensions-with-background-pages --disable-component-update --no-default-browser-check --disable-default-apps --disable-dev-shm-usage --disable-edgeupdater --disable-extensions --disable-features=AvoidUnnecessaryBeforeUnloadCheckSync,BoundaryEventDispatchTracksNodeRemoval,DestroyProfileOnBrowserClose,DialMediaRouteProvider,GlobalMediaControls,HttpsUpgrades,LensOverlay,MediaRouter,PaintHolding,ThirdPartyStoragePartitioning,BlockOriginHeaderModificationOnRedirect,Translate,AutoDeElevate,OptimizationHints,msForceBrowserSignIn,msEdgeUpdateLaunchServicesPreferredVersion --enable-features=CDPScreenshotNewSurface --allow-pre-commit-input --disable-hang-monitor --disable-ipc-flooding-protection --disable-popup-blocking --disable-prompt-on-repost --disable-renderer-backgrounding --disable-updater-scheduler --force-color-profile=srgb --metrics-recording-only --no-first-run --password-store=basic --use-mock-keychain --no-service-autorun --export-tagged-pdf --disable-search-engine-choice-screen --unsafely-disable-devtools-self-xss-warnings --edge-skip-compat-layer-relaunch --disable-infobars --disable-search-engine-choice-screen --disable-sync --enable-unsafe-swiftshader --headless --hide-scrollbars --mute-audio --blink-settings=primaryHoverType=2,availableHoverTypes=2,primaryPointerType=4,availablePointerTypes=4 --no-sandbox --user-data-dir=/tmp/playwright_chromiumdev_profile-NtLzbe --remote-debugging-pipe --no-startup-window
    <launched> pid=10360
    [pid=10360][err] /home/user/.cache/ms-playwright/chromium-1234/chrome-linux64/chrome: error while loading shared libraries: libnspr4.so: cannot open shared object file: No such file or directory
    Call log:
      - <launching> /home/user/.cache/ms-playwright/chromium-1234/chrome-linux64/chrome --disable-field-trial-config --disable-background-networking --disable-background-timer-throttling --disable-backgrounding-occluded-windows --disable-back-forward-cache --disable-breakpad --disable-client-side-phishing-detection --disable-component-extensions-with-background-pages --disable-component-update --no-default-browser-check --disable-default-apps --disable-dev-shm-usage --disable-edgeupdater --disable-extensions --disable-features=AvoidUnnecessaryBeforeUnloadCheckSync,BoundaryEventDispatchTracksNodeRemoval,DestroyProfileOnBrowserClose,DialMediaRouteProvider,GlobalMediaControls,HttpsUpgrades,LensOverlay,MediaRouter,PaintHolding,ThirdPartyStoragePartitioning,BlockOriginHeaderModificationOnRedirect,Translate,AutoDeElevate,OptimizationHints,msForceBrowserSignIn,msEdgeUpdateLaunchServicesPreferredVersion --enable-features=CDPScreenshotNewSurface --allow-pre-commit-input --disable-hang-monitor --disable-ipc-flooding-protection --disable-popup-blocking --disable-prompt-on-repost --disable-renderer-backgrounding --disable-updater-scheduler --force-color-profile=srgb --metrics-recording-only --no-first-run --password-store=basic --use-mock-keychain --no-service-autorun --export-tagged-pdf --disable-search-engine-choice-screen --unsafely-disable-devtools-self-xss-warnings --edge-skip-compat-layer-relaunch --disable-infobars --disable-search-engine-choice-screen --disable-sync --enable-unsafe-swiftshader --headless --hide-scrollbars --mute-audio --blink-settings=primaryHoverType=2,availableHoverTypes=2,primaryPointerType=4,availablePointerTypes=4 --no-sandbox --user-data-dir=/tmp/playwright_chromiumdev_profile-NtLzbe --remote-debugging-pipe --no-startup-window
      - <launched> pid=10360
      - [pid=10360][err] /home/user/.cache/ms-playwright/chromium-1234/chrome-linux64/chrome: error while loading shared libraries: libnspr4.so: cannot open shared object file: No such file or directory
      - [pid=10360] <gracefully close start>
      - [pid=10360] <kill>
      - [pid=10360] <will force kill>
      - [pid=10360] exception while trying to kill process: Error: kill ESRCH
      - [pid=10360] <process did exit: exitCode=127, signal=null>
      - [pid=10360] starting temporary directories cleanup
      - [pid=10360] finished temporary directories cleanup
      - [pid=10360] <gracefully close end>


    Error Context: test-results/critical-flows-P0-WebGPU-m-0ce08--locally-and-can-be-deleted-mobile-chromium/error-context.md

    attachment #2: trace (application/zip) ─────────────────────────────────────────────────────────
    test-results/critical-flows-P0-WebGPU-m-0ce08--locally-and-can-be-deleted-mobile-chromium/trace.zip
    Usage:

        npx playwright show-trace test-results/critical-flows-P0-WebGPU-m-0ce08--locally-and-can-be-deleted-mobile-chromium/trace.zip

    ────────────────────────────────────────────────────────────────────────────────────────────────


[58/82] [mobile-chromium] › tests/e2e/critical-flows.spec.ts:931:1 › standard pronunciation pack installs explicitly and matches expected German words locally
  58) [mobile-chromium] › tests/e2e/critical-flows.spec.ts:931:1 › standard pronunciation pack installs explicitly and matches expected German words locally 

    Error: browserType.launch: Target page, context or browser has been closed
    Browser logs:

    <launching> /home/user/.cache/ms-playwright/chromium-1234/chrome-linux64/chrome --disable-field-trial-config --disable-background-networking --disable-background-timer-throttling --disable-backgrounding-occluded-windows --disable-back-forward-cache --disable-breakpad --disable-client-side-phishing-detection --disable-component-extensions-with-background-pages --disable-component-update --no-default-browser-check --disable-default-apps --disable-dev-shm-usage --disable-edgeupdater --disable-extensions --disable-features=AvoidUnnecessaryBeforeUnloadCheckSync,BoundaryEventDispatchTracksNodeRemoval,DestroyProfileOnBrowserClose,DialMediaRouteProvider,GlobalMediaControls,HttpsUpgrades,LensOverlay,MediaRouter,PaintHolding,ThirdPartyStoragePartitioning,BlockOriginHeaderModificationOnRedirect,Translate,AutoDeElevate,OptimizationHints,msForceBrowserSignIn,msEdgeUpdateLaunchServicesPreferredVersion --enable-features=CDPScreenshotNewSurface --allow-pre-commit-input --disable-hang-monitor --disable-ipc-flooding-protection --disable-popup-blocking --disable-prompt-on-repost --disable-renderer-backgrounding --disable-updater-scheduler --force-color-profile=srgb --metrics-recording-only --no-first-run --password-store=basic --use-mock-keychain --no-service-autorun --export-tagged-pdf --disable-search-engine-choice-screen --unsafely-disable-devtools-self-xss-warnings --edge-skip-compat-layer-relaunch --disable-infobars --disable-search-engine-choice-screen --disable-sync --enable-unsafe-swiftshader --headless --hide-scrollbars --mute-audio --blink-settings=primaryHoverType=2,availableHoverTypes=2,primaryPointerType=4,availablePointerTypes=4 --no-sandbox --user-data-dir=/tmp/playwright_chromiumdev_profile-JYJIMe --remote-debugging-pipe --no-startup-window
    <launched> pid=10386
    [pid=10386][err] /home/user/.cache/ms-playwright/chromium-1234/chrome-linux64/chrome: error while loading shared libraries: libnspr4.so: cannot open shared object file: No such file or directory
    Call log:
      - <launching> /home/user/.cache/ms-playwright/chromium-1234/chrome-linux64/chrome --disable-field-trial-config --disable-background-networking --disable-background-timer-throttling --disable-backgrounding-occluded-windows --disable-back-forward-cache --disable-breakpad --disable-client-side-phishing-detection --disable-component-extensions-with-background-pages --disable-component-update --no-default-browser-check --disable-default-apps --disable-dev-shm-usage --disable-edgeupdater --disable-extensions --disable-features=AvoidUnnecessaryBeforeUnloadCheckSync,BoundaryEventDispatchTracksNodeRemoval,DestroyProfileOnBrowserClose,DialMediaRouteProvider,GlobalMediaControls,HttpsUpgrades,LensOverlay,MediaRouter,PaintHolding,ThirdPartyStoragePartitioning,BlockOriginHeaderModificationOnRedirect,Translate,AutoDeElevate,OptimizationHints,msForceBrowserSignIn,msEdgeUpdateLaunchServicesPreferredVersion --enable-features=CDPScreenshotNewSurface --allow-pre-commit-input --disable-hang-monitor --disable-ipc-flooding-protection --disable-popup-blocking --disable-prompt-on-repost --disable-renderer-backgrounding --disable-updater-scheduler --force-color-profile=srgb --metrics-recording-only --no-first-run --password-store=basic --use-mock-keychain --no-service-autorun --export-tagged-pdf --disable-search-engine-choice-screen --unsafely-disable-devtools-self-xss-warnings --edge-skip-compat-layer-relaunch --disable-infobars --disable-search-engine-choice-screen --disable-sync --enable-unsafe-swiftshader --headless --hide-scrollbars --mute-audio --blink-settings=primaryHoverType=2,availableHoverTypes=2,primaryPointerType=4,availablePointerTypes=4 --no-sandbox --user-data-dir=/tmp/playwright_chromiumdev_profile-JYJIMe --remote-debugging-pipe --no-startup-window
      - <launched> pid=10386
      - [pid=10386][err] /home/user/.cache/ms-playwright/chromium-1234/chrome-linux64/chrome: error while loading shared libraries: libnspr4.so: cannot open shared object file: No such file or directory
      - [pid=10386] <gracefully close start>
      - [pid=10386] <kill>
      - [pid=10386] <will force kill>
      - [pid=10386] exception while trying to kill process: Error: kill ESRCH
      - [pid=10386] <process did exit: exitCode=127, signal=null>
      - [pid=10386] starting temporary directories cleanup
      - [pid=10386] finished temporary directories cleanup
      - [pid=10386] <gracefully close end>


    Error Context: test-results/critical-flows-standard-pr-ad4fc-pected-German-words-locally-mobile-chromium/error-context.md

    attachment #2: trace (application/zip) ─────────────────────────────────────────────────────────
    test-results/critical-flows-standard-pr-ad4fc-pected-German-words-locally-mobile-chromium/trace.zip
    Usage:

        npx playwright show-trace test-results/critical-flows-standard-pr-ad4fc-pected-German-words-locally-mobile-chromium/trace.zip

    ────────────────────────────────────────────────────────────────────────────────────────────────


[59/82] [mobile-chromium] › tests/e2e/critical-flows.spec.ts:995:1 › guided speaking keeps learner-selected support visible, grounds typed follow-up, and requires consent before optional AI
  59) [mobile-chromium] › tests/e2e/critical-flows.spec.ts:995:1 › guided speaking keeps learner-selected support visible, grounds typed follow-up, and requires consent before optional AI 

    Error: browserType.launch: Target page, context or browser has been closed
    Browser logs:

    <launching> /home/user/.cache/ms-playwright/chromium-1234/chrome-linux64/chrome --disable-field-trial-config --disable-background-networking --disable-background-timer-throttling --disable-backgrounding-occluded-windows --disable-back-forward-cache --disable-breakpad --disable-client-side-phishing-detection --disable-component-extensions-with-background-pages --disable-component-update --no-default-browser-check --disable-default-apps --disable-dev-shm-usage --disable-edgeupdater --disable-extensions --disable-features=AvoidUnnecessaryBeforeUnloadCheckSync,BoundaryEventDispatchTracksNodeRemoval,DestroyProfileOnBrowserClose,DialMediaRouteProvider,GlobalMediaControls,HttpsUpgrades,LensOverlay,MediaRouter,PaintHolding,ThirdPartyStoragePartitioning,BlockOriginHeaderModificationOnRedirect,Translate,AutoDeElevate,OptimizationHints,msForceBrowserSignIn,msEdgeUpdateLaunchServicesPreferredVersion --enable-features=CDPScreenshotNewSurface --allow-pre-commit-input --disable-hang-monitor --disable-ipc-flooding-protection --disable-popup-blocking --disable-prompt-on-repost --disable-renderer-backgrounding --disable-updater-scheduler --force-color-profile=srgb --metrics-recording-only --no-first-run --password-store=basic --use-mock-keychain --no-service-autorun --export-tagged-pdf --disable-search-engine-choice-screen --unsafely-disable-devtools-self-xss-warnings --edge-skip-compat-layer-relaunch --disable-infobars --disable-search-engine-choice-screen --disable-sync --enable-unsafe-swiftshader --headless --hide-scrollbars --mute-audio --blink-settings=primaryHoverType=2,availableHoverTypes=2,primaryPointerType=4,availablePointerTypes=4 --no-sandbox --user-data-dir=/tmp/playwright_chromiumdev_profile-l8GtCf --remote-debugging-pipe --no-startup-window
    <launched> pid=10412
    [pid=10412][err] /home/user/.cache/ms-playwright/chromium-1234/chrome-linux64/chrome: error while loading shared libraries: libnspr4.so: cannot open shared object file: No such file or directory
    Call log:
      - <launching> /home/user/.cache/ms-playwright/chromium-1234/chrome-linux64/chrome --disable-field-trial-config --disable-background-networking --disable-background-timer-throttling --disable-backgrounding-occluded-windows --disable-back-forward-cache --disable-breakpad --disable-client-side-phishing-detection --disable-component-extensions-with-background-pages --disable-component-update --no-default-browser-check --disable-default-apps --disable-dev-shm-usage --disable-edgeupdater --disable-extensions --disable-features=AvoidUnnecessaryBeforeUnloadCheckSync,BoundaryEventDispatchTracksNodeRemoval,DestroyProfileOnBrowserClose,DialMediaRouteProvider,GlobalMediaControls,HttpsUpgrades,LensOverlay,MediaRouter,PaintHolding,ThirdPartyStoragePartitioning,BlockOriginHeaderModificationOnRedirect,Translate,AutoDeElevate,OptimizationHints,msForceBrowserSignIn,msEdgeUpdateLaunchServicesPreferredVersion --enable-features=CDPScreenshotNewSurface --allow-pre-commit-input --disable-hang-monitor --disable-ipc-flooding-protection --disable-popup-blocking --disable-prompt-on-repost --disable-renderer-backgrounding --disable-updater-scheduler --force-color-profile=srgb --metrics-recording-only --no-first-run --password-store=basic --use-mock-keychain --no-service-autorun --export-tagged-pdf --disable-search-engine-choice-screen --unsafely-disable-devtools-self-xss-warnings --edge-skip-compat-layer-relaunch --disable-infobars --disable-search-engine-choice-screen --disable-sync --enable-unsafe-swiftshader --headless --hide-scrollbars --mute-audio --blink-settings=primaryHoverType=2,availableHoverTypes=2,primaryPointerType=4,availablePointerTypes=4 --no-sandbox --user-data-dir=/tmp/playwright_chromiumdev_profile-l8GtCf --remote-debugging-pipe --no-startup-window
      - <launched> pid=10412
      - [pid=10412][err] /home/user/.cache/ms-playwright/chromium-1234/chrome-linux64/chrome: error while loading shared libraries: libnspr4.so: cannot open shared object file: No such file or directory
      - [pid=10412] <gracefully close start>
      - [pid=10412] <kill>
      - [pid=10412] <will force kill>
      - [pid=10412] exception while trying to kill process: Error: kill ESRCH
      - [pid=10412] <process did exit: exitCode=127, signal=null>
      - [pid=10412] starting temporary directories cleanup
      - [pid=10412] finished temporary directories cleanup
      - [pid=10412] <gracefully close end>


    Error Context: test-results/critical-flows-guided-spea-c7bc0--consent-before-optional-AI-mobile-chromium/error-context.md

    attachment #2: trace (application/zip) ─────────────────────────────────────────────────────────
    test-results/critical-flows-guided-spea-c7bc0--consent-before-optional-AI-mobile-chromium/trace.zip
    Usage:

        npx playwright show-trace test-results/critical-flows-guided-spea-c7bc0--consent-before-optional-AI-mobile-chromium/trace.zip

    ────────────────────────────────────────────────────────────────────────────────────────────────


[60/82] [mobile-chromium] › tests/e2e/critical-flows.spec.ts:1097:1 › P0 mediation lab enforces source analysis, transfer, self-check, comparison, and revision
  60) [mobile-chromium] › tests/e2e/critical-flows.spec.ts:1097:1 › P0 mediation lab enforces source analysis, transfer, self-check, comparison, and revision 

    Error: browserType.launch: Target page, context or browser has been closed
    Browser logs:

    <launching> /home/user/.cache/ms-playwright/chromium-1234/chrome-linux64/chrome --disable-field-trial-config --disable-background-networking --disable-background-timer-throttling --disable-backgrounding-occluded-windows --disable-back-forward-cache --disable-breakpad --disable-client-side-phishing-detection --disable-component-extensions-with-background-pages --disable-component-update --no-default-browser-check --disable-default-apps --disable-dev-shm-usage --disable-edgeupdater --disable-extensions --disable-features=AvoidUnnecessaryBeforeUnloadCheckSync,BoundaryEventDispatchTracksNodeRemoval,DestroyProfileOnBrowserClose,DialMediaRouteProvider,GlobalMediaControls,HttpsUpgrades,LensOverlay,MediaRouter,PaintHolding,ThirdPartyStoragePartitioning,BlockOriginHeaderModificationOnRedirect,Translate,AutoDeElevate,OptimizationHints,msForceBrowserSignIn,msEdgeUpdateLaunchServicesPreferredVersion --enable-features=CDPScreenshotNewSurface --allow-pre-commit-input --disable-hang-monitor --disable-ipc-flooding-protection --disable-popup-blocking --disable-prompt-on-repost --disable-renderer-backgrounding --disable-updater-scheduler --force-color-profile=srgb --metrics-recording-only --no-first-run --password-store=basic --use-mock-keychain --no-service-autorun --export-tagged-pdf --disable-search-engine-choice-screen --unsafely-disable-devtools-self-xss-warnings --edge-skip-compat-layer-relaunch --disable-infobars --disable-search-engine-choice-screen --disable-sync --enable-unsafe-swiftshader --headless --hide-scrollbars --mute-audio --blink-settings=primaryHoverType=2,availableHoverTypes=2,primaryPointerType=4,availablePointerTypes=4 --no-sandbox --user-data-dir=/tmp/playwright_chromiumdev_profile-UIXdId --remote-debugging-pipe --no-startup-window
    <launched> pid=10438
    [pid=10438][err] /home/user/.cache/ms-playwright/chromium-1234/chrome-linux64/chrome: error while loading shared libraries: libnspr4.so: cannot open shared object file: No such file or directory
    Call log:
      - <launching> /home/user/.cache/ms-playwright/chromium-1234/chrome-linux64/chrome --disable-field-trial-config --disable-background-networking --disable-background-timer-throttling --disable-backgrounding-occluded-windows --disable-back-forward-cache --disable-breakpad --disable-client-side-phishing-detection --disable-component-extensions-with-background-pages --disable-component-update --no-default-browser-check --disable-default-apps --disable-dev-shm-usage --disable-edgeupdater --disable-extensions --disable-features=AvoidUnnecessaryBeforeUnloadCheckSync,BoundaryEventDispatchTracksNodeRemoval,DestroyProfileOnBrowserClose,DialMediaRouteProvider,GlobalMediaControls,HttpsUpgrades,LensOverlay,MediaRouter,PaintHolding,ThirdPartyStoragePartitioning,BlockOriginHeaderModificationOnRedirect,Translate,AutoDeElevate,OptimizationHints,msForceBrowserSignIn,msEdgeUpdateLaunchServicesPreferredVersion --enable-features=CDPScreenshotNewSurface --allow-pre-commit-input --disable-hang-monitor --disable-ipc-flooding-protection --disable-popup-blocking --disable-prompt-on-repost --disable-renderer-backgrounding --disable-updater-scheduler --force-color-profile=srgb --metrics-recording-only --no-first-run --password-store=basic --use-mock-keychain --no-service-autorun --export-tagged-pdf --disable-search-engine-choice-screen --unsafely-disable-devtools-self-xss-warnings --edge-skip-compat-layer-relaunch --disable-infobars --disable-search-engine-choice-screen --disable-sync --enable-unsafe-swiftshader --headless --hide-scrollbars --mute-audio --blink-settings=primaryHoverType=2,availableHoverTypes=2,primaryPointerType=4,availablePointerTypes=4 --no-sandbox --user-data-dir=/tmp/playwright_chromiumdev_profile-UIXdId --remote-debugging-pipe --no-startup-window
      - <launched> pid=10438
      - [pid=10438][err] /home/user/.cache/ms-playwright/chromium-1234/chrome-linux64/chrome: error while loading shared libraries: libnspr4.so: cannot open shared object file: No such file or directory
      - [pid=10438] <gracefully close start>
      - [pid=10438] <kill>
      - [pid=10438] <will force kill>
      - [pid=10438] exception while trying to kill process: Error: kill ESRCH
      - [pid=10438] <process did exit: exitCode=127, signal=null>
      - [pid=10438] starting temporary directories cleanup
      - [pid=10438] finished temporary directories cleanup
      - [pid=10438] <gracefully close end>


    Error Context: test-results/critical-flows-P0-mediatio-ee5b7-eck-comparison-and-revision-mobile-chromium/error-context.md

    attachment #2: trace (application/zip) ─────────────────────────────────────────────────────────
    test-results/critical-flows-P0-mediatio-ee5b7-eck-comparison-and-revision-mobile-chromium/trace.zip
    Usage:

        npx playwright show-trace test-results/critical-flows-P0-mediatio-ee5b7-eck-comparison-and-revision-mobile-chromium/trace.zip

    ────────────────────────────────────────────────────────────────────────────────────────────────


[61/82] [mobile-chromium] › tests/e2e/critical-flows.spec.ts:1130:1 › generated library audio exposes provenance, playback, and Browser TTS fallback
  61) [mobile-chromium] › tests/e2e/critical-flows.spec.ts:1130:1 › generated library audio exposes provenance, playback, and Browser TTS fallback 

    Error: browserType.launch: Target page, context or browser has been closed
    Browser logs:

    <launching> /home/user/.cache/ms-playwright/chromium-1234/chrome-linux64/chrome --disable-field-trial-config --disable-background-networking --disable-background-timer-throttling --disable-backgrounding-occluded-windows --disable-back-forward-cache --disable-breakpad --disable-client-side-phishing-detection --disable-component-extensions-with-background-pages --disable-component-update --no-default-browser-check --disable-default-apps --disable-dev-shm-usage --disable-edgeupdater --disable-extensions --disable-features=AvoidUnnecessaryBeforeUnloadCheckSync,BoundaryEventDispatchTracksNodeRemoval,DestroyProfileOnBrowserClose,DialMediaRouteProvider,GlobalMediaControls,HttpsUpgrades,LensOverlay,MediaRouter,PaintHolding,ThirdPartyStoragePartitioning,BlockOriginHeaderModificationOnRedirect,Translate,AutoDeElevate,OptimizationHints,msForceBrowserSignIn,msEdgeUpdateLaunchServicesPreferredVersion --enable-features=CDPScreenshotNewSurface --allow-pre-commit-input --disable-hang-monitor --disable-ipc-flooding-protection --disable-popup-blocking --disable-prompt-on-repost --disable-renderer-backgrounding --disable-updater-scheduler --force-color-profile=srgb --metrics-recording-only --no-first-run --password-store=basic --use-mock-keychain --no-service-autorun --export-tagged-pdf --disable-search-engine-choice-screen --unsafely-disable-devtools-self-xss-warnings --edge-skip-compat-layer-relaunch --disable-infobars --disable-search-engine-choice-screen --disable-sync --enable-unsafe-swiftshader --headless --hide-scrollbars --mute-audio --blink-settings=primaryHoverType=2,availableHoverTypes=2,primaryPointerType=4,availablePointerTypes=4 --no-sandbox --user-data-dir=/tmp/playwright_chromiumdev_profile-7DxqGB --remote-debugging-pipe --no-startup-window
    <launched> pid=10464
    [pid=10464][err] /home/user/.cache/ms-playwright/chromium-1234/chrome-linux64/chrome: error while loading shared libraries: libnspr4.so: cannot open shared object file: No such file or directory
    Call log:
      - <launching> /home/user/.cache/ms-playwright/chromium-1234/chrome-linux64/chrome --disable-field-trial-config --disable-background-networking --disable-background-timer-throttling --disable-backgrounding-occluded-windows --disable-back-forward-cache --disable-breakpad --disable-client-side-phishing-detection --disable-component-extensions-with-background-pages --disable-component-update --no-default-browser-check --disable-default-apps --disable-dev-shm-usage --disable-edgeupdater --disable-extensions --disable-features=AvoidUnnecessaryBeforeUnloadCheckSync,BoundaryEventDispatchTracksNodeRemoval,DestroyProfileOnBrowserClose,DialMediaRouteProvider,GlobalMediaControls,HttpsUpgrades,LensOverlay,MediaRouter,PaintHolding,ThirdPartyStoragePartitioning,BlockOriginHeaderModificationOnRedirect,Translate,AutoDeElevate,OptimizationHints,msForceBrowserSignIn,msEdgeUpdateLaunchServicesPreferredVersion --enable-features=CDPScreenshotNewSurface --allow-pre-commit-input --disable-hang-monitor --disable-ipc-flooding-protection --disable-popup-blocking --disable-prompt-on-repost --disable-renderer-backgrounding --disable-updater-scheduler --force-color-profile=srgb --metrics-recording-only --no-first-run --password-store=basic --use-mock-keychain --no-service-autorun --export-tagged-pdf --disable-search-engine-choice-screen --unsafely-disable-devtools-self-xss-warnings --edge-skip-compat-layer-relaunch --disable-infobars --disable-search-engine-choice-screen --disable-sync --enable-unsafe-swiftshader --headless --hide-scrollbars --mute-audio --blink-settings=primaryHoverType=2,availableHoverTypes=2,primaryPointerType=4,availablePointerTypes=4 --no-sandbox --user-data-dir=/tmp/playwright_chromiumdev_profile-7DxqGB --remote-debugging-pipe --no-startup-window
      - <launched> pid=10464
      - [pid=10464][err] /home/user/.cache/ms-playwright/chromium-1234/chrome-linux64/chrome: error while loading shared libraries: libnspr4.so: cannot open shared object file: No such file or directory
      - [pid=10464] <gracefully close start>
      - [pid=10464] <kill>
      - [pid=10464] <will force kill>
      - [pid=10464] exception while trying to kill process: Error: kill ESRCH
      - [pid=10464] <process did exit: exitCode=127, signal=null>
      - [pid=10464] starting temporary directories cleanup
      - [pid=10464] finished temporary directories cleanup
      - [pid=10464] <gracefully close end>


    Error Context: test-results/critical-flows-generated-l-17de5-ck-and-Browser-TTS-fallback-mobile-chromium/error-context.md

    attachment #2: trace (application/zip) ─────────────────────────────────────────────────────────
    test-results/critical-flows-generated-l-17de5-ck-and-Browser-TTS-fallback-mobile-chromium/trace.zip
    Usage:

        npx playwright show-trace test-results/critical-flows-generated-l-17de5-ck-and-Browser-TTS-fallback-mobile-chromium/trace.zip

    ────────────────────────────────────────────────────────────────────────────────────────────────


[62/82] [mobile-chromium] › tests/e2e/critical-flows.spec.ts:1164:1 › generated exam clips play with limits, provenance labels, and TTS fallback
  62) [mobile-chromium] › tests/e2e/critical-flows.spec.ts:1164:1 › generated exam clips play with limits, provenance labels, and TTS fallback 

    Error: browserType.launch: Target page, context or browser has been closed
    Browser logs:

    <launching> /home/user/.cache/ms-playwright/chromium-1234/chrome-linux64/chrome --disable-field-trial-config --disable-background-networking --disable-background-timer-throttling --disable-backgrounding-occluded-windows --disable-back-forward-cache --disable-breakpad --disable-client-side-phishing-detection --disable-component-extensions-with-background-pages --disable-component-update --no-default-browser-check --disable-default-apps --disable-dev-shm-usage --disable-edgeupdater --disable-extensions --disable-features=AvoidUnnecessaryBeforeUnloadCheckSync,BoundaryEventDispatchTracksNodeRemoval,DestroyProfileOnBrowserClose,DialMediaRouteProvider,GlobalMediaControls,HttpsUpgrades,LensOverlay,MediaRouter,PaintHolding,ThirdPartyStoragePartitioning,BlockOriginHeaderModificationOnRedirect,Translate,AutoDeElevate,OptimizationHints,msForceBrowserSignIn,msEdgeUpdateLaunchServicesPreferredVersion --enable-features=CDPScreenshotNewSurface --allow-pre-commit-input --disable-hang-monitor --disable-ipc-flooding-protection --disable-popup-blocking --disable-prompt-on-repost --disable-renderer-backgrounding --disable-updater-scheduler --force-color-profile=srgb --metrics-recording-only --no-first-run --password-store=basic --use-mock-keychain --no-service-autorun --export-tagged-pdf --disable-search-engine-choice-screen --unsafely-disable-devtools-self-xss-warnings --edge-skip-compat-layer-relaunch --disable-infobars --disable-search-engine-choice-screen --disable-sync --enable-unsafe-swiftshader --headless --hide-scrollbars --mute-audio --blink-settings=primaryHoverType=2,availableHoverTypes=2,primaryPointerType=4,availablePointerTypes=4 --no-sandbox --user-data-dir=/tmp/playwright_chromiumdev_profile-lULzcE --remote-debugging-pipe --no-startup-window
    <launched> pid=10490
    [pid=10490][err] /home/user/.cache/ms-playwright/chromium-1234/chrome-linux64/chrome: error while loading shared libraries: libnspr4.so: cannot open shared object file: No such file or directory
    Call log:
      - <launching> /home/user/.cache/ms-playwright/chromium-1234/chrome-linux64/chrome --disable-field-trial-config --disable-background-networking --disable-background-timer-throttling --disable-backgrounding-occluded-windows --disable-back-forward-cache --disable-breakpad --disable-client-side-phishing-detection --disable-component-extensions-with-background-pages --disable-component-update --no-default-browser-check --disable-default-apps --disable-dev-shm-usage --disable-edgeupdater --disable-extensions --disable-features=AvoidUnnecessaryBeforeUnloadCheckSync,BoundaryEventDispatchTracksNodeRemoval,DestroyProfileOnBrowserClose,DialMediaRouteProvider,GlobalMediaControls,HttpsUpgrades,LensOverlay,MediaRouter,PaintHolding,ThirdPartyStoragePartitioning,BlockOriginHeaderModificationOnRedirect,Translate,AutoDeElevate,OptimizationHints,msForceBrowserSignIn,msEdgeUpdateLaunchServicesPreferredVersion --enable-features=CDPScreenshotNewSurface --allow-pre-commit-input --disable-hang-monitor --disable-ipc-flooding-protection --disable-popup-blocking --disable-prompt-on-repost --disable-renderer-backgrounding --disable-updater-scheduler --force-color-profile=srgb --metrics-recording-only --no-first-run --password-store=basic --use-mock-keychain --no-service-autorun --export-tagged-pdf --disable-search-engine-choice-screen --unsafely-disable-devtools-self-xss-warnings --edge-skip-compat-layer-relaunch --disable-infobars --disable-search-engine-choice-screen --disable-sync --enable-unsafe-swiftshader --headless --hide-scrollbars --mute-audio --blink-settings=primaryHoverType=2,availableHoverTypes=2,primaryPointerType=4,availablePointerTypes=4 --no-sandbox --user-data-dir=/tmp/playwright_chromiumdev_profile-lULzcE --remote-debugging-pipe --no-startup-window
      - <launched> pid=10490
      - [pid=10490][err] /home/user/.cache/ms-playwright/chromium-1234/chrome-linux64/chrome: error while loading shared libraries: libnspr4.so: cannot open shared object file: No such file or directory
      - [pid=10490] <gracefully close start>
      - [pid=10490] <kill>
      - [pid=10490] <will force kill>
      - [pid=10490] exception while trying to kill process: Error: kill ESRCH
      - [pid=10490] <process did exit: exitCode=127, signal=null>
      - [pid=10490] starting temporary directories cleanup
      - [pid=10490] finished temporary directories cleanup
      - [pid=10490] <gracefully close end>


    Error Context: test-results/critical-flows-generated-e-6c45a-nce-labels-and-TTS-fallback-mobile-chromium/error-context.md

    attachment #2: trace (application/zip) ─────────────────────────────────────────────────────────
    test-results/critical-flows-generated-e-6c45a-nce-labels-and-TTS-fallback-mobile-chromium/trace.zip
    Usage:

        npx playwright show-trace test-results/critical-flows-generated-e-6c45a-nce-labels-and-TTS-fallback-mobile-chromium/trace.zip

    ────────────────────────────────────────────────────────────────────────────────────────────────


[63/82] [mobile-chromium] › tests/e2e/critical-flows.spec.ts:1308:1 › shadowing studio uses generated audio, speed controls, and delayed transcript
  63) [mobile-chromium] › tests/e2e/critical-flows.spec.ts:1308:1 › shadowing studio uses generated audio, speed controls, and delayed transcript 

    Error: browserType.launch: Target page, context or browser has been closed
    Browser logs:

    <launching> /home/user/.cache/ms-playwright/chromium-1234/chrome-linux64/chrome --disable-field-trial-config --disable-background-networking --disable-background-timer-throttling --disable-backgrounding-occluded-windows --disable-back-forward-cache --disable-breakpad --disable-client-side-phishing-detection --disable-component-extensions-with-background-pages --disable-component-update --no-default-browser-check --disable-default-apps --disable-dev-shm-usage --disable-edgeupdater --disable-extensions --disable-features=AvoidUnnecessaryBeforeUnloadCheckSync,BoundaryEventDispatchTracksNodeRemoval,DestroyProfileOnBrowserClose,DialMediaRouteProvider,GlobalMediaControls,HttpsUpgrades,LensOverlay,MediaRouter,PaintHolding,ThirdPartyStoragePartitioning,BlockOriginHeaderModificationOnRedirect,Translate,AutoDeElevate,OptimizationHints,msForceBrowserSignIn,msEdgeUpdateLaunchServicesPreferredVersion --enable-features=CDPScreenshotNewSurface --allow-pre-commit-input --disable-hang-monitor --disable-ipc-flooding-protection --disable-popup-blocking --disable-prompt-on-repost --disable-renderer-backgrounding --disable-updater-scheduler --force-color-profile=srgb --metrics-recording-only --no-first-run --password-store=basic --use-mock-keychain --no-service-autorun --export-tagged-pdf --disable-search-engine-choice-screen --unsafely-disable-devtools-self-xss-warnings --edge-skip-compat-layer-relaunch --disable-infobars --disable-search-engine-choice-screen --disable-sync --enable-unsafe-swiftshader --headless --hide-scrollbars --mute-audio --blink-settings=primaryHoverType=2,availableHoverTypes=2,primaryPointerType=4,availablePointerTypes=4 --no-sandbox --user-data-dir=/tmp/playwright_chromiumdev_profile-CVagJR --remote-debugging-pipe --no-startup-window
    <launched> pid=10516
    [pid=10516][err] /home/user/.cache/ms-playwright/chromium-1234/chrome-linux64/chrome: error while loading shared libraries: libnspr4.so: cannot open shared object file: No such file or directory
    Call log:
      - <launching> /home/user/.cache/ms-playwright/chromium-1234/chrome-linux64/chrome --disable-field-trial-config --disable-background-networking --disable-background-timer-throttling --disable-backgrounding-occluded-windows --disable-back-forward-cache --disable-breakpad --disable-client-side-phishing-detection --disable-component-extensions-with-background-pages --disable-component-update --no-default-browser-check --disable-default-apps --disable-dev-shm-usage --disable-edgeupdater --disable-extensions --disable-features=AvoidUnnecessaryBeforeUnloadCheckSync,BoundaryEventDispatchTracksNodeRemoval,DestroyProfileOnBrowserClose,DialMediaRouteProvider,GlobalMediaControls,HttpsUpgrades,LensOverlay,MediaRouter,PaintHolding,ThirdPartyStoragePartitioning,BlockOriginHeaderModificationOnRedirect,Translate,AutoDeElevate,OptimizationHints,msForceBrowserSignIn,msEdgeUpdateLaunchServicesPreferredVersion --enable-features=CDPScreenshotNewSurface --allow-pre-commit-input --disable-hang-monitor --disable-ipc-flooding-protection --disable-popup-blocking --disable-prompt-on-repost --disable-renderer-backgrounding --disable-updater-scheduler --force-color-profile=srgb --metrics-recording-only --no-first-run --password-store=basic --use-mock-keychain --no-service-autorun --export-tagged-pdf --disable-search-engine-choice-screen --unsafely-disable-devtools-self-xss-warnings --edge-skip-compat-layer-relaunch --disable-infobars --disable-search-engine-choice-screen --disable-sync --enable-unsafe-swiftshader --headless --hide-scrollbars --mute-audio --blink-settings=primaryHoverType=2,availableHoverTypes=2,primaryPointerType=4,availablePointerTypes=4 --no-sandbox --user-data-dir=/tmp/playwright_chromiumdev_profile-CVagJR --remote-debugging-pipe --no-startup-window
      - <launched> pid=10516
      - [pid=10516][err] /home/user/.cache/ms-playwright/chromium-1234/chrome-linux64/chrome: error while loading shared libraries: libnspr4.so: cannot open shared object file: No such file or directory
      - [pid=10516] <gracefully close start>
      - [pid=10516] <kill>
      - [pid=10516] <will force kill>
      - [pid=10516] exception while trying to kill process: Error: kill ESRCH
      - [pid=10516] <process did exit: exitCode=127, signal=null>
      - [pid=10516] starting temporary directories cleanup
      - [pid=10516] finished temporary directories cleanup
      - [pid=10516] <gracefully close end>


    Error Context: test-results/critical-flows-shadowing-s-e45fe-rols-and-delayed-transcript-mobile-chromium/error-context.md

    attachment #2: trace (application/zip) ─────────────────────────────────────────────────────────
    test-results/critical-flows-shadowing-s-e45fe-rols-and-delayed-transcript-mobile-chromium/trace.zip
    Usage:

        npx playwright show-trace test-results/critical-flows-shadowing-s-e45fe-rols-and-delayed-transcript-mobile-chromium/trace.zip

    ────────────────────────────────────────────────────────────────────────────────────────────────


[64/82] [mobile-chromium] › tests/e2e/critical-flows.spec.ts:1324:1 › a complete lesson run traverses all 14 stages and persists completion
  64) [mobile-chromium] › tests/e2e/critical-flows.spec.ts:1324:1 › a complete lesson run traverses all 14 stages and persists completion 

    Error: browserType.launch: Target page, context or browser has been closed
    Browser logs:

    <launching> /home/user/.cache/ms-playwright/chromium-1234/chrome-linux64/chrome --disable-field-trial-config --disable-background-networking --disable-background-timer-throttling --disable-backgrounding-occluded-windows --disable-back-forward-cache --disable-breakpad --disable-client-side-phishing-detection --disable-component-extensions-with-background-pages --disable-component-update --no-default-browser-check --disable-default-apps --disable-dev-shm-usage --disable-edgeupdater --disable-extensions --disable-features=AvoidUnnecessaryBeforeUnloadCheckSync,BoundaryEventDispatchTracksNodeRemoval,DestroyProfileOnBrowserClose,DialMediaRouteProvider,GlobalMediaControls,HttpsUpgrades,LensOverlay,MediaRouter,PaintHolding,ThirdPartyStoragePartitioning,BlockOriginHeaderModificationOnRedirect,Translate,AutoDeElevate,OptimizationHints,msForceBrowserSignIn,msEdgeUpdateLaunchServicesPreferredVersion --enable-features=CDPScreenshotNewSurface --allow-pre-commit-input --disable-hang-monitor --disable-ipc-flooding-protection --disable-popup-blocking --disable-prompt-on-repost --disable-renderer-backgrounding --disable-updater-scheduler --force-color-profile=srgb --metrics-recording-only --no-first-run --password-store=basic --use-mock-keychain --no-service-autorun --export-tagged-pdf --disable-search-engine-choice-screen --unsafely-disable-devtools-self-xss-warnings --edge-skip-compat-layer-relaunch --disable-infobars --disable-search-engine-choice-screen --disable-sync --enable-unsafe-swiftshader --headless --hide-scrollbars --mute-audio --blink-settings=primaryHoverType=2,availableHoverTypes=2,primaryPointerType=4,availablePointerTypes=4 --no-sandbox --user-data-dir=/tmp/playwright_chromiumdev_profile-aRFct9 --remote-debugging-pipe --no-startup-window
    <launched> pid=10542
    [pid=10542][err] /home/user/.cache/ms-playwright/chromium-1234/chrome-linux64/chrome: error while loading shared libraries: libnspr4.so: cannot open shared object file: No such file or directory
    Call log:
      - <launching> /home/user/.cache/ms-playwright/chromium-1234/chrome-linux64/chrome --disable-field-trial-config --disable-background-networking --disable-background-timer-throttling --disable-backgrounding-occluded-windows --disable-back-forward-cache --disable-breakpad --disable-client-side-phishing-detection --disable-component-extensions-with-background-pages --disable-component-update --no-default-browser-check --disable-default-apps --disable-dev-shm-usage --disable-edgeupdater --disable-extensions --disable-features=AvoidUnnecessaryBeforeUnloadCheckSync,BoundaryEventDispatchTracksNodeRemoval,DestroyProfileOnBrowserClose,DialMediaRouteProvider,GlobalMediaControls,HttpsUpgrades,LensOverlay,MediaRouter,PaintHolding,ThirdPartyStoragePartitioning,BlockOriginHeaderModificationOnRedirect,Translate,AutoDeElevate,OptimizationHints,msForceBrowserSignIn,msEdgeUpdateLaunchServicesPreferredVersion --enable-features=CDPScreenshotNewSurface --allow-pre-commit-input --disable-hang-monitor --disable-ipc-flooding-protection --disable-popup-blocking --disable-prompt-on-repost --disable-renderer-backgrounding --disable-updater-scheduler --force-color-profile=srgb --metrics-recording-only --no-first-run --password-store=basic --use-mock-keychain --no-service-autorun --export-tagged-pdf --disable-search-engine-choice-screen --unsafely-disable-devtools-self-xss-warnings --edge-skip-compat-layer-relaunch --disable-infobars --disable-search-engine-choice-screen --disable-sync --enable-unsafe-swiftshader --headless --hide-scrollbars --mute-audio --blink-settings=primaryHoverType=2,availableHoverTypes=2,primaryPointerType=4,availablePointerTypes=4 --no-sandbox --user-data-dir=/tmp/playwright_chromiumdev_profile-aRFct9 --remote-debugging-pipe --no-startup-window
      - <launched> pid=10542
      - [pid=10542][err] /home/user/.cache/ms-playwright/chromium-1234/chrome-linux64/chrome: error while loading shared libraries: libnspr4.so: cannot open shared object file: No such file or directory
      - [pid=10542] <gracefully close start>
      - [pid=10542] <kill>
      - [pid=10542] <will force kill>
      - [pid=10542] exception while trying to kill process: Error: kill ESRCH
      - [pid=10542] <process did exit: exitCode=127, signal=null>
      - [pid=10542] starting temporary directories cleanup
      - [pid=10542] finished temporary directories cleanup
      - [pid=10542] <gracefully close end>


    Error Context: test-results/critical-flows-a-complete--486c4-ges-and-persists-completion-mobile-chromium/error-context.md

    attachment #2: trace (application/zip) ─────────────────────────────────────────────────────────
    test-results/critical-flows-a-complete--486c4-ges-and-persists-completion-mobile-chromium/trace.zip
    Usage:

        npx playwright show-trace test-results/critical-flows-a-complete--486c4-ges-and-persists-completion-mobile-chromium/trace.zip

    ────────────────────────────────────────────────────────────────────────────────────────────────


[65/82] [mobile-chromium] › tests/e2e/critical-flows.spec.ts:1658:1 › settings exports an encrypted DWNB archive and imports it as an isolated profile
  65) [mobile-chromium] › tests/e2e/critical-flows.spec.ts:1658:1 › settings exports an encrypted DWNB archive and imports it as an isolated profile 

    Error: browserType.launch: Target page, context or browser has been closed
    Browser logs:

    <launching> /home/user/.cache/ms-playwright/chromium-1234/chrome-linux64/chrome --disable-field-trial-config --disable-background-networking --disable-background-timer-throttling --disable-backgrounding-occluded-windows --disable-back-forward-cache --disable-breakpad --disable-client-side-phishing-detection --disable-component-extensions-with-background-pages --disable-component-update --no-default-browser-check --disable-default-apps --disable-dev-shm-usage --disable-edgeupdater --disable-extensions --disable-features=AvoidUnnecessaryBeforeUnloadCheckSync,BoundaryEventDispatchTracksNodeRemoval,DestroyProfileOnBrowserClose,DialMediaRouteProvider,GlobalMediaControls,HttpsUpgrades,LensOverlay,MediaRouter,PaintHolding,ThirdPartyStoragePartitioning,BlockOriginHeaderModificationOnRedirect,Translate,AutoDeElevate,OptimizationHints,msForceBrowserSignIn,msEdgeUpdateLaunchServicesPreferredVersion --enable-features=CDPScreenshotNewSurface --allow-pre-commit-input --disable-hang-monitor --disable-ipc-flooding-protection --disable-popup-blocking --disable-prompt-on-repost --disable-renderer-backgrounding --disable-updater-scheduler --force-color-profile=srgb --metrics-recording-only --no-first-run --password-store=basic --use-mock-keychain --no-service-autorun --export-tagged-pdf --disable-search-engine-choice-screen --unsafely-disable-devtools-self-xss-warnings --edge-skip-compat-layer-relaunch --disable-infobars --disable-search-engine-choice-screen --disable-sync --enable-unsafe-swiftshader --headless --hide-scrollbars --mute-audio --blink-settings=primaryHoverType=2,availableHoverTypes=2,primaryPointerType=4,availablePointerTypes=4 --no-sandbox --user-data-dir=/tmp/playwright_chromiumdev_profile-k9wCED --remote-debugging-pipe --no-startup-window
    <launched> pid=10568
    [pid=10568][err] /home/user/.cache/ms-playwright/chromium-1234/chrome-linux64/chrome: error while loading shared libraries: libnspr4.so: cannot open shared object file: No such file or directory
    Call log:
      - <launching> /home/user/.cache/ms-playwright/chromium-1234/chrome-linux64/chrome --disable-field-trial-config --disable-background-networking --disable-background-timer-throttling --disable-backgrounding-occluded-windows --disable-back-forward-cache --disable-breakpad --disable-client-side-phishing-detection --disable-component-extensions-with-background-pages --disable-component-update --no-default-browser-check --disable-default-apps --disable-dev-shm-usage --disable-edgeupdater --disable-extensions --disable-features=AvoidUnnecessaryBeforeUnloadCheckSync,BoundaryEventDispatchTracksNodeRemoval,DestroyProfileOnBrowserClose,DialMediaRouteProvider,GlobalMediaControls,HttpsUpgrades,LensOverlay,MediaRouter,PaintHolding,ThirdPartyStoragePartitioning,BlockOriginHeaderModificationOnRedirect,Translate,AutoDeElevate,OptimizationHints,msForceBrowserSignIn,msEdgeUpdateLaunchServicesPreferredVersion --enable-features=CDPScreenshotNewSurface --allow-pre-commit-input --disable-hang-monitor --disable-ipc-flooding-protection --disable-popup-blocking --disable-prompt-on-repost --disable-renderer-backgrounding --disable-updater-scheduler --force-color-profile=srgb --metrics-recording-only --no-first-run --password-store=basic --use-mock-keychain --no-service-autorun --export-tagged-pdf --disable-search-engine-choice-screen --unsafely-disable-devtools-self-xss-warnings --edge-skip-compat-layer-relaunch --disable-infobars --disable-search-engine-choice-screen --disable-sync --enable-unsafe-swiftshader --headless --hide-scrollbars --mute-audio --blink-settings=primaryHoverType=2,availableHoverTypes=2,primaryPointerType=4,availablePointerTypes=4 --no-sandbox --user-data-dir=/tmp/playwright_chromiumdev_profile-k9wCED --remote-debugging-pipe --no-startup-window
      - <launched> pid=10568
      - [pid=10568][err] /home/user/.cache/ms-playwright/chromium-1234/chrome-linux64/chrome: error while loading shared libraries: libnspr4.so: cannot open shared object file: No such file or directory
      - [pid=10568] <gracefully close start>
      - [pid=10568] <kill>
      - [pid=10568] <will force kill>
      - [pid=10568] exception while trying to kill process: Error: kill ESRCH
      - [pid=10568] <process did exit: exitCode=127, signal=null>
      - [pid=10568] starting temporary directories cleanup
      - [pid=10568] finished temporary directories cleanup
      - [pid=10568] <gracefully close end>


    Error Context: test-results/critical-flows-settings-ex-966c3-s-it-as-an-isolated-profile-mobile-chromium/error-context.md

    attachment #2: trace (application/zip) ─────────────────────────────────────────────────────────
    test-results/critical-flows-settings-ex-966c3-s-it-as-an-isolated-profile-mobile-chromium/trace.zip
    Usage:

        npx playwright show-trace test-results/critical-flows-settings-ex-966c3-s-it-as-an-isolated-profile-mobile-chromium/trace.zip

    ────────────────────────────────────────────────────────────────────────────────────────────────


[66/82] [mobile-chromium] › tests/e2e/critical-flows.spec.ts:1708:1 › a previously loaded library survives a real offline reload
  66) [mobile-chromium] › tests/e2e/critical-flows.spec.ts:1708:1 › a previously loaded library survives a real offline reload 

    Error: browserType.launch: Target page, context or browser has been closed
    Browser logs:

    <launching> /home/user/.cache/ms-playwright/chromium-1234/chrome-linux64/chrome --disable-field-trial-config --disable-background-networking --disable-background-timer-throttling --disable-backgrounding-occluded-windows --disable-back-forward-cache --disable-breakpad --disable-client-side-phishing-detection --disable-component-extensions-with-background-pages --disable-component-update --no-default-browser-check --disable-default-apps --disable-dev-shm-usage --disable-edgeupdater --disable-extensions --disable-features=AvoidUnnecessaryBeforeUnloadCheckSync,BoundaryEventDispatchTracksNodeRemoval,DestroyProfileOnBrowserClose,DialMediaRouteProvider,GlobalMediaControls,HttpsUpgrades,LensOverlay,MediaRouter,PaintHolding,ThirdPartyStoragePartitioning,BlockOriginHeaderModificationOnRedirect,Translate,AutoDeElevate,OptimizationHints,msForceBrowserSignIn,msEdgeUpdateLaunchServicesPreferredVersion --enable-features=CDPScreenshotNewSurface --allow-pre-commit-input --disable-hang-monitor --disable-ipc-flooding-protection --disable-popup-blocking --disable-prompt-on-repost --disable-renderer-backgrounding --disable-updater-scheduler --force-color-profile=srgb --metrics-recording-only --no-first-run --password-store=basic --use-mock-keychain --no-service-autorun --export-tagged-pdf --disable-search-engine-choice-screen --unsafely-disable-devtools-self-xss-warnings --edge-skip-compat-layer-relaunch --disable-infobars --disable-search-engine-choice-screen --disable-sync --enable-unsafe-swiftshader --headless --hide-scrollbars --mute-audio --blink-settings=primaryHoverType=2,availableHoverTypes=2,primaryPointerType=4,availablePointerTypes=4 --no-sandbox --user-data-dir=/tmp/playwright_chromiumdev_profile-RvZ7Ui --remote-debugging-pipe --no-startup-window
    <launched> pid=10594
    [pid=10594][err] /home/user/.cache/ms-playwright/chromium-1234/chrome-linux64/chrome: error while loading shared libraries: libnspr4.so: cannot open shared object file: No such file or directory
    Call log:
      - <launching> /home/user/.cache/ms-playwright/chromium-1234/chrome-linux64/chrome --disable-field-trial-config --disable-background-networking --disable-background-timer-throttling --disable-backgrounding-occluded-windows --disable-back-forward-cache --disable-breakpad --disable-client-side-phishing-detection --disable-component-extensions-with-background-pages --disable-component-update --no-default-browser-check --disable-default-apps --disable-dev-shm-usage --disable-edgeupdater --disable-extensions --disable-features=AvoidUnnecessaryBeforeUnloadCheckSync,BoundaryEventDispatchTracksNodeRemoval,DestroyProfileOnBrowserClose,DialMediaRouteProvider,GlobalMediaControls,HttpsUpgrades,LensOverlay,MediaRouter,PaintHolding,ThirdPartyStoragePartitioning,BlockOriginHeaderModificationOnRedirect,Translate,AutoDeElevate,OptimizationHints,msForceBrowserSignIn,msEdgeUpdateLaunchServicesPreferredVersion --enable-features=CDPScreenshotNewSurface --allow-pre-commit-input --disable-hang-monitor --disable-ipc-flooding-protection --disable-popup-blocking --disable-prompt-on-repost --disable-renderer-backgrounding --disable-updater-scheduler --force-color-profile=srgb --metrics-recording-only --no-first-run --password-store=basic --use-mock-keychain --no-service-autorun --export-tagged-pdf --disable-search-engine-choice-screen --unsafely-disable-devtools-self-xss-warnings --edge-skip-compat-layer-relaunch --disable-infobars --disable-search-engine-choice-screen --disable-sync --enable-unsafe-swiftshader --headless --hide-scrollbars --mute-audio --blink-settings=primaryHoverType=2,availableHoverTypes=2,primaryPointerType=4,availablePointerTypes=4 --no-sandbox --user-data-dir=/tmp/playwright_chromiumdev_profile-RvZ7Ui --remote-debugging-pipe --no-startup-window
      - <launched> pid=10594
      - [pid=10594][err] /home/user/.cache/ms-playwright/chromium-1234/chrome-linux64/chrome: error while loading shared libraries: libnspr4.so: cannot open shared object file: No such file or directory
      - [pid=10594] <gracefully close start>
      - [pid=10594] <kill>
      - [pid=10594] <will force kill>
      - [pid=10594] exception while trying to kill process: Error: kill ESRCH
      - [pid=10594] <process did exit: exitCode=127, signal=null>
      - [pid=10594] starting temporary directories cleanup
      - [pid=10594] finished temporary directories cleanup
      - [pid=10594] <gracefully close end>


    Error Context: test-results/critical-flows-a-previousl-c9c75-vives-a-real-offline-reload-mobile-chromium/error-context.md

    attachment #2: trace (application/zip) ─────────────────────────────────────────────────────────
    test-results/critical-flows-a-previousl-c9c75-vives-a-real-offline-reload-mobile-chromium/trace.zip
    Usage:

        npx playwright show-trace test-results/critical-flows-a-previousl-c9c75-vives-a-real-offline-reload-mobile-chromium/trace.zip

    ────────────────────────────────────────────────────────────────────────────────────────────────


[67/82] [mobile-chromium] › tests/e2e/critical-flows.spec.ts:1733:1 › the optional full content pack opens unvisited lessons and exam tasks offline
  67) [mobile-chromium] › tests/e2e/critical-flows.spec.ts:1733:1 › the optional full content pack opens unvisited lessons and exam tasks offline 

    Error: browserType.launch: Target page, context or browser has been closed
    Browser logs:

    <launching> /home/user/.cache/ms-playwright/chromium-1234/chrome-linux64/chrome --disable-field-trial-config --disable-background-networking --disable-background-timer-throttling --disable-backgrounding-occluded-windows --disable-back-forward-cache --disable-breakpad --disable-client-side-phishing-detection --disable-component-extensions-with-background-pages --disable-component-update --no-default-browser-check --disable-default-apps --disable-dev-shm-usage --disable-edgeupdater --disable-extensions --disable-features=AvoidUnnecessaryBeforeUnloadCheckSync,BoundaryEventDispatchTracksNodeRemoval,DestroyProfileOnBrowserClose,DialMediaRouteProvider,GlobalMediaControls,HttpsUpgrades,LensOverlay,MediaRouter,PaintHolding,ThirdPartyStoragePartitioning,BlockOriginHeaderModificationOnRedirect,Translate,AutoDeElevate,OptimizationHints,msForceBrowserSignIn,msEdgeUpdateLaunchServicesPreferredVersion --enable-features=CDPScreenshotNewSurface --allow-pre-commit-input --disable-hang-monitor --disable-ipc-flooding-protection --disable-popup-blocking --disable-prompt-on-repost --disable-renderer-backgrounding --disable-updater-scheduler --force-color-profile=srgb --metrics-recording-only --no-first-run --password-store=basic --use-mock-keychain --no-service-autorun --export-tagged-pdf --disable-search-engine-choice-screen --unsafely-disable-devtools-self-xss-warnings --edge-skip-compat-layer-relaunch --disable-infobars --disable-search-engine-choice-screen --disable-sync --enable-unsafe-swiftshader --headless --hide-scrollbars --mute-audio --blink-settings=primaryHoverType=2,availableHoverTypes=2,primaryPointerType=4,availablePointerTypes=4 --no-sandbox --user-data-dir=/tmp/playwright_chromiumdev_profile-K8Bgr1 --remote-debugging-pipe --no-startup-window
    <launched> pid=10620
    [pid=10620][err] /home/user/.cache/ms-playwright/chromium-1234/chrome-linux64/chrome: error while loading shared libraries: libnspr4.so: cannot open shared object file: No such file or directory
    Call log:
      - <launching> /home/user/.cache/ms-playwright/chromium-1234/chrome-linux64/chrome --disable-field-trial-config --disable-background-networking --disable-background-timer-throttling --disable-backgrounding-occluded-windows --disable-back-forward-cache --disable-breakpad --disable-client-side-phishing-detection --disable-component-extensions-with-background-pages --disable-component-update --no-default-browser-check --disable-default-apps --disable-dev-shm-usage --disable-edgeupdater --disable-extensions --disable-features=AvoidUnnecessaryBeforeUnloadCheckSync,BoundaryEventDispatchTracksNodeRemoval,DestroyProfileOnBrowserClose,DialMediaRouteProvider,GlobalMediaControls,HttpsUpgrades,LensOverlay,MediaRouter,PaintHolding,ThirdPartyStoragePartitioning,BlockOriginHeaderModificationOnRedirect,Translate,AutoDeElevate,OptimizationHints,msForceBrowserSignIn,msEdgeUpdateLaunchServicesPreferredVersion --enable-features=CDPScreenshotNewSurface --allow-pre-commit-input --disable-hang-monitor --disable-ipc-flooding-protection --disable-popup-blocking --disable-prompt-on-repost --disable-renderer-backgrounding --disable-updater-scheduler --force-color-profile=srgb --metrics-recording-only --no-first-run --password-store=basic --use-mock-keychain --no-service-autorun --export-tagged-pdf --disable-search-engine-choice-screen --unsafely-disable-devtools-self-xss-warnings --edge-skip-compat-layer-relaunch --disable-infobars --disable-search-engine-choice-screen --disable-sync --enable-unsafe-swiftshader --headless --hide-scrollbars --mute-audio --blink-settings=primaryHoverType=2,availableHoverTypes=2,primaryPointerType=4,availablePointerTypes=4 --no-sandbox --user-data-dir=/tmp/playwright_chromiumdev_profile-K8Bgr1 --remote-debugging-pipe --no-startup-window
      - <launched> pid=10620
      - [pid=10620][err] /home/user/.cache/ms-playwright/chromium-1234/chrome-linux64/chrome: error while loading shared libraries: libnspr4.so: cannot open shared object file: No such file or directory
      - [pid=10620] <gracefully close start>
      - [pid=10620] <kill>
      - [pid=10620] <will force kill>
      - [pid=10620] exception while trying to kill process: Error: kill ESRCH
      - [pid=10620] <process did exit: exitCode=127, signal=null>
      - [pid=10620] starting temporary directories cleanup
      - [pid=10620] finished temporary directories cleanup
      - [pid=10620] <gracefully close end>


    Error Context: test-results/critical-flows-the-optiona-b61fe-sons-and-exam-tasks-offline-mobile-chromium/error-context.md

    attachment #2: trace (application/zip) ─────────────────────────────────────────────────────────
    test-results/critical-flows-the-optiona-b61fe-sons-and-exam-tasks-offline-mobile-chromium/trace.zip
    Usage:

        npx playwright show-trace test-results/critical-flows-the-optiona-b61fe-sons-and-exam-tasks-offline-mobile-chromium/trace.zip

    ────────────────────────────────────────────────────────────────────────────────────────────────


[68/82] [mobile-chromium] › tests/e2e/critical-flows.spec.ts:1871:1 › continuous full-exam mode persists one central clock and blocks task skipping
  68) [mobile-chromium] › tests/e2e/critical-flows.spec.ts:1871:1 › continuous full-exam mode persists one central clock and blocks task skipping 

    Error: browserType.launch: Target page, context or browser has been closed
    Browser logs:

    <launching> /home/user/.cache/ms-playwright/chromium-1234/chrome-linux64/chrome --disable-field-trial-config --disable-background-networking --disable-background-timer-throttling --disable-backgrounding-occluded-windows --disable-back-forward-cache --disable-breakpad --disable-client-side-phishing-detection --disable-component-extensions-with-background-pages --disable-component-update --no-default-browser-check --disable-default-apps --disable-dev-shm-usage --disable-edgeupdater --disable-extensions --disable-features=AvoidUnnecessaryBeforeUnloadCheckSync,BoundaryEventDispatchTracksNodeRemoval,DestroyProfileOnBrowserClose,DialMediaRouteProvider,GlobalMediaControls,HttpsUpgrades,LensOverlay,MediaRouter,PaintHolding,ThirdPartyStoragePartitioning,BlockOriginHeaderModificationOnRedirect,Translate,AutoDeElevate,OptimizationHints,msForceBrowserSignIn,msEdgeUpdateLaunchServicesPreferredVersion --enable-features=CDPScreenshotNewSurface --allow-pre-commit-input --disable-hang-monitor --disable-ipc-flooding-protection --disable-popup-blocking --disable-prompt-on-repost --disable-renderer-backgrounding --disable-updater-scheduler --force-color-profile=srgb --metrics-recording-only --no-first-run --password-store=basic --use-mock-keychain --no-service-autorun --export-tagged-pdf --disable-search-engine-choice-screen --unsafely-disable-devtools-self-xss-warnings --edge-skip-compat-layer-relaunch --disable-infobars --disable-search-engine-choice-screen --disable-sync --enable-unsafe-swiftshader --headless --hide-scrollbars --mute-audio --blink-settings=primaryHoverType=2,availableHoverTypes=2,primaryPointerType=4,availablePointerTypes=4 --no-sandbox --user-data-dir=/tmp/playwright_chromiumdev_profile-OFN8Zx --remote-debugging-pipe --no-startup-window
    <launched> pid=10646
    [pid=10646][err] /home/user/.cache/ms-playwright/chromium-1234/chrome-linux64/chrome: error while loading shared libraries: libnspr4.so: cannot open shared object file: No such file or directory
    Call log:
      - <launching> /home/user/.cache/ms-playwright/chromium-1234/chrome-linux64/chrome --disable-field-trial-config --disable-background-networking --disable-background-timer-throttling --disable-backgrounding-occluded-windows --disable-back-forward-cache --disable-breakpad --disable-client-side-phishing-detection --disable-component-extensions-with-background-pages --disable-component-update --no-default-browser-check --disable-default-apps --disable-dev-shm-usage --disable-edgeupdater --disable-extensions --disable-features=AvoidUnnecessaryBeforeUnloadCheckSync,BoundaryEventDispatchTracksNodeRemoval,DestroyProfileOnBrowserClose,DialMediaRouteProvider,GlobalMediaControls,HttpsUpgrades,LensOverlay,MediaRouter,PaintHolding,ThirdPartyStoragePartitioning,BlockOriginHeaderModificationOnRedirect,Translate,AutoDeElevate,OptimizationHints,msForceBrowserSignIn,msEdgeUpdateLaunchServicesPreferredVersion --enable-features=CDPScreenshotNewSurface --allow-pre-commit-input --disable-hang-monitor --disable-ipc-flooding-protection --disable-popup-blocking --disable-prompt-on-repost --disable-renderer-backgrounding --disable-updater-scheduler --force-color-profile=srgb --metrics-recording-only --no-first-run --password-store=basic --use-mock-keychain --no-service-autorun --export-tagged-pdf --disable-search-engine-choice-screen --unsafely-disable-devtools-self-xss-warnings --edge-skip-compat-layer-relaunch --disable-infobars --disable-search-engine-choice-screen --disable-sync --enable-unsafe-swiftshader --headless --hide-scrollbars --mute-audio --blink-settings=primaryHoverType=2,availableHoverTypes=2,primaryPointerType=4,availablePointerTypes=4 --no-sandbox --user-data-dir=/tmp/playwright_chromiumdev_profile-OFN8Zx --remote-debugging-pipe --no-startup-window
      - <launched> pid=10646
      - [pid=10646][err] /home/user/.cache/ms-playwright/chromium-1234/chrome-linux64/chrome: error while loading shared libraries: libnspr4.so: cannot open shared object file: No such file or directory
      - [pid=10646] <gracefully close start>
      - [pid=10646] <kill>
      - [pid=10646] <will force kill>
      - [pid=10646] exception while trying to kill process: Error: kill ESRCH
      - [pid=10646] <process did exit: exitCode=127, signal=null>
      - [pid=10646] starting temporary directories cleanup
      - [pid=10646] finished temporary directories cleanup
      - [pid=10646] <gracefully close end>


    Error Context: test-results/critical-flows-continuous--fd327-ck-and-blocks-task-skipping-mobile-chromium/error-context.md

    attachment #2: trace (application/zip) ─────────────────────────────────────────────────────────
    test-results/critical-flows-continuous--fd327-ck-and-blocks-task-skipping-mobile-chromium/trace.zip
    Usage:

        npx playwright show-trace test-results/critical-flows-continuous--fd327-ck-and-blocks-task-skipping-mobile-chromium/trace.zip

    ────────────────────────────────────────────────────────────────────────────────────────────────


[69/82] [mobile-chromium] › tests/e2e/critical-flows.spec.ts:2063:1 › progress and daily coach derive metrics, risks, dates, and streaks from evidence
  69) [mobile-chromium] › tests/e2e/critical-flows.spec.ts:2063:1 › progress and daily coach derive metrics, risks, dates, and streaks from evidence 

    Error: browserType.launch: Target page, context or browser has been closed
    Browser logs:

    <launching> /home/user/.cache/ms-playwright/chromium-1234/chrome-linux64/chrome --disable-field-trial-config --disable-background-networking --disable-background-timer-throttling --disable-backgrounding-occluded-windows --disable-back-forward-cache --disable-breakpad --disable-client-side-phishing-detection --disable-component-extensions-with-background-pages --disable-component-update --no-default-browser-check --disable-default-apps --disable-dev-shm-usage --disable-edgeupdater --disable-extensions --disable-features=AvoidUnnecessaryBeforeUnloadCheckSync,BoundaryEventDispatchTracksNodeRemoval,DestroyProfileOnBrowserClose,DialMediaRouteProvider,GlobalMediaControls,HttpsUpgrades,LensOverlay,MediaRouter,PaintHolding,ThirdPartyStoragePartitioning,BlockOriginHeaderModificationOnRedirect,Translate,AutoDeElevate,OptimizationHints,msForceBrowserSignIn,msEdgeUpdateLaunchServicesPreferredVersion --enable-features=CDPScreenshotNewSurface --allow-pre-commit-input --disable-hang-monitor --disable-ipc-flooding-protection --disable-popup-blocking --disable-prompt-on-repost --disable-renderer-backgrounding --disable-updater-scheduler --force-color-profile=srgb --metrics-recording-only --no-first-run --password-store=basic --use-mock-keychain --no-service-autorun --export-tagged-pdf --disable-search-engine-choice-screen --unsafely-disable-devtools-self-xss-warnings --edge-skip-compat-layer-relaunch --disable-infobars --disable-search-engine-choice-screen --disable-sync --enable-unsafe-swiftshader --headless --hide-scrollbars --mute-audio --blink-settings=primaryHoverType=2,availableHoverTypes=2,primaryPointerType=4,availablePointerTypes=4 --no-sandbox --user-data-dir=/tmp/playwright_chromiumdev_profile-PEYPNe --remote-debugging-pipe --no-startup-window
    <launched> pid=10672
    [pid=10672][err] /home/user/.cache/ms-playwright/chromium-1234/chrome-linux64/chrome: error while loading shared libraries: libnspr4.so: cannot open shared object file: No such file or directory
    Call log:
      - <launching> /home/user/.cache/ms-playwright/chromium-1234/chrome-linux64/chrome --disable-field-trial-config --disable-background-networking --disable-background-timer-throttling --disable-backgrounding-occluded-windows --disable-back-forward-cache --disable-breakpad --disable-client-side-phishing-detection --disable-component-extensions-with-background-pages --disable-component-update --no-default-browser-check --disable-default-apps --disable-dev-shm-usage --disable-edgeupdater --disable-extensions --disable-features=AvoidUnnecessaryBeforeUnloadCheckSync,BoundaryEventDispatchTracksNodeRemoval,DestroyProfileOnBrowserClose,DialMediaRouteProvider,GlobalMediaControls,HttpsUpgrades,LensOverlay,MediaRouter,PaintHolding,ThirdPartyStoragePartitioning,BlockOriginHeaderModificationOnRedirect,Translate,AutoDeElevate,OptimizationHints,msForceBrowserSignIn,msEdgeUpdateLaunchServicesPreferredVersion --enable-features=CDPScreenshotNewSurface --allow-pre-commit-input --disable-hang-monitor --disable-ipc-flooding-protection --disable-popup-blocking --disable-prompt-on-repost --disable-renderer-backgrounding --disable-updater-scheduler --force-color-profile=srgb --metrics-recording-only --no-first-run --password-store=basic --use-mock-keychain --no-service-autorun --export-tagged-pdf --disable-search-engine-choice-screen --unsafely-disable-devtools-self-xss-warnings --edge-skip-compat-layer-relaunch --disable-infobars --disable-search-engine-choice-screen --disable-sync --enable-unsafe-swiftshader --headless --hide-scrollbars --mute-audio --blink-settings=primaryHoverType=2,availableHoverTypes=2,primaryPointerType=4,availablePointerTypes=4 --no-sandbox --user-data-dir=/tmp/playwright_chromiumdev_profile-PEYPNe --remote-debugging-pipe --no-startup-window
      - <launched> pid=10672
      - [pid=10672][err] /home/user/.cache/ms-playwright/chromium-1234/chrome-linux64/chrome: error while loading shared libraries: libnspr4.so: cannot open shared object file: No such file or directory
      - [pid=10672] <gracefully close start>
      - [pid=10672] <kill>
      - [pid=10672] <will force kill>
      - [pid=10672] exception while trying to kill process: Error: kill ESRCH
      - [pid=10672] <process did exit: exitCode=127, signal=null>
      - [pid=10672] starting temporary directories cleanup
      - [pid=10672] finished temporary directories cleanup
      - [pid=10672] <gracefully close end>


    Error Context: test-results/critical-flows-progress-an-9a709-s-and-streaks-from-evidence-mobile-chromium/error-context.md

    attachment #2: trace (application/zip) ─────────────────────────────────────────────────────────
    test-results/critical-flows-progress-an-9a709-s-and-streaks-from-evidence-mobile-chromium/trace.zip
    Usage:

        npx playwright show-trace test-results/critical-flows-progress-an-9a709-s-and-streaks-from-evidence-mobile-chromium/trace.zip

    ────────────────────────────────────────────────────────────────────────────────────────────────


[70/82] [mobile-chromium] › tests/e2e/critical-flows.spec.ts:2136:1 › keyboard users can skip navigation, follow lesson focus, hear results, and escape modals
  70) [mobile-chromium] › tests/e2e/critical-flows.spec.ts:2136:1 › keyboard users can skip navigation, follow lesson focus, hear results, and escape modals 

    Error: browserType.launch: Target page, context or browser has been closed
    Browser logs:

    <launching> /home/user/.cache/ms-playwright/chromium-1234/chrome-linux64/chrome --disable-field-trial-config --disable-background-networking --disable-background-timer-throttling --disable-backgrounding-occluded-windows --disable-back-forward-cache --disable-breakpad --disable-client-side-phishing-detection --disable-component-extensions-with-background-pages --disable-component-update --no-default-browser-check --disable-default-apps --disable-dev-shm-usage --disable-edgeupdater --disable-extensions --disable-features=AvoidUnnecessaryBeforeUnloadCheckSync,BoundaryEventDispatchTracksNodeRemoval,DestroyProfileOnBrowserClose,DialMediaRouteProvider,GlobalMediaControls,HttpsUpgrades,LensOverlay,MediaRouter,PaintHolding,ThirdPartyStoragePartitioning,BlockOriginHeaderModificationOnRedirect,Translate,AutoDeElevate,OptimizationHints,msForceBrowserSignIn,msEdgeUpdateLaunchServicesPreferredVersion --enable-features=CDPScreenshotNewSurface --allow-pre-commit-input --disable-hang-monitor --disable-ipc-flooding-protection --disable-popup-blocking --disable-prompt-on-repost --disable-renderer-backgrounding --disable-updater-scheduler --force-color-profile=srgb --metrics-recording-only --no-first-run --password-store=basic --use-mock-keychain --no-service-autorun --export-tagged-pdf --disable-search-engine-choice-screen --unsafely-disable-devtools-self-xss-warnings --edge-skip-compat-layer-relaunch --disable-infobars --disable-search-engine-choice-screen --disable-sync --enable-unsafe-swiftshader --headless --hide-scrollbars --mute-audio --blink-settings=primaryHoverType=2,availableHoverTypes=2,primaryPointerType=4,availablePointerTypes=4 --no-sandbox --user-data-dir=/tmp/playwright_chromiumdev_profile-R9C6F3 --remote-debugging-pipe --no-startup-window
    <launched> pid=10698
    [pid=10698][err] /home/user/.cache/ms-playwright/chromium-1234/chrome-linux64/chrome: error while loading shared libraries: libnspr4.so: cannot open shared object file: No such file or directory
    Call log:
      - <launching> /home/user/.cache/ms-playwright/chromium-1234/chrome-linux64/chrome --disable-field-trial-config --disable-background-networking --disable-background-timer-throttling --disable-backgrounding-occluded-windows --disable-back-forward-cache --disable-breakpad --disable-client-side-phishing-detection --disable-component-extensions-with-background-pages --disable-component-update --no-default-browser-check --disable-default-apps --disable-dev-shm-usage --disable-edgeupdater --disable-extensions --disable-features=AvoidUnnecessaryBeforeUnloadCheckSync,BoundaryEventDispatchTracksNodeRemoval,DestroyProfileOnBrowserClose,DialMediaRouteProvider,GlobalMediaControls,HttpsUpgrades,LensOverlay,MediaRouter,PaintHolding,ThirdPartyStoragePartitioning,BlockOriginHeaderModificationOnRedirect,Translate,AutoDeElevate,OptimizationHints,msForceBrowserSignIn,msEdgeUpdateLaunchServicesPreferredVersion --enable-features=CDPScreenshotNewSurface --allow-pre-commit-input --disable-hang-monitor --disable-ipc-flooding-protection --disable-popup-blocking --disable-prompt-on-repost --disable-renderer-backgrounding --disable-updater-scheduler --force-color-profile=srgb --metrics-recording-only --no-first-run --password-store=basic --use-mock-keychain --no-service-autorun --export-tagged-pdf --disable-search-engine-choice-screen --unsafely-disable-devtools-self-xss-warnings --edge-skip-compat-layer-relaunch --disable-infobars --disable-search-engine-choice-screen --disable-sync --enable-unsafe-swiftshader --headless --hide-scrollbars --mute-audio --blink-settings=primaryHoverType=2,availableHoverTypes=2,primaryPointerType=4,availablePointerTypes=4 --no-sandbox --user-data-dir=/tmp/playwright_chromiumdev_profile-R9C6F3 --remote-debugging-pipe --no-startup-window
      - <launched> pid=10698
      - [pid=10698][err] /home/user/.cache/ms-playwright/chromium-1234/chrome-linux64/chrome: error while loading shared libraries: libnspr4.so: cannot open shared object file: No such file or directory
      - [pid=10698] <gracefully close start>
      - [pid=10698] <kill>
      - [pid=10698] <will force kill>
      - [pid=10698] exception while trying to kill process: Error: kill ESRCH
      - [pid=10698] <process did exit: exitCode=127, signal=null>
      - [pid=10698] starting temporary directories cleanup
      - [pid=10698] finished temporary directories cleanup
      - [pid=10698] <gracefully close end>


    Error Context: test-results/critical-flows-keyboard-us-3e795-r-results-and-escape-modals-mobile-chromium/error-context.md

    attachment #2: trace (application/zip) ─────────────────────────────────────────────────────────
    test-results/critical-flows-keyboard-us-3e795-r-results-and-escape-modals-mobile-chromium/trace.zip
    Usage:

        npx playwright show-trace test-results/critical-flows-keyboard-us-3e795-r-results-and-escape-modals-mobile-chromium/trace.zip

    ────────────────────────────────────────────────────────────────────────────────────────────────


[71/82] [mobile-chromium] › tests/e2e/critical-flows.spec.ts:2184:1 › Arabic shell and every tested German or technical fragment keep explicit Bidi boundaries
  71) [mobile-chromium] › tests/e2e/critical-flows.spec.ts:2184:1 › Arabic shell and every tested German or technical fragment keep explicit Bidi boundaries 

    Error: browserType.launch: Target page, context or browser has been closed
    Browser logs:

    <launching> /home/user/.cache/ms-playwright/chromium-1234/chrome-linux64/chrome --disable-field-trial-config --disable-background-networking --disable-background-timer-throttling --disable-backgrounding-occluded-windows --disable-back-forward-cache --disable-breakpad --disable-client-side-phishing-detection --disable-component-extensions-with-background-pages --disable-component-update --no-default-browser-check --disable-default-apps --disable-dev-shm-usage --disable-edgeupdater --disable-extensions --disable-features=AvoidUnnecessaryBeforeUnloadCheckSync,BoundaryEventDispatchTracksNodeRemoval,DestroyProfileOnBrowserClose,DialMediaRouteProvider,GlobalMediaControls,HttpsUpgrades,LensOverlay,MediaRouter,PaintHolding,ThirdPartyStoragePartitioning,BlockOriginHeaderModificationOnRedirect,Translate,AutoDeElevate,OptimizationHints,msForceBrowserSignIn,msEdgeUpdateLaunchServicesPreferredVersion --enable-features=CDPScreenshotNewSurface --allow-pre-commit-input --disable-hang-monitor --disable-ipc-flooding-protection --disable-popup-blocking --disable-prompt-on-repost --disable-renderer-backgrounding --disable-updater-scheduler --force-color-profile=srgb --metrics-recording-only --no-first-run --password-store=basic --use-mock-keychain --no-service-autorun --export-tagged-pdf --disable-search-engine-choice-screen --unsafely-disable-devtools-self-xss-warnings --edge-skip-compat-layer-relaunch --disable-infobars --disable-search-engine-choice-screen --disable-sync --enable-unsafe-swiftshader --headless --hide-scrollbars --mute-audio --blink-settings=primaryHoverType=2,availableHoverTypes=2,primaryPointerType=4,availablePointerTypes=4 --no-sandbox --user-data-dir=/tmp/playwright_chromiumdev_profile-rgPgCV --remote-debugging-pipe --no-startup-window
    <launched> pid=10724
    [pid=10724][err] /home/user/.cache/ms-playwright/chromium-1234/chrome-linux64/chrome: error while loading shared libraries: libnspr4.so: cannot open shared object file: No such file or directory
    Call log:
      - <launching> /home/user/.cache/ms-playwright/chromium-1234/chrome-linux64/chrome --disable-field-trial-config --disable-background-networking --disable-background-timer-throttling --disable-backgrounding-occluded-windows --disable-back-forward-cache --disable-breakpad --disable-client-side-phishing-detection --disable-component-extensions-with-background-pages --disable-component-update --no-default-browser-check --disable-default-apps --disable-dev-shm-usage --disable-edgeupdater --disable-extensions --disable-features=AvoidUnnecessaryBeforeUnloadCheckSync,BoundaryEventDispatchTracksNodeRemoval,DestroyProfileOnBrowserClose,DialMediaRouteProvider,GlobalMediaControls,HttpsUpgrades,LensOverlay,MediaRouter,PaintHolding,ThirdPartyStoragePartitioning,BlockOriginHeaderModificationOnRedirect,Translate,AutoDeElevate,OptimizationHints,msForceBrowserSignIn,msEdgeUpdateLaunchServicesPreferredVersion --enable-features=CDPScreenshotNewSurface --allow-pre-commit-input --disable-hang-monitor --disable-ipc-flooding-protection --disable-popup-blocking --disable-prompt-on-repost --disable-renderer-backgrounding --disable-updater-scheduler --force-color-profile=srgb --metrics-recording-only --no-first-run --password-store=basic --use-mock-keychain --no-service-autorun --export-tagged-pdf --disable-search-engine-choice-screen --unsafely-disable-devtools-self-xss-warnings --edge-skip-compat-layer-relaunch --disable-infobars --disable-search-engine-choice-screen --disable-sync --enable-unsafe-swiftshader --headless --hide-scrollbars --mute-audio --blink-settings=primaryHoverType=2,availableHoverTypes=2,primaryPointerType=4,availablePointerTypes=4 --no-sandbox --user-data-dir=/tmp/playwright_chromiumdev_profile-rgPgCV --remote-debugging-pipe --no-startup-window
      - <launched> pid=10724
      - [pid=10724][err] /home/user/.cache/ms-playwright/chromium-1234/chrome-linux64/chrome: error while loading shared libraries: libnspr4.so: cannot open shared object file: No such file or directory
      - [pid=10724] <gracefully close start>
      - [pid=10724] <kill>
      - [pid=10724] <will force kill>
      - [pid=10724] exception while trying to kill process: Error: kill ESRCH
      - [pid=10724] <process did exit: exitCode=127, signal=null>
      - [pid=10724] starting temporary directories cleanup
      - [pid=10724] finished temporary directories cleanup
      - [pid=10724] <gracefully close end>


    Error Context: test-results/critical-flows-Arabic-shel-70203-ep-explicit-Bidi-boundaries-mobile-chromium/error-context.md

    attachment #2: trace (application/zip) ─────────────────────────────────────────────────────────
    test-results/critical-flows-Arabic-shel-70203-ep-explicit-Bidi-boundaries-mobile-chromium/trace.zip
    Usage:

        npx playwright show-trace test-results/critical-flows-Arabic-shel-70203-ep-explicit-Bidi-boundaries-mobile-chromium/trace.zip

    ────────────────────────────────────────────────────────────────────────────────────────────────


[72/82] [mobile-chromium] › tests/e2e/critical-flows.spec.ts:2199:1 › high-confidence errors route through prerequisite repair into deduplicated no-mastery SRS
  72) [mobile-chromium] › tests/e2e/critical-flows.spec.ts:2199:1 › high-confidence errors route through prerequisite repair into deduplicated no-mastery SRS 

    Error: browserType.launch: Target page, context or browser has been closed
    Browser logs:

    <launching> /home/user/.cache/ms-playwright/chromium-1234/chrome-linux64/chrome --disable-field-trial-config --disable-background-networking --disable-background-timer-throttling --disable-backgrounding-occluded-windows --disable-back-forward-cache --disable-breakpad --disable-client-side-phishing-detection --disable-component-extensions-with-background-pages --disable-component-update --no-default-browser-check --disable-default-apps --disable-dev-shm-usage --disable-edgeupdater --disable-extensions --disable-features=AvoidUnnecessaryBeforeUnloadCheckSync,BoundaryEventDispatchTracksNodeRemoval,DestroyProfileOnBrowserClose,DialMediaRouteProvider,GlobalMediaControls,HttpsUpgrades,LensOverlay,MediaRouter,PaintHolding,ThirdPartyStoragePartitioning,BlockOriginHeaderModificationOnRedirect,Translate,AutoDeElevate,OptimizationHints,msForceBrowserSignIn,msEdgeUpdateLaunchServicesPreferredVersion --enable-features=CDPScreenshotNewSurface --allow-pre-commit-input --disable-hang-monitor --disable-ipc-flooding-protection --disable-popup-blocking --disable-prompt-on-repost --disable-renderer-backgrounding --disable-updater-scheduler --force-color-profile=srgb --metrics-recording-only --no-first-run --password-store=basic --use-mock-keychain --no-service-autorun --export-tagged-pdf --disable-search-engine-choice-screen --unsafely-disable-devtools-self-xss-warnings --edge-skip-compat-layer-relaunch --disable-infobars --disable-search-engine-choice-screen --disable-sync --enable-unsafe-swiftshader --headless --hide-scrollbars --mute-audio --blink-settings=primaryHoverType=2,availableHoverTypes=2,primaryPointerType=4,availablePointerTypes=4 --no-sandbox --user-data-dir=/tmp/playwright_chromiumdev_profile-dNupIO --remote-debugging-pipe --no-startup-window
    <launched> pid=10750
    [pid=10750][err] /home/user/.cache/ms-playwright/chromium-1234/chrome-linux64/chrome: error while loading shared libraries: libnspr4.so: cannot open shared object file: No such file or directory
    Call log:
      - <launching> /home/user/.cache/ms-playwright/chromium-1234/chrome-linux64/chrome --disable-field-trial-config --disable-background-networking --disable-background-timer-throttling --disable-backgrounding-occluded-windows --disable-back-forward-cache --disable-breakpad --disable-client-side-phishing-detection --disable-component-extensions-with-background-pages --disable-component-update --no-default-browser-check --disable-default-apps --disable-dev-shm-usage --disable-edgeupdater --disable-extensions --disable-features=AvoidUnnecessaryBeforeUnloadCheckSync,BoundaryEventDispatchTracksNodeRemoval,DestroyProfileOnBrowserClose,DialMediaRouteProvider,GlobalMediaControls,HttpsUpgrades,LensOverlay,MediaRouter,PaintHolding,ThirdPartyStoragePartitioning,BlockOriginHeaderModificationOnRedirect,Translate,AutoDeElevate,OptimizationHints,msForceBrowserSignIn,msEdgeUpdateLaunchServicesPreferredVersion --enable-features=CDPScreenshotNewSurface --allow-pre-commit-input --disable-hang-monitor --disable-ipc-flooding-protection --disable-popup-blocking --disable-prompt-on-repost --disable-renderer-backgrounding --disable-updater-scheduler --force-color-profile=srgb --metrics-recording-only --no-first-run --password-store=basic --use-mock-keychain --no-service-autorun --export-tagged-pdf --disable-search-engine-choice-screen --unsafely-disable-devtools-self-xss-warnings --edge-skip-compat-layer-relaunch --disable-infobars --disable-search-engine-choice-screen --disable-sync --enable-unsafe-swiftshader --headless --hide-scrollbars --mute-audio --blink-settings=primaryHoverType=2,availableHoverTypes=2,primaryPointerType=4,availablePointerTypes=4 --no-sandbox --user-data-dir=/tmp/playwright_chromiumdev_profile-dNupIO --remote-debugging-pipe --no-startup-window
      - <launched> pid=10750
      - [pid=10750][err] /home/user/.cache/ms-playwright/chromium-1234/chrome-linux64/chrome: error while loading shared libraries: libnspr4.so: cannot open shared object file: No such file or directory
      - [pid=10750] <gracefully close start>
      - [pid=10750] <kill>
      - [pid=10750] <will force kill>
      - [pid=10750] exception while trying to kill process: Error: kill ESRCH
      - [pid=10750] <process did exit: exitCode=127, signal=null>
      - [pid=10750] starting temporary directories cleanup
      - [pid=10750] finished temporary directories cleanup
      - [pid=10750] <gracefully close end>


    Error Context: test-results/critical-flows-high-confid-22a50-deduplicated-no-mastery-SRS-mobile-chromium/error-context.md

    attachment #2: trace (application/zip) ─────────────────────────────────────────────────────────
    test-results/critical-flows-high-confid-22a50-deduplicated-no-mastery-SRS-mobile-chromium/trace.zip
    Usage:

        npx playwright show-trace test-results/critical-flows-high-confid-22a50-deduplicated-no-mastery-SRS-mobile-chromium/trace.zip

    ────────────────────────────────────────────────────────────────────────────────────────────────


[73/82] [mobile-chromium] › tests/e2e/critical-flows.spec.ts:2275:1 › support use is logged without penalty and old evidence lowers confidence without deleting attempts
  73) [mobile-chromium] › tests/e2e/critical-flows.spec.ts:2275:1 › support use is logged without penalty and old evidence lowers confidence without deleting attempts 

    Error: browserType.launch: Target page, context or browser has been closed
    Browser logs:

    <launching> /home/user/.cache/ms-playwright/chromium-1234/chrome-linux64/chrome --disable-field-trial-config --disable-background-networking --disable-background-timer-throttling --disable-backgrounding-occluded-windows --disable-back-forward-cache --disable-breakpad --disable-client-side-phishing-detection --disable-component-extensions-with-background-pages --disable-component-update --no-default-browser-check --disable-default-apps --disable-dev-shm-usage --disable-edgeupdater --disable-extensions --disable-features=AvoidUnnecessaryBeforeUnloadCheckSync,BoundaryEventDispatchTracksNodeRemoval,DestroyProfileOnBrowserClose,DialMediaRouteProvider,GlobalMediaControls,HttpsUpgrades,LensOverlay,MediaRouter,PaintHolding,ThirdPartyStoragePartitioning,BlockOriginHeaderModificationOnRedirect,Translate,AutoDeElevate,OptimizationHints,msForceBrowserSignIn,msEdgeUpdateLaunchServicesPreferredVersion --enable-features=CDPScreenshotNewSurface --allow-pre-commit-input --disable-hang-monitor --disable-ipc-flooding-protection --disable-popup-blocking --disable-prompt-on-repost --disable-renderer-backgrounding --disable-updater-scheduler --force-color-profile=srgb --metrics-recording-only --no-first-run --password-store=basic --use-mock-keychain --no-service-autorun --export-tagged-pdf --disable-search-engine-choice-screen --unsafely-disable-devtools-self-xss-warnings --edge-skip-compat-layer-relaunch --disable-infobars --disable-search-engine-choice-screen --disable-sync --enable-unsafe-swiftshader --headless --hide-scrollbars --mute-audio --blink-settings=primaryHoverType=2,availableHoverTypes=2,primaryPointerType=4,availablePointerTypes=4 --no-sandbox --user-data-dir=/tmp/playwright_chromiumdev_profile-pmHauB --remote-debugging-pipe --no-startup-window
    <launched> pid=10776
    [pid=10776][err] /home/user/.cache/ms-playwright/chromium-1234/chrome-linux64/chrome: error while loading shared libraries: libnspr4.so: cannot open shared object file: No such file or directory
    Call log:
      - <launching> /home/user/.cache/ms-playwright/chromium-1234/chrome-linux64/chrome --disable-field-trial-config --disable-background-networking --disable-background-timer-throttling --disable-backgrounding-occluded-windows --disable-back-forward-cache --disable-breakpad --disable-client-side-phishing-detection --disable-component-extensions-with-background-pages --disable-component-update --no-default-browser-check --disable-default-apps --disable-dev-shm-usage --disable-edgeupdater --disable-extensions --disable-features=AvoidUnnecessaryBeforeUnloadCheckSync,BoundaryEventDispatchTracksNodeRemoval,DestroyProfileOnBrowserClose,DialMediaRouteProvider,GlobalMediaControls,HttpsUpgrades,LensOverlay,MediaRouter,PaintHolding,ThirdPartyStoragePartitioning,BlockOriginHeaderModificationOnRedirect,Translate,AutoDeElevate,OptimizationHints,msForceBrowserSignIn,msEdgeUpdateLaunchServicesPreferredVersion --enable-features=CDPScreenshotNewSurface --allow-pre-commit-input --disable-hang-monitor --disable-ipc-flooding-protection --disable-popup-blocking --disable-prompt-on-repost --disable-renderer-backgrounding --disable-updater-scheduler --force-color-profile=srgb --metrics-recording-only --no-first-run --password-store=basic --use-mock-keychain --no-service-autorun --export-tagged-pdf --disable-search-engine-choice-screen --unsafely-disable-devtools-self-xss-warnings --edge-skip-compat-layer-relaunch --disable-infobars --disable-search-engine-choice-screen --disable-sync --enable-unsafe-swiftshader --headless --hide-scrollbars --mute-audio --blink-settings=primaryHoverType=2,availableHoverTypes=2,primaryPointerType=4,availablePointerTypes=4 --no-sandbox --user-data-dir=/tmp/playwright_chromiumdev_profile-pmHauB --remote-debugging-pipe --no-startup-window
      - <launched> pid=10776
      - [pid=10776][err] /home/user/.cache/ms-playwright/chromium-1234/chrome-linux64/chrome: error while loading shared libraries: libnspr4.so: cannot open shared object file: No such file or directory
      - [pid=10776] <gracefully close start>
      - [pid=10776] <kill>
      - [pid=10776] <will force kill>
      - [pid=10776] exception while trying to kill process: Error: kill ESRCH
      - [pid=10776] <process did exit: exitCode=127, signal=null>
      - [pid=10776] starting temporary directories cleanup
      - [pid=10776] finished temporary directories cleanup
      - [pid=10776] <gracefully close end>


    Error Context: test-results/critical-flows-support-use-a1337-e-without-deleting-attempts-mobile-chromium/error-context.md

    attachment #2: trace (application/zip) ─────────────────────────────────────────────────────────
    test-results/critical-flows-support-use-a1337-e-without-deleting-attempts-mobile-chromium/trace.zip
    Usage:

        npx playwright show-trace test-results/critical-flows-support-use-a1337-e-without-deleting-attempts-mobile-chromium/trace.zip

    ────────────────────────────────────────────────────────────────────────────────────────────────


[74/82] [mobile-chromium] › tests/e2e/critical-flows.spec.ts:2346:1 › fourteen-day contract, quiet hours, and one-skill diagnostic stay planning-only
  74) [mobile-chromium] › tests/e2e/critical-flows.spec.ts:2346:1 › fourteen-day contract, quiet hours, and one-skill diagnostic stay planning-only 

    Error: browserType.launch: Target page, context or browser has been closed
    Browser logs:

    <launching> /home/user/.cache/ms-playwright/chromium-1234/chrome-linux64/chrome --disable-field-trial-config --disable-background-networking --disable-background-timer-throttling --disable-backgrounding-occluded-windows --disable-back-forward-cache --disable-breakpad --disable-client-side-phishing-detection --disable-component-extensions-with-background-pages --disable-component-update --no-default-browser-check --disable-default-apps --disable-dev-shm-usage --disable-edgeupdater --disable-extensions --disable-features=AvoidUnnecessaryBeforeUnloadCheckSync,BoundaryEventDispatchTracksNodeRemoval,DestroyProfileOnBrowserClose,DialMediaRouteProvider,GlobalMediaControls,HttpsUpgrades,LensOverlay,MediaRouter,PaintHolding,ThirdPartyStoragePartitioning,BlockOriginHeaderModificationOnRedirect,Translate,AutoDeElevate,OptimizationHints,msForceBrowserSignIn,msEdgeUpdateLaunchServicesPreferredVersion --enable-features=CDPScreenshotNewSurface --allow-pre-commit-input --disable-hang-monitor --disable-ipc-flooding-protection --disable-popup-blocking --disable-prompt-on-repost --disable-renderer-backgrounding --disable-updater-scheduler --force-color-profile=srgb --metrics-recording-only --no-first-run --password-store=basic --use-mock-keychain --no-service-autorun --export-tagged-pdf --disable-search-engine-choice-screen --unsafely-disable-devtools-self-xss-warnings --edge-skip-compat-layer-relaunch --disable-infobars --disable-search-engine-choice-screen --disable-sync --enable-unsafe-swiftshader --headless --hide-scrollbars --mute-audio --blink-settings=primaryHoverType=2,availableHoverTypes=2,primaryPointerType=4,availablePointerTypes=4 --no-sandbox --user-data-dir=/tmp/playwright_chromiumdev_profile-1WVA8b --remote-debugging-pipe --no-startup-window
    <launched> pid=10802
    [pid=10802][err] /home/user/.cache/ms-playwright/chromium-1234/chrome-linux64/chrome: error while loading shared libraries: libnspr4.so: cannot open shared object file: No such file or directory
    Call log:
      - <launching> /home/user/.cache/ms-playwright/chromium-1234/chrome-linux64/chrome --disable-field-trial-config --disable-background-networking --disable-background-timer-throttling --disable-backgrounding-occluded-windows --disable-back-forward-cache --disable-breakpad --disable-client-side-phishing-detection --disable-component-extensions-with-background-pages --disable-component-update --no-default-browser-check --disable-default-apps --disable-dev-shm-usage --disable-edgeupdater --disable-extensions --disable-features=AvoidUnnecessaryBeforeUnloadCheckSync,BoundaryEventDispatchTracksNodeRemoval,DestroyProfileOnBrowserClose,DialMediaRouteProvider,GlobalMediaControls,HttpsUpgrades,LensOverlay,MediaRouter,PaintHolding,ThirdPartyStoragePartitioning,BlockOriginHeaderModificationOnRedirect,Translate,AutoDeElevate,OptimizationHints,msForceBrowserSignIn,msEdgeUpdateLaunchServicesPreferredVersion --enable-features=CDPScreenshotNewSurface --allow-pre-commit-input --disable-hang-monitor --disable-ipc-flooding-protection --disable-popup-blocking --disable-prompt-on-repost --disable-renderer-backgrounding --disable-updater-scheduler --force-color-profile=srgb --metrics-recording-only --no-first-run --password-store=basic --use-mock-keychain --no-service-autorun --export-tagged-pdf --disable-search-engine-choice-screen --unsafely-disable-devtools-self-xss-warnings --edge-skip-compat-layer-relaunch --disable-infobars --disable-search-engine-choice-screen --disable-sync --enable-unsafe-swiftshader --headless --hide-scrollbars --mute-audio --blink-settings=primaryHoverType=2,availableHoverTypes=2,primaryPointerType=4,availablePointerTypes=4 --no-sandbox --user-data-dir=/tmp/playwright_chromiumdev_profile-1WVA8b --remote-debugging-pipe --no-startup-window
      - <launched> pid=10802
      - [pid=10802][err] /home/user/.cache/ms-playwright/chromium-1234/chrome-linux64/chrome: error while loading shared libraries: libnspr4.so: cannot open shared object file: No such file or directory
      - [pid=10802] <gracefully close start>
      - [pid=10802] <kill>
      - [pid=10802] <will force kill>
      - [pid=10802] exception while trying to kill process: Error: kill ESRCH
      - [pid=10802] <process did exit: exitCode=127, signal=null>
      - [pid=10802] starting temporary directories cleanup
      - [pid=10802] finished temporary directories cleanup
      - [pid=10802] <gracefully close end>


    Error Context: test-results/critical-flows-fourteen-da-602bb-agnostic-stay-planning-only-mobile-chromium/error-context.md

    attachment #2: trace (application/zip) ─────────────────────────────────────────────────────────
    test-results/critical-flows-fourteen-da-602bb-agnostic-stay-planning-only-mobile-chromium/trace.zip
    Usage:

        npx playwright show-trace test-results/critical-flows-fourteen-da-602bb-agnostic-stay-planning-only-mobile-chromium/trace.zip

    ────────────────────────────────────────────────────────────────────────────────────────────────


[75/82] [mobile-chromium] › tests/e2e/critical-flows.spec.ts:2372:1 › local study exports preview and download ICS, printable PDF, and safe Anki TSV
  75) [mobile-chromium] › tests/e2e/critical-flows.spec.ts:2372:1 › local study exports preview and download ICS, printable PDF, and safe Anki TSV 

    Error: browserType.launch: Target page, context or browser has been closed
    Browser logs:

    <launching> /home/user/.cache/ms-playwright/chromium-1234/chrome-linux64/chrome --disable-field-trial-config --disable-background-networking --disable-background-timer-throttling --disable-backgrounding-occluded-windows --disable-back-forward-cache --disable-breakpad --disable-client-side-phishing-detection --disable-component-extensions-with-background-pages --disable-component-update --no-default-browser-check --disable-default-apps --disable-dev-shm-usage --disable-edgeupdater --disable-extensions --disable-features=AvoidUnnecessaryBeforeUnloadCheckSync,BoundaryEventDispatchTracksNodeRemoval,DestroyProfileOnBrowserClose,DialMediaRouteProvider,GlobalMediaControls,HttpsUpgrades,LensOverlay,MediaRouter,PaintHolding,ThirdPartyStoragePartitioning,BlockOriginHeaderModificationOnRedirect,Translate,AutoDeElevate,OptimizationHints,msForceBrowserSignIn,msEdgeUpdateLaunchServicesPreferredVersion --enable-features=CDPScreenshotNewSurface --allow-pre-commit-input --disable-hang-monitor --disable-ipc-flooding-protection --disable-popup-blocking --disable-prompt-on-repost --disable-renderer-backgrounding --disable-updater-scheduler --force-color-profile=srgb --metrics-recording-only --no-first-run --password-store=basic --use-mock-keychain --no-service-autorun --export-tagged-pdf --disable-search-engine-choice-screen --unsafely-disable-devtools-self-xss-warnings --edge-skip-compat-layer-relaunch --disable-infobars --disable-search-engine-choice-screen --disable-sync --enable-unsafe-swiftshader --headless --hide-scrollbars --mute-audio --blink-settings=primaryHoverType=2,availableHoverTypes=2,primaryPointerType=4,availablePointerTypes=4 --no-sandbox --user-data-dir=/tmp/playwright_chromiumdev_profile-7RFG40 --remote-debugging-pipe --no-startup-window
    <launched> pid=10831
    [pid=10831][err] /home/user/.cache/ms-playwright/chromium-1234/chrome-linux64/chrome: error while loading shared libraries: libnspr4.so: cannot open shared object file: No such file or directory
    Call log:
      - <launching> /home/user/.cache/ms-playwright/chromium-1234/chrome-linux64/chrome --disable-field-trial-config --disable-background-networking --disable-background-timer-throttling --disable-backgrounding-occluded-windows --disable-back-forward-cache --disable-breakpad --disable-client-side-phishing-detection --disable-component-extensions-with-background-pages --disable-component-update --no-default-browser-check --disable-default-apps --disable-dev-shm-usage --disable-edgeupdater --disable-extensions --disable-features=AvoidUnnecessaryBeforeUnloadCheckSync,BoundaryEventDispatchTracksNodeRemoval,DestroyProfileOnBrowserClose,DialMediaRouteProvider,GlobalMediaControls,HttpsUpgrades,LensOverlay,MediaRouter,PaintHolding,ThirdPartyStoragePartitioning,BlockOriginHeaderModificationOnRedirect,Translate,AutoDeElevate,OptimizationHints,msForceBrowserSignIn,msEdgeUpdateLaunchServicesPreferredVersion --enable-features=CDPScreenshotNewSurface --allow-pre-commit-input --disable-hang-monitor --disable-ipc-flooding-protection --disable-popup-blocking --disable-prompt-on-repost --disable-renderer-backgrounding --disable-updater-scheduler --force-color-profile=srgb --metrics-recording-only --no-first-run --password-store=basic --use-mock-keychain --no-service-autorun --export-tagged-pdf --disable-search-engine-choice-screen --unsafely-disable-devtools-self-xss-warnings --edge-skip-compat-layer-relaunch --disable-infobars --disable-search-engine-choice-screen --disable-sync --enable-unsafe-swiftshader --headless --hide-scrollbars --mute-audio --blink-settings=primaryHoverType=2,availableHoverTypes=2,primaryPointerType=4,availablePointerTypes=4 --no-sandbox --user-data-dir=/tmp/playwright_chromiumdev_profile-7RFG40 --remote-debugging-pipe --no-startup-window
      - <launched> pid=10831
      - [pid=10831][err] /home/user/.cache/ms-playwright/chromium-1234/chrome-linux64/chrome: error while loading shared libraries: libnspr4.so: cannot open shared object file: No such file or directory
      - [pid=10831] <gracefully close start>
      - [pid=10831] <kill>
      - [pid=10831] <will force kill>
      - [pid=10831] exception while trying to kill process: Error: kill ESRCH
      - [pid=10831] <process did exit: exitCode=127, signal=null>
      - [pid=10831] starting temporary directories cleanup
      - [pid=10831] finished temporary directories cleanup
      - [pid=10831] <gracefully close end>


    Error Context: test-results/critical-flows-local-study-d053c-table-PDF-and-safe-Anki-TSV-mobile-chromium/error-context.md

    attachment #2: trace (application/zip) ─────────────────────────────────────────────────────────
    test-results/critical-flows-local-study-d053c-table-PDF-and-safe-Anki-TSV-mobile-chromium/trace.zip
    Usage:

        npx playwright show-trace test-results/critical-flows-local-study-d053c-table-PDF-and-safe-Anki-TSV-mobile-chromium/trace.zip

    ────────────────────────────────────────────────────────────────────────────────────────────────


[76/82] [mobile-chromium] › tests/e2e/critical-flows.spec.ts:2403:1 › adaptive dictation moves from partial A1 to full A2 and stores summary only
  76) [mobile-chromium] › tests/e2e/critical-flows.spec.ts:2403:1 › adaptive dictation moves from partial A1 to full A2 and stores summary only 

    Error: browserType.launch: Target page, context or browser has been closed
    Browser logs:

    <launching> /home/user/.cache/ms-playwright/chromium-1234/chrome-linux64/chrome --disable-field-trial-config --disable-background-networking --disable-background-timer-throttling --disable-backgrounding-occluded-windows --disable-back-forward-cache --disable-breakpad --disable-client-side-phishing-detection --disable-component-extensions-with-background-pages --disable-component-update --no-default-browser-check --disable-default-apps --disable-dev-shm-usage --disable-edgeupdater --disable-extensions --disable-features=AvoidUnnecessaryBeforeUnloadCheckSync,BoundaryEventDispatchTracksNodeRemoval,DestroyProfileOnBrowserClose,DialMediaRouteProvider,GlobalMediaControls,HttpsUpgrades,LensOverlay,MediaRouter,PaintHolding,ThirdPartyStoragePartitioning,BlockOriginHeaderModificationOnRedirect,Translate,AutoDeElevate,OptimizationHints,msForceBrowserSignIn,msEdgeUpdateLaunchServicesPreferredVersion --enable-features=CDPScreenshotNewSurface --allow-pre-commit-input --disable-hang-monitor --disable-ipc-flooding-protection --disable-popup-blocking --disable-prompt-on-repost --disable-renderer-backgrounding --disable-updater-scheduler --force-color-profile=srgb --metrics-recording-only --no-first-run --password-store=basic --use-mock-keychain --no-service-autorun --export-tagged-pdf --disable-search-engine-choice-screen --unsafely-disable-devtools-self-xss-warnings --edge-skip-compat-layer-relaunch --disable-infobars --disable-search-engine-choice-screen --disable-sync --enable-unsafe-swiftshader --headless --hide-scrollbars --mute-audio --blink-settings=primaryHoverType=2,availableHoverTypes=2,primaryPointerType=4,availablePointerTypes=4 --no-sandbox --user-data-dir=/tmp/playwright_chromiumdev_profile-njazPo --remote-debugging-pipe --no-startup-window
    <launched> pid=10865
    [pid=10865][err] /home/user/.cache/ms-playwright/chromium-1234/chrome-linux64/chrome: error while loading shared libraries: libnspr4.so: cannot open shared object file: No such file or directory
    Call log:
      - <launching> /home/user/.cache/ms-playwright/chromium-1234/chrome-linux64/chrome --disable-field-trial-config --disable-background-networking --disable-background-timer-throttling --disable-backgrounding-occluded-windows --disable-back-forward-cache --disable-breakpad --disable-client-side-phishing-detection --disable-component-extensions-with-background-pages --disable-component-update --no-default-browser-check --disable-default-apps --disable-dev-shm-usage --disable-edgeupdater --disable-extensions --disable-features=AvoidUnnecessaryBeforeUnloadCheckSync,BoundaryEventDispatchTracksNodeRemoval,DestroyProfileOnBrowserClose,DialMediaRouteProvider,GlobalMediaControls,HttpsUpgrades,LensOverlay,MediaRouter,PaintHolding,ThirdPartyStoragePartitioning,BlockOriginHeaderModificationOnRedirect,Translate,AutoDeElevate,OptimizationHints,msForceBrowserSignIn,msEdgeUpdateLaunchServicesPreferredVersion --enable-features=CDPScreenshotNewSurface --allow-pre-commit-input --disable-hang-monitor --disable-ipc-flooding-protection --disable-popup-blocking --disable-prompt-on-repost --disable-renderer-backgrounding --disable-updater-scheduler --force-color-profile=srgb --metrics-recording-only --no-first-run --password-store=basic --use-mock-keychain --no-service-autorun --export-tagged-pdf --disable-search-engine-choice-screen --unsafely-disable-devtools-self-xss-warnings --edge-skip-compat-layer-relaunch --disable-infobars --disable-search-engine-choice-screen --disable-sync --enable-unsafe-swiftshader --headless --hide-scrollbars --mute-audio --blink-settings=primaryHoverType=2,availableHoverTypes=2,primaryPointerType=4,availablePointerTypes=4 --no-sandbox --user-data-dir=/tmp/playwright_chromiumdev_profile-njazPo --remote-debugging-pipe --no-startup-window
      - <launched> pid=10865
      - [pid=10865][err] /home/user/.cache/ms-playwright/chromium-1234/chrome-linux64/chrome: error while loading shared libraries: libnspr4.so: cannot open shared object file: No such file or directory
      - [pid=10865] <gracefully close start>
      - [pid=10865] <kill>
      - [pid=10865] <will force kill>
      - [pid=10865] exception while trying to kill process: Error: kill ESRCH
      - [pid=10865] <process did exit: exitCode=127, signal=null>
      - [pid=10865] starting temporary directories cleanup
      - [pid=10865] finished temporary directories cleanup
      - [pid=10865] <gracefully close end>


    Error Context: test-results/critical-flows-adaptive-di-8c283--A2-and-stores-summary-only-mobile-chromium/error-context.md

    attachment #2: trace (application/zip) ─────────────────────────────────────────────────────────
    test-results/critical-flows-adaptive-di-8c283--A2-and-stores-summary-only-mobile-chromium/trace.zip
    Usage:

        npx playwright show-trace test-results/critical-flows-adaptive-di-8c283--A2-and-stores-summary-only-mobile-chromium/trace.zip

    ────────────────────────────────────────────────────────────────────────────────────────────────


[77/82] [mobile-chromium] › tests/e2e/critical-flows.spec.ts:2477:1 › offline branching conversations change consequences and persist structured summaries only
  77) [mobile-chromium] › tests/e2e/critical-flows.spec.ts:2477:1 › offline branching conversations change consequences and persist structured summaries only 

    Error: browserType.launch: Target page, context or browser has been closed
    Browser logs:

    <launching> /home/user/.cache/ms-playwright/chromium-1234/chrome-linux64/chrome --disable-field-trial-config --disable-background-networking --disable-background-timer-throttling --disable-backgrounding-occluded-windows --disable-back-forward-cache --disable-breakpad --disable-client-side-phishing-detection --disable-component-extensions-with-background-pages --disable-component-update --no-default-browser-check --disable-default-apps --disable-dev-shm-usage --disable-edgeupdater --disable-extensions --disable-features=AvoidUnnecessaryBeforeUnloadCheckSync,BoundaryEventDispatchTracksNodeRemoval,DestroyProfileOnBrowserClose,DialMediaRouteProvider,GlobalMediaControls,HttpsUpgrades,LensOverlay,MediaRouter,PaintHolding,ThirdPartyStoragePartitioning,BlockOriginHeaderModificationOnRedirect,Translate,AutoDeElevate,OptimizationHints,msForceBrowserSignIn,msEdgeUpdateLaunchServicesPreferredVersion --enable-features=CDPScreenshotNewSurface --allow-pre-commit-input --disable-hang-monitor --disable-ipc-flooding-protection --disable-popup-blocking --disable-prompt-on-repost --disable-renderer-backgrounding --disable-updater-scheduler --force-color-profile=srgb --metrics-recording-only --no-first-run --password-store=basic --use-mock-keychain --no-service-autorun --export-tagged-pdf --disable-search-engine-choice-screen --unsafely-disable-devtools-self-xss-warnings --edge-skip-compat-layer-relaunch --disable-infobars --disable-search-engine-choice-screen --disable-sync --enable-unsafe-swiftshader --headless --hide-scrollbars --mute-audio --blink-settings=primaryHoverType=2,availableHoverTypes=2,primaryPointerType=4,availablePointerTypes=4 --no-sandbox --user-data-dir=/tmp/playwright_chromiumdev_profile-LHKAfM --remote-debugging-pipe --no-startup-window
    <launched> pid=10893
    [pid=10893][err] /home/user/.cache/ms-playwright/chromium-1234/chrome-linux64/chrome: error while loading shared libraries: libnspr4.so: cannot open shared object file: No such file or directory
    Call log:
      - <launching> /home/user/.cache/ms-playwright/chromium-1234/chrome-linux64/chrome --disable-field-trial-config --disable-background-networking --disable-background-timer-throttling --disable-backgrounding-occluded-windows --disable-back-forward-cache --disable-breakpad --disable-client-side-phishing-detection --disable-component-extensions-with-background-pages --disable-component-update --no-default-browser-check --disable-default-apps --disable-dev-shm-usage --disable-edgeupdater --disable-extensions --disable-features=AvoidUnnecessaryBeforeUnloadCheckSync,BoundaryEventDispatchTracksNodeRemoval,DestroyProfileOnBrowserClose,DialMediaRouteProvider,GlobalMediaControls,HttpsUpgrades,LensOverlay,MediaRouter,PaintHolding,ThirdPartyStoragePartitioning,BlockOriginHeaderModificationOnRedirect,Translate,AutoDeElevate,OptimizationHints,msForceBrowserSignIn,msEdgeUpdateLaunchServicesPreferredVersion --enable-features=CDPScreenshotNewSurface --allow-pre-commit-input --disable-hang-monitor --disable-ipc-flooding-protection --disable-popup-blocking --disable-prompt-on-repost --disable-renderer-backgrounding --disable-updater-scheduler --force-color-profile=srgb --metrics-recording-only --no-first-run --password-store=basic --use-mock-keychain --no-service-autorun --export-tagged-pdf --disable-search-engine-choice-screen --unsafely-disable-devtools-self-xss-warnings --edge-skip-compat-layer-relaunch --disable-infobars --disable-search-engine-choice-screen --disable-sync --enable-unsafe-swiftshader --headless --hide-scrollbars --mute-audio --blink-settings=primaryHoverType=2,availableHoverTypes=2,primaryPointerType=4,availablePointerTypes=4 --no-sandbox --user-data-dir=/tmp/playwright_chromiumdev_profile-LHKAfM --remote-debugging-pipe --no-startup-window
      - <launched> pid=10893
      - [pid=10893][err] /home/user/.cache/ms-playwright/chromium-1234/chrome-linux64/chrome: error while loading shared libraries: libnspr4.so: cannot open shared object file: No such file or directory
      - [pid=10893] <gracefully close start>
      - [pid=10893] <kill>
      - [pid=10893] <will force kill>
      - [pid=10893] exception while trying to kill process: Error: kill ESRCH
      - [pid=10893] <process did exit: exitCode=127, signal=null>
      - [pid=10893] starting temporary directories cleanup
      - [pid=10893] finished temporary directories cleanup
      - [pid=10893] <gracefully close end>


    Error Context: test-results/critical-flows-offline-bra-f6dcc-t-structured-summaries-only-mobile-chromium/error-context.md

    attachment #2: trace (application/zip) ─────────────────────────────────────────────────────────
    test-results/critical-flows-offline-bra-f6dcc-t-structured-summaries-only-mobile-chromium/trace.zip
    Usage:

        npx playwright show-trace test-results/critical-flows-offline-bra-f6dcc-t-structured-summaries-only-mobile-chromium/trace.zip

    ────────────────────────────────────────────────────────────────────────────────────────────────


[78/82] [mobile-chromium] › tests/e2e/critical-flows.spec.ts:2519:1 › contextual collocation networks require exploration and match communicative intent
  78) [mobile-chromium] › tests/e2e/critical-flows.spec.ts:2519:1 › contextual collocation networks require exploration and match communicative intent 

    Error: browserType.launch: Target page, context or browser has been closed
    Browser logs:

    <launching> /home/user/.cache/ms-playwright/chromium-1234/chrome-linux64/chrome --disable-field-trial-config --disable-background-networking --disable-background-timer-throttling --disable-backgrounding-occluded-windows --disable-back-forward-cache --disable-breakpad --disable-client-side-phishing-detection --disable-component-extensions-with-background-pages --disable-component-update --no-default-browser-check --disable-default-apps --disable-dev-shm-usage --disable-edgeupdater --disable-extensions --disable-features=AvoidUnnecessaryBeforeUnloadCheckSync,BoundaryEventDispatchTracksNodeRemoval,DestroyProfileOnBrowserClose,DialMediaRouteProvider,GlobalMediaControls,HttpsUpgrades,LensOverlay,MediaRouter,PaintHolding,ThirdPartyStoragePartitioning,BlockOriginHeaderModificationOnRedirect,Translate,AutoDeElevate,OptimizationHints,msForceBrowserSignIn,msEdgeUpdateLaunchServicesPreferredVersion --enable-features=CDPScreenshotNewSurface --allow-pre-commit-input --disable-hang-monitor --disable-ipc-flooding-protection --disable-popup-blocking --disable-prompt-on-repost --disable-renderer-backgrounding --disable-updater-scheduler --force-color-profile=srgb --metrics-recording-only --no-first-run --password-store=basic --use-mock-keychain --no-service-autorun --export-tagged-pdf --disable-search-engine-choice-screen --unsafely-disable-devtools-self-xss-warnings --edge-skip-compat-layer-relaunch --disable-infobars --disable-search-engine-choice-screen --disable-sync --enable-unsafe-swiftshader --headless --hide-scrollbars --mute-audio --blink-settings=primaryHoverType=2,availableHoverTypes=2,primaryPointerType=4,availablePointerTypes=4 --no-sandbox --user-data-dir=/tmp/playwright_chromiumdev_profile-p3kSnB --remote-debugging-pipe --no-startup-window
    <launched> pid=10919
    [pid=10919][err] /home/user/.cache/ms-playwright/chromium-1234/chrome-linux64/chrome: error while loading shared libraries: libnspr4.so: cannot open shared object file: No such file or directory
    Call log:
      - <launching> /home/user/.cache/ms-playwright/chromium-1234/chrome-linux64/chrome --disable-field-trial-config --disable-background-networking --disable-background-timer-throttling --disable-backgrounding-occluded-windows --disable-back-forward-cache --disable-breakpad --disable-client-side-phishing-detection --disable-component-extensions-with-background-pages --disable-component-update --no-default-browser-check --disable-default-apps --disable-dev-shm-usage --disable-edgeupdater --disable-extensions --disable-features=AvoidUnnecessaryBeforeUnloadCheckSync,BoundaryEventDispatchTracksNodeRemoval,DestroyProfileOnBrowserClose,DialMediaRouteProvider,GlobalMediaControls,HttpsUpgrades,LensOverlay,MediaRouter,PaintHolding,ThirdPartyStoragePartitioning,BlockOriginHeaderModificationOnRedirect,Translate,AutoDeElevate,OptimizationHints,msForceBrowserSignIn,msEdgeUpdateLaunchServicesPreferredVersion --enable-features=CDPScreenshotNewSurface --allow-pre-commit-input --disable-hang-monitor --disable-ipc-flooding-protection --disable-popup-blocking --disable-prompt-on-repost --disable-renderer-backgrounding --disable-updater-scheduler --force-color-profile=srgb --metrics-recording-only --no-first-run --password-store=basic --use-mock-keychain --no-service-autorun --export-tagged-pdf --disable-search-engine-choice-screen --unsafely-disable-devtools-self-xss-warnings --edge-skip-compat-layer-relaunch --disable-infobars --disable-search-engine-choice-screen --disable-sync --enable-unsafe-swiftshader --headless --hide-scrollbars --mute-audio --blink-settings=primaryHoverType=2,availableHoverTypes=2,primaryPointerType=4,availablePointerTypes=4 --no-sandbox --user-data-dir=/tmp/playwright_chromiumdev_profile-p3kSnB --remote-debugging-pipe --no-startup-window
      - <launched> pid=10919
      - [pid=10919][err] /home/user/.cache/ms-playwright/chromium-1234/chrome-linux64/chrome: error while loading shared libraries: libnspr4.so: cannot open shared object file: No such file or directory
      - [pid=10919] <gracefully close start>
      - [pid=10919] <kill>
      - [pid=10919] <will force kill>
      - [pid=10919] exception while trying to kill process: Error: kill ESRCH
      - [pid=10919] <process did exit: exitCode=127, signal=null>
      - [pid=10919] starting temporary directories cleanup
      - [pid=10919] finished temporary directories cleanup
      - [pid=10919] <gracefully close end>


    Error Context: test-results/critical-flows-contextual--a78d9--match-communicative-intent-mobile-chromium/error-context.md

    attachment #2: trace (application/zip) ─────────────────────────────────────────────────────────
    test-results/critical-flows-contextual--a78d9--match-communicative-intent-mobile-chromium/trace.zip
    Usage:

        npx playwright show-trace test-results/critical-flows-contextual--a78d9--match-communicative-intent-mobile-chromium/trace.zip

    ────────────────────────────────────────────────────────────────────────────────────────────────


[79/82] [mobile-chromium] › tests/e2e/critical-flows.spec.ts:2530:1 › representative 320–1920 px viewports avoid document-level horizontal overflow
  79) [mobile-chromium] › tests/e2e/critical-flows.spec.ts:2530:1 › representative 320–1920 px viewports avoid document-level horizontal overflow 

    Error: browserType.launch: Target page, context or browser has been closed
    Browser logs:

    <launching> /home/user/.cache/ms-playwright/chromium-1234/chrome-linux64/chrome --disable-field-trial-config --disable-background-networking --disable-background-timer-throttling --disable-backgrounding-occluded-windows --disable-back-forward-cache --disable-breakpad --disable-client-side-phishing-detection --disable-component-extensions-with-background-pages --disable-component-update --no-default-browser-check --disable-default-apps --disable-dev-shm-usage --disable-edgeupdater --disable-extensions --disable-features=AvoidUnnecessaryBeforeUnloadCheckSync,BoundaryEventDispatchTracksNodeRemoval,DestroyProfileOnBrowserClose,DialMediaRouteProvider,GlobalMediaControls,HttpsUpgrades,LensOverlay,MediaRouter,PaintHolding,ThirdPartyStoragePartitioning,BlockOriginHeaderModificationOnRedirect,Translate,AutoDeElevate,OptimizationHints,msForceBrowserSignIn,msEdgeUpdateLaunchServicesPreferredVersion --enable-features=CDPScreenshotNewSurface --allow-pre-commit-input --disable-hang-monitor --disable-ipc-flooding-protection --disable-popup-blocking --disable-prompt-on-repost --disable-renderer-backgrounding --disable-updater-scheduler --force-color-profile=srgb --metrics-recording-only --no-first-run --password-store=basic --use-mock-keychain --no-service-autorun --export-tagged-pdf --disable-search-engine-choice-screen --unsafely-disable-devtools-self-xss-warnings --edge-skip-compat-layer-relaunch --disable-infobars --disable-search-engine-choice-screen --disable-sync --enable-unsafe-swiftshader --headless --hide-scrollbars --mute-audio --blink-settings=primaryHoverType=2,availableHoverTypes=2,primaryPointerType=4,availablePointerTypes=4 --no-sandbox --user-data-dir=/tmp/playwright_chromiumdev_profile-MvMfWC --remote-debugging-pipe --no-startup-window
    <launched> pid=10945
    [pid=10945][err] /home/user/.cache/ms-playwright/chromium-1234/chrome-linux64/chrome: error while loading shared libraries: libnspr4.so: cannot open shared object file: No such file or directory
    Call log:
      - <launching> /home/user/.cache/ms-playwright/chromium-1234/chrome-linux64/chrome --disable-field-trial-config --disable-background-networking --disable-background-timer-throttling --disable-backgrounding-occluded-windows --disable-back-forward-cache --disable-breakpad --disable-client-side-phishing-detection --disable-component-extensions-with-background-pages --disable-component-update --no-default-browser-check --disable-default-apps --disable-dev-shm-usage --disable-edgeupdater --disable-extensions --disable-features=AvoidUnnecessaryBeforeUnloadCheckSync,BoundaryEventDispatchTracksNodeRemoval,DestroyProfileOnBrowserClose,DialMediaRouteProvider,GlobalMediaControls,HttpsUpgrades,LensOverlay,MediaRouter,PaintHolding,ThirdPartyStoragePartitioning,BlockOriginHeaderModificationOnRedirect,Translate,AutoDeElevate,OptimizationHints,msForceBrowserSignIn,msEdgeUpdateLaunchServicesPreferredVersion --enable-features=CDPScreenshotNewSurface --allow-pre-commit-input --disable-hang-monitor --disable-ipc-flooding-protection --disable-popup-blocking --disable-prompt-on-repost --disable-renderer-backgrounding --disable-updater-scheduler --force-color-profile=srgb --metrics-recording-only --no-first-run --password-store=basic --use-mock-keychain --no-service-autorun --export-tagged-pdf --disable-search-engine-choice-screen --unsafely-disable-devtools-self-xss-warnings --edge-skip-compat-layer-relaunch --disable-infobars --disable-search-engine-choice-screen --disable-sync --enable-unsafe-swiftshader --headless --hide-scrollbars --mute-audio --blink-settings=primaryHoverType=2,availableHoverTypes=2,primaryPointerType=4,availablePointerTypes=4 --no-sandbox --user-data-dir=/tmp/playwright_chromiumdev_profile-MvMfWC --remote-debugging-pipe --no-startup-window
      - <launched> pid=10945
      - [pid=10945][err] /home/user/.cache/ms-playwright/chromium-1234/chrome-linux64/chrome: error while loading shared libraries: libnspr4.so: cannot open shared object file: No such file or directory
      - [pid=10945] <gracefully close start>
      - [pid=10945] <kill>
      - [pid=10945] <will force kill>
      - [pid=10945] exception while trying to kill process: Error: kill ESRCH
      - [pid=10945] <process did exit: exitCode=127, signal=null>
      - [pid=10945] starting temporary directories cleanup
      - [pid=10945] finished temporary directories cleanup
      - [pid=10945] <gracefully close end>


    Error Context: test-results/critical-flows-representat-bb919-t-level-horizontal-overflow-mobile-chromium/error-context.md

    attachment #2: trace (application/zip) ─────────────────────────────────────────────────────────
    test-results/critical-flows-representat-bb919-t-level-horizontal-overflow-mobile-chromium/trace.zip
    Usage:

        npx playwright show-trace test-results/critical-flows-representat-bb919-t-level-horizontal-overflow-mobile-chromium/trace.zip

    ────────────────────────────────────────────────────────────────────────────────────────────────


[80/82] [mobile-chromium] › tests/e2e/critical-flows.spec.ts:2572:1 › completed four-skill vocabulary progress is terminal, persisted, and continues to discovery
  80) [mobile-chromium] › tests/e2e/critical-flows.spec.ts:2572:1 › completed four-skill vocabulary progress is terminal, persisted, and continues to discovery 

    Error: browserType.launch: Target page, context or browser has been closed
    Browser logs:

    <launching> /home/user/.cache/ms-playwright/chromium-1234/chrome-linux64/chrome --disable-field-trial-config --disable-background-networking --disable-background-timer-throttling --disable-backgrounding-occluded-windows --disable-back-forward-cache --disable-breakpad --disable-client-side-phishing-detection --disable-component-extensions-with-background-pages --disable-component-update --no-default-browser-check --disable-default-apps --disable-dev-shm-usage --disable-edgeupdater --disable-extensions --disable-features=AvoidUnnecessaryBeforeUnloadCheckSync,BoundaryEventDispatchTracksNodeRemoval,DestroyProfileOnBrowserClose,DialMediaRouteProvider,GlobalMediaControls,HttpsUpgrades,LensOverlay,MediaRouter,PaintHolding,ThirdPartyStoragePartitioning,BlockOriginHeaderModificationOnRedirect,Translate,AutoDeElevate,OptimizationHints,msForceBrowserSignIn,msEdgeUpdateLaunchServicesPreferredVersion --enable-features=CDPScreenshotNewSurface --allow-pre-commit-input --disable-hang-monitor --disable-ipc-flooding-protection --disable-popup-blocking --disable-prompt-on-repost --disable-renderer-backgrounding --disable-updater-scheduler --force-color-profile=srgb --metrics-recording-only --no-first-run --password-store=basic --use-mock-keychain --no-service-autorun --export-tagged-pdf --disable-search-engine-choice-screen --unsafely-disable-devtools-self-xss-warnings --edge-skip-compat-layer-relaunch --disable-infobars --disable-search-engine-choice-screen --disable-sync --enable-unsafe-swiftshader --headless --hide-scrollbars --mute-audio --blink-settings=primaryHoverType=2,availableHoverTypes=2,primaryPointerType=4,availablePointerTypes=4 --no-sandbox --user-data-dir=/tmp/playwright_chromiumdev_profile-gn4RsE --remote-debugging-pipe --no-startup-window
    <launched> pid=10971
    [pid=10971][err] /home/user/.cache/ms-playwright/chromium-1234/chrome-linux64/chrome: error while loading shared libraries: libnspr4.so: cannot open shared object file: No such file or directory
    Call log:
      - <launching> /home/user/.cache/ms-playwright/chromium-1234/chrome-linux64/chrome --disable-field-trial-config --disable-background-networking --disable-background-timer-throttling --disable-backgrounding-occluded-windows --disable-back-forward-cache --disable-breakpad --disable-client-side-phishing-detection --disable-component-extensions-with-background-pages --disable-component-update --no-default-browser-check --disable-default-apps --disable-dev-shm-usage --disable-edgeupdater --disable-extensions --disable-features=AvoidUnnecessaryBeforeUnloadCheckSync,BoundaryEventDispatchTracksNodeRemoval,DestroyProfileOnBrowserClose,DialMediaRouteProvider,GlobalMediaControls,HttpsUpgrades,LensOverlay,MediaRouter,PaintHolding,ThirdPartyStoragePartitioning,BlockOriginHeaderModificationOnRedirect,Translate,AutoDeElevate,OptimizationHints,msForceBrowserSignIn,msEdgeUpdateLaunchServicesPreferredVersion --enable-features=CDPScreenshotNewSurface --allow-pre-commit-input --disable-hang-monitor --disable-ipc-flooding-protection --disable-popup-blocking --disable-prompt-on-repost --disable-renderer-backgrounding --disable-updater-scheduler --force-color-profile=srgb --metrics-recording-only --no-first-run --password-store=basic --use-mock-keychain --no-service-autorun --export-tagged-pdf --disable-search-engine-choice-screen --unsafely-disable-devtools-self-xss-warnings --edge-skip-compat-layer-relaunch --disable-infobars --disable-search-engine-choice-screen --disable-sync --enable-unsafe-swiftshader --headless --hide-scrollbars --mute-audio --blink-settings=primaryHoverType=2,availableHoverTypes=2,primaryPointerType=4,availablePointerTypes=4 --no-sandbox --user-data-dir=/tmp/playwright_chromiumdev_profile-gn4RsE --remote-debugging-pipe --no-startup-window
      - <launched> pid=10971
      - [pid=10971][err] /home/user/.cache/ms-playwright/chromium-1234/chrome-linux64/chrome: error while loading shared libraries: libnspr4.so: cannot open shared object file: No such file or directory
      - [pid=10971] <gracefully close start>
      - [pid=10971] <kill>
      - [pid=10971] <will force kill>
      - [pid=10971] exception while trying to kill process: Error: kill ESRCH
      - [pid=10971] <process did exit: exitCode=127, signal=null>
      - [pid=10971] starting temporary directories cleanup
      - [pid=10971] finished temporary directories cleanup
      - [pid=10971] <gracefully close end>


    Error Context: test-results/critical-flows-completed-f-c9f54--and-continues-to-discovery-mobile-chromium/error-context.md

    attachment #2: trace (application/zip) ─────────────────────────────────────────────────────────
    test-results/critical-flows-completed-f-c9f54--and-continues-to-discovery-mobile-chromium/trace.zip
    Usage:

        npx playwright show-trace test-results/critical-flows-completed-f-c9f54--and-continues-to-discovery-mobile-chromium/trace.zip

    ────────────────────────────────────────────────────────────────────────────────────────────────


[81/82] [mobile-chromium] › tests/e2e/critical-flows.spec.ts:2609:1 › route × font-scale × compact-viewport matrix keeps context visible without text clipping or sibling overlap
  81) [mobile-chromium] › tests/e2e/critical-flows.spec.ts:2609:1 › route × font-scale × compact-viewport matrix keeps context visible without text clipping or sibling overlap 

    Error: browserType.launch: Target page, context or browser has been closed
    Browser logs:

    <launching> /home/user/.cache/ms-playwright/chromium-1234/chrome-linux64/chrome --disable-field-trial-config --disable-background-networking --disable-background-timer-throttling --disable-backgrounding-occluded-windows --disable-back-forward-cache --disable-breakpad --disable-client-side-phishing-detection --disable-component-extensions-with-background-pages --disable-component-update --no-default-browser-check --disable-default-apps --disable-dev-shm-usage --disable-edgeupdater --disable-extensions --disable-features=AvoidUnnecessaryBeforeUnloadCheckSync,BoundaryEventDispatchTracksNodeRemoval,DestroyProfileOnBrowserClose,DialMediaRouteProvider,GlobalMediaControls,HttpsUpgrades,LensOverlay,MediaRouter,PaintHolding,ThirdPartyStoragePartitioning,BlockOriginHeaderModificationOnRedirect,Translate,AutoDeElevate,OptimizationHints,msForceBrowserSignIn,msEdgeUpdateLaunchServicesPreferredVersion --enable-features=CDPScreenshotNewSurface --allow-pre-commit-input --disable-hang-monitor --disable-ipc-flooding-protection --disable-popup-blocking --disable-prompt-on-repost --disable-renderer-backgrounding --disable-updater-scheduler --force-color-profile=srgb --metrics-recording-only --no-first-run --password-store=basic --use-mock-keychain --no-service-autorun --export-tagged-pdf --disable-search-engine-choice-screen --unsafely-disable-devtools-self-xss-warnings --edge-skip-compat-layer-relaunch --disable-infobars --disable-search-engine-choice-screen --disable-sync --enable-unsafe-swiftshader --headless --hide-scrollbars --mute-audio --blink-settings=primaryHoverType=2,availableHoverTypes=2,primaryPointerType=4,availablePointerTypes=4 --no-sandbox --user-data-dir=/tmp/playwright_chromiumdev_profile-F5t0NB --remote-debugging-pipe --no-startup-window
    <launched> pid=10997
    [pid=10997][err] /home/user/.cache/ms-playwright/chromium-1234/chrome-linux64/chrome: error while loading shared libraries: libnspr4.so: cannot open shared object file: No such file or directory
    Call log:
      - <launching> /home/user/.cache/ms-playwright/chromium-1234/chrome-linux64/chrome --disable-field-trial-config --disable-background-networking --disable-background-timer-throttling --disable-backgrounding-occluded-windows --disable-back-forward-cache --disable-breakpad --disable-client-side-phishing-detection --disable-component-extensions-with-background-pages --disable-component-update --no-default-browser-check --disable-default-apps --disable-dev-shm-usage --disable-edgeupdater --disable-extensions --disable-features=AvoidUnnecessaryBeforeUnloadCheckSync,BoundaryEventDispatchTracksNodeRemoval,DestroyProfileOnBrowserClose,DialMediaRouteProvider,GlobalMediaControls,HttpsUpgrades,LensOverlay,MediaRouter,PaintHolding,ThirdPartyStoragePartitioning,BlockOriginHeaderModificationOnRedirect,Translate,AutoDeElevate,OptimizationHints,msForceBrowserSignIn,msEdgeUpdateLaunchServicesPreferredVersion --enable-features=CDPScreenshotNewSurface --allow-pre-commit-input --disable-hang-monitor --disable-ipc-flooding-protection --disable-popup-blocking --disable-prompt-on-repost --disable-renderer-backgrounding --disable-updater-scheduler --force-color-profile=srgb --metrics-recording-only --no-first-run --password-store=basic --use-mock-keychain --no-service-autorun --export-tagged-pdf --disable-search-engine-choice-screen --unsafely-disable-devtools-self-xss-warnings --edge-skip-compat-layer-relaunch --disable-infobars --disable-search-engine-choice-screen --disable-sync --enable-unsafe-swiftshader --headless --hide-scrollbars --mute-audio --blink-settings=primaryHoverType=2,availableHoverTypes=2,primaryPointerType=4,availablePointerTypes=4 --no-sandbox --user-data-dir=/tmp/playwright_chromiumdev_profile-F5t0NB --remote-debugging-pipe --no-startup-window
      - <launched> pid=10997
      - [pid=10997][err] /home/user/.cache/ms-playwright/chromium-1234/chrome-linux64/chrome: error while loading shared libraries: libnspr4.so: cannot open shared object file: No such file or directory
      - [pid=10997] <gracefully close start>
      - [pid=10997] <kill>
      - [pid=10997] <will force kill>
      - [pid=10997] exception while trying to kill process: Error: kill ESRCH
      - [pid=10997] <process did exit: exitCode=127, signal=null>
      - [pid=10997] starting temporary directories cleanup
      - [pid=10997] finished temporary directories cleanup
      - [pid=10997] <gracefully close end>


    Error Context: test-results/critical-flows-route-×-fon-064a0-clipping-or-sibling-overlap-mobile-chromium/error-context.md

    attachment #2: trace (application/zip) ─────────────────────────────────────────────────────────
    test-results/critical-flows-route-×-fon-064a0-clipping-or-sibling-overlap-mobile-chromium/trace.zip
    Usage:

        npx playwright show-trace test-results/critical-flows-route-×-fon-064a0-clipping-or-sibling-overlap-mobile-chromium/trace.zip

    ────────────────────────────────────────────────────────────────────────────────────────────────


[82/82] [mobile-chromium] › tests/e2e/critical-flows.spec.ts:2676:1 › review reminders use due SRS evidence, persist daily dismissal, and respect quiet hours
  82) [mobile-chromium] › tests/e2e/critical-flows.spec.ts:2676:1 › review reminders use due SRS evidence, persist daily dismissal, and respect quiet hours 

    Error: browserType.launch: Target page, context or browser has been closed
    Browser logs:

    <launching> /home/user/.cache/ms-playwright/chromium-1234/chrome-linux64/chrome --disable-field-trial-config --disable-background-networking --disable-background-timer-throttling --disable-backgrounding-occluded-windows --disable-back-forward-cache --disable-breakpad --disable-client-side-phishing-detection --disable-component-extensions-with-background-pages --disable-component-update --no-default-browser-check --disable-default-apps --disable-dev-shm-usage --disable-edgeupdater --disable-extensions --disable-features=AvoidUnnecessaryBeforeUnloadCheckSync,BoundaryEventDispatchTracksNodeRemoval,DestroyProfileOnBrowserClose,DialMediaRouteProvider,GlobalMediaControls,HttpsUpgrades,LensOverlay,MediaRouter,PaintHolding,ThirdPartyStoragePartitioning,BlockOriginHeaderModificationOnRedirect,Translate,AutoDeElevate,OptimizationHints,msForceBrowserSignIn,msEdgeUpdateLaunchServicesPreferredVersion --enable-features=CDPScreenshotNewSurface --allow-pre-commit-input --disable-hang-monitor --disable-ipc-flooding-protection --disable-popup-blocking --disable-prompt-on-repost --disable-renderer-backgrounding --disable-updater-scheduler --force-color-profile=srgb --metrics-recording-only --no-first-run --password-store=basic --use-mock-keychain --no-service-autorun --export-tagged-pdf --disable-search-engine-choice-screen --unsafely-disable-devtools-self-xss-warnings --edge-skip-compat-layer-relaunch --disable-infobars --disable-search-engine-choice-screen --disable-sync --enable-unsafe-swiftshader --headless --hide-scrollbars --mute-audio --blink-settings=primaryHoverType=2,availableHoverTypes=2,primaryPointerType=4,availablePointerTypes=4 --no-sandbox --user-data-dir=/tmp/playwright_chromiumdev_profile-ip0dtx --remote-debugging-pipe --no-startup-window
    <launched> pid=11023
    [pid=11023][err] /home/user/.cache/ms-playwright/chromium-1234/chrome-linux64/chrome: error while loading shared libraries: libnspr4.so: cannot open shared object file: No such file or directory
    Call log:
      - <launching> /home/user/.cache/ms-playwright/chromium-1234/chrome-linux64/chrome --disable-field-trial-config --disable-background-networking --disable-background-timer-throttling --disable-backgrounding-occluded-windows --disable-back-forward-cache --disable-breakpad --disable-client-side-phishing-detection --disable-component-extensions-with-background-pages --disable-component-update --no-default-browser-check --disable-default-apps --disable-dev-shm-usage --disable-edgeupdater --disable-extensions --disable-features=AvoidUnnecessaryBeforeUnloadCheckSync,BoundaryEventDispatchTracksNodeRemoval,DestroyProfileOnBrowserClose,DialMediaRouteProvider,GlobalMediaControls,HttpsUpgrades,LensOverlay,MediaRouter,PaintHolding,ThirdPartyStoragePartitioning,BlockOriginHeaderModificationOnRedirect,Translate,AutoDeElevate,OptimizationHints,msForceBrowserSignIn,msEdgeUpdateLaunchServicesPreferredVersion --enable-features=CDPScreenshotNewSurface --allow-pre-commit-input --disable-hang-monitor --disable-ipc-flooding-protection --disable-popup-blocking --disable-prompt-on-repost --disable-renderer-backgrounding --disable-updater-scheduler --force-color-profile=srgb --metrics-recording-only --no-first-run --password-store=basic --use-mock-keychain --no-service-autorun --export-tagged-pdf --disable-search-engine-choice-screen --unsafely-disable-devtools-self-xss-warnings --edge-skip-compat-layer-relaunch --disable-infobars --disable-search-engine-choice-screen --disable-sync --enable-unsafe-swiftshader --headless --hide-scrollbars --mute-audio --blink-settings=primaryHoverType=2,availableHoverTypes=2,primaryPointerType=4,availablePointerTypes=4 --no-sandbox --user-data-dir=/tmp/playwright_chromiumdev_profile-ip0dtx --remote-debugging-pipe --no-startup-window
      - <launched> pid=11023
      - [pid=11023][err] /home/user/.cache/ms-playwright/chromium-1234/chrome-linux64/chrome: error while loading shared libraries: libnspr4.so: cannot open shared object file: No such file or directory
      - [pid=11023] <gracefully close start>
      - [pid=11023] <kill>
      - [pid=11023] <will force kill>
      - [pid=11023] exception while trying to kill process: Error: kill ESRCH
      - [pid=11023] <process did exit: exitCode=127, signal=null>
      - [pid=11023] starting temporary directories cleanup
      - [pid=11023] finished temporary directories cleanup
      - [pid=11023] <gracefully close end>


    Error Context: test-results/critical-flows-review-remi-fe49a-sal-and-respect-quiet-hours-mobile-chromium/error-context.md

    attachment #2: trace (application/zip) ─────────────────────────────────────────────────────────
    test-results/critical-flows-review-remi-fe49a-sal-and-respect-quiet-hours-mobile-chromium/trace.zip
    Usage:

        npx playwright show-trace test-results/critical-flows-review-remi-fe49a-sal-and-respect-quiet-hours-mobile-chromium/trace.zip

    ────────────────────────────────────────────────────────────────────────────────────────────────


  82 failed
    [chromium] › tests/e2e/critical-flows.spec.ts:47:1 › critical pages have no automatically detectable serious WCAG violations 
    [chromium] › tests/e2e/critical-flows.spec.ts:57:1 › library and exam hubs render their completed content contracts 
    [chromium] › tests/e2e/critical-flows.spec.ts:194:1 › bilingual local search ranks German and Arabic results and returns to context 
    [chromium] › tests/e2e/critical-flows.spec.ts:232:1 › visual accessibility preferences preview immediately, persist, reset, and respect system motion 
    [chromium] › tests/e2e/critical-flows.spec.ts:308:1 › P0 exam readiness stays provider-scoped and exposes weak modules instead of one average 
    [chromium] › tests/e2e/critical-flows.spec.ts:354:1 › P0 onboarding captures goals and an explicit device-check skip locally 
    [chromium] › tests/e2e/critical-flows.spec.ts:400:1 › an absolute beginner starts A1 step by step and never receives an isolated writing demand 
    [chromium] › tests/e2e/critical-flows.spec.ts:425:1 › P0 adaptive diagnostic stops at a clear boundary and stores four skill scores 
    [chromium] › tests/e2e/critical-flows.spec.ts:464:1 › P0 tutor requires per-send consent, validates structured JSON, and deletes its local trace 
    [chromium] › tests/e2e/critical-flows.spec.ts:608:1 › optional AI 429 falls back locally once and retry requires fresh consent 
    [chromium] › tests/e2e/critical-flows.spec.ts:618:1 › P0 daily check-in rebalances load and reflection stores tomorrow's decision 
    [chromium] › tests/e2e/critical-flows.spec.ts:717:1 › P2 partial-closure guidance surfaces persist bounded local decisions 
    [chromium] › tests/e2e/critical-flows.spec.ts:732:1 › P1 repeated session errors offer one learner-controlled load reduction without penalty 
    [chromium] › tests/e2e/critical-flows.spec.ts:740:1 › P0 clustered error clinic opens at three occurrences and stores a transfer attempt 
    [chromium] › tests/e2e/critical-flows.spec.ts:774:1 › P0 writing lab enforces plan, draft, self-check, cited feedback, and revision 
    [chromium] › tests/e2e/critical-flows.spec.ts:866:1 › P0 WebGPU model is opt-in, runs ranked follow-up locally, and can be deleted 
    [chromium] › tests/e2e/critical-flows.spec.ts:931:1 › standard pronunciation pack installs explicitly and matches expected German words locally 
    [chromium] › tests/e2e/critical-flows.spec.ts:995:1 › guided speaking keeps learner-selected support visible, grounds typed follow-up, and requires consent before optional AI 
    [chromium] › tests/e2e/critical-flows.spec.ts:1097:1 › P0 mediation lab enforces source analysis, transfer, self-check, comparison, and revision 
    [chromium] › tests/e2e/critical-flows.spec.ts:1130:1 › generated library audio exposes provenance, playback, and Browser TTS fallback 
    [chromium] › tests/e2e/critical-flows.spec.ts:1164:1 › generated exam clips play with limits, provenance labels, and TTS fallback 
    [chromium] › tests/e2e/critical-flows.spec.ts:1308:1 › shadowing studio uses generated audio, speed controls, and delayed transcript 
    [chromium] › tests/e2e/critical-flows.spec.ts:1324:1 › a complete lesson run traverses all 14 stages and persists completion 
    [chromium] › tests/e2e/critical-flows.spec.ts:1658:1 › settings exports an encrypted DWNB archive and imports it as an isolated profile 
    [chromium] › tests/e2e/critical-flows.spec.ts:1708:1 › a previously loaded library survives a real offline reload 
    [chromium] › tests/e2e/critical-flows.spec.ts:1733:1 › the optional full content pack opens unvisited lessons and exam tasks offline 
    [chromium] › tests/e2e/critical-flows.spec.ts:1871:1 › continuous full-exam mode persists one central clock and blocks task skipping 
    [chromium] › tests/e2e/critical-flows.spec.ts:2063:1 › progress and daily coach derive metrics, risks, dates, and streaks from evidence 
    [chromium] › tests/e2e/critical-flows.spec.ts:2136:1 › keyboard users can skip navigation, follow lesson focus, hear results, and escape modals 
    [chromium] › tests/e2e/critical-flows.spec.ts:2184:1 › Arabic shell and every tested German or technical fragment keep explicit Bidi boundaries 
    [chromium] › tests/e2e/critical-flows.spec.ts:2199:1 › high-confidence errors route through prerequisite repair into deduplicated no-mastery SRS 
    [chromium] › tests/e2e/critical-flows.spec.ts:2275:1 › support use is logged without penalty and old evidence lowers confidence without deleting attempts 
    [chromium] › tests/e2e/critical-flows.spec.ts:2346:1 › fourteen-day contract, quiet hours, and one-skill diagnostic stay planning-only 
    [chromium] › tests/e2e/critical-flows.spec.ts:2372:1 › local study exports preview and download ICS, printable PDF, and safe Anki TSV 
    [chromium] › tests/e2e/critical-flows.spec.ts:2403:1 › adaptive dictation moves from partial A1 to full A2 and stores summary only 
    [chromium] › tests/e2e/critical-flows.spec.ts:2477:1 › offline branching conversations change consequences and persist structured summaries only 
    [chromium] › tests/e2e/critical-flows.spec.ts:2519:1 › contextual collocation networks require exploration and match communicative intent 
    [chromium] › tests/e2e/critical-flows.spec.ts:2530:1 › representative 320–1920 px viewports avoid document-level horizontal overflow 
    [chromium] › tests/e2e/critical-flows.spec.ts:2572:1 › completed four-skill vocabulary progress is terminal, persisted, and continues to discovery 
    [chromium] › tests/e2e/critical-flows.spec.ts:2609:1 › route × font-scale × compact-viewport matrix keeps context visible without text clipping or sibling overlap 
    [chromium] › tests/e2e/critical-flows.spec.ts:2676:1 › review reminders use due SRS evidence, persist daily dismissal, and respect quiet hours 
    [mobile-chromium] › tests/e2e/critical-flows.spec.ts:47:1 › critical pages have no automatically detectable serious WCAG violations 
    [mobile-chromium] › tests/e2e/critical-flows.spec.ts:57:1 › library and exam hubs render their completed content contracts 
    [mobile-chromium] › tests/e2e/critical-flows.spec.ts:194:1 › bilingual local search ranks German and Arabic results and returns to context 
    [mobile-chromium] › tests/e2e/critical-flows.spec.ts:232:1 › visual accessibility preferences preview immediately, persist, reset, and respect system motion 
    [mobile-chromium] › tests/e2e/critical-flows.spec.ts:308:1 › P0 exam readiness stays provider-scoped and exposes weak modules instead of one average 
    [mobile-chromium] › tests/e2e/critical-flows.spec.ts:354:1 › P0 onboarding captures goals and an explicit device-check skip locally 
    [mobile-chromium] › tests/e2e/critical-flows.spec.ts:400:1 › an absolute beginner starts A1 step by step and never receives an isolated writing demand 
    [mobile-chromium] › tests/e2e/critical-flows.spec.ts:425:1 › P0 adaptive diagnostic stops at a clear boundary and stores four skill scores 
    [mobile-chromium] › tests/e2e/critical-flows.spec.ts:464:1 › P0 tutor requires per-send consent, validates structured JSON, and deletes its local trace 
    [mobile-chromium] › tests/e2e/critical-flows.spec.ts:608:1 › optional AI 429 falls back locally once and retry requires fresh consent 
    [mobile-chromium] › tests/e2e/critical-flows.spec.ts:618:1 › P0 daily check-in rebalances load and reflection stores tomorrow's decision 
    [mobile-chromium] › tests/e2e/critical-flows.spec.ts:717:1 › P2 partial-closure guidance surfaces persist bounded local decisions 
    [mobile-chromium] › tests/e2e/critical-flows.spec.ts:732:1 › P1 repeated session errors offer one learner-controlled load reduction without penalty 
    [mobile-chromium] › tests/e2e/critical-flows.spec.ts:740:1 › P0 clustered error clinic opens at three occurrences and stores a transfer attempt 
    [mobile-chromium] › tests/e2e/critical-flows.spec.ts:774:1 › P0 writing lab enforces plan, draft, self-check, cited feedback, and revision 
    [mobile-chromium] › tests/e2e/critical-flows.spec.ts:866:1 › P0 WebGPU model is opt-in, runs ranked follow-up locally, and can be deleted 
    [mobile-chromium] › tests/e2e/critical-flows.spec.ts:931:1 › standard pronunciation pack installs explicitly and matches expected German words locally 
    [mobile-chromium] › tests/e2e/critical-flows.spec.ts:995:1 › guided speaking keeps learner-selected support visible, grounds typed follow-up, and requires consent before optional AI 
    [mobile-chromium] › tests/e2e/critical-flows.spec.ts:1097:1 › P0 mediation lab enforces source analysis, transfer, self-check, comparison, and revision 
    [mobile-chromium] › tests/e2e/critical-flows.spec.ts:1130:1 › generated library audio exposes provenance, playback, and Browser TTS fallback 
    [mobile-chromium] › tests/e2e/critical-flows.spec.ts:1164:1 › generated exam clips play with limits, provenance labels, and TTS fallback 
    [mobile-chromium] › tests/e2e/critical-flows.spec.ts:1308:1 › shadowing studio uses generated audio, speed controls, and delayed transcript 
    [mobile-chromium] › tests/e2e/critical-flows.spec.ts:1324:1 › a complete lesson run traverses all 14 stages and persists completion 
    [mobile-chromium] › tests/e2e/critical-flows.spec.ts:1658:1 › settings exports an encrypted DWNB archive and imports it as an isolated profile 
    [mobile-chromium] › tests/e2e/critical-flows.spec.ts:1708:1 › a previously loaded library survives a real offline reload 
    [mobile-chromium] › tests/e2e/critical-flows.spec.ts:1733:1 › the optional full content pack opens unvisited lessons and exam tasks offline 
    [mobile-chromium] › tests/e2e/critical-flows.spec.ts:1871:1 › continuous full-exam mode persists one central clock and blocks task skipping 
    [mobile-chromium] › tests/e2e/critical-flows.spec.ts:2063:1 › progress and daily coach derive metrics, risks, dates, and streaks from evidence 
    [mobile-chromium] › tests/e2e/critical-flows.spec.ts:2136:1 › keyboard users can skip navigation, follow lesson focus, hear results, and escape modals 
    [mobile-chromium] › tests/e2e/critical-flows.spec.ts:2184:1 › Arabic shell and every tested German or technical fragment keep explicit Bidi boundaries 
    [mobile-chromium] › tests/e2e/critical-flows.spec.ts:2199:1 › high-confidence errors route through prerequisite repair into deduplicated no-mastery SRS 
    [mobile-chromium] › tests/e2e/critical-flows.spec.ts:2275:1 › support use is logged without penalty and old evidence lowers confidence without deleting attempts 
    [mobile-chromium] › tests/e2e/critical-flows.spec.ts:2346:1 › fourteen-day contract, quiet hours, and one-skill diagnostic stay planning-only 
    [mobile-chromium] › tests/e2e/critical-flows.spec.ts:2372:1 › local study exports preview and download ICS, printable PDF, and safe Anki TSV 
    [mobile-chromium] › tests/e2e/critical-flows.spec.ts:2403:1 › adaptive dictation moves from partial A1 to full A2 and stores summary only 
    [mobile-chromium] › tests/e2e/critical-flows.spec.ts:2477:1 › offline branching conversations change consequences and persist structured summaries only 
    [mobile-chromium] › tests/e2e/critical-flows.spec.ts:2519:1 › contextual collocation networks require exploration and match communicative intent 
    [mobile-chromium] › tests/e2e/critical-flows.spec.ts:2530:1 › representative 320–1920 px viewports avoid document-level horizontal overflow 
    [mobile-chromium] › tests/e2e/critical-flows.spec.ts:2572:1 › completed four-skill vocabulary progress is terminal, persisted, and continues to discovery 
    [mobile-chromium] › tests/e2e/critical-flows.spec.ts:2609:1 › route × font-scale × compact-viewport matrix keeps context visible without text clipping or sibling overlap 
    [mobile-chromium] › tests/e2e/critical-flows.spec.ts:2676:1 › review reminders use due SRS evidence, persist daily dismissal, and respect quiet hours 
PLAYWRIGHT_EXIT=1
