
Running 82 tests using 1 worker

[1/82] [chromium] › tests/e2e/critical-flows.spec.ts:47:1 › critical pages have no automatically detectable serious WCAG violations
  1) [chromium] › tests/e2e/critical-flows.spec.ts:47:1 › critical pages have no automatically detectable serious WCAG violations 

    Error: browserType.launch: Target page, context or browser has been closed
    Browser logs:

    <launching> /home/user/.cache/ms-playwright/chromium-1234/chrome-linux64/chrome --disable-field-trial-config --disable-background-networking --disable-background-timer-throttling --disable-backgrounding-occluded-windows --disable-back-forward-cache --disable-breakpad --disable-client-side-phishing-detection --disable-component-extensions-with-background-pages --disable-component-update --no-default-browser-check --disable-default-apps --disable-dev-shm-usage --disable-edgeupdater --disable-extensions --disable-features=AvoidUnnecessaryBeforeUnloadCheckSync,BoundaryEventDispatchTracksNodeRemoval,DestroyProfileOnBrowserClose,DialMediaRouteProvider,GlobalMediaControls,HttpsUpgrades,LensOverlay,MediaRouter,PaintHolding,ThirdPartyStoragePartitioning,BlockOriginHeaderModificationOnRedirect,Translate,AutoDeElevate,OptimizationHints,msForceBrowserSignIn,msEdgeUpdateLaunchServicesPreferredVersion --enable-features=CDPScreenshotNewSurface --allow-pre-commit-input --disable-hang-monitor --disable-ipc-flooding-protection --disable-popup-blocking --disable-prompt-on-repost --disable-renderer-backgrounding --disable-updater-scheduler --force-color-profile=srgb --metrics-recording-only --no-first-run --password-store=basic --use-mock-keychain --no-service-autorun --export-tagged-pdf --disable-search-engine-choice-screen --unsafely-disable-devtools-self-xss-warnings --edge-skip-compat-layer-relaunch --disable-infobars --disable-search-engine-choice-screen --disable-sync --enable-unsafe-swiftshader --headless --hide-scrollbars --mute-audio --blink-settings=primaryHoverType=2,availableHoverTypes=2,primaryPointerType=4,availablePointerTypes=4 --no-sandbox --user-data-dir=/tmp/playwright_chromiumdev_profile-MQJmOQ --remote-debugging-pipe --no-startup-window
    <launched> pid=21162
    [pid=21162][err] /home/user/.cache/ms-playwright/chromium-1234/chrome-linux64/chrome: error while loading shared libraries: libnspr4.so: cannot open shared object file: No such file or directory
    Call log:
      - <launching> /home/user/.cache/ms-playwright/chromium-1234/chrome-linux64/chrome --disable-field-trial-config --disable-background-networking --disable-background-timer-throttling --disable-backgrounding-occluded-windows --disable-back-forward-cache --disable-breakpad --disable-client-side-phishing-detection --disable-component-extensions-with-background-pages --disable-component-update --no-default-browser-check --disable-default-apps --disable-dev-shm-usage --disable-edgeupdater --disable-extensions --disable-features=AvoidUnnecessaryBeforeUnloadCheckSync,BoundaryEventDispatchTracksNodeRemoval,DestroyProfileOnBrowserClose,DialMediaRouteProvider,GlobalMediaControls,HttpsUpgrades,LensOverlay,MediaRouter,PaintHolding,ThirdPartyStoragePartitioning,BlockOriginHeaderModificationOnRedirect,Translate,AutoDeElevate,OptimizationHints,msForceBrowserSignIn,msEdgeUpdateLaunchServicesPreferredVersion --enable-features=CDPScreenshotNewSurface --allow-pre-commit-input --disable-hang-monitor --disable-ipc-flooding-protection --disable-popup-blocking --disable-prompt-on-repost --disable-renderer-backgrounding --disable-updater-scheduler --force-color-profile=srgb --metrics-recording-only --no-first-run --password-store=basic --use-mock-keychain --no-service-autorun --export-tagged-pdf --disable-search-engine-choice-screen --unsafely-disable-devtools-self-xss-warnings --edge-skip-compat-layer-relaunch --disable-infobars --disable-search-engine-choice-screen --disable-sync --enable-unsafe-swiftshader --headless --hide-scrollbars --mute-audio --blink-settings=primaryHoverType=2,availableHoverTypes=2,primaryPointerType=4,availablePointerTypes=4 --no-sandbox --user-data-dir=/tmp/playwright_chromiumdev_profile-MQJmOQ --remote-debugging-pipe --no-startup-window
      - <launched> pid=21162
      - [pid=21162][err] /home/user/.cache/ms-playwright/chromium-1234/chrome-linux64/chrome: error while loading shared libraries: libnspr4.so: cannot open shared object file: No such file or directory
      - [pid=21162] <gracefully close start>
      - [pid=21162] <kill>
      - [pid=21162] <will force kill>
      - [pid=21162] exception while trying to kill process: Error: kill ESRCH
      - [pid=21162] <process did exit: exitCode=127, signal=null>
      - [pid=21162] starting temporary directories cleanup
      - [pid=21162] finished temporary directories cleanup
      - [pid=21162] <gracefully close end>


    Error Context: test-results/critical-flows-critical-pa-32fac-ble-serious-WCAG-violations-chromium/error-context.md

    attachment #2: trace (application/zip) ─────────────────────────────────────────────────────────
    test-results/critical-flows-critical-pa-32fac-ble-serious-WCAG-violations-chromium/trace.zip
    Usage:

        npx playwright show-trace test-results/critical-flows-critical-pa-32fac-ble-serious-WCAG-violations-chromium/trace.zip

    ────────────────────────────────────────────────────────────────────────────────────────────────


[2/82] [chromium] › tests/e2e/critical-flows.spec.ts:57:1 › library and exam hubs render their completed content contracts
  2) [chromium] › tests/e2e/critical-flows.spec.ts:57:1 › library and exam hubs render their completed content contracts 

    Error: browserType.launch: Target page, context or browser has been closed
    Browser logs:

    <launching> /home/user/.cache/ms-playwright/chromium-1234/chrome-linux64/chrome --disable-field-trial-config --disable-background-networking --disable-background-timer-throttling --disable-backgrounding-occluded-windows --disable-back-forward-cache --disable-breakpad --disable-client-side-phishing-detection --disable-component-extensions-with-background-pages --disable-component-update --no-default-browser-check --disable-default-apps --disable-dev-shm-usage --disable-edgeupdater --disable-extensions --disable-features=AvoidUnnecessaryBeforeUnloadCheckSync,BoundaryEventDispatchTracksNodeRemoval,DestroyProfileOnBrowserClose,DialMediaRouteProvider,GlobalMediaControls,HttpsUpgrades,LensOverlay,MediaRouter,PaintHolding,ThirdPartyStoragePartitioning,BlockOriginHeaderModificationOnRedirect,Translate,AutoDeElevate,OptimizationHints,msForceBrowserSignIn,msEdgeUpdateLaunchServicesPreferredVersion --enable-features=CDPScreenshotNewSurface --allow-pre-commit-input --disable-hang-monitor --disable-ipc-flooding-protection --disable-popup-blocking --disable-prompt-on-repost --disable-renderer-backgrounding --disable-updater-scheduler --force-color-profile=srgb --metrics-recording-only --no-first-run --password-store=basic --use-mock-keychain --no-service-autorun --export-tagged-pdf --disable-search-engine-choice-screen --unsafely-disable-devtools-self-xss-warnings --edge-skip-compat-layer-relaunch --disable-infobars --disable-search-engine-choice-screen --disable-sync --enable-unsafe-swiftshader --headless --hide-scrollbars --mute-audio --blink-settings=primaryHoverType=2,availableHoverTypes=2,primaryPointerType=4,availablePointerTypes=4 --no-sandbox --user-data-dir=/tmp/playwright_chromiumdev_profile-MwEFaS --remote-debugging-pipe --no-startup-window
    <launched> pid=21175
    [pid=21175][err] /home/user/.cache/ms-playwright/chromium-1234/chrome-linux64/chrome: error while loading shared libraries: libnspr4.so: cannot open shared object file: No such file or directory
    Call log:
      - <launching> /home/user/.cache/ms-playwright/chromium-1234/chrome-linux64/chrome --disable-field-trial-config --disable-background-networking --disable-background-timer-throttling --disable-backgrounding-occluded-windows --disable-back-forward-cache --disable-breakpad --disable-client-side-phishing-detection --disable-component-extensions-with-background-pages --disable-component-update --no-default-browser-check --disable-default-apps --disable-dev-shm-usage --disable-edgeupdater --disable-extensions --disable-features=AvoidUnnecessaryBeforeUnloadCheckSync,BoundaryEventDispatchTracksNodeRemoval,DestroyProfileOnBrowserClose,DialMediaRouteProvider,GlobalMediaControls,HttpsUpgrades,LensOverlay,MediaRouter,PaintHolding,ThirdPartyStoragePartitioning,BlockOriginHeaderModificationOnRedirect,Translate,AutoDeElevate,OptimizationHints,msForceBrowserSignIn,msEdgeUpdateLaunchServicesPreferredVersion --enable-features=CDPScreenshotNewSurface --allow-pre-commit-input --disable-hang-monitor --disable-ipc-flooding-protection --disable-popup-blocking --disable-prompt-on-repost --disable-renderer-backgrounding --disable-updater-scheduler --force-color-profile=srgb --metrics-recording-only --no-first-run --password-store=basic --use-mock-keychain --no-service-autorun --export-tagged-pdf --disable-search-engine-choice-screen --unsafely-disable-devtools-self-xss-warnings --edge-skip-compat-layer-relaunch --disable-infobars --disable-search-engine-choice-screen --disable-sync --enable-unsafe-swiftshader --headless --hide-scrollbars --mute-audio --blink-settings=primaryHoverType=2,availableHoverTypes=2,primaryPointerType=4,availablePointerTypes=4 --no-sandbox --user-data-dir=/tmp/playwright_chromiumdev_profile-MwEFaS --remote-debugging-pipe --no-startup-window
      - <launched> pid=21175
      - [pid=21175][err] /home/user/.cache/ms-playwright/chromium-1234/chrome-linux64/chrome: error while loading shared libraries: libnspr4.so: cannot open shared object file: No such file or directory
      - [pid=21175] <gracefully close start>
      - [pid=21175] <kill>
      - [pid=21175] <will force kill>
      - [pid=21175] exception while trying to kill process: Error: kill ESRCH
      - [pid=21175] <process did exit: exitCode=127, signal=null>
      - [pid=21175] starting temporary directories cleanup
      - [pid=21175] finished temporary directories cleanup
      - [pid=21175] <gracefully close end>


    Error Context: test-results/critical-flows-library-and-2477c-completed-content-contracts-chromium/error-context.md

    attachment #2: trace (application/zip) ─────────────────────────────────────────────────────────
    test-results/critical-flows-library-and-2477c-completed-content-contracts-chromium/trace.zip
    Usage:

        npx playwright show-trace test-results/critical-flows-library-and-2477c-completed-content-contracts-chromium/trace.zip

    ────────────────────────────────────────────────────────────────────────────────────────────────


[3/82] [chromium] › tests/e2e/critical-flows.spec.ts:194:1 › bilingual local search ranks German and Arabic results and returns to context
  3) [chromium] › tests/e2e/critical-flows.spec.ts:194:1 › bilingual local search ranks German and Arabic results and returns to context 

    Error: browserType.launch: Target page, context or browser has been closed
    Browser logs:

    <launching> /home/user/.cache/ms-playwright/chromium-1234/chrome-linux64/chrome --disable-field-trial-config --disable-background-networking --disable-background-timer-throttling --disable-backgrounding-occluded-windows --disable-back-forward-cache --disable-breakpad --disable-client-side-phishing-detection --disable-component-extensions-with-background-pages --disable-component-update --no-default-browser-check --disable-default-apps --disable-dev-shm-usage --disable-edgeupdater --disable-extensions --disable-features=AvoidUnnecessaryBeforeUnloadCheckSync,BoundaryEventDispatchTracksNodeRemoval,DestroyProfileOnBrowserClose,DialMediaRouteProvider,GlobalMediaControls,HttpsUpgrades,LensOverlay,MediaRouter,PaintHolding,ThirdPartyStoragePartitioning,BlockOriginHeaderModificationOnRedirect,Translate,AutoDeElevate,OptimizationHints,msForceBrowserSignIn,msEdgeUpdateLaunchServicesPreferredVersion --enable-features=CDPScreenshotNewSurface --allow-pre-commit-input --disable-hang-monitor --disable-ipc-flooding-protection --disable-popup-blocking --disable-prompt-on-repost --disable-renderer-backgrounding --disable-updater-scheduler --force-color-profile=srgb --metrics-recording-only --no-first-run --password-store=basic --use-mock-keychain --no-service-autorun --export-tagged-pdf --disable-search-engine-choice-screen --unsafely-disable-devtools-self-xss-warnings --edge-skip-compat-layer-relaunch --disable-infobars --disable-search-engine-choice-screen --disable-sync --enable-unsafe-swiftshader --headless --hide-scrollbars --mute-audio --blink-settings=primaryHoverType=2,availableHoverTypes=2,primaryPointerType=4,availablePointerTypes=4 --no-sandbox --user-data-dir=/tmp/playwright_chromiumdev_profile-CO9Ekx --remote-debugging-pipe --no-startup-window
    <launched> pid=21188
    [pid=21188][err] /home/user/.cache/ms-playwright/chromium-1234/chrome-linux64/chrome: error while loading shared libraries: libnspr4.so: cannot open shared object file: No such file or directory
    Call log:
      - <launching> /home/user/.cache/ms-playwright/chromium-1234/chrome-linux64/chrome --disable-field-trial-config --disable-background-networking --disable-background-timer-throttling --disable-backgrounding-occluded-windows --disable-back-forward-cache --disable-breakpad --disable-client-side-phishing-detection --disable-component-extensions-with-background-pages --disable-component-update --no-default-browser-check --disable-default-apps --disable-dev-shm-usage --disable-edgeupdater --disable-extensions --disable-features=AvoidUnnecessaryBeforeUnloadCheckSync,BoundaryEventDispatchTracksNodeRemoval,DestroyProfileOnBrowserClose,DialMediaRouteProvider,GlobalMediaControls,HttpsUpgrades,LensOverlay,MediaRouter,PaintHolding,ThirdPartyStoragePartitioning,BlockOriginHeaderModificationOnRedirect,Translate,AutoDeElevate,OptimizationHints,msForceBrowserSignIn,msEdgeUpdateLaunchServicesPreferredVersion --enable-features=CDPScreenshotNewSurface --allow-pre-commit-input --disable-hang-monitor --disable-ipc-flooding-protection --disable-popup-blocking --disable-prompt-on-repost --disable-renderer-backgrounding --disable-updater-scheduler --force-color-profile=srgb --metrics-recording-only --no-first-run --password-store=basic --use-mock-keychain --no-service-autorun --export-tagged-pdf --disable-search-engine-choice-screen --unsafely-disable-devtools-self-xss-warnings --edge-skip-compat-layer-relaunch --disable-infobars --disable-search-engine-choice-screen --disable-sync --enable-unsafe-swiftshader --headless --hide-scrollbars --mute-audio --blink-settings=primaryHoverType=2,availableHoverTypes=2,primaryPointerType=4,availablePointerTypes=4 --no-sandbox --user-data-dir=/tmp/playwright_chromiumdev_profile-CO9Ekx --remote-debugging-pipe --no-startup-window
      - <launched> pid=21188
      - [pid=21188][err] /home/user/.cache/ms-playwright/chromium-1234/chrome-linux64/chrome: error while loading shared libraries: libnspr4.so: cannot open shared object file: No such file or directory
      - [pid=21188] <gracefully close start>
      - [pid=21188] <kill>
      - [pid=21188] <will force kill>
      - [pid=21188] exception while trying to kill process: Error: kill ESRCH
      - [pid=21188] <process did exit: exitCode=127, signal=null>
      - [pid=21188] starting temporary directories cleanup
      - [pid=21188] finished temporary directories cleanup
      - [pid=21188] <gracefully close end>


    Error Context: test-results/critical-flows-bilingual-l-c12d4-ults-and-returns-to-context-chromium/error-context.md

    attachment #2: trace (application/zip) ─────────────────────────────────────────────────────────
    test-results/critical-flows-bilingual-l-c12d4-ults-and-returns-to-context-chromium/trace.zip
    Usage:

        npx playwright show-trace test-results/critical-flows-bilingual-l-c12d4-ults-and-returns-to-context-chromium/trace.zip

    ────────────────────────────────────────────────────────────────────────────────────────────────


[4/82] [chromium] › tests/e2e/critical-flows.spec.ts:232:1 › visual accessibility preferences preview immediately, persist, reset, and respect system motion
  4) [chromium] › tests/e2e/critical-flows.spec.ts:232:1 › visual accessibility preferences preview immediately, persist, reset, and respect system motion 

    Error: browserType.launch: Target page, context or browser has been closed
    Browser logs:

    <launching> /home/user/.cache/ms-playwright/chromium-1234/chrome-linux64/chrome --disable-field-trial-config --disable-background-networking --disable-background-timer-throttling --disable-backgrounding-occluded-windows --disable-back-forward-cache --disable-breakpad --disable-client-side-phishing-detection --disable-component-extensions-with-background-pages --disable-component-update --no-default-browser-check --disable-default-apps --disable-dev-shm-usage --disable-edgeupdater --disable-extensions --disable-features=AvoidUnnecessaryBeforeUnloadCheckSync,BoundaryEventDispatchTracksNodeRemoval,DestroyProfileOnBrowserClose,DialMediaRouteProvider,GlobalMediaControls,HttpsUpgrades,LensOverlay,MediaRouter,PaintHolding,ThirdPartyStoragePartitioning,BlockOriginHeaderModificationOnRedirect,Translate,AutoDeElevate,OptimizationHints,msForceBrowserSignIn,msEdgeUpdateLaunchServicesPreferredVersion --enable-features=CDPScreenshotNewSurface --allow-pre-commit-input --disable-hang-monitor --disable-ipc-flooding-protection --disable-popup-blocking --disable-prompt-on-repost --disable-renderer-backgrounding --disable-updater-scheduler --force-color-profile=srgb --metrics-recording-only --no-first-run --password-store=basic --use-mock-keychain --no-service-autorun --export-tagged-pdf --disable-search-engine-choice-screen --unsafely-disable-devtools-self-xss-warnings --edge-skip-compat-layer-relaunch --disable-infobars --disable-search-engine-choice-screen --disable-sync --enable-unsafe-swiftshader --headless --hide-scrollbars --mute-audio --blink-settings=primaryHoverType=2,availableHoverTypes=2,primaryPointerType=4,availablePointerTypes=4 --no-sandbox --user-data-dir=/tmp/playwright_chromiumdev_profile-Oo8gO3 --remote-debugging-pipe --no-startup-window
    <launched> pid=21201
    [pid=21201][err] /home/user/.cache/ms-playwright/chromium-1234/chrome-linux64/chrome: error while loading shared libraries: libnspr4.so: cannot open shared object file: No such file or directory
    Call log:
      - <launching> /home/user/.cache/ms-playwright/chromium-1234/chrome-linux64/chrome --disable-field-trial-config --disable-background-networking --disable-background-timer-throttling --disable-backgrounding-occluded-windows --disable-back-forward-cache --disable-breakpad --disable-client-side-phishing-detection --disable-component-extensions-with-background-pages --disable-component-update --no-default-browser-check --disable-default-apps --disable-dev-shm-usage --disable-edgeupdater --disable-extensions --disable-features=AvoidUnnecessaryBeforeUnloadCheckSync,BoundaryEventDispatchTracksNodeRemoval,DestroyProfileOnBrowserClose,DialMediaRouteProvider,GlobalMediaControls,HttpsUpgrades,LensOverlay,MediaRouter,PaintHolding,ThirdPartyStoragePartitioning,BlockOriginHeaderModificationOnRedirect,Translate,AutoDeElevate,OptimizationHints,msForceBrowserSignIn,msEdgeUpdateLaunchServicesPreferredVersion --enable-features=CDPScreenshotNewSurface --allow-pre-commit-input --disable-hang-monitor --disable-ipc-flooding-protection --disable-popup-blocking --disable-prompt-on-repost --disable-renderer-backgrounding --disable-updater-scheduler --force-color-profile=srgb --metrics-recording-only --no-first-run --password-store=basic --use-mock-keychain --no-service-autorun --export-tagged-pdf --disable-search-engine-choice-screen --unsafely-disable-devtools-self-xss-warnings --edge-skip-compat-layer-relaunch --disable-infobars --disable-search-engine-choice-screen --disable-sync --enable-unsafe-swiftshader --headless --hide-scrollbars --mute-audio --blink-settings=primaryHoverType=2,availableHoverTypes=2,primaryPointerType=4,availablePointerTypes=4 --no-sandbox --user-data-dir=/tmp/playwright_chromiumdev_profile-Oo8gO3 --remote-debugging-pipe --no-startup-window
      - <launched> pid=21201
      - [pid=21201][err] /home/user/.cache/ms-playwright/chromium-1234/chrome-linux64/chrome: error while loading shared libraries: libnspr4.so: cannot open shared object file: No such file or directory
      - [pid=21201] <gracefully close start>
      - [pid=21201] <kill>
      - [pid=21201] <will force kill>
      - [pid=21201] exception while trying to kill process: Error: kill ESRCH
      - [pid=21201] <process did exit: exitCode=127, signal=null>
      - [pid=21201] starting temporary directories cleanup
      - [pid=21201] finished temporary directories cleanup
      - [pid=21201] <gracefully close end>


    Error Context: test-results/critical-flows-visual-acce-04b5b-t-and-respect-system-motion-chromium/error-context.md

    attachment #2: trace (application/zip) ─────────────────────────────────────────────────────────
    test-results/critical-flows-visual-acce-04b5b-t-and-respect-system-motion-chromium/trace.zip
    Usage:

        npx playwright show-trace test-results/critical-flows-visual-acce-04b5b-t-and-respect-system-motion-chromium/trace.zip

    ────────────────────────────────────────────────────────────────────────────────────────────────


[5/82] [chromium] › tests/e2e/critical-flows.spec.ts:308:1 › P0 exam readiness stays provider-scoped and exposes weak modules instead of one average
  5) [chromium] › tests/e2e/critical-flows.spec.ts:308:1 › P0 exam readiness stays provider-scoped and exposes weak modules instead of one average 

    Error: browserType.launch: Target page, context or browser has been closed
    Browser logs:

    <launching> /home/user/.cache/ms-playwright/chromium-1234/chrome-linux64/chrome --disable-field-trial-config --disable-background-networking --disable-background-timer-throttling --disable-backgrounding-occluded-windows --disable-back-forward-cache --disable-breakpad --disable-client-side-phishing-detection --disable-component-extensions-with-background-pages --disable-component-update --no-default-browser-check --disable-default-apps --disable-dev-shm-usage --disable-edgeupdater --disable-extensions --disable-features=AvoidUnnecessaryBeforeUnloadCheckSync,BoundaryEventDispatchTracksNodeRemoval,DestroyProfileOnBrowserClose,DialMediaRouteProvider,GlobalMediaControls,HttpsUpgrades,LensOverlay,MediaRouter,PaintHolding,ThirdPartyStoragePartitioning,BlockOriginHeaderModificationOnRedirect,Translate,AutoDeElevate,OptimizationHints,msForceBrowserSignIn,msEdgeUpdateLaunchServicesPreferredVersion --enable-features=CDPScreenshotNewSurface --allow-pre-commit-input --disable-hang-monitor --disable-ipc-flooding-protection --disable-popup-blocking --disable-prompt-on-repost --disable-renderer-backgrounding --disable-updater-scheduler --force-color-profile=srgb --metrics-recording-only --no-first-run --password-store=basic --use-mock-keychain --no-service-autorun --export-tagged-pdf --disable-search-engine-choice-screen --unsafely-disable-devtools-self-xss-warnings --edge-skip-compat-layer-relaunch --disable-infobars --disable-search-engine-choice-screen --disable-sync --enable-unsafe-swiftshader --headless --hide-scrollbars --mute-audio --blink-settings=primaryHoverType=2,availableHoverTypes=2,primaryPointerType=4,availablePointerTypes=4 --no-sandbox --user-data-dir=/tmp/playwright_chromiumdev_profile-F2vRir --remote-debugging-pipe --no-startup-window
    <launched> pid=21214
    [pid=21214][err] /home/user/.cache/ms-playwright/chromium-1234/chrome-linux64/chrome: error while loading shared libraries: libnspr4.so: cannot open shared object file: No such file or directory
    Call log:
      - <launching> /home/user/.cache/ms-playwright/chromium-1234/chrome-linux64/chrome --disable-field-trial-config --disable-background-networking --disable-background-timer-throttling --disable-backgrounding-occluded-windows --disable-back-forward-cache --disable-breakpad --disable-client-side-phishing-detection --disable-component-extensions-with-background-pages --disable-component-update --no-default-browser-check --disable-default-apps --disable-dev-shm-usage --disable-edgeupdater --disable-extensions --disable-features=AvoidUnnecessaryBeforeUnloadCheckSync,BoundaryEventDispatchTracksNodeRemoval,DestroyProfileOnBrowserClose,DialMediaRouteProvider,GlobalMediaControls,HttpsUpgrades,LensOverlay,MediaRouter,PaintHolding,ThirdPartyStoragePartitioning,BlockOriginHeaderModificationOnRedirect,Translate,AutoDeElevate,OptimizationHints,msForceBrowserSignIn,msEdgeUpdateLaunchServicesPreferredVersion --enable-features=CDPScreenshotNewSurface --allow-pre-commit-input --disable-hang-monitor --disable-ipc-flooding-protection --disable-popup-blocking --disable-prompt-on-repost --disable-renderer-backgrounding --disable-updater-scheduler --force-color-profile=srgb --metrics-recording-only --no-first-run --password-store=basic --use-mock-keychain --no-service-autorun --export-tagged-pdf --disable-search-engine-choice-screen --unsafely-disable-devtools-self-xss-warnings --edge-skip-compat-layer-relaunch --disable-infobars --disable-search-engine-choice-screen --disable-sync --enable-unsafe-swiftshader --headless --hide-scrollbars --mute-audio --blink-settings=primaryHoverType=2,availableHoverTypes=2,primaryPointerType=4,availablePointerTypes=4 --no-sandbox --user-data-dir=/tmp/playwright_chromiumdev_profile-F2vRir --remote-debugging-pipe --no-startup-window
      - <launched> pid=21214
      - [pid=21214][err] /home/user/.cache/ms-playwright/chromium-1234/chrome-linux64/chrome: error while loading shared libraries: libnspr4.so: cannot open shared object file: No such file or directory
      - [pid=21214] <gracefully close start>
      - [pid=21214] <kill>
      - [pid=21214] <will force kill>
      - [pid=21214] exception while trying to kill process: Error: kill ESRCH
      - [pid=21214] <process did exit: exitCode=127, signal=null>
      - [pid=21214] starting temporary directories cleanup
      - [pid=21214] finished temporary directories cleanup
      - [pid=21214] <gracefully close end>


    Error Context: test-results/critical-flows-P0-exam-rea-7eb37-ules-instead-of-one-average-chromium/error-context.md

    attachment #2: trace (application/zip) ─────────────────────────────────────────────────────────
    test-results/critical-flows-P0-exam-rea-7eb37-ules-instead-of-one-average-chromium/trace.zip
    Usage:

        npx playwright show-trace test-results/critical-flows-P0-exam-rea-7eb37-ules-instead-of-one-average-chromium/trace.zip

    ────────────────────────────────────────────────────────────────────────────────────────────────


[6/82] [chromium] › tests/e2e/critical-flows.spec.ts:354:1 › P0 onboarding captures goals and an explicit device-check skip locally
  6) [chromium] › tests/e2e/critical-flows.spec.ts:354:1 › P0 onboarding captures goals and an explicit device-check skip locally 

    Error: browserType.launch: Target page, context or browser has been closed
    Browser logs:

    <launching> /home/user/.cache/ms-playwright/chromium-1234/chrome-linux64/chrome --disable-field-trial-config --disable-background-networking --disable-background-timer-throttling --disable-backgrounding-occluded-windows --disable-back-forward-cache --disable-breakpad --disable-client-side-phishing-detection --disable-component-extensions-with-background-pages --disable-component-update --no-default-browser-check --disable-default-apps --disable-dev-shm-usage --disable-edgeupdater --disable-extensions --disable-features=AvoidUnnecessaryBeforeUnloadCheckSync,BoundaryEventDispatchTracksNodeRemoval,DestroyProfileOnBrowserClose,DialMediaRouteProvider,GlobalMediaControls,HttpsUpgrades,LensOverlay,MediaRouter,PaintHolding,ThirdPartyStoragePartitioning,BlockOriginHeaderModificationOnRedirect,Translate,AutoDeElevate,OptimizationHints,msForceBrowserSignIn,msEdgeUpdateLaunchServicesPreferredVersion --enable-features=CDPScreenshotNewSurface --allow-pre-commit-input --disable-hang-monitor --disable-ipc-flooding-protection --disable-popup-blocking --disable-prompt-on-repost --disable-renderer-backgrounding --disable-updater-scheduler --force-color-profile=srgb --metrics-recording-only --no-first-run --password-store=basic --use-mock-keychain --no-service-autorun --export-tagged-pdf --disable-search-engine-choice-screen --unsafely-disable-devtools-self-xss-warnings --edge-skip-compat-layer-relaunch --disable-infobars --disable-search-engine-choice-screen --disable-sync --enable-unsafe-swiftshader --headless --hide-scrollbars --mute-audio --blink-settings=primaryHoverType=2,availableHoverTypes=2,primaryPointerType=4,availablePointerTypes=4 --no-sandbox --user-data-dir=/tmp/playwright_chromiumdev_profile-7fXN3K --remote-debugging-pipe --no-startup-window
    <launched> pid=21233
    [pid=21233][err] /home/user/.cache/ms-playwright/chromium-1234/chrome-linux64/chrome: error while loading shared libraries: libnspr4.so: cannot open shared object file: No such file or directory
    Call log:
      - <launching> /home/user/.cache/ms-playwright/chromium-1234/chrome-linux64/chrome --disable-field-trial-config --disable-background-networking --disable-background-timer-throttling --disable-backgrounding-occluded-windows --disable-back-forward-cache --disable-breakpad --disable-client-side-phishing-detection --disable-component-extensions-with-background-pages --disable-component-update --no-default-browser-check --disable-default-apps --disable-dev-shm-usage --disable-edgeupdater --disable-extensions --disable-features=AvoidUnnecessaryBeforeUnloadCheckSync,BoundaryEventDispatchTracksNodeRemoval,DestroyProfileOnBrowserClose,DialMediaRouteProvider,GlobalMediaControls,HttpsUpgrades,LensOverlay,MediaRouter,PaintHolding,ThirdPartyStoragePartitioning,BlockOriginHeaderModificationOnRedirect,Translate,AutoDeElevate,OptimizationHints,msForceBrowserSignIn,msEdgeUpdateLaunchServicesPreferredVersion --enable-features=CDPScreenshotNewSurface --allow-pre-commit-input --disable-hang-monitor --disable-ipc-flooding-protection --disable-popup-blocking --disable-prompt-on-repost --disable-renderer-backgrounding --disable-updater-scheduler --force-color-profile=srgb --metrics-recording-only --no-first-run --password-store=basic --use-mock-keychain --no-service-autorun --export-tagged-pdf --disable-search-engine-choice-screen --unsafely-disable-devtools-self-xss-warnings --edge-skip-compat-layer-relaunch --disable-infobars --disable-search-engine-choice-screen --disable-sync --enable-unsafe-swiftshader --headless --hide-scrollbars --mute-audio --blink-settings=primaryHoverType=2,availableHoverTypes=2,primaryPointerType=4,availablePointerTypes=4 --no-sandbox --user-data-dir=/tmp/playwright_chromiumdev_profile-7fXN3K --remote-debugging-pipe --no-startup-window
      - <launched> pid=21233
      - [pid=21233][err] /home/user/.cache/ms-playwright/chromium-1234/chrome-linux64/chrome: error while loading shared libraries: libnspr4.so: cannot open shared object file: No such file or directory
      - [pid=21233] <gracefully close start>
      - [pid=21233] <kill>
      - [pid=21233] <will force kill>
      - [pid=21233] exception while trying to kill process: Error: kill ESRCH
      - [pid=21233] <process did exit: exitCode=127, signal=null>
      - [pid=21233] starting temporary directories cleanup
      - [pid=21233] finished temporary directories cleanup
      - [pid=21233] <gracefully close end>


    Error Context: test-results/critical-flows-P0-onboardi-2e033-t-device-check-skip-locally-chromium/error-context.md

    attachment #2: trace (application/zip) ─────────────────────────────────────────────────────────
    test-results/critical-flows-P0-onboardi-2e033-t-device-check-skip-locally-chromium/trace.zip
    Usage:

        npx playwright show-trace test-results/critical-flows-P0-onboardi-2e033-t-device-check-skip-locally-chromium/trace.zip

    ────────────────────────────────────────────────────────────────────────────────────────────────


[7/82] [chromium] › tests/e2e/critical-flows.spec.ts:400:1 › an absolute beginner starts A1 step by step and never receives an isolated writing demand
  7) [chromium] › tests/e2e/critical-flows.spec.ts:400:1 › an absolute beginner starts A1 step by step and never receives an isolated writing demand 

    Error: browserType.launch: Target page, context or browser has been closed
    Browser logs:

    <launching> /home/user/.cache/ms-playwright/chromium-1234/chrome-linux64/chrome --disable-field-trial-config --disable-background-networking --disable-background-timer-throttling --disable-backgrounding-occluded-windows --disable-back-forward-cache --disable-breakpad --disable-client-side-phishing-detection --disable-component-extensions-with-background-pages --disable-component-update --no-default-browser-check --disable-default-apps --disable-dev-shm-usage --disable-edgeupdater --disable-extensions --disable-features=AvoidUnnecessaryBeforeUnloadCheckSync,BoundaryEventDispatchTracksNodeRemoval,DestroyProfileOnBrowserClose,DialMediaRouteProvider,GlobalMediaControls,HttpsUpgrades,LensOverlay,MediaRouter,PaintHolding,ThirdPartyStoragePartitioning,BlockOriginHeaderModificationOnRedirect,Translate,AutoDeElevate,OptimizationHints,msForceBrowserSignIn,msEdgeUpdateLaunchServicesPreferredVersion --enable-features=CDPScreenshotNewSurface --allow-pre-commit-input --disable-hang-monitor --disable-ipc-flooding-protection --disable-popup-blocking --disable-prompt-on-repost --disable-renderer-backgrounding --disable-updater-scheduler --force-color-profile=srgb --metrics-recording-only --no-first-run --password-store=basic --use-mock-keychain --no-service-autorun --export-tagged-pdf --disable-search-engine-choice-screen --unsafely-disable-devtools-self-xss-warnings --edge-skip-compat-layer-relaunch --disable-infobars --disable-search-engine-choice-screen --disable-sync --enable-unsafe-swiftshader --headless --hide-scrollbars --mute-audio --blink-settings=primaryHoverType=2,availableHoverTypes=2,primaryPointerType=4,availablePointerTypes=4 --no-sandbox --user-data-dir=/tmp/playwright_chromiumdev_profile-JaPq8H --remote-debugging-pipe --no-startup-window
    <launched> pid=21246
    [pid=21246][err] /home/user/.cache/ms-playwright/chromium-1234/chrome-linux64/chrome: error while loading shared libraries: libnspr4.so: cannot open shared object file: No such file or directory
    Call log:
      - <launching> /home/user/.cache/ms-playwright/chromium-1234/chrome-linux64/chrome --disable-field-trial-config --disable-background-networking --disable-background-timer-throttling --disable-backgrounding-occluded-windows --disable-back-forward-cache --disable-breakpad --disable-client-side-phishing-detection --disable-component-extensions-with-background-pages --disable-component-update --no-default-browser-check --disable-default-apps --disable-dev-shm-usage --disable-edgeupdater --disable-extensions --disable-features=AvoidUnnecessaryBeforeUnloadCheckSync,BoundaryEventDispatchTracksNodeRemoval,DestroyProfileOnBrowserClose,DialMediaRouteProvider,GlobalMediaControls,HttpsUpgrades,LensOverlay,MediaRouter,PaintHolding,ThirdPartyStoragePartitioning,BlockOriginHeaderModificationOnRedirect,Translate,AutoDeElevate,OptimizationHints,msForceBrowserSignIn,msEdgeUpdateLaunchServicesPreferredVersion --enable-features=CDPScreenshotNewSurface --allow-pre-commit-input --disable-hang-monitor --disable-ipc-flooding-protection --disable-popup-blocking --disable-prompt-on-repost --disable-renderer-backgrounding --disable-updater-scheduler --force-color-profile=srgb --metrics-recording-only --no-first-run --password-store=basic --use-mock-keychain --no-service-autorun --export-tagged-pdf --disable-search-engine-choice-screen --unsafely-disable-devtools-self-xss-warnings --edge-skip-compat-layer-relaunch --disable-infobars --disable-search-engine-choice-screen --disable-sync --enable-unsafe-swiftshader --headless --hide-scrollbars --mute-audio --blink-settings=primaryHoverType=2,availableHoverTypes=2,primaryPointerType=4,availablePointerTypes=4 --no-sandbox --user-data-dir=/tmp/playwright_chromiumdev_profile-JaPq8H --remote-debugging-pipe --no-startup-window
      - <launched> pid=21246
      - [pid=21246][err] /home/user/.cache/ms-playwright/chromium-1234/chrome-linux64/chrome: error while loading shared libraries: libnspr4.so: cannot open shared object file: No such file or directory
      - [pid=21246] <gracefully close start>
      - [pid=21246] <kill>
      - [pid=21246] <will force kill>
      - [pid=21246] exception while trying to kill process: Error: kill ESRCH
      - [pid=21246] <process did exit: exitCode=127, signal=null>
      - [pid=21246] starting temporary directories cleanup
      - [pid=21246] finished temporary directories cleanup
      - [pid=21246] <gracefully close end>


    Error Context: test-results/critical-flows-an-absolute-f17ee--an-isolated-writing-demand-chromium/error-context.md

    attachment #2: trace (application/zip) ─────────────────────────────────────────────────────────
    test-results/critical-flows-an-absolute-f17ee--an-isolated-writing-demand-chromium/trace.zip
    Usage:

        npx playwright show-trace test-results/critical-flows-an-absolute-f17ee--an-isolated-writing-demand-chromium/trace.zip

    ────────────────────────────────────────────────────────────────────────────────────────────────


[8/82] [chromium] › tests/e2e/critical-flows.spec.ts:425:1 › P0 adaptive diagnostic stops at a clear boundary and stores four skill scores
  8) [chromium] › tests/e2e/critical-flows.spec.ts:425:1 › P0 adaptive diagnostic stops at a clear boundary and stores four skill scores 

    Error: browserType.launch: Target page, context or browser has been closed
    Browser logs:

    <launching> /home/user/.cache/ms-playwright/chromium-1234/chrome-linux64/chrome --disable-field-trial-config --disable-background-networking --disable-background-timer-throttling --disable-backgrounding-occluded-windows --disable-back-forward-cache --disable-breakpad --disable-client-side-phishing-detection --disable-component-extensions-with-background-pages --disable-component-update --no-default-browser-check --disable-default-apps --disable-dev-shm-usage --disable-edgeupdater --disable-extensions --disable-features=AvoidUnnecessaryBeforeUnloadCheckSync,BoundaryEventDispatchTracksNodeRemoval,DestroyProfileOnBrowserClose,DialMediaRouteProvider,GlobalMediaControls,HttpsUpgrades,LensOverlay,MediaRouter,PaintHolding,ThirdPartyStoragePartitioning,BlockOriginHeaderModificationOnRedirect,Translate,AutoDeElevate,OptimizationHints,msForceBrowserSignIn,msEdgeUpdateLaunchServicesPreferredVersion --enable-features=CDPScreenshotNewSurface --allow-pre-commit-input --disable-hang-monitor --disable-ipc-flooding-protection --disable-popup-blocking --disable-prompt-on-repost --disable-renderer-backgrounding --disable-updater-scheduler --force-color-profile=srgb --metrics-recording-only --no-first-run --password-store=basic --use-mock-keychain --no-service-autorun --export-tagged-pdf --disable-search-engine-choice-screen --unsafely-disable-devtools-self-xss-warnings --edge-skip-compat-layer-relaunch --disable-infobars --disable-search-engine-choice-screen --disable-sync --enable-unsafe-swiftshader --headless --hide-scrollbars --mute-audio --blink-settings=primaryHoverType=2,availableHoverTypes=2,primaryPointerType=4,availablePointerTypes=4 --no-sandbox --user-data-dir=/tmp/playwright_chromiumdev_profile-KnRxvt --remote-debugging-pipe --no-startup-window
    <launched> pid=21259
    [pid=21259][err] /home/user/.cache/ms-playwright/chromium-1234/chrome-linux64/chrome: error while loading shared libraries: libnspr4.so: cannot open shared object file: No such file or directory
    Call log:
      - <launching> /home/user/.cache/ms-playwright/chromium-1234/chrome-linux64/chrome --disable-field-trial-config --disable-background-networking --disable-background-timer-throttling --disable-backgrounding-occluded-windows --disable-back-forward-cache --disable-breakpad --disable-client-side-phishing-detection --disable-component-extensions-with-background-pages --disable-component-update --no-default-browser-check --disable-default-apps --disable-dev-shm-usage --disable-edgeupdater --disable-extensions --disable-features=AvoidUnnecessaryBeforeUnloadCheckSync,BoundaryEventDispatchTracksNodeRemoval,DestroyProfileOnBrowserClose,DialMediaRouteProvider,GlobalMediaControls,HttpsUpgrades,LensOverlay,MediaRouter,PaintHolding,ThirdPartyStoragePartitioning,BlockOriginHeaderModificationOnRedirect,Translate,AutoDeElevate,OptimizationHints,msForceBrowserSignIn,msEdgeUpdateLaunchServicesPreferredVersion --enable-features=CDPScreenshotNewSurface --allow-pre-commit-input --disable-hang-monitor --disable-ipc-flooding-protection --disable-popup-blocking --disable-prompt-on-repost --disable-renderer-backgrounding --disable-updater-scheduler --force-color-profile=srgb --metrics-recording-only --no-first-run --password-store=basic --use-mock-keychain --no-service-autorun --export-tagged-pdf --disable-search-engine-choice-screen --unsafely-disable-devtools-self-xss-warnings --edge-skip-compat-layer-relaunch --disable-infobars --disable-search-engine-choice-screen --disable-sync --enable-unsafe-swiftshader --headless --hide-scrollbars --mute-audio --blink-settings=primaryHoverType=2,availableHoverTypes=2,primaryPointerType=4,availablePointerTypes=4 --no-sandbox --user-data-dir=/tmp/playwright_chromiumdev_profile-KnRxvt --remote-debugging-pipe --no-startup-window
      - <launched> pid=21259
      - [pid=21259][err] /home/user/.cache/ms-playwright/chromium-1234/chrome-linux64/chrome: error while loading shared libraries: libnspr4.so: cannot open shared object file: No such file or directory
      - [pid=21259] <gracefully close start>
      - [pid=21259] <kill>
      - [pid=21259] <will force kill>
      - [pid=21259] exception while trying to kill process: Error: kill ESRCH
      - [pid=21259] <process did exit: exitCode=127, signal=null>
      - [pid=21259] starting temporary directories cleanup
      - [pid=21259] finished temporary directories cleanup
      - [pid=21259] <gracefully close end>


    Error Context: test-results/critical-flows-P0-adaptive-03817-nd-stores-four-skill-scores-chromium/error-context.md

    attachment #2: trace (application/zip) ─────────────────────────────────────────────────────────
    test-results/critical-flows-P0-adaptive-03817-nd-stores-four-skill-scores-chromium/trace.zip
    Usage:

        npx playwright show-trace test-results/critical-flows-P0-adaptive-03817-nd-stores-four-skill-scores-chromium/trace.zip

    ────────────────────────────────────────────────────────────────────────────────────────────────


[9/82] [chromium] › tests/e2e/critical-flows.spec.ts:464:1 › P0 tutor requires per-send consent, validates structured JSON, and deletes its local trace
  9) [chromium] › tests/e2e/critical-flows.spec.ts:464:1 › P0 tutor requires per-send consent, validates structured JSON, and deletes its local trace 

    Error: browserType.launch: Target page, context or browser has been closed
    Browser logs:

    <launching> /home/user/.cache/ms-playwright/chromium-1234/chrome-linux64/chrome --disable-field-trial-config --disable-background-networking --disable-background-timer-throttling --disable-backgrounding-occluded-windows --disable-back-forward-cache --disable-breakpad --disable-client-side-phishing-detection --disable-component-extensions-with-background-pages --disable-component-update --no-default-browser-check --disable-default-apps --disable-dev-shm-usage --disable-edgeupdater --disable-extensions --disable-features=AvoidUnnecessaryBeforeUnloadCheckSync,BoundaryEventDispatchTracksNodeRemoval,DestroyProfileOnBrowserClose,DialMediaRouteProvider,GlobalMediaControls,HttpsUpgrades,LensOverlay,MediaRouter,PaintHolding,ThirdPartyStoragePartitioning,BlockOriginHeaderModificationOnRedirect,Translate,AutoDeElevate,OptimizationHints,msForceBrowserSignIn,msEdgeUpdateLaunchServicesPreferredVersion --enable-features=CDPScreenshotNewSurface --allow-pre-commit-input --disable-hang-monitor --disable-ipc-flooding-protection --disable-popup-blocking --disable-prompt-on-repost --disable-renderer-backgrounding --disable-updater-scheduler --force-color-profile=srgb --metrics-recording-only --no-first-run --password-store=basic --use-mock-keychain --no-service-autorun --export-tagged-pdf --disable-search-engine-choice-screen --unsafely-disable-devtools-self-xss-warnings --edge-skip-compat-layer-relaunch --disable-infobars --disable-search-engine-choice-screen --disable-sync --enable-unsafe-swiftshader --headless --hide-scrollbars --mute-audio --blink-settings=primaryHoverType=2,availableHoverTypes=2,primaryPointerType=4,availablePointerTypes=4 --no-sandbox --user-data-dir=/tmp/playwright_chromiumdev_profile-gCz2M8 --remote-debugging-pipe --no-startup-window
    <launched> pid=21272
    [pid=21272][err] /home/user/.cache/ms-playwright/chromium-1234/chrome-linux64/chrome: error while loading shared libraries: libnspr4.so: cannot open shared object file: No such file or directory
    Call log:
      - <launching> /home/user/.cache/ms-playwright/chromium-1234/chrome-linux64/chrome --disable-field-trial-config --disable-background-networking --disable-background-timer-throttling --disable-backgrounding-occluded-windows --disable-back-forward-cache --disable-breakpad --disable-client-side-phishing-detection --disable-component-extensions-with-background-pages --disable-component-update --no-default-browser-check --disable-default-apps --disable-dev-shm-usage --disable-edgeupdater --disable-extensions --disable-features=AvoidUnnecessaryBeforeUnloadCheckSync,BoundaryEventDispatchTracksNodeRemoval,DestroyProfileOnBrowserClose,DialMediaRouteProvider,GlobalMediaControls,HttpsUpgrades,LensOverlay,MediaRouter,PaintHolding,ThirdPartyStoragePartitioning,BlockOriginHeaderModificationOnRedirect,Translate,AutoDeElevate,OptimizationHints,msForceBrowserSignIn,msEdgeUpdateLaunchServicesPreferredVersion --enable-features=CDPScreenshotNewSurface --allow-pre-commit-input --disable-hang-monitor --disable-ipc-flooding-protection --disable-popup-blocking --disable-prompt-on-repost --disable-renderer-backgrounding --disable-updater-scheduler --force-color-profile=srgb --metrics-recording-only --no-first-run --password-store=basic --use-mock-keychain --no-service-autorun --export-tagged-pdf --disable-search-engine-choice-screen --unsafely-disable-devtools-self-xss-warnings --edge-skip-compat-layer-relaunch --disable-infobars --disable-search-engine-choice-screen --disable-sync --enable-unsafe-swiftshader --headless --hide-scrollbars --mute-audio --blink-settings=primaryHoverType=2,availableHoverTypes=2,primaryPointerType=4,availablePointerTypes=4 --no-sandbox --user-data-dir=/tmp/playwright_chromiumdev_profile-gCz2M8 --remote-debugging-pipe --no-startup-window
      - <launched> pid=21272
      - [pid=21272][err] /home/user/.cache/ms-playwright/chromium-1234/chrome-linux64/chrome: error while loading shared libraries: libnspr4.so: cannot open shared object file: No such file or directory
      - [pid=21272] <gracefully close start>
      - [pid=21272] <kill>
      - [pid=21272] <will force kill>
      - [pid=21272] exception while trying to kill process: Error: kill ESRCH
      - [pid=21272] <process did exit: exitCode=127, signal=null>
      - [pid=21272] starting temporary directories cleanup
      - [pid=21272] finished temporary directories cleanup
      - [pid=21272] <gracefully close end>


    Error Context: test-results/critical-flows-P0-tutor-re-ebc3a-and-deletes-its-local-trace-chromium/error-context.md

    attachment #2: trace (application/zip) ─────────────────────────────────────────────────────────
    test-results/critical-flows-P0-tutor-re-ebc3a-and-deletes-its-local-trace-chromium/trace.zip
    Usage:

        npx playwright show-trace test-results/critical-flows-P0-tutor-re-ebc3a-and-deletes-its-local-trace-chromium/trace.zip

    ────────────────────────────────────────────────────────────────────────────────────────────────


[10/82] [chromium] › tests/e2e/critical-flows.spec.ts:608:1 › optional AI 429 falls back locally once and retry requires fresh consent
  10) [chromium] › tests/e2e/critical-flows.spec.ts:608:1 › optional AI 429 falls back locally once and retry requires fresh consent 

    Error: browserType.launch: Target page, context or browser has been closed
    Browser logs:

    <launching> /home/user/.cache/ms-playwright/chromium-1234/chrome-linux64/chrome --disable-field-trial-config --disable-background-networking --disable-background-timer-throttling --disable-backgrounding-occluded-windows --disable-back-forward-cache --disable-breakpad --disable-client-side-phishing-detection --disable-component-extensions-with-background-pages --disable-component-update --no-default-browser-check --disable-default-apps --disable-dev-shm-usage --disable-edgeupdater --disable-extensions --disable-features=AvoidUnnecessaryBeforeUnloadCheckSync,BoundaryEventDispatchTracksNodeRemoval,DestroyProfileOnBrowserClose,DialMediaRouteProvider,GlobalMediaControls,HttpsUpgrades,LensOverlay,MediaRouter,PaintHolding,ThirdPartyStoragePartitioning,BlockOriginHeaderModificationOnRedirect,Translate,AutoDeElevate,OptimizationHints,msForceBrowserSignIn,msEdgeUpdateLaunchServicesPreferredVersion --enable-features=CDPScreenshotNewSurface --allow-pre-commit-input --disable-hang-monitor --disable-ipc-flooding-protection --disable-popup-blocking --disable-prompt-on-repost --disable-renderer-backgrounding --disable-updater-scheduler --force-color-profile=srgb --metrics-recording-only --no-first-run --password-store=basic --use-mock-keychain --no-service-autorun --export-tagged-pdf --disable-search-engine-choice-screen --unsafely-disable-devtools-self-xss-warnings --edge-skip-compat-layer-relaunch --disable-infobars --disable-search-engine-choice-screen --disable-sync --enable-unsafe-swiftshader --headless --hide-scrollbars --mute-audio --blink-settings=primaryHoverType=2,availableHoverTypes=2,primaryPointerType=4,availablePointerTypes=4 --no-sandbox --user-data-dir=/tmp/playwright_chromiumdev_profile-mZ3gZk --remote-debugging-pipe --no-startup-window
    <launched> pid=21290
    [pid=21290][err] /home/user/.cache/ms-playwright/chromium-1234/chrome-linux64/chrome: error while loading shared libraries: libnspr4.so: cannot open shared object file: No such file or directory
    Call log:
      - <launching> /home/user/.cache/ms-playwright/chromium-1234/chrome-linux64/chrome --disable-field-trial-config --disable-background-networking --disable-background-timer-throttling --disable-backgrounding-occluded-windows --disable-back-forward-cache --disable-breakpad --disable-client-side-phishing-detection --disable-component-extensions-with-background-pages --disable-component-update --no-default-browser-check --disable-default-apps --disable-dev-shm-usage --disable-edgeupdater --disable-extensions --disable-features=AvoidUnnecessaryBeforeUnloadCheckSync,BoundaryEventDispatchTracksNodeRemoval,DestroyProfileOnBrowserClose,DialMediaRouteProvider,GlobalMediaControls,HttpsUpgrades,LensOverlay,MediaRouter,PaintHolding,ThirdPartyStoragePartitioning,BlockOriginHeaderModificationOnRedirect,Translate,AutoDeElevate,OptimizationHints,msForceBrowserSignIn,msEdgeUpdateLaunchServicesPreferredVersion --enable-features=CDPScreenshotNewSurface --allow-pre-commit-input --disable-hang-monitor --disable-ipc-flooding-protection --disable-popup-blocking --disable-prompt-on-repost --disable-renderer-backgrounding --disable-updater-scheduler --force-color-profile=srgb --metrics-recording-only --no-first-run --password-store=basic --use-mock-keychain --no-service-autorun --export-tagged-pdf --disable-search-engine-choice-screen --unsafely-disable-devtools-self-xss-warnings --edge-skip-compat-layer-relaunch --disable-infobars --disable-search-engine-choice-screen --disable-sync --enable-unsafe-swiftshader --headless --hide-scrollbars --mute-audio --blink-settings=primaryHoverType=2,availableHoverTypes=2,primaryPointerType=4,availablePointerTypes=4 --no-sandbox --user-data-dir=/tmp/playwright_chromiumdev_profile-mZ3gZk --remote-debugging-pipe --no-startup-window
      - <launched> pid=21290
      - [pid=21290][err] /home/user/.cache/ms-playwright/chromium-1234/chrome-linux64/chrome: error while loading shared libraries: libnspr4.so: cannot open shared object file: No such file or directory
      - [pid=21290] <gracefully close start>
      - [pid=21290] <kill>
      - [pid=21290] <will force kill>
      - [pid=21290] exception while trying to kill process: Error: kill ESRCH
      - [pid=21290] <process did exit: exitCode=127, signal=null>
      - [pid=21290] starting temporary directories cleanup
      - [pid=21290] finished temporary directories cleanup
      - [pid=21290] <gracefully close end>


    Error Context: test-results/critical-flows-optional-AI-87639-etry-requires-fresh-consent-chromium/error-context.md

    attachment #2: trace (application/zip) ─────────────────────────────────────────────────────────
    test-results/critical-flows-optional-AI-87639-etry-requires-fresh-consent-chromium/trace.zip
    Usage:

        npx playwright show-trace test-results/critical-flows-optional-AI-87639-etry-requires-fresh-consent-chromium/trace.zip

    ────────────────────────────────────────────────────────────────────────────────────────────────


[11/82] [chromium] › tests/e2e/critical-flows.spec.ts:618:1 › P0 daily check-in rebalances load and reflection stores tomorrow's decision
  11) [chromium] › tests/e2e/critical-flows.spec.ts:618:1 › P0 daily check-in rebalances load and reflection stores tomorrow's decision 

    Error: browserType.launch: Target page, context or browser has been closed
    Browser logs:

    <launching> /home/user/.cache/ms-playwright/chromium-1234/chrome-linux64/chrome --disable-field-trial-config --disable-background-networking --disable-background-timer-throttling --disable-backgrounding-occluded-windows --disable-back-forward-cache --disable-breakpad --disable-client-side-phishing-detection --disable-component-extensions-with-background-pages --disable-component-update --no-default-browser-check --disable-default-apps --disable-dev-shm-usage --disable-edgeupdater --disable-extensions --disable-features=AvoidUnnecessaryBeforeUnloadCheckSync,BoundaryEventDispatchTracksNodeRemoval,DestroyProfileOnBrowserClose,DialMediaRouteProvider,GlobalMediaControls,HttpsUpgrades,LensOverlay,MediaRouter,PaintHolding,ThirdPartyStoragePartitioning,BlockOriginHeaderModificationOnRedirect,Translate,AutoDeElevate,OptimizationHints,msForceBrowserSignIn,msEdgeUpdateLaunchServicesPreferredVersion --enable-features=CDPScreenshotNewSurface --allow-pre-commit-input --disable-hang-monitor --disable-ipc-flooding-protection --disable-popup-blocking --disable-prompt-on-repost --disable-renderer-backgrounding --disable-updater-scheduler --force-color-profile=srgb --metrics-recording-only --no-first-run --password-store=basic --use-mock-keychain --no-service-autorun --export-tagged-pdf --disable-search-engine-choice-screen --unsafely-disable-devtools-self-xss-warnings --edge-skip-compat-layer-relaunch --disable-infobars --disable-search-engine-choice-screen --disable-sync --enable-unsafe-swiftshader --headless --hide-scrollbars --mute-audio --blink-settings=primaryHoverType=2,availableHoverTypes=2,primaryPointerType=4,availablePointerTypes=4 --no-sandbox --user-data-dir=/tmp/playwright_chromiumdev_profile-pYYDpn --remote-debugging-pipe --no-startup-window
    <launched> pid=21303
    [pid=21303][err] /home/user/.cache/ms-playwright/chromium-1234/chrome-linux64/chrome: error while loading shared libraries: libnspr4.so: cannot open shared object file: No such file or directory
    Call log:
      - <launching> /home/user/.cache/ms-playwright/chromium-1234/chrome-linux64/chrome --disable-field-trial-config --disable-background-networking --disable-background-timer-throttling --disable-backgrounding-occluded-windows --disable-back-forward-cache --disable-breakpad --disable-client-side-phishing-detection --disable-component-extensions-with-background-pages --disable-component-update --no-default-browser-check --disable-default-apps --disable-dev-shm-usage --disable-edgeupdater --disable-extensions --disable-features=AvoidUnnecessaryBeforeUnloadCheckSync,BoundaryEventDispatchTracksNodeRemoval,DestroyProfileOnBrowserClose,DialMediaRouteProvider,GlobalMediaControls,HttpsUpgrades,LensOverlay,MediaRouter,PaintHolding,ThirdPartyStoragePartitioning,BlockOriginHeaderModificationOnRedirect,Translate,AutoDeElevate,OptimizationHints,msForceBrowserSignIn,msEdgeUpdateLaunchServicesPreferredVersion --enable-features=CDPScreenshotNewSurface --allow-pre-commit-input --disable-hang-monitor --disable-ipc-flooding-protection --disable-popup-blocking --disable-prompt-on-repost --disable-renderer-backgrounding --disable-updater-scheduler --force-color-profile=srgb --metrics-recording-only --no-first-run --password-store=basic --use-mock-keychain --no-service-autorun --export-tagged-pdf --disable-search-engine-choice-screen --unsafely-disable-devtools-self-xss-warnings --edge-skip-compat-layer-relaunch --disable-infobars --disable-search-engine-choice-screen --disable-sync --enable-unsafe-swiftshader --headless --hide-scrollbars --mute-audio --blink-settings=primaryHoverType=2,availableHoverTypes=2,primaryPointerType=4,availablePointerTypes=4 --no-sandbox --user-data-dir=/tmp/playwright_chromiumdev_profile-pYYDpn --remote-debugging-pipe --no-startup-window
      - <launched> pid=21303
      - [pid=21303][err] /home/user/.cache/ms-playwright/chromium-1234/chrome-linux64/chrome: error while loading shared libraries: libnspr4.so: cannot open shared object file: No such file or directory
      - [pid=21303] <gracefully close start>
      - [pid=21303] <kill>
      - [pid=21303] <will force kill>
      - [pid=21303] exception while trying to kill process: Error: kill ESRCH
      - [pid=21303] <process did exit: exitCode=127, signal=null>
      - [pid=21303] starting temporary directories cleanup
      - [pid=21303] finished temporary directories cleanup
      - [pid=21303] <gracefully close end>


    Error Context: test-results/critical-flows-P0-daily-ch-c7440--stores-tomorrow-s-decision-chromium/error-context.md

    attachment #2: trace (application/zip) ─────────────────────────────────────────────────────────
    test-results/critical-flows-P0-daily-ch-c7440--stores-tomorrow-s-decision-chromium/trace.zip
    Usage:

        npx playwright show-trace test-results/critical-flows-P0-daily-ch-c7440--stores-tomorrow-s-decision-chromium/trace.zip

    ────────────────────────────────────────────────────────────────────────────────────────────────


[12/82] [chromium] › tests/e2e/critical-flows.spec.ts:717:1 › P2 partial-closure guidance surfaces persist bounded local decisions
  12) [chromium] › tests/e2e/critical-flows.spec.ts:717:1 › P2 partial-closure guidance surfaces persist bounded local decisions 

    Error: browserType.launch: Target page, context or browser has been closed
    Browser logs:

    <launching> /home/user/.cache/ms-playwright/chromium-1234/chrome-linux64/chrome --disable-field-trial-config --disable-background-networking --disable-background-timer-throttling --disable-backgrounding-occluded-windows --disable-back-forward-cache --disable-breakpad --disable-client-side-phishing-detection --disable-component-extensions-with-background-pages --disable-component-update --no-default-browser-check --disable-default-apps --disable-dev-shm-usage --disable-edgeupdater --disable-extensions --disable-features=AvoidUnnecessaryBeforeUnloadCheckSync,BoundaryEventDispatchTracksNodeRemoval,DestroyProfileOnBrowserClose,DialMediaRouteProvider,GlobalMediaControls,HttpsUpgrades,LensOverlay,MediaRouter,PaintHolding,ThirdPartyStoragePartitioning,BlockOriginHeaderModificationOnRedirect,Translate,AutoDeElevate,OptimizationHints,msForceBrowserSignIn,msEdgeUpdateLaunchServicesPreferredVersion --enable-features=CDPScreenshotNewSurface --allow-pre-commit-input --disable-hang-monitor --disable-ipc-flooding-protection --disable-popup-blocking --disable-prompt-on-repost --disable-renderer-backgrounding --disable-updater-scheduler --force-color-profile=srgb --metrics-recording-only --no-first-run --password-store=basic --use-mock-keychain --no-service-autorun --export-tagged-pdf --disable-search-engine-choice-screen --unsafely-disable-devtools-self-xss-warnings --edge-skip-compat-layer-relaunch --disable-infobars --disable-search-engine-choice-screen --disable-sync --enable-unsafe-swiftshader --headless --hide-scrollbars --mute-audio --blink-settings=primaryHoverType=2,availableHoverTypes=2,primaryPointerType=4,availablePointerTypes=4 --no-sandbox --user-data-dir=/tmp/playwright_chromiumdev_profile-NOxena --remote-debugging-pipe --no-startup-window
    <launched> pid=21316
    [pid=21316][err] /home/user/.cache/ms-playwright/chromium-1234/chrome-linux64/chrome: error while loading shared libraries: libnspr4.so: cannot open shared object file: No such file or directory
    Call log:
      - <launching> /home/user/.cache/ms-playwright/chromium-1234/chrome-linux64/chrome --disable-field-trial-config --disable-background-networking --disable-background-timer-throttling --disable-backgrounding-occluded-windows --disable-back-forward-cache --disable-breakpad --disable-client-side-phishing-detection --disable-component-extensions-with-background-pages --disable-component-update --no-default-browser-check --disable-default-apps --disable-dev-shm-usage --disable-edgeupdater --disable-extensions --disable-features=AvoidUnnecessaryBeforeUnloadCheckSync,BoundaryEventDispatchTracksNodeRemoval,DestroyProfileOnBrowserClose,DialMediaRouteProvider,GlobalMediaControls,HttpsUpgrades,LensOverlay,MediaRouter,PaintHolding,ThirdPartyStoragePartitioning,BlockOriginHeaderModificationOnRedirect,Translate,AutoDeElevate,OptimizationHints,msForceBrowserSignIn,msEdgeUpdateLaunchServicesPreferredVersion --enable-features=CDPScreenshotNewSurface --allow-pre-commit-input --disable-hang-monitor --disable-ipc-flooding-protection --disable-popup-blocking --disable-prompt-on-repost --disable-renderer-backgrounding --disable-updater-scheduler --force-color-profile=srgb --metrics-recording-only --no-first-run --password-store=basic --use-mock-keychain --no-service-autorun --export-tagged-pdf --disable-search-engine-choice-screen --unsafely-disable-devtools-self-xss-warnings --edge-skip-compat-layer-relaunch --disable-infobars --disable-search-engine-choice-screen --disable-sync --enable-unsafe-swiftshader --headless --hide-scrollbars --mute-audio --blink-settings=primaryHoverType=2,availableHoverTypes=2,primaryPointerType=4,availablePointerTypes=4 --no-sandbox --user-data-dir=/tmp/playwright_chromiumdev_profile-NOxena --remote-debugging-pipe --no-startup-window
      - <launched> pid=21316
      - [pid=21316][err] /home/user/.cache/ms-playwright/chromium-1234/chrome-linux64/chrome: error while loading shared libraries: libnspr4.so: cannot open shared object file: No such file or directory
      - [pid=21316] <gracefully close start>
      - [pid=21316] <kill>
      - [pid=21316] <will force kill>
      - [pid=21316] exception while trying to kill process: Error: kill ESRCH
      - [pid=21316] <process did exit: exitCode=127, signal=null>
      - [pid=21316] starting temporary directories cleanup
      - [pid=21316] finished temporary directories cleanup
      - [pid=21316] <gracefully close end>


    Error Context: test-results/critical-flows-P2-partial--dea1f-ist-bounded-local-decisions-chromium/error-context.md

    attachment #2: trace (application/zip) ─────────────────────────────────────────────────────────
    test-results/critical-flows-P2-partial--dea1f-ist-bounded-local-decisions-chromium/trace.zip
    Usage:

        npx playwright show-trace test-results/critical-flows-P2-partial--dea1f-ist-bounded-local-decisions-chromium/trace.zip

    ────────────────────────────────────────────────────────────────────────────────────────────────


[13/82] [chromium] › tests/e2e/critical-flows.spec.ts:732:1 › P1 repeated session errors offer one learner-controlled load reduction without penalty
  13) [chromium] › tests/e2e/critical-flows.spec.ts:732:1 › P1 repeated session errors offer one learner-controlled load reduction without penalty 

    Error: browserType.launch: Target page, context or browser has been closed
    Browser logs:

    <launching> /home/user/.cache/ms-playwright/chromium-1234/chrome-linux64/chrome --disable-field-trial-config --disable-background-networking --disable-background-timer-throttling --disable-backgrounding-occluded-windows --disable-back-forward-cache --disable-breakpad --disable-client-side-phishing-detection --disable-component-extensions-with-background-pages --disable-component-update --no-default-browser-check --disable-default-apps --disable-dev-shm-usage --disable-edgeupdater --disable-extensions --disable-features=AvoidUnnecessaryBeforeUnloadCheckSync,BoundaryEventDispatchTracksNodeRemoval,DestroyProfileOnBrowserClose,DialMediaRouteProvider,GlobalMediaControls,HttpsUpgrades,LensOverlay,MediaRouter,PaintHolding,ThirdPartyStoragePartitioning,BlockOriginHeaderModificationOnRedirect,Translate,AutoDeElevate,OptimizationHints,msForceBrowserSignIn,msEdgeUpdateLaunchServicesPreferredVersion --enable-features=CDPScreenshotNewSurface --allow-pre-commit-input --disable-hang-monitor --disable-ipc-flooding-protection --disable-popup-blocking --disable-prompt-on-repost --disable-renderer-backgrounding --disable-updater-scheduler --force-color-profile=srgb --metrics-recording-only --no-first-run --password-store=basic --use-mock-keychain --no-service-autorun --export-tagged-pdf --disable-search-engine-choice-screen --unsafely-disable-devtools-self-xss-warnings --edge-skip-compat-layer-relaunch --disable-infobars --disable-search-engine-choice-screen --disable-sync --enable-unsafe-swiftshader --headless --hide-scrollbars --mute-audio --blink-settings=primaryHoverType=2,availableHoverTypes=2,primaryPointerType=4,availablePointerTypes=4 --no-sandbox --user-data-dir=/tmp/playwright_chromiumdev_profile-yqxaZm --remote-debugging-pipe --no-startup-window
    <launched> pid=21329
    [pid=21329][err] /home/user/.cache/ms-playwright/chromium-1234/chrome-linux64/chrome: error while loading shared libraries: libnspr4.so: cannot open shared object file: No such file or directory
    Call log:
      - <launching> /home/user/.cache/ms-playwright/chromium-1234/chrome-linux64/chrome --disable-field-trial-config --disable-background-networking --disable-background-timer-throttling --disable-backgrounding-occluded-windows --disable-back-forward-cache --disable-breakpad --disable-client-side-phishing-detection --disable-component-extensions-with-background-pages --disable-component-update --no-default-browser-check --disable-default-apps --disable-dev-shm-usage --disable-edgeupdater --disable-extensions --disable-features=AvoidUnnecessaryBeforeUnloadCheckSync,BoundaryEventDispatchTracksNodeRemoval,DestroyProfileOnBrowserClose,DialMediaRouteProvider,GlobalMediaControls,HttpsUpgrades,LensOverlay,MediaRouter,PaintHolding,ThirdPartyStoragePartitioning,BlockOriginHeaderModificationOnRedirect,Translate,AutoDeElevate,OptimizationHints,msForceBrowserSignIn,msEdgeUpdateLaunchServicesPreferredVersion --enable-features=CDPScreenshotNewSurface --allow-pre-commit-input --disable-hang-monitor --disable-ipc-flooding-protection --disable-popup-blocking --disable-prompt-on-repost --disable-renderer-backgrounding --disable-updater-scheduler --force-color-profile=srgb --metrics-recording-only --no-first-run --password-store=basic --use-mock-keychain --no-service-autorun --export-tagged-pdf --disable-search-engine-choice-screen --unsafely-disable-devtools-self-xss-warnings --edge-skip-compat-layer-relaunch --disable-infobars --disable-search-engine-choice-screen --disable-sync --enable-unsafe-swiftshader --headless --hide-scrollbars --mute-audio --blink-settings=primaryHoverType=2,availableHoverTypes=2,primaryPointerType=4,availablePointerTypes=4 --no-sandbox --user-data-dir=/tmp/playwright_chromiumdev_profile-yqxaZm --remote-debugging-pipe --no-startup-window
      - <launched> pid=21329
      - [pid=21329][err] /home/user/.cache/ms-playwright/chromium-1234/chrome-linux64/chrome: error while loading shared libraries: libnspr4.so: cannot open shared object file: No such file or directory
      - [pid=21329] <gracefully close start>
      - [pid=21329] <kill>
      - [pid=21329] <will force kill>
      - [pid=21329] exception while trying to kill process: Error: kill ESRCH
      - [pid=21329] <process did exit: exitCode=127, signal=null>
      - [pid=21329] starting temporary directories cleanup
      - [pid=21329] finished temporary directories cleanup
      - [pid=21329] <gracefully close end>


    Error Context: test-results/critical-flows-P1-repeated-283a2-d-reduction-without-penalty-chromium/error-context.md

    attachment #2: trace (application/zip) ─────────────────────────────────────────────────────────
    test-results/critical-flows-P1-repeated-283a2-d-reduction-without-penalty-chromium/trace.zip
    Usage:

        npx playwright show-trace test-results/critical-flows-P1-repeated-283a2-d-reduction-without-penalty-chromium/trace.zip

    ────────────────────────────────────────────────────────────────────────────────────────────────


[14/82] [chromium] › tests/e2e/critical-flows.spec.ts:740:1 › P0 clustered error clinic opens at three occurrences and stores a transfer attempt
  14) [chromium] › tests/e2e/critical-flows.spec.ts:740:1 › P0 clustered error clinic opens at three occurrences and stores a transfer attempt 

    Error: browserType.launch: Target page, context or browser has been closed
    Browser logs:

    <launching> /home/user/.cache/ms-playwright/chromium-1234/chrome-linux64/chrome --disable-field-trial-config --disable-background-networking --disable-background-timer-throttling --disable-backgrounding-occluded-windows --disable-back-forward-cache --disable-breakpad --disable-client-side-phishing-detection --disable-component-extensions-with-background-pages --disable-component-update --no-default-browser-check --disable-default-apps --disable-dev-shm-usage --disable-edgeupdater --disable-extensions --disable-features=AvoidUnnecessaryBeforeUnloadCheckSync,BoundaryEventDispatchTracksNodeRemoval,DestroyProfileOnBrowserClose,DialMediaRouteProvider,GlobalMediaControls,HttpsUpgrades,LensOverlay,MediaRouter,PaintHolding,ThirdPartyStoragePartitioning,BlockOriginHeaderModificationOnRedirect,Translate,AutoDeElevate,OptimizationHints,msForceBrowserSignIn,msEdgeUpdateLaunchServicesPreferredVersion --enable-features=CDPScreenshotNewSurface --allow-pre-commit-input --disable-hang-monitor --disable-ipc-flooding-protection --disable-popup-blocking --disable-prompt-on-repost --disable-renderer-backgrounding --disable-updater-scheduler --force-color-profile=srgb --metrics-recording-only --no-first-run --password-store=basic --use-mock-keychain --no-service-autorun --export-tagged-pdf --disable-search-engine-choice-screen --unsafely-disable-devtools-self-xss-warnings --edge-skip-compat-layer-relaunch --disable-infobars --disable-search-engine-choice-screen --disable-sync --enable-unsafe-swiftshader --headless --hide-scrollbars --mute-audio --blink-settings=primaryHoverType=2,availableHoverTypes=2,primaryPointerType=4,availablePointerTypes=4 --no-sandbox --user-data-dir=/tmp/playwright_chromiumdev_profile-r8182a --remote-debugging-pipe --no-startup-window
    <launched> pid=21342
    [pid=21342][err] /home/user/.cache/ms-playwright/chromium-1234/chrome-linux64/chrome: error while loading shared libraries: libnspr4.so: cannot open shared object file: No such file or directory
    Call log:
      - <launching> /home/user/.cache/ms-playwright/chromium-1234/chrome-linux64/chrome --disable-field-trial-config --disable-background-networking --disable-background-timer-throttling --disable-backgrounding-occluded-windows --disable-back-forward-cache --disable-breakpad --disable-client-side-phishing-detection --disable-component-extensions-with-background-pages --disable-component-update --no-default-browser-check --disable-default-apps --disable-dev-shm-usage --disable-edgeupdater --disable-extensions --disable-features=AvoidUnnecessaryBeforeUnloadCheckSync,BoundaryEventDispatchTracksNodeRemoval,DestroyProfileOnBrowserClose,DialMediaRouteProvider,GlobalMediaControls,HttpsUpgrades,LensOverlay,MediaRouter,PaintHolding,ThirdPartyStoragePartitioning,BlockOriginHeaderModificationOnRedirect,Translate,AutoDeElevate,OptimizationHints,msForceBrowserSignIn,msEdgeUpdateLaunchServicesPreferredVersion --enable-features=CDPScreenshotNewSurface --allow-pre-commit-input --disable-hang-monitor --disable-ipc-flooding-protection --disable-popup-blocking --disable-prompt-on-repost --disable-renderer-backgrounding --disable-updater-scheduler --force-color-profile=srgb --metrics-recording-only --no-first-run --password-store=basic --use-mock-keychain --no-service-autorun --export-tagged-pdf --disable-search-engine-choice-screen --unsafely-disable-devtools-self-xss-warnings --edge-skip-compat-layer-relaunch --disable-infobars --disable-search-engine-choice-screen --disable-sync --enable-unsafe-swiftshader --headless --hide-scrollbars --mute-audio --blink-settings=primaryHoverType=2,availableHoverTypes=2,primaryPointerType=4,availablePointerTypes=4 --no-sandbox --user-data-dir=/tmp/playwright_chromiumdev_profile-r8182a --remote-debugging-pipe --no-startup-window
      - <launched> pid=21342
      - [pid=21342][err] /home/user/.cache/ms-playwright/chromium-1234/chrome-linux64/chrome: error while loading shared libraries: libnspr4.so: cannot open shared object file: No such file or directory
      - [pid=21342] <gracefully close start>
      - [pid=21342] <kill>
      - [pid=21342] <will force kill>
      - [pid=21342] exception while trying to kill process: Error: kill ESRCH
      - [pid=21342] <process did exit: exitCode=127, signal=null>
      - [pid=21342] starting temporary directories cleanup
      - [pid=21342] finished temporary directories cleanup
      - [pid=21342] <gracefully close end>


    Error Context: test-results/critical-flows-P0-clustere-be3bc-d-stores-a-transfer-attempt-chromium/error-context.md

    attachment #2: trace (application/zip) ─────────────────────────────────────────────────────────
    test-results/critical-flows-P0-clustere-be3bc-d-stores-a-transfer-attempt-chromium/trace.zip
    Usage:

        npx playwright show-trace test-results/critical-flows-P0-clustere-be3bc-d-stores-a-transfer-attempt-chromium/trace.zip

    ────────────────────────────────────────────────────────────────────────────────────────────────


[15/82] [chromium] › tests/e2e/critical-flows.spec.ts:774:1 › P0 writing lab enforces plan, draft, self-check, cited feedback, and revision
  15) [chromium] › tests/e2e/critical-flows.spec.ts:774:1 › P0 writing lab enforces plan, draft, self-check, cited feedback, and revision 

    Error: browserType.launch: Target page, context or browser has been closed
    Browser logs:

    <launching> /home/user/.cache/ms-playwright/chromium-1234/chrome-linux64/chrome --disable-field-trial-config --disable-background-networking --disable-background-timer-throttling --disable-backgrounding-occluded-windows --disable-back-forward-cache --disable-breakpad --disable-client-side-phishing-detection --disable-component-extensions-with-background-pages --disable-component-update --no-default-browser-check --disable-default-apps --disable-dev-shm-usage --disable-edgeupdater --disable-extensions --disable-features=AvoidUnnecessaryBeforeUnloadCheckSync,BoundaryEventDispatchTracksNodeRemoval,DestroyProfileOnBrowserClose,DialMediaRouteProvider,GlobalMediaControls,HttpsUpgrades,LensOverlay,MediaRouter,PaintHolding,ThirdPartyStoragePartitioning,BlockOriginHeaderModificationOnRedirect,Translate,AutoDeElevate,OptimizationHints,msForceBrowserSignIn,msEdgeUpdateLaunchServicesPreferredVersion --enable-features=CDPScreenshotNewSurface --allow-pre-commit-input --disable-hang-monitor --disable-ipc-flooding-protection --disable-popup-blocking --disable-prompt-on-repost --disable-renderer-backgrounding --disable-updater-scheduler --force-color-profile=srgb --metrics-recording-only --no-first-run --password-store=basic --use-mock-keychain --no-service-autorun --export-tagged-pdf --disable-search-engine-choice-screen --unsafely-disable-devtools-self-xss-warnings --edge-skip-compat-layer-relaunch --disable-infobars --disable-search-engine-choice-screen --disable-sync --enable-unsafe-swiftshader --headless --hide-scrollbars --mute-audio --blink-settings=primaryHoverType=2,availableHoverTypes=2,primaryPointerType=4,availablePointerTypes=4 --no-sandbox --user-data-dir=/tmp/playwright_chromiumdev_profile-slQx9d --remote-debugging-pipe --no-startup-window
    <launched> pid=21355
    [pid=21355][err] /home/user/.cache/ms-playwright/chromium-1234/chrome-linux64/chrome: error while loading shared libraries: libnspr4.so: cannot open shared object file: No such file or directory
    Call log:
      - <launching> /home/user/.cache/ms-playwright/chromium-1234/chrome-linux64/chrome --disable-field-trial-config --disable-background-networking --disable-background-timer-throttling --disable-backgrounding-occluded-windows --disable-back-forward-cache --disable-breakpad --disable-client-side-phishing-detection --disable-component-extensions-with-background-pages --disable-component-update --no-default-browser-check --disable-default-apps --disable-dev-shm-usage --disable-edgeupdater --disable-extensions --disable-features=AvoidUnnecessaryBeforeUnloadCheckSync,BoundaryEventDispatchTracksNodeRemoval,DestroyProfileOnBrowserClose,DialMediaRouteProvider,GlobalMediaControls,HttpsUpgrades,LensOverlay,MediaRouter,PaintHolding,ThirdPartyStoragePartitioning,BlockOriginHeaderModificationOnRedirect,Translate,AutoDeElevate,OptimizationHints,msForceBrowserSignIn,msEdgeUpdateLaunchServicesPreferredVersion --enable-features=CDPScreenshotNewSurface --allow-pre-commit-input --disable-hang-monitor --disable-ipc-flooding-protection --disable-popup-blocking --disable-prompt-on-repost --disable-renderer-backgrounding --disable-updater-scheduler --force-color-profile=srgb --metrics-recording-only --no-first-run --password-store=basic --use-mock-keychain --no-service-autorun --export-tagged-pdf --disable-search-engine-choice-screen --unsafely-disable-devtools-self-xss-warnings --edge-skip-compat-layer-relaunch --disable-infobars --disable-search-engine-choice-screen --disable-sync --enable-unsafe-swiftshader --headless --hide-scrollbars --mute-audio --blink-settings=primaryHoverType=2,availableHoverTypes=2,primaryPointerType=4,availablePointerTypes=4 --no-sandbox --user-data-dir=/tmp/playwright_chromiumdev_profile-slQx9d --remote-debugging-pipe --no-startup-window
      - <launched> pid=21355
      - [pid=21355][err] /home/user/.cache/ms-playwright/chromium-1234/chrome-linux64/chrome: error while loading shared libraries: libnspr4.so: cannot open shared object file: No such file or directory
      - [pid=21355] <gracefully close start>
      - [pid=21355] <kill>
      - [pid=21355] <will force kill>
      - [pid=21355] exception while trying to kill process: Error: kill ESRCH
      - [pid=21355] <process did exit: exitCode=127, signal=null>
      - [pid=21355] starting temporary directories cleanup
      - [pid=21355] finished temporary directories cleanup
      - [pid=21355] <gracefully close end>


    Error Context: test-results/critical-flows-P0-writing--40c21-cited-feedback-and-revision-chromium/error-context.md

    attachment #2: trace (application/zip) ─────────────────────────────────────────────────────────
    test-results/critical-flows-P0-writing--40c21-cited-feedback-and-revision-chromium/trace.zip
    Usage:

        npx playwright show-trace test-results/critical-flows-P0-writing--40c21-cited-feedback-and-revision-chromium/trace.zip

    ────────────────────────────────────────────────────────────────────────────────────────────────


[16/82] [chromium] › tests/e2e/critical-flows.spec.ts:866:1 › P0 WebGPU model is opt-in, runs ranked follow-up locally, and can be deleted
  16) [chromium] › tests/e2e/critical-flows.spec.ts:866:1 › P0 WebGPU model is opt-in, runs ranked follow-up locally, and can be deleted 

    Error: browserType.launch: Target page, context or browser has been closed
    Browser logs:

    <launching> /home/user/.cache/ms-playwright/chromium-1234/chrome-linux64/chrome --disable-field-trial-config --disable-background-networking --disable-background-timer-throttling --disable-backgrounding-occluded-windows --disable-back-forward-cache --disable-breakpad --disable-client-side-phishing-detection --disable-component-extensions-with-background-pages --disable-component-update --no-default-browser-check --disable-default-apps --disable-dev-shm-usage --disable-edgeupdater --disable-extensions --disable-features=AvoidUnnecessaryBeforeUnloadCheckSync,BoundaryEventDispatchTracksNodeRemoval,DestroyProfileOnBrowserClose,DialMediaRouteProvider,GlobalMediaControls,HttpsUpgrades,LensOverlay,MediaRouter,PaintHolding,ThirdPartyStoragePartitioning,BlockOriginHeaderModificationOnRedirect,Translate,AutoDeElevate,OptimizationHints,msForceBrowserSignIn,msEdgeUpdateLaunchServicesPreferredVersion --enable-features=CDPScreenshotNewSurface --allow-pre-commit-input --disable-hang-monitor --disable-ipc-flooding-protection --disable-popup-blocking --disable-prompt-on-repost --disable-renderer-backgrounding --disable-updater-scheduler --force-color-profile=srgb --metrics-recording-only --no-first-run --password-store=basic --use-mock-keychain --no-service-autorun --export-tagged-pdf --disable-search-engine-choice-screen --unsafely-disable-devtools-self-xss-warnings --edge-skip-compat-layer-relaunch --disable-infobars --disable-search-engine-choice-screen --disable-sync --enable-unsafe-swiftshader --headless --hide-scrollbars --mute-audio --blink-settings=primaryHoverType=2,availableHoverTypes=2,primaryPointerType=4,availablePointerTypes=4 --no-sandbox --user-data-dir=/tmp/playwright_chromiumdev_profile-Pp7Rud --remote-debugging-pipe --no-startup-window
    <launched> pid=21374
    [pid=21374][err] /home/user/.cache/ms-playwright/chromium-1234/chrome-linux64/chrome: error while loading shared libraries: libnspr4.so: cannot open shared object file: No such file or directory
    Call log:
      - <launching> /home/user/.cache/ms-playwright/chromium-1234/chrome-linux64/chrome --disable-field-trial-config --disable-background-networking --disable-background-timer-throttling --disable-backgrounding-occluded-windows --disable-back-forward-cache --disable-breakpad --disable-client-side-phishing-detection --disable-component-extensions-with-background-pages --disable-component-update --no-default-browser-check --disable-default-apps --disable-dev-shm-usage --disable-edgeupdater --disable-extensions --disable-features=AvoidUnnecessaryBeforeUnloadCheckSync,BoundaryEventDispatchTracksNodeRemoval,DestroyProfileOnBrowserClose,DialMediaRouteProvider,GlobalMediaControls,HttpsUpgrades,LensOverlay,MediaRouter,PaintHolding,ThirdPartyStoragePartitioning,BlockOriginHeaderModificationOnRedirect,Translate,AutoDeElevate,OptimizationHints,msForceBrowserSignIn,msEdgeUpdateLaunchServicesPreferredVersion --enable-features=CDPScreenshotNewSurface --allow-pre-commit-input --disable-hang-monitor --disable-ipc-flooding-protection --disable-popup-blocking --disable-prompt-on-repost --disable-renderer-backgrounding --disable-updater-scheduler --force-color-profile=srgb --metrics-recording-only --no-first-run --password-store=basic --use-mock-keychain --no-service-autorun --export-tagged-pdf --disable-search-engine-choice-screen --unsafely-disable-devtools-self-xss-warnings --edge-skip-compat-layer-relaunch --disable-infobars --disable-search-engine-choice-screen --disable-sync --enable-unsafe-swiftshader --headless --hide-scrollbars --mute-audio --blink-settings=primaryHoverType=2,availableHoverTypes=2,primaryPointerType=4,availablePointerTypes=4 --no-sandbox --user-data-dir=/tmp/playwright_chromiumdev_profile-Pp7Rud --remote-debugging-pipe --no-startup-window
      - <launched> pid=21374
      - [pid=21374][err] /home/user/.cache/ms-playwright/chromium-1234/chrome-linux64/chrome: error while loading shared libraries: libnspr4.so: cannot open shared object file: No such file or directory
      - [pid=21374] <gracefully close start>
      - [pid=21374] <kill>
      - [pid=21374] <will force kill>
      - [pid=21374] <process did exit: exitCode=127, signal=null>
      - [pid=21374] starting temporary directories cleanup
      - [pid=21374] finished temporary directories cleanup
      - [pid=21374] <gracefully close end>


    Error Context: test-results/critical-flows-P0-WebGPU-m-0ce08--locally-and-can-be-deleted-chromium/error-context.md

    attachment #2: trace (application/zip) ─────────────────────────────────────────────────────────
    test-results/critical-flows-P0-WebGPU-m-0ce08--locally-and-can-be-deleted-chromium/trace.zip
    Usage:

        npx playwright show-trace test-results/critical-flows-P0-WebGPU-m-0ce08--locally-and-can-be-deleted-chromium/trace.zip

    ────────────────────────────────────────────────────────────────────────────────────────────────


[17/82] [chromium] › tests/e2e/critical-flows.spec.ts:931:1 › standard pronunciation pack installs explicitly and matches expected German words locally
  17) [chromium] › tests/e2e/critical-flows.spec.ts:931:1 › standard pronunciation pack installs explicitly and matches expected German words locally 

    Error: browserType.launch: Target page, context or browser has been closed
    Browser logs:

    <launching> /home/user/.cache/ms-playwright/chromium-1234/chrome-linux64/chrome --disable-field-trial-config --disable-background-networking --disable-background-timer-throttling --disable-backgrounding-occluded-windows --disable-back-forward-cache --disable-breakpad --disable-client-side-phishing-detection --disable-component-extensions-with-background-pages --disable-component-update --no-default-browser-check --disable-default-apps --disable-dev-shm-usage --disable-edgeupdater --disable-extensions --disable-features=AvoidUnnecessaryBeforeUnloadCheckSync,BoundaryEventDispatchTracksNodeRemoval,DestroyProfileOnBrowserClose,DialMediaRouteProvider,GlobalMediaControls,HttpsUpgrades,LensOverlay,MediaRouter,PaintHolding,ThirdPartyStoragePartitioning,BlockOriginHeaderModificationOnRedirect,Translate,AutoDeElevate,OptimizationHints,msForceBrowserSignIn,msEdgeUpdateLaunchServicesPreferredVersion --enable-features=CDPScreenshotNewSurface --allow-pre-commit-input --disable-hang-monitor --disable-ipc-flooding-protection --disable-popup-blocking --disable-prompt-on-repost --disable-renderer-backgrounding --disable-updater-scheduler --force-color-profile=srgb --metrics-recording-only --no-first-run --password-store=basic --use-mock-keychain --no-service-autorun --export-tagged-pdf --disable-search-engine-choice-screen --unsafely-disable-devtools-self-xss-warnings --edge-skip-compat-layer-relaunch --disable-infobars --disable-search-engine-choice-screen --disable-sync --enable-unsafe-swiftshader --headless --hide-scrollbars --mute-audio --blink-settings=primaryHoverType=2,availableHoverTypes=2,primaryPointerType=4,availablePointerTypes=4 --no-sandbox --user-data-dir=/tmp/playwright_chromiumdev_profile-qNycKg --remote-debugging-pipe --no-startup-window
    <launched> pid=21387
    [pid=21387][err] /home/user/.cache/ms-playwright/chromium-1234/chrome-linux64/chrome: error while loading shared libraries: libnspr4.so: cannot open shared object file: No such file or directory
    Call log:
      - <launching> /home/user/.cache/ms-playwright/chromium-1234/chrome-linux64/chrome --disable-field-trial-config --disable-background-networking --disable-background-timer-throttling --disable-backgrounding-occluded-windows --disable-back-forward-cache --disable-breakpad --disable-client-side-phishing-detection --disable-component-extensions-with-background-pages --disable-component-update --no-default-browser-check --disable-default-apps --disable-dev-shm-usage --disable-edgeupdater --disable-extensions --disable-features=AvoidUnnecessaryBeforeUnloadCheckSync,BoundaryEventDispatchTracksNodeRemoval,DestroyProfileOnBrowserClose,DialMediaRouteProvider,GlobalMediaControls,HttpsUpgrades,LensOverlay,MediaRouter,PaintHolding,ThirdPartyStoragePartitioning,BlockOriginHeaderModificationOnRedirect,Translate,AutoDeElevate,OptimizationHints,msForceBrowserSignIn,msEdgeUpdateLaunchServicesPreferredVersion --enable-features=CDPScreenshotNewSurface --allow-pre-commit-input --disable-hang-monitor --disable-ipc-flooding-protection --disable-popup-blocking --disable-prompt-on-repost --disable-renderer-backgrounding --disable-updater-scheduler --force-color-profile=srgb --metrics-recording-only --no-first-run --password-store=basic --use-mock-keychain --no-service-autorun --export-tagged-pdf --disable-search-engine-choice-screen --unsafely-disable-devtools-self-xss-warnings --edge-skip-compat-layer-relaunch --disable-infobars --disable-search-engine-choice-screen --disable-sync --enable-unsafe-swiftshader --headless --hide-scrollbars --mute-audio --blink-settings=primaryHoverType=2,availableHoverTypes=2,primaryPointerType=4,availablePointerTypes=4 --no-sandbox --user-data-dir=/tmp/playwright_chromiumdev_profile-qNycKg --remote-debugging-pipe --no-startup-window
      - <launched> pid=21387
      - [pid=21387][err] /home/user/.cache/ms-playwright/chromium-1234/chrome-linux64/chrome: error while loading shared libraries: libnspr4.so: cannot open shared object file: No such file or directory
      - [pid=21387] <gracefully close start>
      - [pid=21387] <kill>
      - [pid=21387] <will force kill>
      - [pid=21387] exception while trying to kill process: Error: kill ESRCH
      - [pid=21387] <process did exit: exitCode=127, signal=null>
      - [pid=21387] starting temporary directories cleanup
      - [pid=21387] finished temporary directories cleanup
      - [pid=21387] <gracefully close end>


    Error Context: test-results/critical-flows-standard-pr-ad4fc-pected-German-words-locally-chromium/error-context.md

    attachment #2: trace (application/zip) ─────────────────────────────────────────────────────────
    test-results/critical-flows-standard-pr-ad4fc-pected-German-words-locally-chromium/trace.zip
    Usage:

        npx playwright show-trace test-results/critical-flows-standard-pr-ad4fc-pected-German-words-locally-chromium/trace.zip

    ────────────────────────────────────────────────────────────────────────────────────────────────


[18/82] [chromium] › tests/e2e/critical-flows.spec.ts:995:1 › guided speaking keeps learner-selected support visible, grounds typed follow-up, and requires consent before optional AI
  18) [chromium] › tests/e2e/critical-flows.spec.ts:995:1 › guided speaking keeps learner-selected support visible, grounds typed follow-up, and requires consent before optional AI 

    Error: browserType.launch: Target page, context or browser has been closed
    Browser logs:

    <launching> /home/user/.cache/ms-playwright/chromium-1234/chrome-linux64/chrome --disable-field-trial-config --disable-background-networking --disable-background-timer-throttling --disable-backgrounding-occluded-windows --disable-back-forward-cache --disable-breakpad --disable-client-side-phishing-detection --disable-component-extensions-with-background-pages --disable-component-update --no-default-browser-check --disable-default-apps --disable-dev-shm-usage --disable-edgeupdater --disable-extensions --disable-features=AvoidUnnecessaryBeforeUnloadCheckSync,BoundaryEventDispatchTracksNodeRemoval,DestroyProfileOnBrowserClose,DialMediaRouteProvider,GlobalMediaControls,HttpsUpgrades,LensOverlay,MediaRouter,PaintHolding,ThirdPartyStoragePartitioning,BlockOriginHeaderModificationOnRedirect,Translate,AutoDeElevate,OptimizationHints,msForceBrowserSignIn,msEdgeUpdateLaunchServicesPreferredVersion --enable-features=CDPScreenshotNewSurface --allow-pre-commit-input --disable-hang-monitor --disable-ipc-flooding-protection --disable-popup-blocking --disable-prompt-on-repost --disable-renderer-backgrounding --disable-updater-scheduler --force-color-profile=srgb --metrics-recording-only --no-first-run --password-store=basic --use-mock-keychain --no-service-autorun --export-tagged-pdf --disable-search-engine-choice-screen --unsafely-disable-devtools-self-xss-warnings --edge-skip-compat-layer-relaunch --disable-infobars --disable-search-engine-choice-screen --disable-sync --enable-unsafe-swiftshader --headless --hide-scrollbars --mute-audio --blink-settings=primaryHoverType=2,availableHoverTypes=2,primaryPointerType=4,availablePointerTypes=4 --no-sandbox --user-data-dir=/tmp/playwright_chromiumdev_profile-zvQhe1 --remote-debugging-pipe --no-startup-window
    <launched> pid=21400
    [pid=21400][err] /home/user/.cache/ms-playwright/chromium-1234/chrome-linux64/chrome: error while loading shared libraries: libnspr4.so: cannot open shared object file: No such file or directory
    Call log:
      - <launching> /home/user/.cache/ms-playwright/chromium-1234/chrome-linux64/chrome --disable-field-trial-config --disable-background-networking --disable-background-timer-throttling --disable-backgrounding-occluded-windows --disable-back-forward-cache --disable-breakpad --disable-client-side-phishing-detection --disable-component-extensions-with-background-pages --disable-component-update --no-default-browser-check --disable-default-apps --disable-dev-shm-usage --disable-edgeupdater --disable-extensions --disable-features=AvoidUnnecessaryBeforeUnloadCheckSync,BoundaryEventDispatchTracksNodeRemoval,DestroyProfileOnBrowserClose,DialMediaRouteProvider,GlobalMediaControls,HttpsUpgrades,LensOverlay,MediaRouter,PaintHolding,ThirdPartyStoragePartitioning,BlockOriginHeaderModificationOnRedirect,Translate,AutoDeElevate,OptimizationHints,msForceBrowserSignIn,msEdgeUpdateLaunchServicesPreferredVersion --enable-features=CDPScreenshotNewSurface --allow-pre-commit-input --disable-hang-monitor --disable-ipc-flooding-protection --disable-popup-blocking --disable-prompt-on-repost --disable-renderer-backgrounding --disable-updater-scheduler --force-color-profile=srgb --metrics-recording-only --no-first-run --password-store=basic --use-mock-keychain --no-service-autorun --export-tagged-pdf --disable-search-engine-choice-screen --unsafely-disable-devtools-self-xss-warnings --edge-skip-compat-layer-relaunch --disable-infobars --disable-search-engine-choice-screen --disable-sync --enable-unsafe-swiftshader --headless --hide-scrollbars --mute-audio --blink-settings=primaryHoverType=2,availableHoverTypes=2,primaryPointerType=4,availablePointerTypes=4 --no-sandbox --user-data-dir=/tmp/playwright_chromiumdev_profile-zvQhe1 --remote-debugging-pipe --no-startup-window
      - <launched> pid=21400
      - [pid=21400][err] /home/user/.cache/ms-playwright/chromium-1234/chrome-linux64/chrome: error while loading shared libraries: libnspr4.so: cannot open shared object file: No such file or directory
      - [pid=21400] <gracefully close start>
      - [pid=21400] <kill>
      - [pid=21400] <will force kill>
      - [pid=21400] exception while trying to kill process: Error: kill ESRCH
      - [pid=21400] <process did exit: exitCode=127, signal=null>
      - [pid=21400] starting temporary directories cleanup
      - [pid=21400] finished temporary directories cleanup
      - [pid=21400] <gracefully close end>


    Error Context: test-results/critical-flows-guided-spea-c7bc0--consent-before-optional-AI-chromium/error-context.md

    attachment #2: trace (application/zip) ─────────────────────────────────────────────────────────
    test-results/critical-flows-guided-spea-c7bc0--consent-before-optional-AI-chromium/trace.zip
    Usage:

        npx playwright show-trace test-results/critical-flows-guided-spea-c7bc0--consent-before-optional-AI-chromium/trace.zip

    ────────────────────────────────────────────────────────────────────────────────────────────────


[19/82] [chromium] › tests/e2e/critical-flows.spec.ts:1097:1 › P0 mediation lab enforces source analysis, transfer, self-check, comparison, and revision
  19) [chromium] › tests/e2e/critical-flows.spec.ts:1097:1 › P0 mediation lab enforces source analysis, transfer, self-check, comparison, and revision 

    Error: browserType.launch: Target page, context or browser has been closed
    Browser logs:

    <launching> /home/user/.cache/ms-playwright/chromium-1234/chrome-linux64/chrome --disable-field-trial-config --disable-background-networking --disable-background-timer-throttling --disable-backgrounding-occluded-windows --disable-back-forward-cache --disable-breakpad --disable-client-side-phishing-detection --disable-component-extensions-with-background-pages --disable-component-update --no-default-browser-check --disable-default-apps --disable-dev-shm-usage --disable-edgeupdater --disable-extensions --disable-features=AvoidUnnecessaryBeforeUnloadCheckSync,BoundaryEventDispatchTracksNodeRemoval,DestroyProfileOnBrowserClose,DialMediaRouteProvider,GlobalMediaControls,HttpsUpgrades,LensOverlay,MediaRouter,PaintHolding,ThirdPartyStoragePartitioning,BlockOriginHeaderModificationOnRedirect,Translate,AutoDeElevate,OptimizationHints,msForceBrowserSignIn,msEdgeUpdateLaunchServicesPreferredVersion --enable-features=CDPScreenshotNewSurface --allow-pre-commit-input --disable-hang-monitor --disable-ipc-flooding-protection --disable-popup-blocking --disable-prompt-on-repost --disable-renderer-backgrounding --disable-updater-scheduler --force-color-profile=srgb --metrics-recording-only --no-first-run --password-store=basic --use-mock-keychain --no-service-autorun --export-tagged-pdf --disable-search-engine-choice-screen --unsafely-disable-devtools-self-xss-warnings --edge-skip-compat-layer-relaunch --disable-infobars --disable-search-engine-choice-screen --disable-sync --enable-unsafe-swiftshader --headless --hide-scrollbars --mute-audio --blink-settings=primaryHoverType=2,availableHoverTypes=2,primaryPointerType=4,availablePointerTypes=4 --no-sandbox --user-data-dir=/tmp/playwright_chromiumdev_profile-YN5mKh --remote-debugging-pipe --no-startup-window
    <launched> pid=21413
    [pid=21413][err] /home/user/.cache/ms-playwright/chromium-1234/chrome-linux64/chrome: error while loading shared libraries: libnspr4.so: cannot open shared object file: No such file or directory
    Call log:
      - <launching> /home/user/.cache/ms-playwright/chromium-1234/chrome-linux64/chrome --disable-field-trial-config --disable-background-networking --disable-background-timer-throttling --disable-backgrounding-occluded-windows --disable-back-forward-cache --disable-breakpad --disable-client-side-phishing-detection --disable-component-extensions-with-background-pages --disable-component-update --no-default-browser-check --disable-default-apps --disable-dev-shm-usage --disable-edgeupdater --disable-extensions --disable-features=AvoidUnnecessaryBeforeUnloadCheckSync,BoundaryEventDispatchTracksNodeRemoval,DestroyProfileOnBrowserClose,DialMediaRouteProvider,GlobalMediaControls,HttpsUpgrades,LensOverlay,MediaRouter,PaintHolding,ThirdPartyStoragePartitioning,BlockOriginHeaderModificationOnRedirect,Translate,AutoDeElevate,OptimizationHints,msForceBrowserSignIn,msEdgeUpdateLaunchServicesPreferredVersion --enable-features=CDPScreenshotNewSurface --allow-pre-commit-input --disable-hang-monitor --disable-ipc-flooding-protection --disable-popup-blocking --disable-prompt-on-repost --disable-renderer-backgrounding --disable-updater-scheduler --force-color-profile=srgb --metrics-recording-only --no-first-run --password-store=basic --use-mock-keychain --no-service-autorun --export-tagged-pdf --disable-search-engine-choice-screen --unsafely-disable-devtools-self-xss-warnings --edge-skip-compat-layer-relaunch --disable-infobars --disable-search-engine-choice-screen --disable-sync --enable-unsafe-swiftshader --headless --hide-scrollbars --mute-audio --blink-settings=primaryHoverType=2,availableHoverTypes=2,primaryPointerType=4,availablePointerTypes=4 --no-sandbox --user-data-dir=/tmp/playwright_chromiumdev_profile-YN5mKh --remote-debugging-pipe --no-startup-window
      - <launched> pid=21413
      - [pid=21413][err] /home/user/.cache/ms-playwright/chromium-1234/chrome-linux64/chrome: error while loading shared libraries: libnspr4.so: cannot open shared object file: No such file or directory
      - [pid=21413] <gracefully close start>
      - [pid=21413] <kill>
      - [pid=21413] <will force kill>
      - [pid=21413] exception while trying to kill process: Error: kill ESRCH
      - [pid=21413] <process did exit: exitCode=127, signal=null>
      - [pid=21413] starting temporary directories cleanup
      - [pid=21413] finished temporary directories cleanup
      - [pid=21413] <gracefully close end>


    Error Context: test-results/critical-flows-P0-mediatio-ee5b7-eck-comparison-and-revision-chromium/error-context.md

    attachment #2: trace (application/zip) ─────────────────────────────────────────────────────────
    test-results/critical-flows-P0-mediatio-ee5b7-eck-comparison-and-revision-chromium/trace.zip
    Usage:

        npx playwright show-trace test-results/critical-flows-P0-mediatio-ee5b7-eck-comparison-and-revision-chromium/trace.zip

    ────────────────────────────────────────────────────────────────────────────────────────────────


[20/82] [chromium] › tests/e2e/critical-flows.spec.ts:1130:1 › generated library audio exposes provenance, playback, and Browser TTS fallback
  20) [chromium] › tests/e2e/critical-flows.spec.ts:1130:1 › generated library audio exposes provenance, playback, and Browser TTS fallback 

    Error: browserType.launch: Target page, context or browser has been closed
    Browser logs:

    <launching> /home/user/.cache/ms-playwright/chromium-1234/chrome-linux64/chrome --disable-field-trial-config --disable-background-networking --disable-background-timer-throttling --disable-backgrounding-occluded-windows --disable-back-forward-cache --disable-breakpad --disable-client-side-phishing-detection --disable-component-extensions-with-background-pages --disable-component-update --no-default-browser-check --disable-default-apps --disable-dev-shm-usage --disable-edgeupdater --disable-extensions --disable-features=AvoidUnnecessaryBeforeUnloadCheckSync,BoundaryEventDispatchTracksNodeRemoval,DestroyProfileOnBrowserClose,DialMediaRouteProvider,GlobalMediaControls,HttpsUpgrades,LensOverlay,MediaRouter,PaintHolding,ThirdPartyStoragePartitioning,BlockOriginHeaderModificationOnRedirect,Translate,AutoDeElevate,OptimizationHints,msForceBrowserSignIn,msEdgeUpdateLaunchServicesPreferredVersion --enable-features=CDPScreenshotNewSurface --allow-pre-commit-input --disable-hang-monitor --disable-ipc-flooding-protection --disable-popup-blocking --disable-prompt-on-repost --disable-renderer-backgrounding --disable-updater-scheduler --force-color-profile=srgb --metrics-recording-only --no-first-run --password-store=basic --use-mock-keychain --no-service-autorun --export-tagged-pdf --disable-search-engine-choice-screen --unsafely-disable-devtools-self-xss-warnings --edge-skip-compat-layer-relaunch --disable-infobars --disable-search-engine-choice-screen --disable-sync --enable-unsafe-swiftshader --headless --hide-scrollbars --mute-audio --blink-settings=primaryHoverType=2,availableHoverTypes=2,primaryPointerType=4,availablePointerTypes=4 --no-sandbox --user-data-dir=/tmp/playwright_chromiumdev_profile-EJCsR0 --remote-debugging-pipe --no-startup-window
    <launched> pid=21426
    [pid=21426][err] /home/user/.cache/ms-playwright/chromium-1234/chrome-linux64/chrome: error while loading shared libraries: libnspr4.so: cannot open shared object file: No such file or directory
    Call log:
      - <launching> /home/user/.cache/ms-playwright/chromium-1234/chrome-linux64/chrome --disable-field-trial-config --disable-background-networking --disable-background-timer-throttling --disable-backgrounding-occluded-windows --disable-back-forward-cache --disable-breakpad --disable-client-side-phishing-detection --disable-component-extensions-with-background-pages --disable-component-update --no-default-browser-check --disable-default-apps --disable-dev-shm-usage --disable-edgeupdater --disable-extensions --disable-features=AvoidUnnecessaryBeforeUnloadCheckSync,BoundaryEventDispatchTracksNodeRemoval,DestroyProfileOnBrowserClose,DialMediaRouteProvider,GlobalMediaControls,HttpsUpgrades,LensOverlay,MediaRouter,PaintHolding,ThirdPartyStoragePartitioning,BlockOriginHeaderModificationOnRedirect,Translate,AutoDeElevate,OptimizationHints,msForceBrowserSignIn,msEdgeUpdateLaunchServicesPreferredVersion --enable-features=CDPScreenshotNewSurface --allow-pre-commit-input --disable-hang-monitor --disable-ipc-flooding-protection --disable-popup-blocking --disable-prompt-on-repost --disable-renderer-backgrounding --disable-updater-scheduler --force-color-profile=srgb --metrics-recording-only --no-first-run --password-store=basic --use-mock-keychain --no-service-autorun --export-tagged-pdf --disable-search-engine-choice-screen --unsafely-disable-devtools-self-xss-warnings --edge-skip-compat-layer-relaunch --disable-infobars --disable-search-engine-choice-screen --disable-sync --enable-unsafe-swiftshader --headless --hide-scrollbars --mute-audio --blink-settings=primaryHoverType=2,availableHoverTypes=2,primaryPointerType=4,availablePointerTypes=4 --no-sandbox --user-data-dir=/tmp/playwright_chromiumdev_profile-EJCsR0 --remote-debugging-pipe --no-startup-window
      - <launched> pid=21426
      - [pid=21426][err] /home/user/.cache/ms-playwright/chromium-1234/chrome-linux64/chrome: error while loading shared libraries: libnspr4.so: cannot open shared object file: No such file or directory
      - [pid=21426] <gracefully close start>
      - [pid=21426] <kill>
      - [pid=21426] <will force kill>
      - [pid=21426] exception while trying to kill process: Error: kill ESRCH
      - [pid=21426] <process did exit: exitCode=127, signal=null>
      - [pid=21426] starting temporary directories cleanup
      - [pid=21426] finished temporary directories cleanup
      - [pid=21426] <gracefully close end>


    Error Context: test-results/critical-flows-generated-l-17de5-ck-and-Browser-TTS-fallback-chromium/error-context.md

    attachment #2: trace (application/zip) ─────────────────────────────────────────────────────────
    test-results/critical-flows-generated-l-17de5-ck-and-Browser-TTS-fallback-chromium/trace.zip
    Usage:

        npx playwright show-trace test-results/critical-flows-generated-l-17de5-ck-and-Browser-TTS-fallback-chromium/trace.zip

    ────────────────────────────────────────────────────────────────────────────────────────────────


[21/82] [chromium] › tests/e2e/critical-flows.spec.ts:1164:1 › generated exam clips play with limits, provenance labels, and TTS fallback
  21) [chromium] › tests/e2e/critical-flows.spec.ts:1164:1 › generated exam clips play with limits, provenance labels, and TTS fallback 

    Error: browserType.launch: Target page, context or browser has been closed
    Browser logs:

    <launching> /home/user/.cache/ms-playwright/chromium-1234/chrome-linux64/chrome --disable-field-trial-config --disable-background-networking --disable-background-timer-throttling --disable-backgrounding-occluded-windows --disable-back-forward-cache --disable-breakpad --disable-client-side-phishing-detection --disable-component-extensions-with-background-pages --disable-component-update --no-default-browser-check --disable-default-apps --disable-dev-shm-usage --disable-edgeupdater --disable-extensions --disable-features=AvoidUnnecessaryBeforeUnloadCheckSync,BoundaryEventDispatchTracksNodeRemoval,DestroyProfileOnBrowserClose,DialMediaRouteProvider,GlobalMediaControls,HttpsUpgrades,LensOverlay,MediaRouter,PaintHolding,ThirdPartyStoragePartitioning,BlockOriginHeaderModificationOnRedirect,Translate,AutoDeElevate,OptimizationHints,msForceBrowserSignIn,msEdgeUpdateLaunchServicesPreferredVersion --enable-features=CDPScreenshotNewSurface --allow-pre-commit-input --disable-hang-monitor --disable-ipc-flooding-protection --disable-popup-blocking --disable-prompt-on-repost --disable-renderer-backgrounding --disable-updater-scheduler --force-color-profile=srgb --metrics-recording-only --no-first-run --password-store=basic --use-mock-keychain --no-service-autorun --export-tagged-pdf --disable-search-engine-choice-screen --unsafely-disable-devtools-self-xss-warnings --edge-skip-compat-layer-relaunch --disable-infobars --disable-search-engine-choice-screen --disable-sync --enable-unsafe-swiftshader --headless --hide-scrollbars --mute-audio --blink-settings=primaryHoverType=2,availableHoverTypes=2,primaryPointerType=4,availablePointerTypes=4 --no-sandbox --user-data-dir=/tmp/playwright_chromiumdev_profile-h8Il75 --remote-debugging-pipe --no-startup-window
    <launched> pid=21439
    [pid=21439][err] /home/user/.cache/ms-playwright/chromium-1234/chrome-linux64/chrome: error while loading shared libraries: libnspr4.so: cannot open shared object file: No such file or directory
    Call log:
      - <launching> /home/user/.cache/ms-playwright/chromium-1234/chrome-linux64/chrome --disable-field-trial-config --disable-background-networking --disable-background-timer-throttling --disable-backgrounding-occluded-windows --disable-back-forward-cache --disable-breakpad --disable-client-side-phishing-detection --disable-component-extensions-with-background-pages --disable-component-update --no-default-browser-check --disable-default-apps --disable-dev-shm-usage --disable-edgeupdater --disable-extensions --disable-features=AvoidUnnecessaryBeforeUnloadCheckSync,BoundaryEventDispatchTracksNodeRemoval,DestroyProfileOnBrowserClose,DialMediaRouteProvider,GlobalMediaControls,HttpsUpgrades,LensOverlay,MediaRouter,PaintHolding,ThirdPartyStoragePartitioning,BlockOriginHeaderModificationOnRedirect,Translate,AutoDeElevate,OptimizationHints,msForceBrowserSignIn,msEdgeUpdateLaunchServicesPreferredVersion --enable-features=CDPScreenshotNewSurface --allow-pre-commit-input --disable-hang-monitor --disable-ipc-flooding-protection --disable-popup-blocking --disable-prompt-on-repost --disable-renderer-backgrounding --disable-updater-scheduler --force-color-profile=srgb --metrics-recording-only --no-first-run --password-store=basic --use-mock-keychain --no-service-autorun --export-tagged-pdf --disable-search-engine-choice-screen --unsafely-disable-devtools-self-xss-warnings --edge-skip-compat-layer-relaunch --disable-infobars --disable-search-engine-choice-screen --disable-sync --enable-unsafe-swiftshader --headless --hide-scrollbars --mute-audio --blink-settings=primaryHoverType=2,availableHoverTypes=2,primaryPointerType=4,availablePointerTypes=4 --no-sandbox --user-data-dir=/tmp/playwright_chromiumdev_profile-h8Il75 --remote-debugging-pipe --no-startup-window
      - <launched> pid=21439
      - [pid=21439][err] /home/user/.cache/ms-playwright/chromium-1234/chrome-linux64/chrome: error while loading shared libraries: libnspr4.so: cannot open shared object file: No such file or directory
      - [pid=21439] <gracefully close start>
      - [pid=21439] <kill>
      - [pid=21439] <will force kill>
      - [pid=21439] exception while trying to kill process: Error: kill ESRCH
      - [pid=21439] <process did exit: exitCode=127, signal=null>
      - [pid=21439] starting temporary directories cleanup
      - [pid=21439] finished temporary directories cleanup
      - [pid=21439] <gracefully close end>


    Error Context: test-results/critical-flows-generated-e-6c45a-nce-labels-and-TTS-fallback-chromium/error-context.md

    attachment #2: trace (application/zip) ─────────────────────────────────────────────────────────
    test-results/critical-flows-generated-e-6c45a-nce-labels-and-TTS-fallback-chromium/trace.zip
    Usage:

        npx playwright show-trace test-results/critical-flows-generated-e-6c45a-nce-labels-and-TTS-fallback-chromium/trace.zip

    ────────────────────────────────────────────────────────────────────────────────────────────────


[22/82] [chromium] › tests/e2e/critical-flows.spec.ts:1308:1 › shadowing studio uses generated audio, speed controls, and delayed transcript
  22) [chromium] › tests/e2e/critical-flows.spec.ts:1308:1 › shadowing studio uses generated audio, speed controls, and delayed transcript 

    Error: browserType.launch: Target page, context or browser has been closed
    Browser logs:

    <launching> /home/user/.cache/ms-playwright/chromium-1234/chrome-linux64/chrome --disable-field-trial-config --disable-background-networking --disable-background-timer-throttling --disable-backgrounding-occluded-windows --disable-back-forward-cache --disable-breakpad --disable-client-side-phishing-detection --disable-component-extensions-with-background-pages --disable-component-update --no-default-browser-check --disable-default-apps --disable-dev-shm-usage --disable-edgeupdater --disable-extensions --disable-features=AvoidUnnecessaryBeforeUnloadCheckSync,BoundaryEventDispatchTracksNodeRemoval,DestroyProfileOnBrowserClose,DialMediaRouteProvider,GlobalMediaControls,HttpsUpgrades,LensOverlay,MediaRouter,PaintHolding,ThirdPartyStoragePartitioning,BlockOriginHeaderModificationOnRedirect,Translate,AutoDeElevate,OptimizationHints,msForceBrowserSignIn,msEdgeUpdateLaunchServicesPreferredVersion --enable-features=CDPScreenshotNewSurface --allow-pre-commit-input --disable-hang-monitor --disable-ipc-flooding-protection --disable-popup-blocking --disable-prompt-on-repost --disable-renderer-backgrounding --disable-updater-scheduler --force-color-profile=srgb --metrics-recording-only --no-first-run --password-store=basic --use-mock-keychain --no-service-autorun --export-tagged-pdf --disable-search-engine-choice-screen --unsafely-disable-devtools-self-xss-warnings --edge-skip-compat-layer-relaunch --disable-infobars --disable-search-engine-choice-screen --disable-sync --enable-unsafe-swiftshader --headless --hide-scrollbars --mute-audio --blink-settings=primaryHoverType=2,availableHoverTypes=2,primaryPointerType=4,availablePointerTypes=4 --no-sandbox --user-data-dir=/tmp/playwright_chromiumdev_profile-APy2qO --remote-debugging-pipe --no-startup-window
    <launched> pid=21452
    [pid=21452][err] /home/user/.cache/ms-playwright/chromium-1234/chrome-linux64/chrome: error while loading shared libraries: libnspr4.so: cannot open shared object file: No such file or directory
    Call log:
      - <launching> /home/user/.cache/ms-playwright/chromium-1234/chrome-linux64/chrome --disable-field-trial-config --disable-background-networking --disable-background-timer-throttling --disable-backgrounding-occluded-windows --disable-back-forward-cache --disable-breakpad --disable-client-side-phishing-detection --disable-component-extensions-with-background-pages --disable-component-update --no-default-browser-check --disable-default-apps --disable-dev-shm-usage --disable-edgeupdater --disable-extensions --disable-features=AvoidUnnecessaryBeforeUnloadCheckSync,BoundaryEventDispatchTracksNodeRemoval,DestroyProfileOnBrowserClose,DialMediaRouteProvider,GlobalMediaControls,HttpsUpgrades,LensOverlay,MediaRouter,PaintHolding,ThirdPartyStoragePartitioning,BlockOriginHeaderModificationOnRedirect,Translate,AutoDeElevate,OptimizationHints,msForceBrowserSignIn,msEdgeUpdateLaunchServicesPreferredVersion --enable-features=CDPScreenshotNewSurface --allow-pre-commit-input --disable-hang-monitor --disable-ipc-flooding-protection --disable-popup-blocking --disable-prompt-on-repost --disable-renderer-backgrounding --disable-updater-scheduler --force-color-profile=srgb --metrics-recording-only --no-first-run --password-store=basic --use-mock-keychain --no-service-autorun --export-tagged-pdf --disable-search-engine-choice-screen --unsafely-disable-devtools-self-xss-warnings --edge-skip-compat-layer-relaunch --disable-infobars --disable-search-engine-choice-screen --disable-sync --enable-unsafe-swiftshader --headless --hide-scrollbars --mute-audio --blink-settings=primaryHoverType=2,availableHoverTypes=2,primaryPointerType=4,availablePointerTypes=4 --no-sandbox --user-data-dir=/tmp/playwright_chromiumdev_profile-APy2qO --remote-debugging-pipe --no-startup-window
      - <launched> pid=21452
      - [pid=21452][err] /home/user/.cache/ms-playwright/chromium-1234/chrome-linux64/chrome: error while loading shared libraries: libnspr4.so: cannot open shared object file: No such file or directory
      - [pid=21452] <gracefully close start>
      - [pid=21452] <kill>
      - [pid=21452] <will force kill>
      - [pid=21452] exception while trying to kill process: Error: kill ESRCH
      - [pid=21452] <process did exit: exitCode=127, signal=null>
      - [pid=21452] starting temporary directories cleanup
      - [pid=21452] finished temporary directories cleanup
      - [pid=21452] <gracefully close end>


    Error Context: test-results/critical-flows-shadowing-s-e45fe-rols-and-delayed-transcript-chromium/error-context.md

    attachment #2: trace (application/zip) ─────────────────────────────────────────────────────────
    test-results/critical-flows-shadowing-s-e45fe-rols-and-delayed-transcript-chromium/trace.zip
    Usage:

        npx playwright show-trace test-results/critical-flows-shadowing-s-e45fe-rols-and-delayed-transcript-chromium/trace.zip

    ────────────────────────────────────────────────────────────────────────────────────────────────


[23/82] [chromium] › tests/e2e/critical-flows.spec.ts:1324:1 › a complete lesson run traverses all 14 stages and persists completion
  23) [chromium] › tests/e2e/critical-flows.spec.ts:1324:1 › a complete lesson run traverses all 14 stages and persists completion 

    Error: browserType.launch: Target page, context or browser has been closed
    Browser logs:

    <launching> /home/user/.cache/ms-playwright/chromium-1234/chrome-linux64/chrome --disable-field-trial-config --disable-background-networking --disable-background-timer-throttling --disable-backgrounding-occluded-windows --disable-back-forward-cache --disable-breakpad --disable-client-side-phishing-detection --disable-component-extensions-with-background-pages --disable-component-update --no-default-browser-check --disable-default-apps --disable-dev-shm-usage --disable-edgeupdater --disable-extensions --disable-features=AvoidUnnecessaryBeforeUnloadCheckSync,BoundaryEventDispatchTracksNodeRemoval,DestroyProfileOnBrowserClose,DialMediaRouteProvider,GlobalMediaControls,HttpsUpgrades,LensOverlay,MediaRouter,PaintHolding,ThirdPartyStoragePartitioning,BlockOriginHeaderModificationOnRedirect,Translate,AutoDeElevate,OptimizationHints,msForceBrowserSignIn,msEdgeUpdateLaunchServicesPreferredVersion --enable-features=CDPScreenshotNewSurface --allow-pre-commit-input --disable-hang-monitor --disable-ipc-flooding-protection --disable-popup-blocking --disable-prompt-on-repost --disable-renderer-backgrounding --disable-updater-scheduler --force-color-profile=srgb --metrics-recording-only --no-first-run --password-store=basic --use-mock-keychain --no-service-autorun --export-tagged-pdf --disable-search-engine-choice-screen --unsafely-disable-devtools-self-xss-warnings --edge-skip-compat-layer-relaunch --disable-infobars --disable-search-engine-choice-screen --disable-sync --enable-unsafe-swiftshader --headless --hide-scrollbars --mute-audio --blink-settings=primaryHoverType=2,availableHoverTypes=2,primaryPointerType=4,availablePointerTypes=4 --no-sandbox --user-data-dir=/tmp/playwright_chromiumdev_profile-PGX2ph --remote-debugging-pipe --no-startup-window
    <launched> pid=21465
    [pid=21465][err] /home/user/.cache/ms-playwright/chromium-1234/chrome-linux64/chrome: error while loading shared libraries: libnspr4.so: cannot open shared object file: No such file or directory
    Call log:
      - <launching> /home/user/.cache/ms-playwright/chromium-1234/chrome-linux64/chrome --disable-field-trial-config --disable-background-networking --disable-background-timer-throttling --disable-backgrounding-occluded-windows --disable-back-forward-cache --disable-breakpad --disable-client-side-phishing-detection --disable-component-extensions-with-background-pages --disable-component-update --no-default-browser-check --disable-default-apps --disable-dev-shm-usage --disable-edgeupdater --disable-extensions --disable-features=AvoidUnnecessaryBeforeUnloadCheckSync,BoundaryEventDispatchTracksNodeRemoval,DestroyProfileOnBrowserClose,DialMediaRouteProvider,GlobalMediaControls,HttpsUpgrades,LensOverlay,MediaRouter,PaintHolding,ThirdPartyStoragePartitioning,BlockOriginHeaderModificationOnRedirect,Translate,AutoDeElevate,OptimizationHints,msForceBrowserSignIn,msEdgeUpdateLaunchServicesPreferredVersion --enable-features=CDPScreenshotNewSurface --allow-pre-commit-input --disable-hang-monitor --disable-ipc-flooding-protection --disable-popup-blocking --disable-prompt-on-repost --disable-renderer-backgrounding --disable-updater-scheduler --force-color-profile=srgb --metrics-recording-only --no-first-run --password-store=basic --use-mock-keychain --no-service-autorun --export-tagged-pdf --disable-search-engine-choice-screen --unsafely-disable-devtools-self-xss-warnings --edge-skip-compat-layer-relaunch --disable-infobars --disable-search-engine-choice-screen --disable-sync --enable-unsafe-swiftshader --headless --hide-scrollbars --mute-audio --blink-settings=primaryHoverType=2,availableHoverTypes=2,primaryPointerType=4,availablePointerTypes=4 --no-sandbox --user-data-dir=/tmp/playwright_chromiumdev_profile-PGX2ph --remote-debugging-pipe --no-startup-window
      - <launched> pid=21465
      - [pid=21465][err] /home/user/.cache/ms-playwright/chromium-1234/chrome-linux64/chrome: error while loading shared libraries: libnspr4.so: cannot open shared object file: No such file or directory
      - [pid=21465] <gracefully close start>
      - [pid=21465] <kill>
      - [pid=21465] <will force kill>
      - [pid=21465] exception while trying to kill process: Error: kill ESRCH
      - [pid=21465] <process did exit: exitCode=127, signal=null>
      - [pid=21465] starting temporary directories cleanup
      - [pid=21465] finished temporary directories cleanup
      - [pid=21465] <gracefully close end>


    Error Context: test-results/critical-flows-a-complete--486c4-ges-and-persists-completion-chromium/error-context.md

    attachment #2: trace (application/zip) ─────────────────────────────────────────────────────────
    test-results/critical-flows-a-complete--486c4-ges-and-persists-completion-chromium/trace.zip
    Usage:

        npx playwright show-trace test-results/critical-flows-a-complete--486c4-ges-and-persists-completion-chromium/trace.zip

    ────────────────────────────────────────────────────────────────────────────────────────────────


[24/82] [chromium] › tests/e2e/critical-flows.spec.ts:1658:1 › settings exports an encrypted DWNB archive and imports it as an isolated profile
  24) [chromium] › tests/e2e/critical-flows.spec.ts:1658:1 › settings exports an encrypted DWNB archive and imports it as an isolated profile 

    Error: browserType.launch: Target page, context or browser has been closed
    Browser logs:

    <launching> /home/user/.cache/ms-playwright/chromium-1234/chrome-linux64/chrome --disable-field-trial-config --disable-background-networking --disable-background-timer-throttling --disable-backgrounding-occluded-windows --disable-back-forward-cache --disable-breakpad --disable-client-side-phishing-detection --disable-component-extensions-with-background-pages --disable-component-update --no-default-browser-check --disable-default-apps --disable-dev-shm-usage --disable-edgeupdater --disable-extensions --disable-features=AvoidUnnecessaryBeforeUnloadCheckSync,BoundaryEventDispatchTracksNodeRemoval,DestroyProfileOnBrowserClose,DialMediaRouteProvider,GlobalMediaControls,HttpsUpgrades,LensOverlay,MediaRouter,PaintHolding,ThirdPartyStoragePartitioning,BlockOriginHeaderModificationOnRedirect,Translate,AutoDeElevate,OptimizationHints,msForceBrowserSignIn,msEdgeUpdateLaunchServicesPreferredVersion --enable-features=CDPScreenshotNewSurface --allow-pre-commit-input --disable-hang-monitor --disable-ipc-flooding-protection --disable-popup-blocking --disable-prompt-on-repost --disable-renderer-backgrounding --disable-updater-scheduler --force-color-profile=srgb --metrics-recording-only --no-first-run --password-store=basic --use-mock-keychain --no-service-autorun --export-tagged-pdf --disable-search-engine-choice-screen --unsafely-disable-devtools-self-xss-warnings --edge-skip-compat-layer-relaunch --disable-infobars --disable-search-engine-choice-screen --disable-sync --enable-unsafe-swiftshader --headless --hide-scrollbars --mute-audio --blink-settings=primaryHoverType=2,availableHoverTypes=2,primaryPointerType=4,availablePointerTypes=4 --no-sandbox --user-data-dir=/tmp/playwright_chromiumdev_profile-DOuiT6 --remote-debugging-pipe --no-startup-window
    <launched> pid=21478
    [pid=21478][err] /home/user/.cache/ms-playwright/chromium-1234/chrome-linux64/chrome: error while loading shared libraries: libnspr4.so: cannot open shared object file: No such file or directory
    Call log:
      - <launching> /home/user/.cache/ms-playwright/chromium-1234/chrome-linux64/chrome --disable-field-trial-config --disable-background-networking --disable-background-timer-throttling --disable-backgrounding-occluded-windows --disable-back-forward-cache --disable-breakpad --disable-client-side-phishing-detection --disable-component-extensions-with-background-pages --disable-component-update --no-default-browser-check --disable-default-apps --disable-dev-shm-usage --disable-edgeupdater --disable-extensions --disable-features=AvoidUnnecessaryBeforeUnloadCheckSync,BoundaryEventDispatchTracksNodeRemoval,DestroyProfileOnBrowserClose,DialMediaRouteProvider,GlobalMediaControls,HttpsUpgrades,LensOverlay,MediaRouter,PaintHolding,ThirdPartyStoragePartitioning,BlockOriginHeaderModificationOnRedirect,Translate,AutoDeElevate,OptimizationHints,msForceBrowserSignIn,msEdgeUpdateLaunchServicesPreferredVersion --enable-features=CDPScreenshotNewSurface --allow-pre-commit-input --disable-hang-monitor --disable-ipc-flooding-protection --disable-popup-blocking --disable-prompt-on-repost --disable-renderer-backgrounding --disable-updater-scheduler --force-color-profile=srgb --metrics-recording-only --no-first-run --password-store=basic --use-mock-keychain --no-service-autorun --export-tagged-pdf --disable-search-engine-choice-screen --unsafely-disable-devtools-self-xss-warnings --edge-skip-compat-layer-relaunch --disable-infobars --disable-search-engine-choice-screen --disable-sync --enable-unsafe-swiftshader --headless --hide-scrollbars --mute-audio --blink-settings=primaryHoverType=2,availableHoverTypes=2,primaryPointerType=4,availablePointerTypes=4 --no-sandbox --user-data-dir=/tmp/playwright_chromiumdev_profile-DOuiT6 --remote-debugging-pipe --no-startup-window
      - <launched> pid=21478
      - [pid=21478][err] /home/user/.cache/ms-playwright/chromium-1234/chrome-linux64/chrome: error while loading shared libraries: libnspr4.so: cannot open shared object file: No such file or directory
      - [pid=21478] <gracefully close start>
      - [pid=21478] <kill>
      - [pid=21478] <will force kill>
      - [pid=21478] exception while trying to kill process: Error: kill ESRCH
      - [pid=21478] <process did exit: exitCode=127, signal=null>
      - [pid=21478] starting temporary directories cleanup
      - [pid=21478] finished temporary directories cleanup
      - [pid=21478] <gracefully close end>


    Error Context: test-results/critical-flows-settings-ex-966c3-s-it-as-an-isolated-profile-chromium/error-context.md

    attachment #2: trace (application/zip) ─────────────────────────────────────────────────────────
    test-results/critical-flows-settings-ex-966c3-s-it-as-an-isolated-profile-chromium/trace.zip
    Usage:

        npx playwright show-trace test-results/critical-flows-settings-ex-966c3-s-it-as-an-isolated-profile-chromium/trace.zip

    ────────────────────────────────────────────────────────────────────────────────────────────────


[25/82] [chromium] › tests/e2e/critical-flows.spec.ts:1708:1 › a previously loaded library survives a real offline reload
  25) [chromium] › tests/e2e/critical-flows.spec.ts:1708:1 › a previously loaded library survives a real offline reload 

    Error: browserType.launch: Target page, context or browser has been closed
    Browser logs:

    <launching> /home/user/.cache/ms-playwright/chromium-1234/chrome-linux64/chrome --disable-field-trial-config --disable-background-networking --disable-background-timer-throttling --disable-backgrounding-occluded-windows --disable-back-forward-cache --disable-breakpad --disable-client-side-phishing-detection --disable-component-extensions-with-background-pages --disable-component-update --no-default-browser-check --disable-default-apps --disable-dev-shm-usage --disable-edgeupdater --disable-extensions --disable-features=AvoidUnnecessaryBeforeUnloadCheckSync,BoundaryEventDispatchTracksNodeRemoval,DestroyProfileOnBrowserClose,DialMediaRouteProvider,GlobalMediaControls,HttpsUpgrades,LensOverlay,MediaRouter,PaintHolding,ThirdPartyStoragePartitioning,BlockOriginHeaderModificationOnRedirect,Translate,AutoDeElevate,OptimizationHints,msForceBrowserSignIn,msEdgeUpdateLaunchServicesPreferredVersion --enable-features=CDPScreenshotNewSurface --allow-pre-commit-input --disable-hang-monitor --disable-ipc-flooding-protection --disable-popup-blocking --disable-prompt-on-repost --disable-renderer-backgrounding --disable-updater-scheduler --force-color-profile=srgb --metrics-recording-only --no-first-run --password-store=basic --use-mock-keychain --no-service-autorun --export-tagged-pdf --disable-search-engine-choice-screen --unsafely-disable-devtools-self-xss-warnings --edge-skip-compat-layer-relaunch --disable-infobars --disable-search-engine-choice-screen --disable-sync --enable-unsafe-swiftshader --headless --hide-scrollbars --mute-audio --blink-settings=primaryHoverType=2,availableHoverTypes=2,primaryPointerType=4,availablePointerTypes=4 --no-sandbox --user-data-dir=/tmp/playwright_chromiumdev_profile-DV0J3n --remote-debugging-pipe --no-startup-window
    <launched> pid=21491
    [pid=21491][err] /home/user/.cache/ms-playwright/chromium-1234/chrome-linux64/chrome: error while loading shared libraries: libnspr4.so: cannot open shared object file: No such file or directory
    Call log:
      - <launching> /home/user/.cache/ms-playwright/chromium-1234/chrome-linux64/chrome --disable-field-trial-config --disable-background-networking --disable-background-timer-throttling --disable-backgrounding-occluded-windows --disable-back-forward-cache --disable-breakpad --disable-client-side-phishing-detection --disable-component-extensions-with-background-pages --disable-component-update --no-default-browser-check --disable-default-apps --disable-dev-shm-usage --disable-edgeupdater --disable-extensions --disable-features=AvoidUnnecessaryBeforeUnloadCheckSync,BoundaryEventDispatchTracksNodeRemoval,DestroyProfileOnBrowserClose,DialMediaRouteProvider,GlobalMediaControls,HttpsUpgrades,LensOverlay,MediaRouter,PaintHolding,ThirdPartyStoragePartitioning,BlockOriginHeaderModificationOnRedirect,Translate,AutoDeElevate,OptimizationHints,msForceBrowserSignIn,msEdgeUpdateLaunchServicesPreferredVersion --enable-features=CDPScreenshotNewSurface --allow-pre-commit-input --disable-hang-monitor --disable-ipc-flooding-protection --disable-popup-blocking --disable-prompt-on-repost --disable-renderer-backgrounding --disable-updater-scheduler --force-color-profile=srgb --metrics-recording-only --no-first-run --password-store=basic --use-mock-keychain --no-service-autorun --export-tagged-pdf --disable-search-engine-choice-screen --unsafely-disable-devtools-self-xss-warnings --edge-skip-compat-layer-relaunch --disable-infobars --disable-search-engine-choice-screen --disable-sync --enable-unsafe-swiftshader --headless --hide-scrollbars --mute-audio --blink-settings=primaryHoverType=2,availableHoverTypes=2,primaryPointerType=4,availablePointerTypes=4 --no-sandbox --user-data-dir=/tmp/playwright_chromiumdev_profile-DV0J3n --remote-debugging-pipe --no-startup-window
      - <launched> pid=21491
      - [pid=21491][err] /home/user/.cache/ms-playwright/chromium-1234/chrome-linux64/chrome: error while loading shared libraries: libnspr4.so: cannot open shared object file: No such file or directory
      - [pid=21491] <gracefully close start>
      - [pid=21491] <kill>
      - [pid=21491] <will force kill>
      - [pid=21491] exception while trying to kill process: Error: kill ESRCH
      - [pid=21491] <process did exit: exitCode=127, signal=null>
      - [pid=21491] starting temporary directories cleanup
      - [pid=21491] finished temporary directories cleanup
      - [pid=21491] <gracefully close end>


    Error Context: test-results/critical-flows-a-previousl-c9c75-vives-a-real-offline-reload-chromium/error-context.md

    attachment #2: trace (application/zip) ─────────────────────────────────────────────────────────
    test-results/critical-flows-a-previousl-c9c75-vives-a-real-offline-reload-chromium/trace.zip
    Usage:

        npx playwright show-trace test-results/critical-flows-a-previousl-c9c75-vives-a-real-offline-reload-chromium/trace.zip

    ────────────────────────────────────────────────────────────────────────────────────────────────


[26/82] [chromium] › tests/e2e/critical-flows.spec.ts:1733:1 › the optional full content pack opens unvisited lessons and exam tasks offline
  26) [chromium] › tests/e2e/critical-flows.spec.ts:1733:1 › the optional full content pack opens unvisited lessons and exam tasks offline 

    Error: browserType.launch: Target page, context or browser has been closed
    Browser logs:

    <launching> /home/user/.cache/ms-playwright/chromium-1234/chrome-linux64/chrome --disable-field-trial-config --disable-background-networking --disable-background-timer-throttling --disable-backgrounding-occluded-windows --disable-back-forward-cache --disable-breakpad --disable-client-side-phishing-detection --disable-component-extensions-with-background-pages --disable-component-update --no-default-browser-check --disable-default-apps --disable-dev-shm-usage --disable-edgeupdater --disable-extensions --disable-features=AvoidUnnecessaryBeforeUnloadCheckSync,BoundaryEventDispatchTracksNodeRemoval,DestroyProfileOnBrowserClose,DialMediaRouteProvider,GlobalMediaControls,HttpsUpgrades,LensOverlay,MediaRouter,PaintHolding,ThirdPartyStoragePartitioning,BlockOriginHeaderModificationOnRedirect,Translate,AutoDeElevate,OptimizationHints,msForceBrowserSignIn,msEdgeUpdateLaunchServicesPreferredVersion --enable-features=CDPScreenshotNewSurface --allow-pre-commit-input --disable-hang-monitor --disable-ipc-flooding-protection --disable-popup-blocking --disable-prompt-on-repost --disable-renderer-backgrounding --disable-updater-scheduler --force-color-profile=srgb --metrics-recording-only --no-first-run --password-store=basic --use-mock-keychain --no-service-autorun --export-tagged-pdf --disable-search-engine-choice-screen --unsafely-disable-devtools-self-xss-warnings --edge-skip-compat-layer-relaunch --disable-infobars --disable-search-engine-choice-screen --disable-sync --enable-unsafe-swiftshader --headless --hide-scrollbars --mute-audio --blink-settings=primaryHoverType=2,availableHoverTypes=2,primaryPointerType=4,availablePointerTypes=4 --no-sandbox --user-data-dir=/tmp/playwright_chromiumdev_profile-xTZmJI --remote-debugging-pipe --no-startup-window
    <launched> pid=21504
    [pid=21504][err] /home/user/.cache/ms-playwright/chromium-1234/chrome-linux64/chrome: error while loading shared libraries: libnspr4.so: cannot open shared object file: No such file or directory
    Call log:
      - <launching> /home/user/.cache/ms-playwright/chromium-1234/chrome-linux64/chrome --disable-field-trial-config --disable-background-networking --disable-background-timer-throttling --disable-backgrounding-occluded-windows --disable-back-forward-cache --disable-breakpad --disable-client-side-phishing-detection --disable-component-extensions-with-background-pages --disable-component-update --no-default-browser-check --disable-default-apps --disable-dev-shm-usage --disable-edgeupdater --disable-extensions --disable-features=AvoidUnnecessaryBeforeUnloadCheckSync,BoundaryEventDispatchTracksNodeRemoval,DestroyProfileOnBrowserClose,DialMediaRouteProvider,GlobalMediaControls,HttpsUpgrades,LensOverlay,MediaRouter,PaintHolding,ThirdPartyStoragePartitioning,BlockOriginHeaderModificationOnRedirect,Translate,AutoDeElevate,OptimizationHints,msForceBrowserSignIn,msEdgeUpdateLaunchServicesPreferredVersion --enable-features=CDPScreenshotNewSurface --allow-pre-commit-input --disable-hang-monitor --disable-ipc-flooding-protection --disable-popup-blocking --disable-prompt-on-repost --disable-renderer-backgrounding --disable-updater-scheduler --force-color-profile=srgb --metrics-recording-only --no-first-run --password-store=basic --use-mock-keychain --no-service-autorun --export-tagged-pdf --disable-search-engine-choice-screen --unsafely-disable-devtools-self-xss-warnings --edge-skip-compat-layer-relaunch --disable-infobars --disable-search-engine-choice-screen --disable-sync --enable-unsafe-swiftshader --headless --hide-scrollbars --mute-audio --blink-settings=primaryHoverType=2,availableHoverTypes=2,primaryPointerType=4,availablePointerTypes=4 --no-sandbox --user-data-dir=/tmp/playwright_chromiumdev_profile-xTZmJI --remote-debugging-pipe --no-startup-window
      - <launched> pid=21504
      - [pid=21504][err] /home/user/.cache/ms-playwright/chromium-1234/chrome-linux64/chrome: error while loading shared libraries: libnspr4.so: cannot open shared object file: No such file or directory
      - [pid=21504] <gracefully close start>
      - [pid=21504] <kill>
      - [pid=21504] <will force kill>
      - [pid=21504] exception while trying to kill process: Error: kill ESRCH
      - [pid=21504] <process did exit: exitCode=127, signal=null>
      - [pid=21504] starting temporary directories cleanup
      - [pid=21504] finished temporary directories cleanup
      - [pid=21504] <gracefully close end>


    Error Context: test-results/critical-flows-the-optiona-b61fe-sons-and-exam-tasks-offline-chromium/error-context.md

    attachment #2: trace (application/zip) ─────────────────────────────────────────────────────────
    test-results/critical-flows-the-optiona-b61fe-sons-and-exam-tasks-offline-chromium/trace.zip
    Usage:

        npx playwright show-trace test-results/critical-flows-the-optiona-b61fe-sons-and-exam-tasks-offline-chromium/trace.zip

    ────────────────────────────────────────────────────────────────────────────────────────────────


[27/82] [chromium] › tests/e2e/critical-flows.spec.ts:1871:1 › continuous full-exam mode persists one central clock and blocks task skipping
  27) [chromium] › tests/e2e/critical-flows.spec.ts:1871:1 › continuous full-exam mode persists one central clock and blocks task skipping 

    Error: browserType.launch: Target page, context or browser has been closed
    Browser logs:

    <launching> /home/user/.cache/ms-playwright/chromium-1234/chrome-linux64/chrome --disable-field-trial-config --disable-background-networking --disable-background-timer-throttling --disable-backgrounding-occluded-windows --disable-back-forward-cache --disable-breakpad --disable-client-side-phishing-detection --disable-component-extensions-with-background-pages --disable-component-update --no-default-browser-check --disable-default-apps --disable-dev-shm-usage --disable-edgeupdater --disable-extensions --disable-features=AvoidUnnecessaryBeforeUnloadCheckSync,BoundaryEventDispatchTracksNodeRemoval,DestroyProfileOnBrowserClose,DialMediaRouteProvider,GlobalMediaControls,HttpsUpgrades,LensOverlay,MediaRouter,PaintHolding,ThirdPartyStoragePartitioning,BlockOriginHeaderModificationOnRedirect,Translate,AutoDeElevate,OptimizationHints,msForceBrowserSignIn,msEdgeUpdateLaunchServicesPreferredVersion --enable-features=CDPScreenshotNewSurface --allow-pre-commit-input --disable-hang-monitor --disable-ipc-flooding-protection --disable-popup-blocking --disable-prompt-on-repost --disable-renderer-backgrounding --disable-updater-scheduler --force-color-profile=srgb --metrics-recording-only --no-first-run --password-store=basic --use-mock-keychain --no-service-autorun --export-tagged-pdf --disable-search-engine-choice-screen --unsafely-disable-devtools-self-xss-warnings --edge-skip-compat-layer-relaunch --disable-infobars --disable-search-engine-choice-screen --disable-sync --enable-unsafe-swiftshader --headless --hide-scrollbars --mute-audio --blink-settings=primaryHoverType=2,availableHoverTypes=2,primaryPointerType=4,availablePointerTypes=4 --no-sandbox --user-data-dir=/tmp/playwright_chromiumdev_profile-TQWld1 --remote-debugging-pipe --no-startup-window
    <launched> pid=21517
    [pid=21517][err] /home/user/.cache/ms-playwright/chromium-1234/chrome-linux64/chrome: error while loading shared libraries: libnspr4.so: cannot open shared object file: No such file or directory
    Call log:
      - <launching> /home/user/.cache/ms-playwright/chromium-1234/chrome-linux64/chrome --disable-field-trial-config --disable-background-networking --disable-background-timer-throttling --disable-backgrounding-occluded-windows --disable-back-forward-cache --disable-breakpad --disable-client-side-phishing-detection --disable-component-extensions-with-background-pages --disable-component-update --no-default-browser-check --disable-default-apps --disable-dev-shm-usage --disable-edgeupdater --disable-extensions --disable-features=AvoidUnnecessaryBeforeUnloadCheckSync,BoundaryEventDispatchTracksNodeRemoval,DestroyProfileOnBrowserClose,DialMediaRouteProvider,GlobalMediaControls,HttpsUpgrades,LensOverlay,MediaRouter,PaintHolding,ThirdPartyStoragePartitioning,BlockOriginHeaderModificationOnRedirect,Translate,AutoDeElevate,OptimizationHints,msForceBrowserSignIn,msEdgeUpdateLaunchServicesPreferredVersion --enable-features=CDPScreenshotNewSurface --allow-pre-commit-input --disable-hang-monitor --disable-ipc-flooding-protection --disable-popup-blocking --disable-prompt-on-repost --disable-renderer-backgrounding --disable-updater-scheduler --force-color-profile=srgb --metrics-recording-only --no-first-run --password-store=basic --use-mock-keychain --no-service-autorun --export-tagged-pdf --disable-search-engine-choice-screen --unsafely-disable-devtools-self-xss-warnings --edge-skip-compat-layer-relaunch --disable-infobars --disable-search-engine-choice-screen --disable-sync --enable-unsafe-swiftshader --headless --hide-scrollbars --mute-audio --blink-settings=primaryHoverType=2,availableHoverTypes=2,primaryPointerType=4,availablePointerTypes=4 --no-sandbox --user-data-dir=/tmp/playwright_chromiumdev_profile-TQWld1 --remote-debugging-pipe --no-startup-window
      - <launched> pid=21517
      - [pid=21517][err] /home/user/.cache/ms-playwright/chromium-1234/chrome-linux64/chrome: error while loading shared libraries: libnspr4.so: cannot open shared object file: No such file or directory
      - [pid=21517] <gracefully close start>
      - [pid=21517] <kill>
      - [pid=21517] <will force kill>
      - [pid=21517] exception while trying to kill process: Error: kill ESRCH
      - [pid=21517] <process did exit: exitCode=127, signal=null>
      - [pid=21517] starting temporary directories cleanup
      - [pid=21517] finished temporary directories cleanup
      - [pid=21517] <gracefully close end>


    Error Context: test-results/critical-flows-continuous--fd327-ck-and-blocks-task-skipping-chromium/error-context.md

    attachment #2: trace (application/zip) ─────────────────────────────────────────────────────────
    test-results/critical-flows-continuous--fd327-ck-and-blocks-task-skipping-chromium/trace.zip
    Usage:

        npx playwright show-trace test-results/critical-flows-continuous--fd327-ck-and-blocks-task-skipping-chromium/trace.zip

    ────────────────────────────────────────────────────────────────────────────────────────────────


[28/82] [chromium] › tests/e2e/critical-flows.spec.ts:2063:1 › progress and daily coach derive metrics, risks, dates, and streaks from evidence
  28) [chromium] › tests/e2e/critical-flows.spec.ts:2063:1 › progress and daily coach derive metrics, risks, dates, and streaks from evidence 

    Error: browserType.launch: Target page, context or browser has been closed
    Browser logs:

    <launching> /home/user/.cache/ms-playwright/chromium-1234/chrome-linux64/chrome --disable-field-trial-config --disable-background-networking --disable-background-timer-throttling --disable-backgrounding-occluded-windows --disable-back-forward-cache --disable-breakpad --disable-client-side-phishing-detection --disable-component-extensions-with-background-pages --disable-component-update --no-default-browser-check --disable-default-apps --disable-dev-shm-usage --disable-edgeupdater --disable-extensions --disable-features=AvoidUnnecessaryBeforeUnloadCheckSync,BoundaryEventDispatchTracksNodeRemoval,DestroyProfileOnBrowserClose,DialMediaRouteProvider,GlobalMediaControls,HttpsUpgrades,LensOverlay,MediaRouter,PaintHolding,ThirdPartyStoragePartitioning,BlockOriginHeaderModificationOnRedirect,Translate,AutoDeElevate,OptimizationHints,msForceBrowserSignIn,msEdgeUpdateLaunchServicesPreferredVersion --enable-features=CDPScreenshotNewSurface --allow-pre-commit-input --disable-hang-monitor --disable-ipc-flooding-protection --disable-popup-blocking --disable-prompt-on-repost --disable-renderer-backgrounding --disable-updater-scheduler --force-color-profile=srgb --metrics-recording-only --no-first-run --password-store=basic --use-mock-keychain --no-service-autorun --export-tagged-pdf --disable-search-engine-choice-screen --unsafely-disable-devtools-self-xss-warnings --edge-skip-compat-layer-relaunch --disable-infobars --disable-search-engine-choice-screen --disable-sync --enable-unsafe-swiftshader --headless --hide-scrollbars --mute-audio --blink-settings=primaryHoverType=2,availableHoverTypes=2,primaryPointerType=4,availablePointerTypes=4 --no-sandbox --user-data-dir=/tmp/playwright_chromiumdev_profile-k74pMd --remote-debugging-pipe --no-startup-window
    <launched> pid=21530
    [pid=21530][err] /home/user/.cache/ms-playwright/chromium-1234/chrome-linux64/chrome: error while loading shared libraries: libnspr4.so: cannot open shared object file: No such file or directory
    Call log:
      - <launching> /home/user/.cache/ms-playwright/chromium-1234/chrome-linux64/chrome --disable-field-trial-config --disable-background-networking --disable-background-timer-throttling --disable-backgrounding-occluded-windows --disable-back-forward-cache --disable-breakpad --disable-client-side-phishing-detection --disable-component-extensions-with-background-pages --disable-component-update --no-default-browser-check --disable-default-apps --disable-dev-shm-usage --disable-edgeupdater --disable-extensions --disable-features=AvoidUnnecessaryBeforeUnloadCheckSync,BoundaryEventDispatchTracksNodeRemoval,DestroyProfileOnBrowserClose,DialMediaRouteProvider,GlobalMediaControls,HttpsUpgrades,LensOverlay,MediaRouter,PaintHolding,ThirdPartyStoragePartitioning,BlockOriginHeaderModificationOnRedirect,Translate,AutoDeElevate,OptimizationHints,msForceBrowserSignIn,msEdgeUpdateLaunchServicesPreferredVersion --enable-features=CDPScreenshotNewSurface --allow-pre-commit-input --disable-hang-monitor --disable-ipc-flooding-protection --disable-popup-blocking --disable-prompt-on-repost --disable-renderer-backgrounding --disable-updater-scheduler --force-color-profile=srgb --metrics-recording-only --no-first-run --password-store=basic --use-mock-keychain --no-service-autorun --export-tagged-pdf --disable-search-engine-choice-screen --unsafely-disable-devtools-self-xss-warnings --edge-skip-compat-layer-relaunch --disable-infobars --disable-search-engine-choice-screen --disable-sync --enable-unsafe-swiftshader --headless --hide-scrollbars --mute-audio --blink-settings=primaryHoverType=2,availableHoverTypes=2,primaryPointerType=4,availablePointerTypes=4 --no-sandbox --user-data-dir=/tmp/playwright_chromiumdev_profile-k74pMd --remote-debugging-pipe --no-startup-window
      - <launched> pid=21530
      - [pid=21530][err] /home/user/.cache/ms-playwright/chromium-1234/chrome-linux64/chrome: error while loading shared libraries: libnspr4.so: cannot open shared object file: No such file or directory
      - [pid=21530] <gracefully close start>
      - [pid=21530] <kill>
      - [pid=21530] <will force kill>
      - [pid=21530] exception while trying to kill process: Error: kill ESRCH
      - [pid=21530] <process did exit: exitCode=127, signal=null>
      - [pid=21530] starting temporary directories cleanup
      - [pid=21530] finished temporary directories cleanup
      - [pid=21530] <gracefully close end>


    Error Context: test-results/critical-flows-progress-an-9a709-s-and-streaks-from-evidence-chromium/error-context.md

    attachment #2: trace (application/zip) ─────────────────────────────────────────────────────────
    test-results/critical-flows-progress-an-9a709-s-and-streaks-from-evidence-chromium/trace.zip
    Usage:

        npx playwright show-trace test-results/critical-flows-progress-an-9a709-s-and-streaks-from-evidence-chromium/trace.zip

    ────────────────────────────────────────────────────────────────────────────────────────────────


[29/82] [chromium] › tests/e2e/critical-flows.spec.ts:2136:1 › keyboard users can skip navigation, follow lesson focus, hear results, and escape modals
  29) [chromium] › tests/e2e/critical-flows.spec.ts:2136:1 › keyboard users can skip navigation, follow lesson focus, hear results, and escape modals 

    Error: browserType.launch: Target page, context or browser has been closed
    Browser logs:

    <launching> /home/user/.cache/ms-playwright/chromium-1234/chrome-linux64/chrome --disable-field-trial-config --disable-background-networking --disable-background-timer-throttling --disable-backgrounding-occluded-windows --disable-back-forward-cache --disable-breakpad --disable-client-side-phishing-detection --disable-component-extensions-with-background-pages --disable-component-update --no-default-browser-check --disable-default-apps --disable-dev-shm-usage --disable-edgeupdater --disable-extensions --disable-features=AvoidUnnecessaryBeforeUnloadCheckSync,BoundaryEventDispatchTracksNodeRemoval,DestroyProfileOnBrowserClose,DialMediaRouteProvider,GlobalMediaControls,HttpsUpgrades,LensOverlay,MediaRouter,PaintHolding,ThirdPartyStoragePartitioning,BlockOriginHeaderModificationOnRedirect,Translate,AutoDeElevate,OptimizationHints,msForceBrowserSignIn,msEdgeUpdateLaunchServicesPreferredVersion --enable-features=CDPScreenshotNewSurface --allow-pre-commit-input --disable-hang-monitor --disable-ipc-flooding-protection --disable-popup-blocking --disable-prompt-on-repost --disable-renderer-backgrounding --disable-updater-scheduler --force-color-profile=srgb --metrics-recording-only --no-first-run --password-store=basic --use-mock-keychain --no-service-autorun --export-tagged-pdf --disable-search-engine-choice-screen --unsafely-disable-devtools-self-xss-warnings --edge-skip-compat-layer-relaunch --disable-infobars --disable-search-engine-choice-screen --disable-sync --enable-unsafe-swiftshader --headless --hide-scrollbars --mute-audio --blink-settings=primaryHoverType=2,availableHoverTypes=2,primaryPointerType=4,availablePointerTypes=4 --no-sandbox --user-data-dir=/tmp/playwright_chromiumdev_profile-sOszCs --remote-debugging-pipe --no-startup-window
    <launched> pid=21550
    [pid=21550][err] /home/user/.cache/ms-playwright/chromium-1234/chrome-linux64/chrome: error while loading shared libraries: libnspr4.so: cannot open shared object file: No such file or directory
    Call log:
      - <launching> /home/user/.cache/ms-playwright/chromium-1234/chrome-linux64/chrome --disable-field-trial-config --disable-background-networking --disable-background-timer-throttling --disable-backgrounding-occluded-windows --disable-back-forward-cache --disable-breakpad --disable-client-side-phishing-detection --disable-component-extensions-with-background-pages --disable-component-update --no-default-browser-check --disable-default-apps --disable-dev-shm-usage --disable-edgeupdater --disable-extensions --disable-features=AvoidUnnecessaryBeforeUnloadCheckSync,BoundaryEventDispatchTracksNodeRemoval,DestroyProfileOnBrowserClose,DialMediaRouteProvider,GlobalMediaControls,HttpsUpgrades,LensOverlay,MediaRouter,PaintHolding,ThirdPartyStoragePartitioning,BlockOriginHeaderModificationOnRedirect,Translate,AutoDeElevate,OptimizationHints,msForceBrowserSignIn,msEdgeUpdateLaunchServicesPreferredVersion --enable-features=CDPScreenshotNewSurface --allow-pre-commit-input --disable-hang-monitor --disable-ipc-flooding-protection --disable-popup-blocking --disable-prompt-on-repost --disable-renderer-backgrounding --disable-updater-scheduler --force-color-profile=srgb --metrics-recording-only --no-first-run --password-store=basic --use-mock-keychain --no-service-autorun --export-tagged-pdf --disable-search-engine-choice-screen --unsafely-disable-devtools-self-xss-warnings --edge-skip-compat-layer-relaunch --disable-infobars --disable-search-engine-choice-screen --disable-sync --enable-unsafe-swiftshader --headless --hide-scrollbars --mute-audio --blink-settings=primaryHoverType=2,availableHoverTypes=2,primaryPointerType=4,availablePointerTypes=4 --no-sandbox --user-data-dir=/tmp/playwright_chromiumdev_profile-sOszCs --remote-debugging-pipe --no-startup-window
      - <launched> pid=21550
      - [pid=21550][err] /home/user/.cache/ms-playwright/chromium-1234/chrome-linux64/chrome: error while loading shared libraries: libnspr4.so: cannot open shared object file: No such file or directory
      - [pid=21550] <gracefully close start>
      - [pid=21550] <kill>
      - [pid=21550] <will force kill>
      - [pid=21550] exception while trying to kill process: Error: kill ESRCH
      - [pid=21550] <process did exit: exitCode=127, signal=null>
      - [pid=21550] starting temporary directories cleanup
      - [pid=21550] finished temporary directories cleanup
      - [pid=21550] <gracefully close end>


    Error Context: test-results/critical-flows-keyboard-us-3e795-r-results-and-escape-modals-chromium/error-context.md

    attachment #2: trace (application/zip) ─────────────────────────────────────────────────────────
    test-results/critical-flows-keyboard-us-3e795-r-results-and-escape-modals-chromium/trace.zip
    Usage:

        npx playwright show-trace test-results/critical-flows-keyboard-us-3e795-r-results-and-escape-modals-chromium/trace.zip

    ────────────────────────────────────────────────────────────────────────────────────────────────


[30/82] [chromium] › tests/e2e/critical-flows.spec.ts:2184:1 › Arabic shell and every tested German or technical fragment keep explicit Bidi boundaries
  30) [chromium] › tests/e2e/critical-flows.spec.ts:2184:1 › Arabic shell and every tested German or technical fragment keep explicit Bidi boundaries 

    Error: browserType.launch: Target page, context or browser has been closed
    Browser logs:

    <launching> /home/user/.cache/ms-playwright/chromium-1234/chrome-linux64/chrome --disable-field-trial-config --disable-background-networking --disable-background-timer-throttling --disable-backgrounding-occluded-windows --disable-back-forward-cache --disable-breakpad --disable-client-side-phishing-detection --disable-component-extensions-with-background-pages --disable-component-update --no-default-browser-check --disable-default-apps --disable-dev-shm-usage --disable-edgeupdater --disable-extensions --disable-features=AvoidUnnecessaryBeforeUnloadCheckSync,BoundaryEventDispatchTracksNodeRemoval,DestroyProfileOnBrowserClose,DialMediaRouteProvider,GlobalMediaControls,HttpsUpgrades,LensOverlay,MediaRouter,PaintHolding,ThirdPartyStoragePartitioning,BlockOriginHeaderModificationOnRedirect,Translate,AutoDeElevate,OptimizationHints,msForceBrowserSignIn,msEdgeUpdateLaunchServicesPreferredVersion --enable-features=CDPScreenshotNewSurface --allow-pre-commit-input --disable-hang-monitor --disable-ipc-flooding-protection --disable-popup-blocking --disable-prompt-on-repost --disable-renderer-backgrounding --disable-updater-scheduler --force-color-profile=srgb --metrics-recording-only --no-first-run --password-store=basic --use-mock-keychain --no-service-autorun --export-tagged-pdf --disable-search-engine-choice-screen --unsafely-disable-devtools-self-xss-warnings --edge-skip-compat-layer-relaunch --disable-infobars --disable-search-engine-choice-screen --disable-sync --enable-unsafe-swiftshader --headless --hide-scrollbars --mute-audio --blink-settings=primaryHoverType=2,availableHoverTypes=2,primaryPointerType=4,availablePointerTypes=4 --no-sandbox --user-data-dir=/tmp/playwright_chromiumdev_profile-SHBJYQ --remote-debugging-pipe --no-startup-window
    <launched> pid=21563
    [pid=21563][err] /home/user/.cache/ms-playwright/chromium-1234/chrome-linux64/chrome: error while loading shared libraries: libnspr4.so: cannot open shared object file: No such file or directory
    Call log:
      - <launching> /home/user/.cache/ms-playwright/chromium-1234/chrome-linux64/chrome --disable-field-trial-config --disable-background-networking --disable-background-timer-throttling --disable-backgrounding-occluded-windows --disable-back-forward-cache --disable-breakpad --disable-client-side-phishing-detection --disable-component-extensions-with-background-pages --disable-component-update --no-default-browser-check --disable-default-apps --disable-dev-shm-usage --disable-edgeupdater --disable-extensions --disable-features=AvoidUnnecessaryBeforeUnloadCheckSync,BoundaryEventDispatchTracksNodeRemoval,DestroyProfileOnBrowserClose,DialMediaRouteProvider,GlobalMediaControls,HttpsUpgrades,LensOverlay,MediaRouter,PaintHolding,ThirdPartyStoragePartitioning,BlockOriginHeaderModificationOnRedirect,Translate,AutoDeElevate,OptimizationHints,msForceBrowserSignIn,msEdgeUpdateLaunchServicesPreferredVersion --enable-features=CDPScreenshotNewSurface --allow-pre-commit-input --disable-hang-monitor --disable-ipc-flooding-protection --disable-popup-blocking --disable-prompt-on-repost --disable-renderer-backgrounding --disable-updater-scheduler --force-color-profile=srgb --metrics-recording-only --no-first-run --password-store=basic --use-mock-keychain --no-service-autorun --export-tagged-pdf --disable-search-engine-choice-screen --unsafely-disable-devtools-self-xss-warnings --edge-skip-compat-layer-relaunch --disable-infobars --disable-search-engine-choice-screen --disable-sync --enable-unsafe-swiftshader --headless --hide-scrollbars --mute-audio --blink-settings=primaryHoverType=2,availableHoverTypes=2,primaryPointerType=4,availablePointerTypes=4 --no-sandbox --user-data-dir=/tmp/playwright_chromiumdev_profile-SHBJYQ --remote-debugging-pipe --no-startup-window
      - <launched> pid=21563
      - [pid=21563][err] /home/user/.cache/ms-playwright/chromium-1234/chrome-linux64/chrome: error while loading shared libraries: libnspr4.so: cannot open shared object file: No such file or directory
      - [pid=21563] <gracefully close start>
      - [pid=21563] <kill>
      - [pid=21563] <will force kill>
      - [pid=21563] exception while trying to kill process: Error: kill ESRCH
      - [pid=21563] <process did exit: exitCode=127, signal=null>
      - [pid=21563] starting temporary directories cleanup
      - [pid=21563] finished temporary directories cleanup
      - [pid=21563] <gracefully close end>


    Error Context: test-results/critical-flows-Arabic-shel-70203-ep-explicit-Bidi-boundaries-chromium/error-context.md

    attachment #2: trace (application/zip) ─────────────────────────────────────────────────────────
    test-results/critical-flows-Arabic-shel-70203-ep-explicit-Bidi-boundaries-chromium/trace.zip
    Usage:

        npx playwright show-trace test-results/critical-flows-Arabic-shel-70203-ep-explicit-Bidi-boundaries-chromium/trace.zip

    ────────────────────────────────────────────────────────────────────────────────────────────────


[31/82] [chromium] › tests/e2e/critical-flows.spec.ts:2199:1 › high-confidence errors route through prerequisite repair into deduplicated no-mastery SRS
  31) [chromium] › tests/e2e/critical-flows.spec.ts:2199:1 › high-confidence errors route through prerequisite repair into deduplicated no-mastery SRS 

    Error: browserType.launch: Target page, context or browser has been closed
    Browser logs:

    <launching> /home/user/.cache/ms-playwright/chromium-1234/chrome-linux64/chrome --disable-field-trial-config --disable-background-networking --disable-background-timer-throttling --disable-backgrounding-occluded-windows --disable-back-forward-cache --disable-breakpad --disable-client-side-phishing-detection --disable-component-extensions-with-background-pages --disable-component-update --no-default-browser-check --disable-default-apps --disable-dev-shm-usage --disable-edgeupdater --disable-extensions --disable-features=AvoidUnnecessaryBeforeUnloadCheckSync,BoundaryEventDispatchTracksNodeRemoval,DestroyProfileOnBrowserClose,DialMediaRouteProvider,GlobalMediaControls,HttpsUpgrades,LensOverlay,MediaRouter,PaintHolding,ThirdPartyStoragePartitioning,BlockOriginHeaderModificationOnRedirect,Translate,AutoDeElevate,OptimizationHints,msForceBrowserSignIn,msEdgeUpdateLaunchServicesPreferredVersion --enable-features=CDPScreenshotNewSurface --allow-pre-commit-input --disable-hang-monitor --disable-ipc-flooding-protection --disable-popup-blocking --disable-prompt-on-repost --disable-renderer-backgrounding --disable-updater-scheduler --force-color-profile=srgb --metrics-recording-only --no-first-run --password-store=basic --use-mock-keychain --no-service-autorun --export-tagged-pdf --disable-search-engine-choice-screen --unsafely-disable-devtools-self-xss-warnings --edge-skip-compat-layer-relaunch --disable-infobars --disable-search-engine-choice-screen --disable-sync --enable-unsafe-swiftshader --headless --hide-scrollbars --mute-audio --blink-settings=primaryHoverType=2,availableHoverTypes=2,primaryPointerType=4,availablePointerTypes=4 --no-sandbox --user-data-dir=/tmp/playwright_chromiumdev_profile-SeDahL --remote-debugging-pipe --no-startup-window
    <launched> pid=21576
    [pid=21576][err] /home/user/.cache/ms-playwright/chromium-1234/chrome-linux64/chrome: error while loading shared libraries: libnspr4.so: cannot open shared object file: No such file or directory
    Call log:
      - <launching> /home/user/.cache/ms-playwright/chromium-1234/chrome-linux64/chrome --disable-field-trial-config --disable-background-networking --disable-background-timer-throttling --disable-backgrounding-occluded-windows --disable-back-forward-cache --disable-breakpad --disable-client-side-phishing-detection --disable-component-extensions-with-background-pages --disable-component-update --no-default-browser-check --disable-default-apps --disable-dev-shm-usage --disable-edgeupdater --disable-extensions --disable-features=AvoidUnnecessaryBeforeUnloadCheckSync,BoundaryEventDispatchTracksNodeRemoval,DestroyProfileOnBrowserClose,DialMediaRouteProvider,GlobalMediaControls,HttpsUpgrades,LensOverlay,MediaRouter,PaintHolding,ThirdPartyStoragePartitioning,BlockOriginHeaderModificationOnRedirect,Translate,AutoDeElevate,OptimizationHints,msForceBrowserSignIn,msEdgeUpdateLaunchServicesPreferredVersion --enable-features=CDPScreenshotNewSurface --allow-pre-commit-input --disable-hang-monitor --disable-ipc-flooding-protection --disable-popup-blocking --disable-prompt-on-repost --disable-renderer-backgrounding --disable-updater-scheduler --force-color-profile=srgb --metrics-recording-only --no-first-run --password-store=basic --use-mock-keychain --no-service-autorun --export-tagged-pdf --disable-search-engine-choice-screen --unsafely-disable-devtools-self-xss-warnings --edge-skip-compat-layer-relaunch --disable-infobars --disable-search-engine-choice-screen --disable-sync --enable-unsafe-swiftshader --headless --hide-scrollbars --mute-audio --blink-settings=primaryHoverType=2,availableHoverTypes=2,primaryPointerType=4,availablePointerTypes=4 --no-sandbox --user-data-dir=/tmp/playwright_chromiumdev_profile-SeDahL --remote-debugging-pipe --no-startup-window
      - <launched> pid=21576
      - [pid=21576][err] /home/user/.cache/ms-playwright/chromium-1234/chrome-linux64/chrome: error while loading shared libraries: libnspr4.so: cannot open shared object file: No such file or directory
      - [pid=21576] <gracefully close start>
      - [pid=21576] <kill>
      - [pid=21576] <will force kill>
      - [pid=21576] exception while trying to kill process: Error: kill ESRCH
      - [pid=21576] <process did exit: exitCode=127, signal=null>
      - [pid=21576] starting temporary directories cleanup
      - [pid=21576] finished temporary directories cleanup
      - [pid=21576] <gracefully close end>


    Error Context: test-results/critical-flows-high-confid-22a50-deduplicated-no-mastery-SRS-chromium/error-context.md

    attachment #2: trace (application/zip) ─────────────────────────────────────────────────────────
    test-results/critical-flows-high-confid-22a50-deduplicated-no-mastery-SRS-chromium/trace.zip
    Usage:

        npx playwright show-trace test-results/critical-flows-high-confid-22a50-deduplicated-no-mastery-SRS-chromium/trace.zip

    ────────────────────────────────────────────────────────────────────────────────────────────────


[32/82] [chromium] › tests/e2e/critical-flows.spec.ts:2275:1 › support use is logged without penalty and old evidence lowers confidence without deleting attempts
  32) [chromium] › tests/e2e/critical-flows.spec.ts:2275:1 › support use is logged without penalty and old evidence lowers confidence without deleting attempts 

    Error: browserType.launch: Target page, context or browser has been closed
    Browser logs:

    <launching> /home/user/.cache/ms-playwright/chromium-1234/chrome-linux64/chrome --disable-field-trial-config --disable-background-networking --disable-background-timer-throttling --disable-backgrounding-occluded-windows --disable-back-forward-cache --disable-breakpad --disable-client-side-phishing-detection --disable-component-extensions-with-background-pages --disable-component-update --no-default-browser-check --disable-default-apps --disable-dev-shm-usage --disable-edgeupdater --disable-extensions --disable-features=AvoidUnnecessaryBeforeUnloadCheckSync,BoundaryEventDispatchTracksNodeRemoval,DestroyProfileOnBrowserClose,DialMediaRouteProvider,GlobalMediaControls,HttpsUpgrades,LensOverlay,MediaRouter,PaintHolding,ThirdPartyStoragePartitioning,BlockOriginHeaderModificationOnRedirect,Translate,AutoDeElevate,OptimizationHints,msForceBrowserSignIn,msEdgeUpdateLaunchServicesPreferredVersion --enable-features=CDPScreenshotNewSurface --allow-pre-commit-input --disable-hang-monitor --disable-ipc-flooding-protection --disable-popup-blocking --disable-prompt-on-repost --disable-renderer-backgrounding --disable-updater-scheduler --force-color-profile=srgb --metrics-recording-only --no-first-run --password-store=basic --use-mock-keychain --no-service-autorun --export-tagged-pdf --disable-search-engine-choice-screen --unsafely-disable-devtools-self-xss-warnings --edge-skip-compat-layer-relaunch --disable-infobars --disable-search-engine-choice-screen --disable-sync --enable-unsafe-swiftshader --headless --hide-scrollbars --mute-audio --blink-settings=primaryHoverType=2,availableHoverTypes=2,primaryPointerType=4,availablePointerTypes=4 --no-sandbox --user-data-dir=/tmp/playwright_chromiumdev_profile-WA0PSi --remote-debugging-pipe --no-startup-window
    <launched> pid=21589
    [pid=21589][err] /home/user/.cache/ms-playwright/chromium-1234/chrome-linux64/chrome: error while loading shared libraries: libnspr4.so: cannot open shared object file: No such file or directory
    Call log:
      - <launching> /home/user/.cache/ms-playwright/chromium-1234/chrome-linux64/chrome --disable-field-trial-config --disable-background-networking --disable-background-timer-throttling --disable-backgrounding-occluded-windows --disable-back-forward-cache --disable-breakpad --disable-client-side-phishing-detection --disable-component-extensions-with-background-pages --disable-component-update --no-default-browser-check --disable-default-apps --disable-dev-shm-usage --disable-edgeupdater --disable-extensions --disable-features=AvoidUnnecessaryBeforeUnloadCheckSync,BoundaryEventDispatchTracksNodeRemoval,DestroyProfileOnBrowserClose,DialMediaRouteProvider,GlobalMediaControls,HttpsUpgrades,LensOverlay,MediaRouter,PaintHolding,ThirdPartyStoragePartitioning,BlockOriginHeaderModificationOnRedirect,Translate,AutoDeElevate,OptimizationHints,msForceBrowserSignIn,msEdgeUpdateLaunchServicesPreferredVersion --enable-features=CDPScreenshotNewSurface --allow-pre-commit-input --disable-hang-monitor --disable-ipc-flooding-protection --disable-popup-blocking --disable-prompt-on-repost --disable-renderer-backgrounding --disable-updater-scheduler --force-color-profile=srgb --metrics-recording-only --no-first-run --password-store=basic --use-mock-keychain --no-service-autorun --export-tagged-pdf --disable-search-engine-choice-screen --unsafely-disable-devtools-self-xss-warnings --edge-skip-compat-layer-relaunch --disable-infobars --disable-search-engine-choice-screen --disable-sync --enable-unsafe-swiftshader --headless --hide-scrollbars --mute-audio --blink-settings=primaryHoverType=2,availableHoverTypes=2,primaryPointerType=4,availablePointerTypes=4 --no-sandbox --user-data-dir=/tmp/playwright_chromiumdev_profile-WA0PSi --remote-debugging-pipe --no-startup-window
      - <launched> pid=21589
      - [pid=21589][err] /home/user/.cache/ms-playwright/chromium-1234/chrome-linux64/chrome: error while loading shared libraries: libnspr4.so: cannot open shared object file: No such file or directory
      - [pid=21589] <gracefully close start>
      - [pid=21589] <kill>
      - [pid=21589] <will force kill>
      - [pid=21589] exception while trying to kill process: Error: kill ESRCH
      - [pid=21589] <process did exit: exitCode=127, signal=null>
      - [pid=21589] starting temporary directories cleanup
      - [pid=21589] finished temporary directories cleanup
      - [pid=21589] <gracefully close end>


    Error Context: test-results/critical-flows-support-use-a1337-e-without-deleting-attempts-chromium/error-context.md

    attachment #2: trace (application/zip) ─────────────────────────────────────────────────────────
    test-results/critical-flows-support-use-a1337-e-without-deleting-attempts-chromium/trace.zip
    Usage:

        npx playwright show-trace test-results/critical-flows-support-use-a1337-e-without-deleting-attempts-chromium/trace.zip

    ────────────────────────────────────────────────────────────────────────────────────────────────


[33/82] [chromium] › tests/e2e/critical-flows.spec.ts:2346:1 › fourteen-day contract, quiet hours, and one-skill diagnostic stay planning-only
  33) [chromium] › tests/e2e/critical-flows.spec.ts:2346:1 › fourteen-day contract, quiet hours, and one-skill diagnostic stay planning-only 

    Error: browserType.launch: Target page, context or browser has been closed
    Browser logs:

    <launching> /home/user/.cache/ms-playwright/chromium-1234/chrome-linux64/chrome --disable-field-trial-config --disable-background-networking --disable-background-timer-throttling --disable-backgrounding-occluded-windows --disable-back-forward-cache --disable-breakpad --disable-client-side-phishing-detection --disable-component-extensions-with-background-pages --disable-component-update --no-default-browser-check --disable-default-apps --disable-dev-shm-usage --disable-edgeupdater --disable-extensions --disable-features=AvoidUnnecessaryBeforeUnloadCheckSync,BoundaryEventDispatchTracksNodeRemoval,DestroyProfileOnBrowserClose,DialMediaRouteProvider,GlobalMediaControls,HttpsUpgrades,LensOverlay,MediaRouter,PaintHolding,ThirdPartyStoragePartitioning,BlockOriginHeaderModificationOnRedirect,Translate,AutoDeElevate,OptimizationHints,msForceBrowserSignIn,msEdgeUpdateLaunchServicesPreferredVersion --enable-features=CDPScreenshotNewSurface --allow-pre-commit-input --disable-hang-monitor --disable-ipc-flooding-protection --disable-popup-blocking --disable-prompt-on-repost --disable-renderer-backgrounding --disable-updater-scheduler --force-color-profile=srgb --metrics-recording-only --no-first-run --password-store=basic --use-mock-keychain --no-service-autorun --export-tagged-pdf --disable-search-engine-choice-screen --unsafely-disable-devtools-self-xss-warnings --edge-skip-compat-layer-relaunch --disable-infobars --disable-search-engine-choice-screen --disable-sync --enable-unsafe-swiftshader --headless --hide-scrollbars --mute-audio --blink-settings=primaryHoverType=2,availableHoverTypes=2,primaryPointerType=4,availablePointerTypes=4 --no-sandbox --user-data-dir=/tmp/playwright_chromiumdev_profile-osDQzN --remote-debugging-pipe --no-startup-window
    <launched> pid=21602
    [pid=21602][err] /home/user/.cache/ms-playwright/chromium-1234/chrome-linux64/chrome: error while loading shared libraries: libnspr4.so: cannot open shared object file: No such file or directory
    Call log:
      - <launching> /home/user/.cache/ms-playwright/chromium-1234/chrome-linux64/chrome --disable-field-trial-config --disable-background-networking --disable-background-timer-throttling --disable-backgrounding-occluded-windows --disable-back-forward-cache --disable-breakpad --disable-client-side-phishing-detection --disable-component-extensions-with-background-pages --disable-component-update --no-default-browser-check --disable-default-apps --disable-dev-shm-usage --disable-edgeupdater --disable-extensions --disable-features=AvoidUnnecessaryBeforeUnloadCheckSync,BoundaryEventDispatchTracksNodeRemoval,DestroyProfileOnBrowserClose,DialMediaRouteProvider,GlobalMediaControls,HttpsUpgrades,LensOverlay,MediaRouter,PaintHolding,ThirdPartyStoragePartitioning,BlockOriginHeaderModificationOnRedirect,Translate,AutoDeElevate,OptimizationHints,msForceBrowserSignIn,msEdgeUpdateLaunchServicesPreferredVersion --enable-features=CDPScreenshotNewSurface --allow-pre-commit-input --disable-hang-monitor --disable-ipc-flooding-protection --disable-popup-blocking --disable-prompt-on-repost --disable-renderer-backgrounding --disable-updater-scheduler --force-color-profile=srgb --metrics-recording-only --no-first-run --password-store=basic --use-mock-keychain --no-service-autorun --export-tagged-pdf --disable-search-engine-choice-screen --unsafely-disable-devtools-self-xss-warnings --edge-skip-compat-layer-relaunch --disable-infobars --disable-search-engine-choice-screen --disable-sync --enable-unsafe-swiftshader --headless --hide-scrollbars --mute-audio --blink-settings=primaryHoverType=2,availableHoverTypes=2,primaryPointerType=4,availablePointerTypes=4 --no-sandbox --user-data-dir=/tmp/playwright_chromiumdev_profile-osDQzN --remote-debugging-pipe --no-startup-window
      - <launched> pid=21602
      - [pid=21602][err] /home/user/.cache/ms-playwright/chromium-1234/chrome-linux64/chrome: error while loading shared libraries: libnspr4.so: cannot open shared object file: No such file or directory
      - [pid=21602] <gracefully close start>
      - [pid=21602] <kill>
      - [pid=21602] <will force kill>
      - [pid=21602] exception while trying to kill process: Error: kill ESRCH
      - [pid=21602] <process did exit: exitCode=127, signal=null>
      - [pid=21602] starting temporary directories cleanup
      - [pid=21602] finished temporary directories cleanup
      - [pid=21602] <gracefully close end>


    Error Context: test-results/critical-flows-fourteen-da-602bb-agnostic-stay-planning-only-chromium/error-context.md

    attachment #2: trace (application/zip) ─────────────────────────────────────────────────────────
    test-results/critical-flows-fourteen-da-602bb-agnostic-stay-planning-only-chromium/trace.zip
    Usage:

        npx playwright show-trace test-results/critical-flows-fourteen-da-602bb-agnostic-stay-planning-only-chromium/trace.zip

    ────────────────────────────────────────────────────────────────────────────────────────────────


[34/82] [chromium] › tests/e2e/critical-flows.spec.ts:2372:1 › local study exports preview and download ICS, printable PDF, and safe Anki TSV
  34) [chromium] › tests/e2e/critical-flows.spec.ts:2372:1 › local study exports preview and download ICS, printable PDF, and safe Anki TSV 

    Error: browserType.launch: Target page, context or browser has been closed
    Browser logs:

    <launching> /home/user/.cache/ms-playwright/chromium-1234/chrome-linux64/chrome --disable-field-trial-config --disable-background-networking --disable-background-timer-throttling --disable-backgrounding-occluded-windows --disable-back-forward-cache --disable-breakpad --disable-client-side-phishing-detection --disable-component-extensions-with-background-pages --disable-component-update --no-default-browser-check --disable-default-apps --disable-dev-shm-usage --disable-edgeupdater --disable-extensions --disable-features=AvoidUnnecessaryBeforeUnloadCheckSync,BoundaryEventDispatchTracksNodeRemoval,DestroyProfileOnBrowserClose,DialMediaRouteProvider,GlobalMediaControls,HttpsUpgrades,LensOverlay,MediaRouter,PaintHolding,ThirdPartyStoragePartitioning,BlockOriginHeaderModificationOnRedirect,Translate,AutoDeElevate,OptimizationHints,msForceBrowserSignIn,msEdgeUpdateLaunchServicesPreferredVersion --enable-features=CDPScreenshotNewSurface --allow-pre-commit-input --disable-hang-monitor --disable-ipc-flooding-protection --disable-popup-blocking --disable-prompt-on-repost --disable-renderer-backgrounding --disable-updater-scheduler --force-color-profile=srgb --metrics-recording-only --no-first-run --password-store=basic --use-mock-keychain --no-service-autorun --export-tagged-pdf --disable-search-engine-choice-screen --unsafely-disable-devtools-self-xss-warnings --edge-skip-compat-layer-relaunch --disable-infobars --disable-search-engine-choice-screen --disable-sync --enable-unsafe-swiftshader --headless --hide-scrollbars --mute-audio --blink-settings=primaryHoverType=2,availableHoverTypes=2,primaryPointerType=4,availablePointerTypes=4 --no-sandbox --user-data-dir=/tmp/playwright_chromiumdev_profile-WsLSYX --remote-debugging-pipe --no-startup-window
    <launched> pid=21615
    [pid=21615][err] /home/user/.cache/ms-playwright/chromium-1234/chrome-linux64/chrome: error while loading shared libraries: libnspr4.so: cannot open shared object file: No such file or directory
    Call log:
      - <launching> /home/user/.cache/ms-playwright/chromium-1234/chrome-linux64/chrome --disable-field-trial-config --disable-background-networking --disable-background-timer-throttling --disable-backgrounding-occluded-windows --disable-back-forward-cache --disable-breakpad --disable-client-side-phishing-detection --disable-component-extensions-with-background-pages --disable-component-update --no-default-browser-check --disable-default-apps --disable-dev-shm-usage --disable-edgeupdater --disable-extensions --disable-features=AvoidUnnecessaryBeforeUnloadCheckSync,BoundaryEventDispatchTracksNodeRemoval,DestroyProfileOnBrowserClose,DialMediaRouteProvider,GlobalMediaControls,HttpsUpgrades,LensOverlay,MediaRouter,PaintHolding,ThirdPartyStoragePartitioning,BlockOriginHeaderModificationOnRedirect,Translate,AutoDeElevate,OptimizationHints,msForceBrowserSignIn,msEdgeUpdateLaunchServicesPreferredVersion --enable-features=CDPScreenshotNewSurface --allow-pre-commit-input --disable-hang-monitor --disable-ipc-flooding-protection --disable-popup-blocking --disable-prompt-on-repost --disable-renderer-backgrounding --disable-updater-scheduler --force-color-profile=srgb --metrics-recording-only --no-first-run --password-store=basic --use-mock-keychain --no-service-autorun --export-tagged-pdf --disable-search-engine-choice-screen --unsafely-disable-devtools-self-xss-warnings --edge-skip-compat-layer-relaunch --disable-infobars --disable-search-engine-choice-screen --disable-sync --enable-unsafe-swiftshader --headless --hide-scrollbars --mute-audio --blink-settings=primaryHoverType=2,availableHoverTypes=2,primaryPointerType=4,availablePointerTypes=4 --no-sandbox --user-data-dir=/tmp/playwright_chromiumdev_profile-WsLSYX --remote-debugging-pipe --no-startup-window
      - <launched> pid=21615
      - [pid=21615][err] /home/user/.cache/ms-playwright/chromium-1234/chrome-linux64/chrome: error while loading shared libraries: libnspr4.so: cannot open shared object file: No such file or directory
      - [pid=21615] <gracefully close start>
      - [pid=21615] <kill>
      - [pid=21615] <will force kill>
      - [pid=21615] exception while trying to kill process: Error: kill ESRCH
      - [pid=21615] <process did exit: exitCode=127, signal=null>
      - [pid=21615] starting temporary directories cleanup
      - [pid=21615] finished temporary directories cleanup
      - [pid=21615] <gracefully close end>


    Error Context: test-results/critical-flows-local-study-d053c-table-PDF-and-safe-Anki-TSV-chromium/error-context.md

    attachment #2: trace (application/zip) ─────────────────────────────────────────────────────────
    test-results/critical-flows-local-study-d053c-table-PDF-and-safe-Anki-TSV-chromium/trace.zip
    Usage:

        npx playwright show-trace test-results/critical-flows-local-study-d053c-table-PDF-and-safe-Anki-TSV-chromium/trace.zip

    ────────────────────────────────────────────────────────────────────────────────────────────────


[35/82] [chromium] › tests/e2e/critical-flows.spec.ts:2403:1 › adaptive dictation moves from partial A1 to full A2 and stores summary only
  35) [chromium] › tests/e2e/critical-flows.spec.ts:2403:1 › adaptive dictation moves from partial A1 to full A2 and stores summary only 

    Error: browserType.launch: Target page, context or browser has been closed
    Browser logs:

    <launching> /home/user/.cache/ms-playwright/chromium-1234/chrome-linux64/chrome --disable-field-trial-config --disable-background-networking --disable-background-timer-throttling --disable-backgrounding-occluded-windows --disable-back-forward-cache --disable-breakpad --disable-client-side-phishing-detection --disable-component-extensions-with-background-pages --disable-component-update --no-default-browser-check --disable-default-apps --disable-dev-shm-usage --disable-edgeupdater --disable-extensions --disable-features=AvoidUnnecessaryBeforeUnloadCheckSync,BoundaryEventDispatchTracksNodeRemoval,DestroyProfileOnBrowserClose,DialMediaRouteProvider,GlobalMediaControls,HttpsUpgrades,LensOverlay,MediaRouter,PaintHolding,ThirdPartyStoragePartitioning,BlockOriginHeaderModificationOnRedirect,Translate,AutoDeElevate,OptimizationHints,msForceBrowserSignIn,msEdgeUpdateLaunchServicesPreferredVersion --enable-features=CDPScreenshotNewSurface --allow-pre-commit-input --disable-hang-monitor --disable-ipc-flooding-protection --disable-popup-blocking --disable-prompt-on-repost --disable-renderer-backgrounding --disable-updater-scheduler --force-color-profile=srgb --metrics-recording-only --no-first-run --password-store=basic --use-mock-keychain --no-service-autorun --export-tagged-pdf --disable-search-engine-choice-screen --unsafely-disable-devtools-self-xss-warnings --edge-skip-compat-layer-relaunch --disable-infobars --disable-search-engine-choice-screen --disable-sync --enable-unsafe-swiftshader --headless --hide-scrollbars --mute-audio --blink-settings=primaryHoverType=2,availableHoverTypes=2,primaryPointerType=4,availablePointerTypes=4 --no-sandbox --user-data-dir=/tmp/playwright_chromiumdev_profile-ONkkZd --remote-debugging-pipe --no-startup-window
    <launched> pid=21628
    [pid=21628][err] /home/user/.cache/ms-playwright/chromium-1234/chrome-linux64/chrome: error while loading shared libraries: libnspr4.so: cannot open shared object file: No such file or directory
    Call log:
      - <launching> /home/user/.cache/ms-playwright/chromium-1234/chrome-linux64/chrome --disable-field-trial-config --disable-background-networking --disable-background-timer-throttling --disable-backgrounding-occluded-windows --disable-back-forward-cache --disable-breakpad --disable-client-side-phishing-detection --disable-component-extensions-with-background-pages --disable-component-update --no-default-browser-check --disable-default-apps --disable-dev-shm-usage --disable-edgeupdater --disable-extensions --disable-features=AvoidUnnecessaryBeforeUnloadCheckSync,BoundaryEventDispatchTracksNodeRemoval,DestroyProfileOnBrowserClose,DialMediaRouteProvider,GlobalMediaControls,HttpsUpgrades,LensOverlay,MediaRouter,PaintHolding,ThirdPartyStoragePartitioning,BlockOriginHeaderModificationOnRedirect,Translate,AutoDeElevate,OptimizationHints,msForceBrowserSignIn,msEdgeUpdateLaunchServicesPreferredVersion --enable-features=CDPScreenshotNewSurface --allow-pre-commit-input --disable-hang-monitor --disable-ipc-flooding-protection --disable-popup-blocking --disable-prompt-on-repost --disable-renderer-backgrounding --disable-updater-scheduler --force-color-profile=srgb --metrics-recording-only --no-first-run --password-store=basic --use-mock-keychain --no-service-autorun --export-tagged-pdf --disable-search-engine-choice-screen --unsafely-disable-devtools-self-xss-warnings --edge-skip-compat-layer-relaunch --disable-infobars --disable-search-engine-choice-screen --disable-sync --enable-unsafe-swiftshader --headless --hide-scrollbars --mute-audio --blink-settings=primaryHoverType=2,availableHoverTypes=2,primaryPointerType=4,availablePointerTypes=4 --no-sandbox --user-data-dir=/tmp/playwright_chromiumdev_profile-ONkkZd --remote-debugging-pipe --no-startup-window
      - <launched> pid=21628
      - [pid=21628][err] /home/user/.cache/ms-playwright/chromium-1234/chrome-linux64/chrome: error while loading shared libraries: libnspr4.so: cannot open shared object file: No such file or directory
      - [pid=21628] <gracefully close start>
      - [pid=21628] <kill>
      - [pid=21628] <will force kill>
      - [pid=21628] exception while trying to kill process: Error: kill ESRCH
      - [pid=21628] <process did exit: exitCode=127, signal=null>
      - [pid=21628] starting temporary directories cleanup
      - [pid=21628] finished temporary directories cleanup
      - [pid=21628] <gracefully close end>


    Error Context: test-results/critical-flows-adaptive-di-8c283--A2-and-stores-summary-only-chromium/error-context.md

    attachment #2: trace (application/zip) ─────────────────────────────────────────────────────────
    test-results/critical-flows-adaptive-di-8c283--A2-and-stores-summary-only-chromium/trace.zip
    Usage:

        npx playwright show-trace test-results/critical-flows-adaptive-di-8c283--A2-and-stores-summary-only-chromium/trace.zip

    ────────────────────────────────────────────────────────────────────────────────────────────────


[36/82] [chromium] › tests/e2e/critical-flows.spec.ts:2477:1 › offline branching conversations change consequences and persist structured summaries only
  36) [chromium] › tests/e2e/critical-flows.spec.ts:2477:1 › offline branching conversations change consequences and persist structured summaries only 

    Error: browserType.launch: Target page, context or browser has been closed
    Browser logs:

    <launching> /home/user/.cache/ms-playwright/chromium-1234/chrome-linux64/chrome --disable-field-trial-config --disable-background-networking --disable-background-timer-throttling --disable-backgrounding-occluded-windows --disable-back-forward-cache --disable-breakpad --disable-client-side-phishing-detection --disable-component-extensions-with-background-pages --disable-component-update --no-default-browser-check --disable-default-apps --disable-dev-shm-usage --disable-edgeupdater --disable-extensions --disable-features=AvoidUnnecessaryBeforeUnloadCheckSync,BoundaryEventDispatchTracksNodeRemoval,DestroyProfileOnBrowserClose,DialMediaRouteProvider,GlobalMediaControls,HttpsUpgrades,LensOverlay,MediaRouter,PaintHolding,ThirdPartyStoragePartitioning,BlockOriginHeaderModificationOnRedirect,Translate,AutoDeElevate,OptimizationHints,msForceBrowserSignIn,msEdgeUpdateLaunchServicesPreferredVersion --enable-features=CDPScreenshotNewSurface --allow-pre-commit-input --disable-hang-monitor --disable-ipc-flooding-protection --disable-popup-blocking --disable-prompt-on-repost --disable-renderer-backgrounding --disable-updater-scheduler --force-color-profile=srgb --metrics-recording-only --no-first-run --password-store=basic --use-mock-keychain --no-service-autorun --export-tagged-pdf --disable-search-engine-choice-screen --unsafely-disable-devtools-self-xss-warnings --edge-skip-compat-layer-relaunch --disable-infobars --disable-search-engine-choice-screen --disable-sync --enable-unsafe-swiftshader --headless --hide-scrollbars --mute-audio --blink-settings=primaryHoverType=2,availableHoverTypes=2,primaryPointerType=4,availablePointerTypes=4 --no-sandbox --user-data-dir=/tmp/playwright_chromiumdev_profile-c8PO4u --remote-debugging-pipe --no-startup-window
    <launched> pid=21641
    [pid=21641][err] /home/user/.cache/ms-playwright/chromium-1234/chrome-linux64/chrome: error while loading shared libraries: libnspr4.so: cannot open shared object file: No such file or directory
    Call log:
      - <launching> /home/user/.cache/ms-playwright/chromium-1234/chrome-linux64/chrome --disable-field-trial-config --disable-background-networking --disable-background-timer-throttling --disable-backgrounding-occluded-windows --disable-back-forward-cache --disable-breakpad --disable-client-side-phishing-detection --disable-component-extensions-with-background-pages --disable-component-update --no-default-browser-check --disable-default-apps --disable-dev-shm-usage --disable-edgeupdater --disable-extensions --disable-features=AvoidUnnecessaryBeforeUnloadCheckSync,BoundaryEventDispatchTracksNodeRemoval,DestroyProfileOnBrowserClose,DialMediaRouteProvider,GlobalMediaControls,HttpsUpgrades,LensOverlay,MediaRouter,PaintHolding,ThirdPartyStoragePartitioning,BlockOriginHeaderModificationOnRedirect,Translate,AutoDeElevate,OptimizationHints,msForceBrowserSignIn,msEdgeUpdateLaunchServicesPreferredVersion --enable-features=CDPScreenshotNewSurface --allow-pre-commit-input --disable-hang-monitor --disable-ipc-flooding-protection --disable-popup-blocking --disable-prompt-on-repost --disable-renderer-backgrounding --disable-updater-scheduler --force-color-profile=srgb --metrics-recording-only --no-first-run --password-store=basic --use-mock-keychain --no-service-autorun --export-tagged-pdf --disable-search-engine-choice-screen --unsafely-disable-devtools-self-xss-warnings --edge-skip-compat-layer-relaunch --disable-infobars --disable-search-engine-choice-screen --disable-sync --enable-unsafe-swiftshader --headless --hide-scrollbars --mute-audio --blink-settings=primaryHoverType=2,availableHoverTypes=2,primaryPointerType=4,availablePointerTypes=4 --no-sandbox --user-data-dir=/tmp/playwright_chromiumdev_profile-c8PO4u --remote-debugging-pipe --no-startup-window
      - <launched> pid=21641
      - [pid=21641][err] /home/user/.cache/ms-playwright/chromium-1234/chrome-linux64/chrome: error while loading shared libraries: libnspr4.so: cannot open shared object file: No such file or directory
      - [pid=21641] <gracefully close start>
      - [pid=21641] <kill>
      - [pid=21641] <will force kill>
      - [pid=21641] exception while trying to kill process: Error: kill ESRCH
      - [pid=21641] <process did exit: exitCode=127, signal=null>
      - [pid=21641] starting temporary directories cleanup
      - [pid=21641] finished temporary directories cleanup
      - [pid=21641] <gracefully close end>


    Error Context: test-results/critical-flows-offline-bra-f6dcc-t-structured-summaries-only-chromium/error-context.md

    attachment #2: trace (application/zip) ─────────────────────────────────────────────────────────
    test-results/critical-flows-offline-bra-f6dcc-t-structured-summaries-only-chromium/trace.zip
    Usage:

        npx playwright show-trace test-results/critical-flows-offline-bra-f6dcc-t-structured-summaries-only-chromium/trace.zip

    ────────────────────────────────────────────────────────────────────────────────────────────────


[37/82] [chromium] › tests/e2e/critical-flows.spec.ts:2519:1 › contextual collocation networks require exploration and match communicative intent
  37) [chromium] › tests/e2e/critical-flows.spec.ts:2519:1 › contextual collocation networks require exploration and match communicative intent 

    Error: browserType.launch: Target page, context or browser has been closed
    Browser logs:

    <launching> /home/user/.cache/ms-playwright/chromium-1234/chrome-linux64/chrome --disable-field-trial-config --disable-background-networking --disable-background-timer-throttling --disable-backgrounding-occluded-windows --disable-back-forward-cache --disable-breakpad --disable-client-side-phishing-detection --disable-component-extensions-with-background-pages --disable-component-update --no-default-browser-check --disable-default-apps --disable-dev-shm-usage --disable-edgeupdater --disable-extensions --disable-features=AvoidUnnecessaryBeforeUnloadCheckSync,BoundaryEventDispatchTracksNodeRemoval,DestroyProfileOnBrowserClose,DialMediaRouteProvider,GlobalMediaControls,HttpsUpgrades,LensOverlay,MediaRouter,PaintHolding,ThirdPartyStoragePartitioning,BlockOriginHeaderModificationOnRedirect,Translate,AutoDeElevate,OptimizationHints,msForceBrowserSignIn,msEdgeUpdateLaunchServicesPreferredVersion --enable-features=CDPScreenshotNewSurface --allow-pre-commit-input --disable-hang-monitor --disable-ipc-flooding-protection --disable-popup-blocking --disable-prompt-on-repost --disable-renderer-backgrounding --disable-updater-scheduler --force-color-profile=srgb --metrics-recording-only --no-first-run --password-store=basic --use-mock-keychain --no-service-autorun --export-tagged-pdf --disable-search-engine-choice-screen --unsafely-disable-devtools-self-xss-warnings --edge-skip-compat-layer-relaunch --disable-infobars --disable-search-engine-choice-screen --disable-sync --enable-unsafe-swiftshader --headless --hide-scrollbars --mute-audio --blink-settings=primaryHoverType=2,availableHoverTypes=2,primaryPointerType=4,availablePointerTypes=4 --no-sandbox --user-data-dir=/tmp/playwright_chromiumdev_profile-0YB0ay --remote-debugging-pipe --no-startup-window
    <launched> pid=21663
    [pid=21663][err] /home/user/.cache/ms-playwright/chromium-1234/chrome-linux64/chrome: error while loading shared libraries: libnspr4.so: cannot open shared object file: No such file or directory
    Call log:
      - <launching> /home/user/.cache/ms-playwright/chromium-1234/chrome-linux64/chrome --disable-field-trial-config --disable-background-networking --disable-background-timer-throttling --disable-backgrounding-occluded-windows --disable-back-forward-cache --disable-breakpad --disable-client-side-phishing-detection --disable-component-extensions-with-background-pages --disable-component-update --no-default-browser-check --disable-default-apps --disable-dev-shm-usage --disable-edgeupdater --disable-extensions --disable-features=AvoidUnnecessaryBeforeUnloadCheckSync,BoundaryEventDispatchTracksNodeRemoval,DestroyProfileOnBrowserClose,DialMediaRouteProvider,GlobalMediaControls,HttpsUpgrades,LensOverlay,MediaRouter,PaintHolding,ThirdPartyStoragePartitioning,BlockOriginHeaderModificationOnRedirect,Translate,AutoDeElevate,OptimizationHints,msForceBrowserSignIn,msEdgeUpdateLaunchServicesPreferredVersion --enable-features=CDPScreenshotNewSurface --allow-pre-commit-input --disable-hang-monitor --disable-ipc-flooding-protection --disable-popup-blocking --disable-prompt-on-repost --disable-renderer-backgrounding --disable-updater-scheduler --force-color-profile=srgb --metrics-recording-only --no-first-run --password-store=basic --use-mock-keychain --no-service-autorun --export-tagged-pdf --disable-search-engine-choice-screen --unsafely-disable-devtools-self-xss-warnings --edge-skip-compat-layer-relaunch --disable-infobars --disable-search-engine-choice-screen --disable-sync --enable-unsafe-swiftshader --headless --hide-scrollbars --mute-audio --blink-settings=primaryHoverType=2,availableHoverTypes=2,primaryPointerType=4,availablePointerTypes=4 --no-sandbox --user-data-dir=/tmp/playwright_chromiumdev_profile-0YB0ay --remote-debugging-pipe --no-startup-window
      - <launched> pid=21663
      - [pid=21663][err] /home/user/.cache/ms-playwright/chromium-1234/chrome-linux64/chrome: error while loading shared libraries: libnspr4.so: cannot open shared object file: No such file or directory
      - [pid=21663] <gracefully close start>
      - [pid=21663] <kill>
      - [pid=21663] <will force kill>
      - [pid=21663] exception while trying to kill process: Error: kill ESRCH
      - [pid=21663] <process did exit: exitCode=127, signal=null>
      - [pid=21663] starting temporary directories cleanup
      - [pid=21663] finished temporary directories cleanup
      - [pid=21663] <gracefully close end>


    Error Context: test-results/critical-flows-contextual--a78d9--match-communicative-intent-chromium/error-context.md

    attachment #2: trace (application/zip) ─────────────────────────────────────────────────────────
    test-results/critical-flows-contextual--a78d9--match-communicative-intent-chromium/trace.zip
    Usage:

        npx playwright show-trace test-results/critical-flows-contextual--a78d9--match-communicative-intent-chromium/trace.zip

    ────────────────────────────────────────────────────────────────────────────────────────────────


[38/82] [chromium] › tests/e2e/critical-flows.spec.ts:2530:1 › representative 320–1920 px viewports avoid document-level horizontal overflow
  38) [chromium] › tests/e2e/critical-flows.spec.ts:2530:1 › representative 320–1920 px viewports avoid document-level horizontal overflow 

    Error: browserType.launch: Target page, context or browser has been closed
    Browser logs:

    <launching> /home/user/.cache/ms-playwright/chromium-1234/chrome-linux64/chrome --disable-field-trial-config --disable-background-networking --disable-background-timer-throttling --disable-backgrounding-occluded-windows --disable-back-forward-cache --disable-breakpad --disable-client-side-phishing-detection --disable-component-extensions-with-background-pages --disable-component-update --no-default-browser-check --disable-default-apps --disable-dev-shm-usage --disable-edgeupdater --disable-extensions --disable-features=AvoidUnnecessaryBeforeUnloadCheckSync,BoundaryEventDispatchTracksNodeRemoval,DestroyProfileOnBrowserClose,DialMediaRouteProvider,GlobalMediaControls,HttpsUpgrades,LensOverlay,MediaRouter,PaintHolding,ThirdPartyStoragePartitioning,BlockOriginHeaderModificationOnRedirect,Translate,AutoDeElevate,OptimizationHints,msForceBrowserSignIn,msEdgeUpdateLaunchServicesPreferredVersion --enable-features=CDPScreenshotNewSurface --allow-pre-commit-input --disable-hang-monitor --disable-ipc-flooding-protection --disable-popup-blocking --disable-prompt-on-repost --disable-renderer-backgrounding --disable-updater-scheduler --force-color-profile=srgb --metrics-recording-only --no-first-run --password-store=basic --use-mock-keychain --no-service-autorun --export-tagged-pdf --disable-search-engine-choice-screen --unsafely-disable-devtools-self-xss-warnings --edge-skip-compat-layer-relaunch --disable-infobars --disable-search-engine-choice-screen --disable-sync --enable-unsafe-swiftshader --headless --hide-scrollbars --mute-audio --blink-settings=primaryHoverType=2,availableHoverTypes=2,primaryPointerType=4,availablePointerTypes=4 --no-sandbox --user-data-dir=/tmp/playwright_chromiumdev_profile-mEJyTD --remote-debugging-pipe --no-startup-window
    <launched> pid=21676
    [pid=21676][err] /home/user/.cache/ms-playwright/chromium-1234/chrome-linux64/chrome: error while loading shared libraries: libnspr4.so: cannot open shared object file: No such file or directory
    Call log:
      - <launching> /home/user/.cache/ms-playwright/chromium-1234/chrome-linux64/chrome --disable-field-trial-config --disable-background-networking --disable-background-timer-throttling --disable-backgrounding-occluded-windows --disable-back-forward-cache --disable-breakpad --disable-client-side-phishing-detection --disable-component-extensions-with-background-pages --disable-component-update --no-default-browser-check --disable-default-apps --disable-dev-shm-usage --disable-edgeupdater --disable-extensions --disable-features=AvoidUnnecessaryBeforeUnloadCheckSync,BoundaryEventDispatchTracksNodeRemoval,DestroyProfileOnBrowserClose,DialMediaRouteProvider,GlobalMediaControls,HttpsUpgrades,LensOverlay,MediaRouter,PaintHolding,ThirdPartyStoragePartitioning,BlockOriginHeaderModificationOnRedirect,Translate,AutoDeElevate,OptimizationHints,msForceBrowserSignIn,msEdgeUpdateLaunchServicesPreferredVersion --enable-features=CDPScreenshotNewSurface --allow-pre-commit-input --disable-hang-monitor --disable-ipc-flooding-protection --disable-popup-blocking --disable-prompt-on-repost --disable-renderer-backgrounding --disable-updater-scheduler --force-color-profile=srgb --metrics-recording-only --no-first-run --password-store=basic --use-mock-keychain --no-service-autorun --export-tagged-pdf --disable-search-engine-choice-screen --unsafely-disable-devtools-self-xss-warnings --edge-skip-compat-layer-relaunch --disable-infobars --disable-search-engine-choice-screen --disable-sync --enable-unsafe-swiftshader --headless --hide-scrollbars --mute-audio --blink-settings=primaryHoverType=2,availableHoverTypes=2,primaryPointerType=4,availablePointerTypes=4 --no-sandbox --user-data-dir=/tmp/playwright_chromiumdev_profile-mEJyTD --remote-debugging-pipe --no-startup-window
      - <launched> pid=21676
      - [pid=21676][err] /home/user/.cache/ms-playwright/chromium-1234/chrome-linux64/chrome: error while loading shared libraries: libnspr4.so: cannot open shared object file: No such file or directory
      - [pid=21676] <gracefully close start>
      - [pid=21676] <kill>
      - [pid=21676] <will force kill>
      - [pid=21676] exception while trying to kill process: Error: kill ESRCH
      - [pid=21676] <process did exit: exitCode=127, signal=null>
      - [pid=21676] starting temporary directories cleanup
      - [pid=21676] finished temporary directories cleanup
      - [pid=21676] <gracefully close end>


    Error Context: test-results/critical-flows-representat-bb919-t-level-horizontal-overflow-chromium/error-context.md

    attachment #2: trace (application/zip) ─────────────────────────────────────────────────────────
    test-results/critical-flows-representat-bb919-t-level-horizontal-overflow-chromium/trace.zip
    Usage:

        npx playwright show-trace test-results/critical-flows-representat-bb919-t-level-horizontal-overflow-chromium/trace.zip

    ────────────────────────────────────────────────────────────────────────────────────────────────


[39/82] [chromium] › tests/e2e/critical-flows.spec.ts:2572:1 › completed four-skill vocabulary progress is terminal, persisted, and continues to discovery
  39) [chromium] › tests/e2e/critical-flows.spec.ts:2572:1 › completed four-skill vocabulary progress is terminal, persisted, and continues to discovery 

    Error: browserType.launch: Target page, context or browser has been closed
    Browser logs:

    <launching> /home/user/.cache/ms-playwright/chromium-1234/chrome-linux64/chrome --disable-field-trial-config --disable-background-networking --disable-background-timer-throttling --disable-backgrounding-occluded-windows --disable-back-forward-cache --disable-breakpad --disable-client-side-phishing-detection --disable-component-extensions-with-background-pages --disable-component-update --no-default-browser-check --disable-default-apps --disable-dev-shm-usage --disable-edgeupdater --disable-extensions --disable-features=AvoidUnnecessaryBeforeUnloadCheckSync,BoundaryEventDispatchTracksNodeRemoval,DestroyProfileOnBrowserClose,DialMediaRouteProvider,GlobalMediaControls,HttpsUpgrades,LensOverlay,MediaRouter,PaintHolding,ThirdPartyStoragePartitioning,BlockOriginHeaderModificationOnRedirect,Translate,AutoDeElevate,OptimizationHints,msForceBrowserSignIn,msEdgeUpdateLaunchServicesPreferredVersion --enable-features=CDPScreenshotNewSurface --allow-pre-commit-input --disable-hang-monitor --disable-ipc-flooding-protection --disable-popup-blocking --disable-prompt-on-repost --disable-renderer-backgrounding --disable-updater-scheduler --force-color-profile=srgb --metrics-recording-only --no-first-run --password-store=basic --use-mock-keychain --no-service-autorun --export-tagged-pdf --disable-search-engine-choice-screen --unsafely-disable-devtools-self-xss-warnings --edge-skip-compat-layer-relaunch --disable-infobars --disable-search-engine-choice-screen --disable-sync --enable-unsafe-swiftshader --headless --hide-scrollbars --mute-audio --blink-settings=primaryHoverType=2,availableHoverTypes=2,primaryPointerType=4,availablePointerTypes=4 --no-sandbox --user-data-dir=/tmp/playwright_chromiumdev_profile-lmrxTV --remote-debugging-pipe --no-startup-window
    <launched> pid=21689
    [pid=21689][err] /home/user/.cache/ms-playwright/chromium-1234/chrome-linux64/chrome: error while loading shared libraries: libnspr4.so: cannot open shared object file: No such file or directory
    Call log:
      - <launching> /home/user/.cache/ms-playwright/chromium-1234/chrome-linux64/chrome --disable-field-trial-config --disable-background-networking --disable-background-timer-throttling --disable-backgrounding-occluded-windows --disable-back-forward-cache --disable-breakpad --disable-client-side-phishing-detection --disable-component-extensions-with-background-pages --disable-component-update --no-default-browser-check --disable-default-apps --disable-dev-shm-usage --disable-edgeupdater --disable-extensions --disable-features=AvoidUnnecessaryBeforeUnloadCheckSync,BoundaryEventDispatchTracksNodeRemoval,DestroyProfileOnBrowserClose,DialMediaRouteProvider,GlobalMediaControls,HttpsUpgrades,LensOverlay,MediaRouter,PaintHolding,ThirdPartyStoragePartitioning,BlockOriginHeaderModificationOnRedirect,Translate,AutoDeElevate,OptimizationHints,msForceBrowserSignIn,msEdgeUpdateLaunchServicesPreferredVersion --enable-features=CDPScreenshotNewSurface --allow-pre-commit-input --disable-hang-monitor --disable-ipc-flooding-protection --disable-popup-blocking --disable-prompt-on-repost --disable-renderer-backgrounding --disable-updater-scheduler --force-color-profile=srgb --metrics-recording-only --no-first-run --password-store=basic --use-mock-keychain --no-service-autorun --export-tagged-pdf --disable-search-engine-choice-screen --unsafely-disable-devtools-self-xss-warnings --edge-skip-compat-layer-relaunch --disable-infobars --disable-search-engine-choice-screen --disable-sync --enable-unsafe-swiftshader --headless --hide-scrollbars --mute-audio --blink-settings=primaryHoverType=2,availableHoverTypes=2,primaryPointerType=4,availablePointerTypes=4 --no-sandbox --user-data-dir=/tmp/playwright_chromiumdev_profile-lmrxTV --remote-debugging-pipe --no-startup-window
      - <launched> pid=21689
      - [pid=21689][err] /home/user/.cache/ms-playwright/chromium-1234/chrome-linux64/chrome: error while loading shared libraries: libnspr4.so: cannot open shared object file: No such file or directory
      - [pid=21689] <gracefully close start>
      - [pid=21689] <kill>
      - [pid=21689] <will force kill>
      - [pid=21689] exception while trying to kill process: Error: kill ESRCH
      - [pid=21689] <process did exit: exitCode=127, signal=null>
      - [pid=21689] starting temporary directories cleanup
      - [pid=21689] finished temporary directories cleanup
      - [pid=21689] <gracefully close end>


    Error Context: test-results/critical-flows-completed-f-c9f54--and-continues-to-discovery-chromium/error-context.md

    attachment #2: trace (application/zip) ─────────────────────────────────────────────────────────
    test-results/critical-flows-completed-f-c9f54--and-continues-to-discovery-chromium/trace.zip
    Usage:

        npx playwright show-trace test-results/critical-flows-completed-f-c9f54--and-continues-to-discovery-chromium/trace.zip

    ────────────────────────────────────────────────────────────────────────────────────────────────


[40/82] [chromium] › tests/e2e/critical-flows.spec.ts:2609:1 › route × font-scale × compact-viewport matrix keeps context visible without text clipping or sibling overlap
  40) [chromium] › tests/e2e/critical-flows.spec.ts:2609:1 › route × font-scale × compact-viewport matrix keeps context visible without text clipping or sibling overlap 

    Error: browserType.launch: Target page, context or browser has been closed
    Browser logs:

    <launching> /home/user/.cache/ms-playwright/chromium-1234/chrome-linux64/chrome --disable-field-trial-config --disable-background-networking --disable-background-timer-throttling --disable-backgrounding-occluded-windows --disable-back-forward-cache --disable-breakpad --disable-client-side-phishing-detection --disable-component-extensions-with-background-pages --disable-component-update --no-default-browser-check --disable-default-apps --disable-dev-shm-usage --disable-edgeupdater --disable-extensions --disable-features=AvoidUnnecessaryBeforeUnloadCheckSync,BoundaryEventDispatchTracksNodeRemoval,DestroyProfileOnBrowserClose,DialMediaRouteProvider,GlobalMediaControls,HttpsUpgrades,LensOverlay,MediaRouter,PaintHolding,ThirdPartyStoragePartitioning,BlockOriginHeaderModificationOnRedirect,Translate,AutoDeElevate,OptimizationHints,msForceBrowserSignIn,msEdgeUpdateLaunchServicesPreferredVersion --enable-features=CDPScreenshotNewSurface --allow-pre-commit-input --disable-hang-monitor --disable-ipc-flooding-protection --disable-popup-blocking --disable-prompt-on-repost --disable-renderer-backgrounding --disable-updater-scheduler --force-color-profile=srgb --metrics-recording-only --no-first-run --password-store=basic --use-mock-keychain --no-service-autorun --export-tagged-pdf --disable-search-engine-choice-screen --unsafely-disable-devtools-self-xss-warnings --edge-skip-compat-layer-relaunch --disable-infobars --disable-search-engine-choice-screen --disable-sync --enable-unsafe-swiftshader --headless --hide-scrollbars --mute-audio --blink-settings=primaryHoverType=2,availableHoverTypes=2,primaryPointerType=4,availablePointerTypes=4 --no-sandbox --user-data-dir=/tmp/playwright_chromiumdev_profile-lA1Orw --remote-debugging-pipe --no-startup-window
    <launched> pid=21702
    [pid=21702][err] /home/user/.cache/ms-playwright/chromium-1234/chrome-linux64/chrome: error while loading shared libraries: libnspr4.so: cannot open shared object file: No such file or directory
    Call log:
      - <launching> /home/user/.cache/ms-playwright/chromium-1234/chrome-linux64/chrome --disable-field-trial-config --disable-background-networking --disable-background-timer-throttling --disable-backgrounding-occluded-windows --disable-back-forward-cache --disable-breakpad --disable-client-side-phishing-detection --disable-component-extensions-with-background-pages --disable-component-update --no-default-browser-check --disable-default-apps --disable-dev-shm-usage --disable-edgeupdater --disable-extensions --disable-features=AvoidUnnecessaryBeforeUnloadCheckSync,BoundaryEventDispatchTracksNodeRemoval,DestroyProfileOnBrowserClose,DialMediaRouteProvider,GlobalMediaControls,HttpsUpgrades,LensOverlay,MediaRouter,PaintHolding,ThirdPartyStoragePartitioning,BlockOriginHeaderModificationOnRedirect,Translate,AutoDeElevate,OptimizationHints,msForceBrowserSignIn,msEdgeUpdateLaunchServicesPreferredVersion --enable-features=CDPScreenshotNewSurface --allow-pre-commit-input --disable-hang-monitor --disable-ipc-flooding-protection --disable-popup-blocking --disable-prompt-on-repost --disable-renderer-backgrounding --disable-updater-scheduler --force-color-profile=srgb --metrics-recording-only --no-first-run --password-store=basic --use-mock-keychain --no-service-autorun --export-tagged-pdf --disable-search-engine-choice-screen --unsafely-disable-devtools-self-xss-warnings --edge-skip-compat-layer-relaunch --disable-infobars --disable-search-engine-choice-screen --disable-sync --enable-unsafe-swiftshader --headless --hide-scrollbars --mute-audio --blink-settings=primaryHoverType=2,availableHoverTypes=2,primaryPointerType=4,availablePointerTypes=4 --no-sandbox --user-data-dir=/tmp/playwright_chromiumdev_profile-lA1Orw --remote-debugging-pipe --no-startup-window
      - <launched> pid=21702
      - [pid=21702][err] /home/user/.cache/ms-playwright/chromium-1234/chrome-linux64/chrome: error while loading shared libraries: libnspr4.so: cannot open shared object file: No such file or directory
      - [pid=21702] <gracefully close start>
      - [pid=21702] <kill>
      - [pid=21702] <will force kill>
      - [pid=21702] exception while trying to kill process: Error: kill ESRCH
      - [pid=21702] <process did exit: exitCode=127, signal=null>
      - [pid=21702] starting temporary directories cleanup
      - [pid=21702] finished temporary directories cleanup
      - [pid=21702] <gracefully close end>


    Error Context: test-results/critical-flows-route-×-fon-064a0-clipping-or-sibling-overlap-chromium/error-context.md

    attachment #2: trace (application/zip) ─────────────────────────────────────────────────────────
    test-results/critical-flows-route-×-fon-064a0-clipping-or-sibling-overlap-chromium/trace.zip
    Usage:

        npx playwright show-trace test-results/critical-flows-route-×-fon-064a0-clipping-or-sibling-overlap-chromium/trace.zip

    ────────────────────────────────────────────────────────────────────────────────────────────────


[41/82] [chromium] › tests/e2e/critical-flows.spec.ts:2676:1 › review reminders use due SRS evidence, persist daily dismissal, and respect quiet hours
  41) [chromium] › tests/e2e/critical-flows.spec.ts:2676:1 › review reminders use due SRS evidence, persist daily dismissal, and respect quiet hours 

    Error: browserType.launch: Target page, context or browser has been closed
    Browser logs:

    <launching> /home/user/.cache/ms-playwright/chromium-1234/chrome-linux64/chrome --disable-field-trial-config --disable-background-networking --disable-background-timer-throttling --disable-backgrounding-occluded-windows --disable-back-forward-cache --disable-breakpad --disable-client-side-phishing-detection --disable-component-extensions-with-background-pages --disable-component-update --no-default-browser-check --disable-default-apps --disable-dev-shm-usage --disable-edgeupdater --disable-extensions --disable-features=AvoidUnnecessaryBeforeUnloadCheckSync,BoundaryEventDispatchTracksNodeRemoval,DestroyProfileOnBrowserClose,DialMediaRouteProvider,GlobalMediaControls,HttpsUpgrades,LensOverlay,MediaRouter,PaintHolding,ThirdPartyStoragePartitioning,BlockOriginHeaderModificationOnRedirect,Translate,AutoDeElevate,OptimizationHints,msForceBrowserSignIn,msEdgeUpdateLaunchServicesPreferredVersion --enable-features=CDPScreenshotNewSurface --allow-pre-commit-input --disable-hang-monitor --disable-ipc-flooding-protection --disable-popup-blocking --disable-prompt-on-repost --disable-renderer-backgrounding --disable-updater-scheduler --force-color-profile=srgb --metrics-recording-only --no-first-run --password-store=basic --use-mock-keychain --no-service-autorun --export-tagged-pdf --disable-search-engine-choice-screen --unsafely-disable-devtools-self-xss-warnings --edge-skip-compat-layer-relaunch --disable-infobars --disable-search-engine-choice-screen --disable-sync --enable-unsafe-swiftshader --headless --hide-scrollbars --mute-audio --blink-settings=primaryHoverType=2,availableHoverTypes=2,primaryPointerType=4,availablePointerTypes=4 --no-sandbox --user-data-dir=/tmp/playwright_chromiumdev_profile-5Mfj8n --remote-debugging-pipe --no-startup-window
    <launched> pid=21715
    [pid=21715][err] /home/user/.cache/ms-playwright/chromium-1234/chrome-linux64/chrome: error while loading shared libraries: libnspr4.so: cannot open shared object file: No such file or directory
    Call log:
      - <launching> /home/user/.cache/ms-playwright/chromium-1234/chrome-linux64/chrome --disable-field-trial-config --disable-background-networking --disable-background-timer-throttling --disable-backgrounding-occluded-windows --disable-back-forward-cache --disable-breakpad --disable-client-side-phishing-detection --disable-component-extensions-with-background-pages --disable-component-update --no-default-browser-check --disable-default-apps --disable-dev-shm-usage --disable-edgeupdater --disable-extensions --disable-features=AvoidUnnecessaryBeforeUnloadCheckSync,BoundaryEventDispatchTracksNodeRemoval,DestroyProfileOnBrowserClose,DialMediaRouteProvider,GlobalMediaControls,HttpsUpgrades,LensOverlay,MediaRouter,PaintHolding,ThirdPartyStoragePartitioning,BlockOriginHeaderModificationOnRedirect,Translate,AutoDeElevate,OptimizationHints,msForceBrowserSignIn,msEdgeUpdateLaunchServicesPreferredVersion --enable-features=CDPScreenshotNewSurface --allow-pre-commit-input --disable-hang-monitor --disable-ipc-flooding-protection --disable-popup-blocking --disable-prompt-on-repost --disable-renderer-backgrounding --disable-updater-scheduler --force-color-profile=srgb --metrics-recording-only --no-first-run --password-store=basic --use-mock-keychain --no-service-autorun --export-tagged-pdf --disable-search-engine-choice-screen --unsafely-disable-devtools-self-xss-warnings --edge-skip-compat-layer-relaunch --disable-infobars --disable-search-engine-choice-screen --disable-sync --enable-unsafe-swiftshader --headless --hide-scrollbars --mute-audio --blink-settings=primaryHoverType=2,availableHoverTypes=2,primaryPointerType=4,availablePointerTypes=4 --no-sandbox --user-data-dir=/tmp/playwright_chromiumdev_profile-5Mfj8n --remote-debugging-pipe --no-startup-window
      - <launched> pid=21715
      - [pid=21715][err] /home/user/.cache/ms-playwright/chromium-1234/chrome-linux64/chrome: error while loading shared libraries: libnspr4.so: cannot open shared object file: No such file or directory
      - [pid=21715] <gracefully close start>
      - [pid=21715] <kill>
      - [pid=21715] <will force kill>
      - [pid=21715] exception while trying to kill process: Error: kill ESRCH
      - [pid=21715] <process did exit: exitCode=127, signal=null>
      - [pid=21715] starting temporary directories cleanup
      - [pid=21715] finished temporary directories cleanup
      - [pid=21715] <gracefully close end>


    Error Context: test-results/critical-flows-review-remi-fe49a-sal-and-respect-quiet-hours-chromium/error-context.md

    attachment #2: trace (application/zip) ─────────────────────────────────────────────────────────
    test-results/critical-flows-review-remi-fe49a-sal-and-respect-quiet-hours-chromium/trace.zip
    Usage:

        npx playwright show-trace test-results/critical-flows-review-remi-fe49a-sal-and-respect-quiet-hours-chromium/trace.zip

    ────────────────────────────────────────────────────────────────────────────────────────────────


[42/82] [mobile-chromium] › tests/e2e/critical-flows.spec.ts:47:1 › critical pages have no automatically detectable serious WCAG violations
  42) [mobile-chromium] › tests/e2e/critical-flows.spec.ts:47:1 › critical pages have no automatically detectable serious WCAG violations 

    Error: browserType.launch: Target page, context or browser has been closed
    Browser logs:

    <launching> /home/user/.cache/ms-playwright/chromium-1234/chrome-linux64/chrome --disable-field-trial-config --disable-background-networking --disable-background-timer-throttling --disable-backgrounding-occluded-windows --disable-back-forward-cache --disable-breakpad --disable-client-side-phishing-detection --disable-component-extensions-with-background-pages --disable-component-update --no-default-browser-check --disable-default-apps --disable-dev-shm-usage --disable-edgeupdater --disable-extensions --disable-features=AvoidUnnecessaryBeforeUnloadCheckSync,BoundaryEventDispatchTracksNodeRemoval,DestroyProfileOnBrowserClose,DialMediaRouteProvider,GlobalMediaControls,HttpsUpgrades,LensOverlay,MediaRouter,PaintHolding,ThirdPartyStoragePartitioning,BlockOriginHeaderModificationOnRedirect,Translate,AutoDeElevate,OptimizationHints,msForceBrowserSignIn,msEdgeUpdateLaunchServicesPreferredVersion --enable-features=CDPScreenshotNewSurface --allow-pre-commit-input --disable-hang-monitor --disable-ipc-flooding-protection --disable-popup-blocking --disable-prompt-on-repost --disable-renderer-backgrounding --disable-updater-scheduler --force-color-profile=srgb --metrics-recording-only --no-first-run --password-store=basic --use-mock-keychain --no-service-autorun --export-tagged-pdf --disable-search-engine-choice-screen --unsafely-disable-devtools-self-xss-warnings --edge-skip-compat-layer-relaunch --disable-infobars --disable-search-engine-choice-screen --disable-sync --enable-unsafe-swiftshader --headless --hide-scrollbars --mute-audio --blink-settings=primaryHoverType=2,availableHoverTypes=2,primaryPointerType=4,availablePointerTypes=4 --no-sandbox --user-data-dir=/tmp/playwright_chromiumdev_profile-E92KjG --remote-debugging-pipe --no-startup-window
    <launched> pid=21728
    [pid=21728][err] /home/user/.cache/ms-playwright/chromium-1234/chrome-linux64/chrome: error while loading shared libraries: libnspr4.so: cannot open shared object file: No such file or directory
    Call log:
      - <launching> /home/user/.cache/ms-playwright/chromium-1234/chrome-linux64/chrome --disable-field-trial-config --disable-background-networking --disable-background-timer-throttling --disable-backgrounding-occluded-windows --disable-back-forward-cache --disable-breakpad --disable-client-side-phishing-detection --disable-component-extensions-with-background-pages --disable-component-update --no-default-browser-check --disable-default-apps --disable-dev-shm-usage --disable-edgeupdater --disable-extensions --disable-features=AvoidUnnecessaryBeforeUnloadCheckSync,BoundaryEventDispatchTracksNodeRemoval,DestroyProfileOnBrowserClose,DialMediaRouteProvider,GlobalMediaControls,HttpsUpgrades,LensOverlay,MediaRouter,PaintHolding,ThirdPartyStoragePartitioning,BlockOriginHeaderModificationOnRedirect,Translate,AutoDeElevate,OptimizationHints,msForceBrowserSignIn,msEdgeUpdateLaunchServicesPreferredVersion --enable-features=CDPScreenshotNewSurface --allow-pre-commit-input --disable-hang-monitor --disable-ipc-flooding-protection --disable-popup-blocking --disable-prompt-on-repost --disable-renderer-backgrounding --disable-updater-scheduler --force-color-profile=srgb --metrics-recording-only --no-first-run --password-store=basic --use-mock-keychain --no-service-autorun --export-tagged-pdf --disable-search-engine-choice-screen --unsafely-disable-devtools-self-xss-warnings --edge-skip-compat-layer-relaunch --disable-infobars --disable-search-engine-choice-screen --disable-sync --enable-unsafe-swiftshader --headless --hide-scrollbars --mute-audio --blink-settings=primaryHoverType=2,availableHoverTypes=2,primaryPointerType=4,availablePointerTypes=4 --no-sandbox --user-data-dir=/tmp/playwright_chromiumdev_profile-E92KjG --remote-debugging-pipe --no-startup-window
      - <launched> pid=21728
      - [pid=21728][err] /home/user/.cache/ms-playwright/chromium-1234/chrome-linux64/chrome: error while loading shared libraries: libnspr4.so: cannot open shared object file: No such file or directory
      - [pid=21728] <gracefully close start>
      - [pid=21728] <kill>
      - [pid=21728] <will force kill>
      - [pid=21728] exception while trying to kill process: Error: kill ESRCH
      - [pid=21728] <process did exit: exitCode=127, signal=null>
      - [pid=21728] starting temporary directories cleanup
      - [pid=21728] finished temporary directories cleanup
      - [pid=21728] <gracefully close end>


    Error Context: test-results/critical-flows-critical-pa-32fac-ble-serious-WCAG-violations-mobile-chromium/error-context.md

    attachment #2: trace (application/zip) ─────────────────────────────────────────────────────────
    test-results/critical-flows-critical-pa-32fac-ble-serious-WCAG-violations-mobile-chromium/trace.zip
    Usage:

        npx playwright show-trace test-results/critical-flows-critical-pa-32fac-ble-serious-WCAG-violations-mobile-chromium/trace.zip

    ────────────────────────────────────────────────────────────────────────────────────────────────


[43/82] [mobile-chromium] › tests/e2e/critical-flows.spec.ts:57:1 › library and exam hubs render their completed content contracts
  43) [mobile-chromium] › tests/e2e/critical-flows.spec.ts:57:1 › library and exam hubs render their completed content contracts 

    Error: browserType.launch: Target page, context or browser has been closed
    Browser logs:

    <launching> /home/user/.cache/ms-playwright/chromium-1234/chrome-linux64/chrome --disable-field-trial-config --disable-background-networking --disable-background-timer-throttling --disable-backgrounding-occluded-windows --disable-back-forward-cache --disable-breakpad --disable-client-side-phishing-detection --disable-component-extensions-with-background-pages --disable-component-update --no-default-browser-check --disable-default-apps --disable-dev-shm-usage --disable-edgeupdater --disable-extensions --disable-features=AvoidUnnecessaryBeforeUnloadCheckSync,BoundaryEventDispatchTracksNodeRemoval,DestroyProfileOnBrowserClose,DialMediaRouteProvider,GlobalMediaControls,HttpsUpgrades,LensOverlay,MediaRouter,PaintHolding,ThirdPartyStoragePartitioning,BlockOriginHeaderModificationOnRedirect,Translate,AutoDeElevate,OptimizationHints,msForceBrowserSignIn,msEdgeUpdateLaunchServicesPreferredVersion --enable-features=CDPScreenshotNewSurface --allow-pre-commit-input --disable-hang-monitor --disable-ipc-flooding-protection --disable-popup-blocking --disable-prompt-on-repost --disable-renderer-backgrounding --disable-updater-scheduler --force-color-profile=srgb --metrics-recording-only --no-first-run --password-store=basic --use-mock-keychain --no-service-autorun --export-tagged-pdf --disable-search-engine-choice-screen --unsafely-disable-devtools-self-xss-warnings --edge-skip-compat-layer-relaunch --disable-infobars --disable-search-engine-choice-screen --disable-sync --enable-unsafe-swiftshader --headless --hide-scrollbars --mute-audio --blink-settings=primaryHoverType=2,availableHoverTypes=2,primaryPointerType=4,availablePointerTypes=4 --no-sandbox --user-data-dir=/tmp/playwright_chromiumdev_profile-ZaCZLf --remote-debugging-pipe --no-startup-window
    <launched> pid=21741
    [pid=21741][err] /home/user/.cache/ms-playwright/chromium-1234/chrome-linux64/chrome: error while loading shared libraries: libnspr4.so: cannot open shared object file: No such file or directory
    Call log:
      - <launching> /home/user/.cache/ms-playwright/chromium-1234/chrome-linux64/chrome --disable-field-trial-config --disable-background-networking --disable-background-timer-throttling --disable-backgrounding-occluded-windows --disable-back-forward-cache --disable-breakpad --disable-client-side-phishing-detection --disable-component-extensions-with-background-pages --disable-component-update --no-default-browser-check --disable-default-apps --disable-dev-shm-usage --disable-edgeupdater --disable-extensions --disable-features=AvoidUnnecessaryBeforeUnloadCheckSync,BoundaryEventDispatchTracksNodeRemoval,DestroyProfileOnBrowserClose,DialMediaRouteProvider,GlobalMediaControls,HttpsUpgrades,LensOverlay,MediaRouter,PaintHolding,ThirdPartyStoragePartitioning,BlockOriginHeaderModificationOnRedirect,Translate,AutoDeElevate,OptimizationHints,msForceBrowserSignIn,msEdgeUpdateLaunchServicesPreferredVersion --enable-features=CDPScreenshotNewSurface --allow-pre-commit-input --disable-hang-monitor --disable-ipc-flooding-protection --disable-popup-blocking --disable-prompt-on-repost --disable-renderer-backgrounding --disable-updater-scheduler --force-color-profile=srgb --metrics-recording-only --no-first-run --password-store=basic --use-mock-keychain --no-service-autorun --export-tagged-pdf --disable-search-engine-choice-screen --unsafely-disable-devtools-self-xss-warnings --edge-skip-compat-layer-relaunch --disable-infobars --disable-search-engine-choice-screen --disable-sync --enable-unsafe-swiftshader --headless --hide-scrollbars --mute-audio --blink-settings=primaryHoverType=2,availableHoverTypes=2,primaryPointerType=4,availablePointerTypes=4 --no-sandbox --user-data-dir=/tmp/playwright_chromiumdev_profile-ZaCZLf --remote-debugging-pipe --no-startup-window
      - <launched> pid=21741
      - [pid=21741][err] /home/user/.cache/ms-playwright/chromium-1234/chrome-linux64/chrome: error while loading shared libraries: libnspr4.so: cannot open shared object file: No such file or directory
      - [pid=21741] <gracefully close start>
      - [pid=21741] <kill>
      - [pid=21741] <will force kill>
      - [pid=21741] <process did exit: exitCode=127, signal=null>
      - [pid=21741] starting temporary directories cleanup
      - [pid=21741] finished temporary directories cleanup
      - [pid=21741] <gracefully close end>


    Error Context: test-results/critical-flows-library-and-2477c-completed-content-contracts-mobile-chromium/error-context.md

    attachment #2: trace (application/zip) ─────────────────────────────────────────────────────────
    test-results/critical-flows-library-and-2477c-completed-content-contracts-mobile-chromium/trace.zip
    Usage:

        npx playwright show-trace test-results/critical-flows-library-and-2477c-completed-content-contracts-mobile-chromium/trace.zip

    ────────────────────────────────────────────────────────────────────────────────────────────────


[44/82] [mobile-chromium] › tests/e2e/critical-flows.spec.ts:194:1 › bilingual local search ranks German and Arabic results and returns to context
  44) [mobile-chromium] › tests/e2e/critical-flows.spec.ts:194:1 › bilingual local search ranks German and Arabic results and returns to context 

    Error: browserType.launch: Target page, context or browser has been closed
    Browser logs:

    <launching> /home/user/.cache/ms-playwright/chromium-1234/chrome-linux64/chrome --disable-field-trial-config --disable-background-networking --disable-background-timer-throttling --disable-backgrounding-occluded-windows --disable-back-forward-cache --disable-breakpad --disable-client-side-phishing-detection --disable-component-extensions-with-background-pages --disable-component-update --no-default-browser-check --disable-default-apps --disable-dev-shm-usage --disable-edgeupdater --disable-extensions --disable-features=AvoidUnnecessaryBeforeUnloadCheckSync,BoundaryEventDispatchTracksNodeRemoval,DestroyProfileOnBrowserClose,DialMediaRouteProvider,GlobalMediaControls,HttpsUpgrades,LensOverlay,MediaRouter,PaintHolding,ThirdPartyStoragePartitioning,BlockOriginHeaderModificationOnRedirect,Translate,AutoDeElevate,OptimizationHints,msForceBrowserSignIn,msEdgeUpdateLaunchServicesPreferredVersion --enable-features=CDPScreenshotNewSurface --allow-pre-commit-input --disable-hang-monitor --disable-ipc-flooding-protection --disable-popup-blocking --disable-prompt-on-repost --disable-renderer-backgrounding --disable-updater-scheduler --force-color-profile=srgb --metrics-recording-only --no-first-run --password-store=basic --use-mock-keychain --no-service-autorun --export-tagged-pdf --disable-search-engine-choice-screen --unsafely-disable-devtools-self-xss-warnings --edge-skip-compat-layer-relaunch --disable-infobars --disable-search-engine-choice-screen --disable-sync --enable-unsafe-swiftshader --headless --hide-scrollbars --mute-audio --blink-settings=primaryHoverType=2,availableHoverTypes=2,primaryPointerType=4,availablePointerTypes=4 --no-sandbox --user-data-dir=/tmp/playwright_chromiumdev_profile-3ghpyx --remote-debugging-pipe --no-startup-window
    <launched> pid=21754
    [pid=21754][err] /home/user/.cache/ms-playwright/chromium-1234/chrome-linux64/chrome: error while loading shared libraries: libnspr4.so: cannot open shared object file: No such file or directory
    Call log:
      - <launching> /home/user/.cache/ms-playwright/chromium-1234/chrome-linux64/chrome --disable-field-trial-config --disable-background-networking --disable-background-timer-throttling --disable-backgrounding-occluded-windows --disable-back-forward-cache --disable-breakpad --disable-client-side-phishing-detection --disable-component-extensions-with-background-pages --disable-component-update --no-default-browser-check --disable-default-apps --disable-dev-shm-usage --disable-edgeupdater --disable-extensions --disable-features=AvoidUnnecessaryBeforeUnloadCheckSync,BoundaryEventDispatchTracksNodeRemoval,DestroyProfileOnBrowserClose,DialMediaRouteProvider,GlobalMediaControls,HttpsUpgrades,LensOverlay,MediaRouter,PaintHolding,ThirdPartyStoragePartitioning,BlockOriginHeaderModificationOnRedirect,Translate,AutoDeElevate,OptimizationHints,msForceBrowserSignIn,msEdgeUpdateLaunchServicesPreferredVersion --enable-features=CDPScreenshotNewSurface --allow-pre-commit-input --disable-hang-monitor --disable-ipc-flooding-protection --disable-popup-blocking --disable-prompt-on-repost --disable-renderer-backgrounding --disable-updater-scheduler --force-color-profile=srgb --metrics-recording-only --no-first-run --password-store=basic --use-mock-keychain --no-service-autorun --export-tagged-pdf --disable-search-engine-choice-screen --unsafely-disable-devtools-self-xss-warnings --edge-skip-compat-layer-relaunch --disable-infobars --disable-search-engine-choice-screen --disable-sync --enable-unsafe-swiftshader --headless --hide-scrollbars --mute-audio --blink-settings=primaryHoverType=2,availableHoverTypes=2,primaryPointerType=4,availablePointerTypes=4 --no-sandbox --user-data-dir=/tmp/playwright_chromiumdev_profile-3ghpyx --remote-debugging-pipe --no-startup-window
      - <launched> pid=21754
      - [pid=21754][err] /home/user/.cache/ms-playwright/chromium-1234/chrome-linux64/chrome: error while loading shared libraries: libnspr4.so: cannot open shared object file: No such file or directory
      - [pid=21754] <gracefully close start>
      - [pid=21754] <kill>
      - [pid=21754] <will force kill>
      - [pid=21754] exception while trying to kill process: Error: kill ESRCH
      - [pid=21754] <process did exit: exitCode=127, signal=null>
      - [pid=21754] starting temporary directories cleanup
      - [pid=21754] finished temporary directories cleanup
      - [pid=21754] <gracefully close end>


    Error Context: test-results/critical-flows-bilingual-l-c12d4-ults-and-returns-to-context-mobile-chromium/error-context.md

    attachment #2: trace (application/zip) ─────────────────────────────────────────────────────────
    test-results/critical-flows-bilingual-l-c12d4-ults-and-returns-to-context-mobile-chromium/trace.zip
    Usage:

        npx playwright show-trace test-results/critical-flows-bilingual-l-c12d4-ults-and-returns-to-context-mobile-chromium/trace.zip

    ────────────────────────────────────────────────────────────────────────────────────────────────


[45/82] [mobile-chromium] › tests/e2e/critical-flows.spec.ts:232:1 › visual accessibility preferences preview immediately, persist, reset, and respect system motion
  45) [mobile-chromium] › tests/e2e/critical-flows.spec.ts:232:1 › visual accessibility preferences preview immediately, persist, reset, and respect system motion 

    Error: browserType.launch: Target page, context or browser has been closed
    Browser logs:

    <launching> /home/user/.cache/ms-playwright/chromium-1234/chrome-linux64/chrome --disable-field-trial-config --disable-background-networking --disable-background-timer-throttling --disable-backgrounding-occluded-windows --disable-back-forward-cache --disable-breakpad --disable-client-side-phishing-detection --disable-component-extensions-with-background-pages --disable-component-update --no-default-browser-check --disable-default-apps --disable-dev-shm-usage --disable-edgeupdater --disable-extensions --disable-features=AvoidUnnecessaryBeforeUnloadCheckSync,BoundaryEventDispatchTracksNodeRemoval,DestroyProfileOnBrowserClose,DialMediaRouteProvider,GlobalMediaControls,HttpsUpgrades,LensOverlay,MediaRouter,PaintHolding,ThirdPartyStoragePartitioning,BlockOriginHeaderModificationOnRedirect,Translate,AutoDeElevate,OptimizationHints,msForceBrowserSignIn,msEdgeUpdateLaunchServicesPreferredVersion --enable-features=CDPScreenshotNewSurface --allow-pre-commit-input --disable-hang-monitor --disable-ipc-flooding-protection --disable-popup-blocking --disable-prompt-on-repost --disable-renderer-backgrounding --disable-updater-scheduler --force-color-profile=srgb --metrics-recording-only --no-first-run --password-store=basic --use-mock-keychain --no-service-autorun --export-tagged-pdf --disable-search-engine-choice-screen --unsafely-disable-devtools-self-xss-warnings --edge-skip-compat-layer-relaunch --disable-infobars --disable-search-engine-choice-screen --disable-sync --enable-unsafe-swiftshader --headless --hide-scrollbars --mute-audio --blink-settings=primaryHoverType=2,availableHoverTypes=2,primaryPointerType=4,availablePointerTypes=4 --no-sandbox --user-data-dir=/tmp/playwright_chromiumdev_profile-kZceGG --remote-debugging-pipe --no-startup-window
    <launched> pid=21775
    [pid=21775][err] /home/user/.cache/ms-playwright/chromium-1234/chrome-linux64/chrome: error while loading shared libraries: libnspr4.so: cannot open shared object file: No such file or directory
    Call log:
      - <launching> /home/user/.cache/ms-playwright/chromium-1234/chrome-linux64/chrome --disable-field-trial-config --disable-background-networking --disable-background-timer-throttling --disable-backgrounding-occluded-windows --disable-back-forward-cache --disable-breakpad --disable-client-side-phishing-detection --disable-component-extensions-with-background-pages --disable-component-update --no-default-browser-check --disable-default-apps --disable-dev-shm-usage --disable-edgeupdater --disable-extensions --disable-features=AvoidUnnecessaryBeforeUnloadCheckSync,BoundaryEventDispatchTracksNodeRemoval,DestroyProfileOnBrowserClose,DialMediaRouteProvider,GlobalMediaControls,HttpsUpgrades,LensOverlay,MediaRouter,PaintHolding,ThirdPartyStoragePartitioning,BlockOriginHeaderModificationOnRedirect,Translate,AutoDeElevate,OptimizationHints,msForceBrowserSignIn,msEdgeUpdateLaunchServicesPreferredVersion --enable-features=CDPScreenshotNewSurface --allow-pre-commit-input --disable-hang-monitor --disable-ipc-flooding-protection --disable-popup-blocking --disable-prompt-on-repost --disable-renderer-backgrounding --disable-updater-scheduler --force-color-profile=srgb --metrics-recording-only --no-first-run --password-store=basic --use-mock-keychain --no-service-autorun --export-tagged-pdf --disable-search-engine-choice-screen --unsafely-disable-devtools-self-xss-warnings --edge-skip-compat-layer-relaunch --disable-infobars --disable-search-engine-choice-screen --disable-sync --enable-unsafe-swiftshader --headless --hide-scrollbars --mute-audio --blink-settings=primaryHoverType=2,availableHoverTypes=2,primaryPointerType=4,availablePointerTypes=4 --no-sandbox --user-data-dir=/tmp/playwright_chromiumdev_profile-kZceGG --remote-debugging-pipe --no-startup-window
      - <launched> pid=21775
      - [pid=21775][err] /home/user/.cache/ms-playwright/chromium-1234/chrome-linux64/chrome: error while loading shared libraries: libnspr4.so: cannot open shared object file: No such file or directory
      - [pid=21775] <gracefully close start>
      - [pid=21775] <kill>
      - [pid=21775] <will force kill>
      - [pid=21775] exception while trying to kill process: Error: kill ESRCH
      - [pid=21775] <process did exit: exitCode=127, signal=null>
      - [pid=21775] starting temporary directories cleanup
      - [pid=21775] finished temporary directories cleanup
      - [pid=21775] <gracefully close end>


    Error Context: test-results/critical-flows-visual-acce-04b5b-t-and-respect-system-motion-mobile-chromium/error-context.md

    attachment #2: trace (application/zip) ─────────────────────────────────────────────────────────
    test-results/critical-flows-visual-acce-04b5b-t-and-respect-system-motion-mobile-chromium/trace.zip
    Usage:

        npx playwright show-trace test-results/critical-flows-visual-acce-04b5b-t-and-respect-system-motion-mobile-chromium/trace.zip

    ────────────────────────────────────────────────────────────────────────────────────────────────


[46/82] [mobile-chromium] › tests/e2e/critical-flows.spec.ts:308:1 › P0 exam readiness stays provider-scoped and exposes weak modules instead of one average
  46) [mobile-chromium] › tests/e2e/critical-flows.spec.ts:308:1 › P0 exam readiness stays provider-scoped and exposes weak modules instead of one average 

    Error: browserType.launch: Target page, context or browser has been closed
    Browser logs:

    <launching> /home/user/.cache/ms-playwright/chromium-1234/chrome-linux64/chrome --disable-field-trial-config --disable-background-networking --disable-background-timer-throttling --disable-backgrounding-occluded-windows --disable-back-forward-cache --disable-breakpad --disable-client-side-phishing-detection --disable-component-extensions-with-background-pages --disable-component-update --no-default-browser-check --disable-default-apps --disable-dev-shm-usage --disable-edgeupdater --disable-extensions --disable-features=AvoidUnnecessaryBeforeUnloadCheckSync,BoundaryEventDispatchTracksNodeRemoval,DestroyProfileOnBrowserClose,DialMediaRouteProvider,GlobalMediaControls,HttpsUpgrades,LensOverlay,MediaRouter,PaintHolding,ThirdPartyStoragePartitioning,BlockOriginHeaderModificationOnRedirect,Translate,AutoDeElevate,OptimizationHints,msForceBrowserSignIn,msEdgeUpdateLaunchServicesPreferredVersion --enable-features=CDPScreenshotNewSurface --allow-pre-commit-input --disable-hang-monitor --disable-ipc-flooding-protection --disable-popup-blocking --disable-prompt-on-repost --disable-renderer-backgrounding --disable-updater-scheduler --force-color-profile=srgb --metrics-recording-only --no-first-run --password-store=basic --use-mock-keychain --no-service-autorun --export-tagged-pdf --disable-search-engine-choice-screen --unsafely-disable-devtools-self-xss-warnings --edge-skip-compat-layer-relaunch --disable-infobars --disable-search-engine-choice-screen --disable-sync --enable-unsafe-swiftshader --headless --hide-scrollbars --mute-audio --blink-settings=primaryHoverType=2,availableHoverTypes=2,primaryPointerType=4,availablePointerTypes=4 --no-sandbox --user-data-dir=/tmp/playwright_chromiumdev_profile-cNbyMJ --remote-debugging-pipe --no-startup-window
    <launched> pid=21788
    [pid=21788][err] /home/user/.cache/ms-playwright/chromium-1234/chrome-linux64/chrome: error while loading shared libraries: libnspr4.so: cannot open shared object file: No such file or directory
    Call log:
      - <launching> /home/user/.cache/ms-playwright/chromium-1234/chrome-linux64/chrome --disable-field-trial-config --disable-background-networking --disable-background-timer-throttling --disable-backgrounding-occluded-windows --disable-back-forward-cache --disable-breakpad --disable-client-side-phishing-detection --disable-component-extensions-with-background-pages --disable-component-update --no-default-browser-check --disable-default-apps --disable-dev-shm-usage --disable-edgeupdater --disable-extensions --disable-features=AvoidUnnecessaryBeforeUnloadCheckSync,BoundaryEventDispatchTracksNodeRemoval,DestroyProfileOnBrowserClose,DialMediaRouteProvider,GlobalMediaControls,HttpsUpgrades,LensOverlay,MediaRouter,PaintHolding,ThirdPartyStoragePartitioning,BlockOriginHeaderModificationOnRedirect,Translate,AutoDeElevate,OptimizationHints,msForceBrowserSignIn,msEdgeUpdateLaunchServicesPreferredVersion --enable-features=CDPScreenshotNewSurface --allow-pre-commit-input --disable-hang-monitor --disable-ipc-flooding-protection --disable-popup-blocking --disable-prompt-on-repost --disable-renderer-backgrounding --disable-updater-scheduler --force-color-profile=srgb --metrics-recording-only --no-first-run --password-store=basic --use-mock-keychain --no-service-autorun --export-tagged-pdf --disable-search-engine-choice-screen --unsafely-disable-devtools-self-xss-warnings --edge-skip-compat-layer-relaunch --disable-infobars --disable-search-engine-choice-screen --disable-sync --enable-unsafe-swiftshader --headless --hide-scrollbars --mute-audio --blink-settings=primaryHoverType=2,availableHoverTypes=2,primaryPointerType=4,availablePointerTypes=4 --no-sandbox --user-data-dir=/tmp/playwright_chromiumdev_profile-cNbyMJ --remote-debugging-pipe --no-startup-window
      - <launched> pid=21788
      - [pid=21788][err] /home/user/.cache/ms-playwright/chromium-1234/chrome-linux64/chrome: error while loading shared libraries: libnspr4.so: cannot open shared object file: No such file or directory
      - [pid=21788] <gracefully close start>
      - [pid=21788] <kill>
      - [pid=21788] <will force kill>
      - [pid=21788] exception while trying to kill process: Error: kill ESRCH
      - [pid=21788] <process did exit: exitCode=127, signal=null>
      - [pid=21788] starting temporary directories cleanup
      - [pid=21788] finished temporary directories cleanup
      - [pid=21788] <gracefully close end>


    Error Context: test-results/critical-flows-P0-exam-rea-7eb37-ules-instead-of-one-average-mobile-chromium/error-context.md

    attachment #2: trace (application/zip) ─────────────────────────────────────────────────────────
    test-results/critical-flows-P0-exam-rea-7eb37-ules-instead-of-one-average-mobile-chromium/trace.zip
    Usage:

        npx playwright show-trace test-results/critical-flows-P0-exam-rea-7eb37-ules-instead-of-one-average-mobile-chromium/trace.zip

    ────────────────────────────────────────────────────────────────────────────────────────────────


[47/82] [mobile-chromium] › tests/e2e/critical-flows.spec.ts:354:1 › P0 onboarding captures goals and an explicit device-check skip locally
  47) [mobile-chromium] › tests/e2e/critical-flows.spec.ts:354:1 › P0 onboarding captures goals and an explicit device-check skip locally 

    Error: browserType.launch: Target page, context or browser has been closed
    Browser logs:

    <launching> /home/user/.cache/ms-playwright/chromium-1234/chrome-linux64/chrome --disable-field-trial-config --disable-background-networking --disable-background-timer-throttling --disable-backgrounding-occluded-windows --disable-back-forward-cache --disable-breakpad --disable-client-side-phishing-detection --disable-component-extensions-with-background-pages --disable-component-update --no-default-browser-check --disable-default-apps --disable-dev-shm-usage --disable-edgeupdater --disable-extensions --disable-features=AvoidUnnecessaryBeforeUnloadCheckSync,BoundaryEventDispatchTracksNodeRemoval,DestroyProfileOnBrowserClose,DialMediaRouteProvider,GlobalMediaControls,HttpsUpgrades,LensOverlay,MediaRouter,PaintHolding,ThirdPartyStoragePartitioning,BlockOriginHeaderModificationOnRedirect,Translate,AutoDeElevate,OptimizationHints,msForceBrowserSignIn,msEdgeUpdateLaunchServicesPreferredVersion --enable-features=CDPScreenshotNewSurface --allow-pre-commit-input --disable-hang-monitor --disable-ipc-flooding-protection --disable-popup-blocking --disable-prompt-on-repost --disable-renderer-backgrounding --disable-updater-scheduler --force-color-profile=srgb --metrics-recording-only --no-first-run --password-store=basic --use-mock-keychain --no-service-autorun --export-tagged-pdf --disable-search-engine-choice-screen --unsafely-disable-devtools-self-xss-warnings --edge-skip-compat-layer-relaunch --disable-infobars --disable-search-engine-choice-screen --disable-sync --enable-unsafe-swiftshader --headless --hide-scrollbars --mute-audio --blink-settings=primaryHoverType=2,availableHoverTypes=2,primaryPointerType=4,availablePointerTypes=4 --no-sandbox --user-data-dir=/tmp/playwright_chromiumdev_profile-WjFHSa --remote-debugging-pipe --no-startup-window
    <launched> pid=21801
    [pid=21801][err] /home/user/.cache/ms-playwright/chromium-1234/chrome-linux64/chrome: error while loading shared libraries: libnspr4.so: cannot open shared object file: No such file or directory
    Call log:
      - <launching> /home/user/.cache/ms-playwright/chromium-1234/chrome-linux64/chrome --disable-field-trial-config --disable-background-networking --disable-background-timer-throttling --disable-backgrounding-occluded-windows --disable-back-forward-cache --disable-breakpad --disable-client-side-phishing-detection --disable-component-extensions-with-background-pages --disable-component-update --no-default-browser-check --disable-default-apps --disable-dev-shm-usage --disable-edgeupdater --disable-extensions --disable-features=AvoidUnnecessaryBeforeUnloadCheckSync,BoundaryEventDispatchTracksNodeRemoval,DestroyProfileOnBrowserClose,DialMediaRouteProvider,GlobalMediaControls,HttpsUpgrades,LensOverlay,MediaRouter,PaintHolding,ThirdPartyStoragePartitioning,BlockOriginHeaderModificationOnRedirect,Translate,AutoDeElevate,OptimizationHints,msForceBrowserSignIn,msEdgeUpdateLaunchServicesPreferredVersion --enable-features=CDPScreenshotNewSurface --allow-pre-commit-input --disable-hang-monitor --disable-ipc-flooding-protection --disable-popup-blocking --disable-prompt-on-repost --disable-renderer-backgrounding --disable-updater-scheduler --force-color-profile=srgb --metrics-recording-only --no-first-run --password-store=basic --use-mock-keychain --no-service-autorun --export-tagged-pdf --disable-search-engine-choice-screen --unsafely-disable-devtools-self-xss-warnings --edge-skip-compat-layer-relaunch --disable-infobars --disable-search-engine-choice-screen --disable-sync --enable-unsafe-swiftshader --headless --hide-scrollbars --mute-audio --blink-settings=primaryHoverType=2,availableHoverTypes=2,primaryPointerType=4,availablePointerTypes=4 --no-sandbox --user-data-dir=/tmp/playwright_chromiumdev_profile-WjFHSa --remote-debugging-pipe --no-startup-window
      - <launched> pid=21801
      - [pid=21801][err] /home/user/.cache/ms-playwright/chromium-1234/chrome-linux64/chrome: error while loading shared libraries: libnspr4.so: cannot open shared object file: No such file or directory
      - [pid=21801] <gracefully close start>
      - [pid=21801] <kill>
      - [pid=21801] <will force kill>
      - [pid=21801] exception while trying to kill process: Error: kill ESRCH
      - [pid=21801] <process did exit: exitCode=127, signal=null>
      - [pid=21801] starting temporary directories cleanup
      - [pid=21801] finished temporary directories cleanup
      - [pid=21801] <gracefully close end>


    Error Context: test-results/critical-flows-P0-onboardi-2e033-t-device-check-skip-locally-mobile-chromium/error-context.md

    attachment #2: trace (application/zip) ─────────────────────────────────────────────────────────
    test-results/critical-flows-P0-onboardi-2e033-t-device-check-skip-locally-mobile-chromium/trace.zip
    Usage:

        npx playwright show-trace test-results/critical-flows-P0-onboardi-2e033-t-device-check-skip-locally-mobile-chromium/trace.zip

    ────────────────────────────────────────────────────────────────────────────────────────────────


[48/82] [mobile-chromium] › tests/e2e/critical-flows.spec.ts:400:1 › an absolute beginner starts A1 step by step and never receives an isolated writing demand
  48) [mobile-chromium] › tests/e2e/critical-flows.spec.ts:400:1 › an absolute beginner starts A1 step by step and never receives an isolated writing demand 

    Error: browserType.launch: Target page, context or browser has been closed
    Browser logs:

    <launching> /home/user/.cache/ms-playwright/chromium-1234/chrome-linux64/chrome --disable-field-trial-config --disable-background-networking --disable-background-timer-throttling --disable-backgrounding-occluded-windows --disable-back-forward-cache --disable-breakpad --disable-client-side-phishing-detection --disable-component-extensions-with-background-pages --disable-component-update --no-default-browser-check --disable-default-apps --disable-dev-shm-usage --disable-edgeupdater --disable-extensions --disable-features=AvoidUnnecessaryBeforeUnloadCheckSync,BoundaryEventDispatchTracksNodeRemoval,DestroyProfileOnBrowserClose,DialMediaRouteProvider,GlobalMediaControls,HttpsUpgrades,LensOverlay,MediaRouter,PaintHolding,ThirdPartyStoragePartitioning,BlockOriginHeaderModificationOnRedirect,Translate,AutoDeElevate,OptimizationHints,msForceBrowserSignIn,msEdgeUpdateLaunchServicesPreferredVersion --enable-features=CDPScreenshotNewSurface --allow-pre-commit-input --disable-hang-monitor --disable-ipc-flooding-protection --disable-popup-blocking --disable-prompt-on-repost --disable-renderer-backgrounding --disable-updater-scheduler --force-color-profile=srgb --metrics-recording-only --no-first-run --password-store=basic --use-mock-keychain --no-service-autorun --export-tagged-pdf --disable-search-engine-choice-screen --unsafely-disable-devtools-self-xss-warnings --edge-skip-compat-layer-relaunch --disable-infobars --disable-search-engine-choice-screen --disable-sync --enable-unsafe-swiftshader --headless --hide-scrollbars --mute-audio --blink-settings=primaryHoverType=2,availableHoverTypes=2,primaryPointerType=4,availablePointerTypes=4 --no-sandbox --user-data-dir=/tmp/playwright_chromiumdev_profile-AD7m38 --remote-debugging-pipe --no-startup-window
    <launched> pid=21814
    [pid=21814][err] /home/user/.cache/ms-playwright/chromium-1234/chrome-linux64/chrome: error while loading shared libraries: libnspr4.so: cannot open shared object file: No such file or directory
    Call log:
      - <launching> /home/user/.cache/ms-playwright/chromium-1234/chrome-linux64/chrome --disable-field-trial-config --disable-background-networking --disable-background-timer-throttling --disable-backgrounding-occluded-windows --disable-back-forward-cache --disable-breakpad --disable-client-side-phishing-detection --disable-component-extensions-with-background-pages --disable-component-update --no-default-browser-check --disable-default-apps --disable-dev-shm-usage --disable-edgeupdater --disable-extensions --disable-features=AvoidUnnecessaryBeforeUnloadCheckSync,BoundaryEventDispatchTracksNodeRemoval,DestroyProfileOnBrowserClose,DialMediaRouteProvider,GlobalMediaControls,HttpsUpgrades,LensOverlay,MediaRouter,PaintHolding,ThirdPartyStoragePartitioning,BlockOriginHeaderModificationOnRedirect,Translate,AutoDeElevate,OptimizationHints,msForceBrowserSignIn,msEdgeUpdateLaunchServicesPreferredVersion --enable-features=CDPScreenshotNewSurface --allow-pre-commit-input --disable-hang-monitor --disable-ipc-flooding-protection --disable-popup-blocking --disable-prompt-on-repost --disable-renderer-backgrounding --disable-updater-scheduler --force-color-profile=srgb --metrics-recording-only --no-first-run --password-store=basic --use-mock-keychain --no-service-autorun --export-tagged-pdf --disable-search-engine-choice-screen --unsafely-disable-devtools-self-xss-warnings --edge-skip-compat-layer-relaunch --disable-infobars --disable-search-engine-choice-screen --disable-sync --enable-unsafe-swiftshader --headless --hide-scrollbars --mute-audio --blink-settings=primaryHoverType=2,availableHoverTypes=2,primaryPointerType=4,availablePointerTypes=4 --no-sandbox --user-data-dir=/tmp/playwright_chromiumdev_profile-AD7m38 --remote-debugging-pipe --no-startup-window
      - <launched> pid=21814
      - [pid=21814][err] /home/user/.cache/ms-playwright/chromium-1234/chrome-linux64/chrome: error while loading shared libraries: libnspr4.so: cannot open shared object file: No such file or directory
      - [pid=21814] <gracefully close start>
      - [pid=21814] <kill>
      - [pid=21814] <will force kill>
      - [pid=21814] exception while trying to kill process: Error: kill ESRCH
      - [pid=21814] <process did exit: exitCode=127, signal=null>
      - [pid=21814] starting temporary directories cleanup
      - [pid=21814] finished temporary directories cleanup
      - [pid=21814] <gracefully close end>


    Error Context: test-results/critical-flows-an-absolute-f17ee--an-isolated-writing-demand-mobile-chromium/error-context.md

    attachment #2: trace (application/zip) ─────────────────────────────────────────────────────────
    test-results/critical-flows-an-absolute-f17ee--an-isolated-writing-demand-mobile-chromium/trace.zip
    Usage:

        npx playwright show-trace test-results/critical-flows-an-absolute-f17ee--an-isolated-writing-demand-mobile-chromium/trace.zip

    ────────────────────────────────────────────────────────────────────────────────────────────────


[49/82] [mobile-chromium] › tests/e2e/critical-flows.spec.ts:425:1 › P0 adaptive diagnostic stops at a clear boundary and stores four skill scores
  49) [mobile-chromium] › tests/e2e/critical-flows.spec.ts:425:1 › P0 adaptive diagnostic stops at a clear boundary and stores four skill scores 

    Error: browserType.launch: Target page, context or browser has been closed
    Browser logs:

    <launching> /home/user/.cache/ms-playwright/chromium-1234/chrome-linux64/chrome --disable-field-trial-config --disable-background-networking --disable-background-timer-throttling --disable-backgrounding-occluded-windows --disable-back-forward-cache --disable-breakpad --disable-client-side-phishing-detection --disable-component-extensions-with-background-pages --disable-component-update --no-default-browser-check --disable-default-apps --disable-dev-shm-usage --disable-edgeupdater --disable-extensions --disable-features=AvoidUnnecessaryBeforeUnloadCheckSync,BoundaryEventDispatchTracksNodeRemoval,DestroyProfileOnBrowserClose,DialMediaRouteProvider,GlobalMediaControls,HttpsUpgrades,LensOverlay,MediaRouter,PaintHolding,ThirdPartyStoragePartitioning,BlockOriginHeaderModificationOnRedirect,Translate,AutoDeElevate,OptimizationHints,msForceBrowserSignIn,msEdgeUpdateLaunchServicesPreferredVersion --enable-features=CDPScreenshotNewSurface --allow-pre-commit-input --disable-hang-monitor --disable-ipc-flooding-protection --disable-popup-blocking --disable-prompt-on-repost --disable-renderer-backgrounding --disable-updater-scheduler --force-color-profile=srgb --metrics-recording-only --no-first-run --password-store=basic --use-mock-keychain --no-service-autorun --export-tagged-pdf --disable-search-engine-choice-screen --unsafely-disable-devtools-self-xss-warnings --edge-skip-compat-layer-relaunch --disable-infobars --disable-search-engine-choice-screen --disable-sync --enable-unsafe-swiftshader --headless --hide-scrollbars --mute-audio --blink-settings=primaryHoverType=2,availableHoverTypes=2,primaryPointerType=4,availablePointerTypes=4 --no-sandbox --user-data-dir=/tmp/playwright_chromiumdev_profile-Pv5BeN --remote-debugging-pipe --no-startup-window
    <launched> pid=21827
    [pid=21827][err] /home/user/.cache/ms-playwright/chromium-1234/chrome-linux64/chrome: error while loading shared libraries: libnspr4.so: cannot open shared object file: No such file or directory
    Call log:
      - <launching> /home/user/.cache/ms-playwright/chromium-1234/chrome-linux64/chrome --disable-field-trial-config --disable-background-networking --disable-background-timer-throttling --disable-backgrounding-occluded-windows --disable-back-forward-cache --disable-breakpad --disable-client-side-phishing-detection --disable-component-extensions-with-background-pages --disable-component-update --no-default-browser-check --disable-default-apps --disable-dev-shm-usage --disable-edgeupdater --disable-extensions --disable-features=AvoidUnnecessaryBeforeUnloadCheckSync,BoundaryEventDispatchTracksNodeRemoval,DestroyProfileOnBrowserClose,DialMediaRouteProvider,GlobalMediaControls,HttpsUpgrades,LensOverlay,MediaRouter,PaintHolding,ThirdPartyStoragePartitioning,BlockOriginHeaderModificationOnRedirect,Translate,AutoDeElevate,OptimizationHints,msForceBrowserSignIn,msEdgeUpdateLaunchServicesPreferredVersion --enable-features=CDPScreenshotNewSurface --allow-pre-commit-input --disable-hang-monitor --disable-ipc-flooding-protection --disable-popup-blocking --disable-prompt-on-repost --disable-renderer-backgrounding --disable-updater-scheduler --force-color-profile=srgb --metrics-recording-only --no-first-run --password-store=basic --use-mock-keychain --no-service-autorun --export-tagged-pdf --disable-search-engine-choice-screen --unsafely-disable-devtools-self-xss-warnings --edge-skip-compat-layer-relaunch --disable-infobars --disable-search-engine-choice-screen --disable-sync --enable-unsafe-swiftshader --headless --hide-scrollbars --mute-audio --blink-settings=primaryHoverType=2,availableHoverTypes=2,primaryPointerType=4,availablePointerTypes=4 --no-sandbox --user-data-dir=/tmp/playwright_chromiumdev_profile-Pv5BeN --remote-debugging-pipe --no-startup-window
      - <launched> pid=21827
      - [pid=21827][err] /home/user/.cache/ms-playwright/chromium-1234/chrome-linux64/chrome: error while loading shared libraries: libnspr4.so: cannot open shared object file: No such file or directory
      - [pid=21827] <gracefully close start>
      - [pid=21827] <kill>
      - [pid=21827] <will force kill>
      - [pid=21827] <process did exit: exitCode=127, signal=null>
      - [pid=21827] starting temporary directories cleanup
      - [pid=21827] finished temporary directories cleanup
      - [pid=21827] <gracefully close end>


    Error Context: test-results/critical-flows-P0-adaptive-03817-nd-stores-four-skill-scores-mobile-chromium/error-context.md

    attachment #2: trace (application/zip) ─────────────────────────────────────────────────────────
    test-results/critical-flows-P0-adaptive-03817-nd-stores-four-skill-scores-mobile-chromium/trace.zip
    Usage:

        npx playwright show-trace test-results/critical-flows-P0-adaptive-03817-nd-stores-four-skill-scores-mobile-chromium/trace.zip

    ────────────────────────────────────────────────────────────────────────────────────────────────


[50/82] [mobile-chromium] › tests/e2e/critical-flows.spec.ts:464:1 › P0 tutor requires per-send consent, validates structured JSON, and deletes its local trace
  50) [mobile-chromium] › tests/e2e/critical-flows.spec.ts:464:1 › P0 tutor requires per-send consent, validates structured JSON, and deletes its local trace 

    Error: browserType.launch: Target page, context or browser has been closed
    Browser logs:

    <launching> /home/user/.cache/ms-playwright/chromium-1234/chrome-linux64/chrome --disable-field-trial-config --disable-background-networking --disable-background-timer-throttling --disable-backgrounding-occluded-windows --disable-back-forward-cache --disable-breakpad --disable-client-side-phishing-detection --disable-component-extensions-with-background-pages --disable-component-update --no-default-browser-check --disable-default-apps --disable-dev-shm-usage --disable-edgeupdater --disable-extensions --disable-features=AvoidUnnecessaryBeforeUnloadCheckSync,BoundaryEventDispatchTracksNodeRemoval,DestroyProfileOnBrowserClose,DialMediaRouteProvider,GlobalMediaControls,HttpsUpgrades,LensOverlay,MediaRouter,PaintHolding,ThirdPartyStoragePartitioning,BlockOriginHeaderModificationOnRedirect,Translate,AutoDeElevate,OptimizationHints,msForceBrowserSignIn,msEdgeUpdateLaunchServicesPreferredVersion --enable-features=CDPScreenshotNewSurface --allow-pre-commit-input --disable-hang-monitor --disable-ipc-flooding-protection --disable-popup-blocking --disable-prompt-on-repost --disable-renderer-backgrounding --disable-updater-scheduler --force-color-profile=srgb --metrics-recording-only --no-first-run --password-store=basic --use-mock-keychain --no-service-autorun --export-tagged-pdf --disable-search-engine-choice-screen --unsafely-disable-devtools-self-xss-warnings --edge-skip-compat-layer-relaunch --disable-infobars --disable-search-engine-choice-screen --disable-sync --enable-unsafe-swiftshader --headless --hide-scrollbars --mute-audio --blink-settings=primaryHoverType=2,availableHoverTypes=2,primaryPointerType=4,availablePointerTypes=4 --no-sandbox --user-data-dir=/tmp/playwright_chromiumdev_profile-GDzmRS --remote-debugging-pipe --no-startup-window
    <launched> pid=21840
    [pid=21840][err] /home/user/.cache/ms-playwright/chromium-1234/chrome-linux64/chrome: error while loading shared libraries: libnspr4.so: cannot open shared object file: No such file or directory
    Call log:
      - <launching> /home/user/.cache/ms-playwright/chromium-1234/chrome-linux64/chrome --disable-field-trial-config --disable-background-networking --disable-background-timer-throttling --disable-backgrounding-occluded-windows --disable-back-forward-cache --disable-breakpad --disable-client-side-phishing-detection --disable-component-extensions-with-background-pages --disable-component-update --no-default-browser-check --disable-default-apps --disable-dev-shm-usage --disable-edgeupdater --disable-extensions --disable-features=AvoidUnnecessaryBeforeUnloadCheckSync,BoundaryEventDispatchTracksNodeRemoval,DestroyProfileOnBrowserClose,DialMediaRouteProvider,GlobalMediaControls,HttpsUpgrades,LensOverlay,MediaRouter,PaintHolding,ThirdPartyStoragePartitioning,BlockOriginHeaderModificationOnRedirect,Translate,AutoDeElevate,OptimizationHints,msForceBrowserSignIn,msEdgeUpdateLaunchServicesPreferredVersion --enable-features=CDPScreenshotNewSurface --allow-pre-commit-input --disable-hang-monitor --disable-ipc-flooding-protection --disable-popup-blocking --disable-prompt-on-repost --disable-renderer-backgrounding --disable-updater-scheduler --force-color-profile=srgb --metrics-recording-only --no-first-run --password-store=basic --use-mock-keychain --no-service-autorun --export-tagged-pdf --disable-search-engine-choice-screen --unsafely-disable-devtools-self-xss-warnings --edge-skip-compat-layer-relaunch --disable-infobars --disable-search-engine-choice-screen --disable-sync --enable-unsafe-swiftshader --headless --hide-scrollbars --mute-audio --blink-settings=primaryHoverType=2,availableHoverTypes=2,primaryPointerType=4,availablePointerTypes=4 --no-sandbox --user-data-dir=/tmp/playwright_chromiumdev_profile-GDzmRS --remote-debugging-pipe --no-startup-window
      - <launched> pid=21840
      - [pid=21840][err] /home/user/.cache/ms-playwright/chromium-1234/chrome-linux64/chrome: error while loading shared libraries: libnspr4.so: cannot open shared object file: No such file or directory
      - [pid=21840] <gracefully close start>
      - [pid=21840] <kill>
      - [pid=21840] <will force kill>
      - [pid=21840] exception while trying to kill process: Error: kill ESRCH
      - [pid=21840] <process did exit: exitCode=127, signal=null>
      - [pid=21840] starting temporary directories cleanup
      - [pid=21840] finished temporary directories cleanup
      - [pid=21840] <gracefully close end>


    Error Context: test-results/critical-flows-P0-tutor-re-ebc3a-and-deletes-its-local-trace-mobile-chromium/error-context.md

    attachment #2: trace (application/zip) ─────────────────────────────────────────────────────────
    test-results/critical-flows-P0-tutor-re-ebc3a-and-deletes-its-local-trace-mobile-chromium/trace.zip
    Usage:

        npx playwright show-trace test-results/critical-flows-P0-tutor-re-ebc3a-and-deletes-its-local-trace-mobile-chromium/trace.zip

    ────────────────────────────────────────────────────────────────────────────────────────────────


[51/82] [mobile-chromium] › tests/e2e/critical-flows.spec.ts:608:1 › optional AI 429 falls back locally once and retry requires fresh consent
  51) [mobile-chromium] › tests/e2e/critical-flows.spec.ts:608:1 › optional AI 429 falls back locally once and retry requires fresh consent 

    Error: browserType.launch: Target page, context or browser has been closed
    Browser logs:

    <launching> /home/user/.cache/ms-playwright/chromium-1234/chrome-linux64/chrome --disable-field-trial-config --disable-background-networking --disable-background-timer-throttling --disable-backgrounding-occluded-windows --disable-back-forward-cache --disable-breakpad --disable-client-side-phishing-detection --disable-component-extensions-with-background-pages --disable-component-update --no-default-browser-check --disable-default-apps --disable-dev-shm-usage --disable-edgeupdater --disable-extensions --disable-features=AvoidUnnecessaryBeforeUnloadCheckSync,BoundaryEventDispatchTracksNodeRemoval,DestroyProfileOnBrowserClose,DialMediaRouteProvider,GlobalMediaControls,HttpsUpgrades,LensOverlay,MediaRouter,PaintHolding,ThirdPartyStoragePartitioning,BlockOriginHeaderModificationOnRedirect,Translate,AutoDeElevate,OptimizationHints,msForceBrowserSignIn,msEdgeUpdateLaunchServicesPreferredVersion --enable-features=CDPScreenshotNewSurface --allow-pre-commit-input --disable-hang-monitor --disable-ipc-flooding-protection --disable-popup-blocking --disable-prompt-on-repost --disable-renderer-backgrounding --disable-updater-scheduler --force-color-profile=srgb --metrics-recording-only --no-first-run --password-store=basic --use-mock-keychain --no-service-autorun --export-tagged-pdf --disable-search-engine-choice-screen --unsafely-disable-devtools-self-xss-warnings --edge-skip-compat-layer-relaunch --disable-infobars --disable-search-engine-choice-screen --disable-sync --enable-unsafe-swiftshader --headless --hide-scrollbars --mute-audio --blink-settings=primaryHoverType=2,availableHoverTypes=2,primaryPointerType=4,availablePointerTypes=4 --no-sandbox --user-data-dir=/tmp/playwright_chromiumdev_profile-wYGvYa --remote-debugging-pipe --no-startup-window
    <launched> pid=21853
    [pid=21853][err] /home/user/.cache/ms-playwright/chromium-1234/chrome-linux64/chrome: error while loading shared libraries: libnspr4.so: cannot open shared object file: No such file or directory
    Call log:
      - <launching> /home/user/.cache/ms-playwright/chromium-1234/chrome-linux64/chrome --disable-field-trial-config --disable-background-networking --disable-background-timer-throttling --disable-backgrounding-occluded-windows --disable-back-forward-cache --disable-breakpad --disable-client-side-phishing-detection --disable-component-extensions-with-background-pages --disable-component-update --no-default-browser-check --disable-default-apps --disable-dev-shm-usage --disable-edgeupdater --disable-extensions --disable-features=AvoidUnnecessaryBeforeUnloadCheckSync,BoundaryEventDispatchTracksNodeRemoval,DestroyProfileOnBrowserClose,DialMediaRouteProvider,GlobalMediaControls,HttpsUpgrades,LensOverlay,MediaRouter,PaintHolding,ThirdPartyStoragePartitioning,BlockOriginHeaderModificationOnRedirect,Translate,AutoDeElevate,OptimizationHints,msForceBrowserSignIn,msEdgeUpdateLaunchServicesPreferredVersion --enable-features=CDPScreenshotNewSurface --allow-pre-commit-input --disable-hang-monitor --disable-ipc-flooding-protection --disable-popup-blocking --disable-prompt-on-repost --disable-renderer-backgrounding --disable-updater-scheduler --force-color-profile=srgb --metrics-recording-only --no-first-run --password-store=basic --use-mock-keychain --no-service-autorun --export-tagged-pdf --disable-search-engine-choice-screen --unsafely-disable-devtools-self-xss-warnings --edge-skip-compat-layer-relaunch --disable-infobars --disable-search-engine-choice-screen --disable-sync --enable-unsafe-swiftshader --headless --hide-scrollbars --mute-audio --blink-settings=primaryHoverType=2,availableHoverTypes=2,primaryPointerType=4,availablePointerTypes=4 --no-sandbox --user-data-dir=/tmp/playwright_chromiumdev_profile-wYGvYa --remote-debugging-pipe --no-startup-window
      - <launched> pid=21853
      - [pid=21853][err] /home/user/.cache/ms-playwright/chromium-1234/chrome-linux64/chrome: error while loading shared libraries: libnspr4.so: cannot open shared object file: No such file or directory
      - [pid=21853] <gracefully close start>
      - [pid=21853] <kill>
      - [pid=21853] <will force kill>
      - [pid=21853] exception while trying to kill process: Error: kill ESRCH
      - [pid=21853] <process did exit: exitCode=127, signal=null>
      - [pid=21853] starting temporary directories cleanup
      - [pid=21853] finished temporary directories cleanup
      - [pid=21853] <gracefully close end>


    Error Context: test-results/critical-flows-optional-AI-87639-etry-requires-fresh-consent-mobile-chromium/error-context.md

    attachment #2: trace (application/zip) ─────────────────────────────────────────────────────────
    test-results/critical-flows-optional-AI-87639-etry-requires-fresh-consent-mobile-chromium/trace.zip
    Usage:

        npx playwright show-trace test-results/critical-flows-optional-AI-87639-etry-requires-fresh-consent-mobile-chromium/trace.zip

    ────────────────────────────────────────────────────────────────────────────────────────────────


[52/82] [mobile-chromium] › tests/e2e/critical-flows.spec.ts:618:1 › P0 daily check-in rebalances load and reflection stores tomorrow's decision
  52) [mobile-chromium] › tests/e2e/critical-flows.spec.ts:618:1 › P0 daily check-in rebalances load and reflection stores tomorrow's decision 

    Error: browserType.launch: Target page, context or browser has been closed
    Browser logs:

    <launching> /home/user/.cache/ms-playwright/chromium-1234/chrome-linux64/chrome --disable-field-trial-config --disable-background-networking --disable-background-timer-throttling --disable-backgrounding-occluded-windows --disable-back-forward-cache --disable-breakpad --disable-client-side-phishing-detection --disable-component-extensions-with-background-pages --disable-component-update --no-default-browser-check --disable-default-apps --disable-dev-shm-usage --disable-edgeupdater --disable-extensions --disable-features=AvoidUnnecessaryBeforeUnloadCheckSync,BoundaryEventDispatchTracksNodeRemoval,DestroyProfileOnBrowserClose,DialMediaRouteProvider,GlobalMediaControls,HttpsUpgrades,LensOverlay,MediaRouter,PaintHolding,ThirdPartyStoragePartitioning,BlockOriginHeaderModificationOnRedirect,Translate,AutoDeElevate,OptimizationHints,msForceBrowserSignIn,msEdgeUpdateLaunchServicesPreferredVersion --enable-features=CDPScreenshotNewSurface --allow-pre-commit-input --disable-hang-monitor --disable-ipc-flooding-protection --disable-popup-blocking --disable-prompt-on-repost --disable-renderer-backgrounding --disable-updater-scheduler --force-color-profile=srgb --metrics-recording-only --no-first-run --password-store=basic --use-mock-keychain --no-service-autorun --export-tagged-pdf --disable-search-engine-choice-screen --unsafely-disable-devtools-self-xss-warnings --edge-skip-compat-layer-relaunch --disable-infobars --disable-search-engine-choice-screen --disable-sync --enable-unsafe-swiftshader --headless --hide-scrollbars --mute-audio --blink-settings=primaryHoverType=2,availableHoverTypes=2,primaryPointerType=4,availablePointerTypes=4 --no-sandbox --user-data-dir=/tmp/playwright_chromiumdev_profile-HeNfhL --remote-debugging-pipe --no-startup-window
    <launched> pid=21866
    [pid=21866][err] /home/user/.cache/ms-playwright/chromium-1234/chrome-linux64/chrome: error while loading shared libraries: libnspr4.so: cannot open shared object file: No such file or directory
    Call log:
      - <launching> /home/user/.cache/ms-playwright/chromium-1234/chrome-linux64/chrome --disable-field-trial-config --disable-background-networking --disable-background-timer-throttling --disable-backgrounding-occluded-windows --disable-back-forward-cache --disable-breakpad --disable-client-side-phishing-detection --disable-component-extensions-with-background-pages --disable-component-update --no-default-browser-check --disable-default-apps --disable-dev-shm-usage --disable-edgeupdater --disable-extensions --disable-features=AvoidUnnecessaryBeforeUnloadCheckSync,BoundaryEventDispatchTracksNodeRemoval,DestroyProfileOnBrowserClose,DialMediaRouteProvider,GlobalMediaControls,HttpsUpgrades,LensOverlay,MediaRouter,PaintHolding,ThirdPartyStoragePartitioning,BlockOriginHeaderModificationOnRedirect,Translate,AutoDeElevate,OptimizationHints,msForceBrowserSignIn,msEdgeUpdateLaunchServicesPreferredVersion --enable-features=CDPScreenshotNewSurface --allow-pre-commit-input --disable-hang-monitor --disable-ipc-flooding-protection --disable-popup-blocking --disable-prompt-on-repost --disable-renderer-backgrounding --disable-updater-scheduler --force-color-profile=srgb --metrics-recording-only --no-first-run --password-store=basic --use-mock-keychain --no-service-autorun --export-tagged-pdf --disable-search-engine-choice-screen --unsafely-disable-devtools-self-xss-warnings --edge-skip-compat-layer-relaunch --disable-infobars --disable-search-engine-choice-screen --disable-sync --enable-unsafe-swiftshader --headless --hide-scrollbars --mute-audio --blink-settings=primaryHoverType=2,availableHoverTypes=2,primaryPointerType=4,availablePointerTypes=4 --no-sandbox --user-data-dir=/tmp/playwright_chromiumdev_profile-HeNfhL --remote-debugging-pipe --no-startup-window
      - <launched> pid=21866
      - [pid=21866][err] /home/user/.cache/ms-playwright/chromium-1234/chrome-linux64/chrome: error while loading shared libraries: libnspr4.so: cannot open shared object file: No such file or directory
      - [pid=21866] <gracefully close start>
      - [pid=21866] <kill>
      - [pid=21866] <will force kill>
      - [pid=21866] exception while trying to kill process: Error: kill ESRCH
      - [pid=21866] <process did exit: exitCode=127, signal=null>
      - [pid=21866] starting temporary directories cleanup
      - [pid=21866] finished temporary directories cleanup
      - [pid=21866] <gracefully close end>


    Error Context: test-results/critical-flows-P0-daily-ch-c7440--stores-tomorrow-s-decision-mobile-chromium/error-context.md

    attachment #2: trace (application/zip) ─────────────────────────────────────────────────────────
    test-results/critical-flows-P0-daily-ch-c7440--stores-tomorrow-s-decision-mobile-chromium/trace.zip
    Usage:

        npx playwright show-trace test-results/critical-flows-P0-daily-ch-c7440--stores-tomorrow-s-decision-mobile-chromium/trace.zip

    ────────────────────────────────────────────────────────────────────────────────────────────────


[53/82] [mobile-chromium] › tests/e2e/critical-flows.spec.ts:717:1 › P2 partial-closure guidance surfaces persist bounded local decisions
  53) [mobile-chromium] › tests/e2e/critical-flows.spec.ts:717:1 › P2 partial-closure guidance surfaces persist bounded local decisions 

    Error: browserType.launch: Target page, context or browser has been closed
    Browser logs:

    <launching> /home/user/.cache/ms-playwright/chromium-1234/chrome-linux64/chrome --disable-field-trial-config --disable-background-networking --disable-background-timer-throttling --disable-backgrounding-occluded-windows --disable-back-forward-cache --disable-breakpad --disable-client-side-phishing-detection --disable-component-extensions-with-background-pages --disable-component-update --no-default-browser-check --disable-default-apps --disable-dev-shm-usage --disable-edgeupdater --disable-extensions --disable-features=AvoidUnnecessaryBeforeUnloadCheckSync,BoundaryEventDispatchTracksNodeRemoval,DestroyProfileOnBrowserClose,DialMediaRouteProvider,GlobalMediaControls,HttpsUpgrades,LensOverlay,MediaRouter,PaintHolding,ThirdPartyStoragePartitioning,BlockOriginHeaderModificationOnRedirect,Translate,AutoDeElevate,OptimizationHints,msForceBrowserSignIn,msEdgeUpdateLaunchServicesPreferredVersion --enable-features=CDPScreenshotNewSurface --allow-pre-commit-input --disable-hang-monitor --disable-ipc-flooding-protection --disable-popup-blocking --disable-prompt-on-repost --disable-renderer-backgrounding --disable-updater-scheduler --force-color-profile=srgb --metrics-recording-only --no-first-run --password-store=basic --use-mock-keychain --no-service-autorun --export-tagged-pdf --disable-search-engine-choice-screen --unsafely-disable-devtools-self-xss-warnings --edge-skip-compat-layer-relaunch --disable-infobars --disable-search-engine-choice-screen --disable-sync --enable-unsafe-swiftshader --headless --hide-scrollbars --mute-audio --blink-settings=primaryHoverType=2,availableHoverTypes=2,primaryPointerType=4,availablePointerTypes=4 --no-sandbox --user-data-dir=/tmp/playwright_chromiumdev_profile-RAr0jA --remote-debugging-pipe --no-startup-window
    <launched> pid=21886
    [pid=21886][err] /home/user/.cache/ms-playwright/chromium-1234/chrome-linux64/chrome: error while loading shared libraries: libnspr4.so: cannot open shared object file: No such file or directory
    Call log:
      - <launching> /home/user/.cache/ms-playwright/chromium-1234/chrome-linux64/chrome --disable-field-trial-config --disable-background-networking --disable-background-timer-throttling --disable-backgrounding-occluded-windows --disable-back-forward-cache --disable-breakpad --disable-client-side-phishing-detection --disable-component-extensions-with-background-pages --disable-component-update --no-default-browser-check --disable-default-apps --disable-dev-shm-usage --disable-edgeupdater --disable-extensions --disable-features=AvoidUnnecessaryBeforeUnloadCheckSync,BoundaryEventDispatchTracksNodeRemoval,DestroyProfileOnBrowserClose,DialMediaRouteProvider,GlobalMediaControls,HttpsUpgrades,LensOverlay,MediaRouter,PaintHolding,ThirdPartyStoragePartitioning,BlockOriginHeaderModificationOnRedirect,Translate,AutoDeElevate,OptimizationHints,msForceBrowserSignIn,msEdgeUpdateLaunchServicesPreferredVersion --enable-features=CDPScreenshotNewSurface --allow-pre-commit-input --disable-hang-monitor --disable-ipc-flooding-protection --disable-popup-blocking --disable-prompt-on-repost --disable-renderer-backgrounding --disable-updater-scheduler --force-color-profile=srgb --metrics-recording-only --no-first-run --password-store=basic --use-mock-keychain --no-service-autorun --export-tagged-pdf --disable-search-engine-choice-screen --unsafely-disable-devtools-self-xss-warnings --edge-skip-compat-layer-relaunch --disable-infobars --disable-search-engine-choice-screen --disable-sync --enable-unsafe-swiftshader --headless --hide-scrollbars --mute-audio --blink-settings=primaryHoverType=2,availableHoverTypes=2,primaryPointerType=4,availablePointerTypes=4 --no-sandbox --user-data-dir=/tmp/playwright_chromiumdev_profile-RAr0jA --remote-debugging-pipe --no-startup-window
      - <launched> pid=21886
      - [pid=21886][err] /home/user/.cache/ms-playwright/chromium-1234/chrome-linux64/chrome: error while loading shared libraries: libnspr4.so: cannot open shared object file: No such file or directory
      - [pid=21886] <gracefully close start>
      - [pid=21886] <kill>
      - [pid=21886] <will force kill>
      - [pid=21886] exception while trying to kill process: Error: kill ESRCH
      - [pid=21886] <process did exit: exitCode=127, signal=null>
      - [pid=21886] starting temporary directories cleanup
      - [pid=21886] finished temporary directories cleanup
      - [pid=21886] <gracefully close end>


    Error Context: test-results/critical-flows-P2-partial--dea1f-ist-bounded-local-decisions-mobile-chromium/error-context.md

    attachment #2: trace (application/zip) ─────────────────────────────────────────────────────────
    test-results/critical-flows-P2-partial--dea1f-ist-bounded-local-decisions-mobile-chromium/trace.zip
    Usage:

        npx playwright show-trace test-results/critical-flows-P2-partial--dea1f-ist-bounded-local-decisions-mobile-chromium/trace.zip

    ────────────────────────────────────────────────────────────────────────────────────────────────


[54/82] [mobile-chromium] › tests/e2e/critical-flows.spec.ts:732:1 › P1 repeated session errors offer one learner-controlled load reduction without penalty
  54) [mobile-chromium] › tests/e2e/critical-flows.spec.ts:732:1 › P1 repeated session errors offer one learner-controlled load reduction without penalty 

    Error: browserType.launch: Target page, context or browser has been closed
    Browser logs:

    <launching> /home/user/.cache/ms-playwright/chromium-1234/chrome-linux64/chrome --disable-field-trial-config --disable-background-networking --disable-background-timer-throttling --disable-backgrounding-occluded-windows --disable-back-forward-cache --disable-breakpad --disable-client-side-phishing-detection --disable-component-extensions-with-background-pages --disable-component-update --no-default-browser-check --disable-default-apps --disable-dev-shm-usage --disable-edgeupdater --disable-extensions --disable-features=AvoidUnnecessaryBeforeUnloadCheckSync,BoundaryEventDispatchTracksNodeRemoval,DestroyProfileOnBrowserClose,DialMediaRouteProvider,GlobalMediaControls,HttpsUpgrades,LensOverlay,MediaRouter,PaintHolding,ThirdPartyStoragePartitioning,BlockOriginHeaderModificationOnRedirect,Translate,AutoDeElevate,OptimizationHints,msForceBrowserSignIn,msEdgeUpdateLaunchServicesPreferredVersion --enable-features=CDPScreenshotNewSurface --allow-pre-commit-input --disable-hang-monitor --disable-ipc-flooding-protection --disable-popup-blocking --disable-prompt-on-repost --disable-renderer-backgrounding --disable-updater-scheduler --force-color-profile=srgb --metrics-recording-only --no-first-run --password-store=basic --use-mock-keychain --no-service-autorun --export-tagged-pdf --disable-search-engine-choice-screen --unsafely-disable-devtools-self-xss-warnings --edge-skip-compat-layer-relaunch --disable-infobars --disable-search-engine-choice-screen --disable-sync --enable-unsafe-swiftshader --headless --hide-scrollbars --mute-audio --blink-settings=primaryHoverType=2,availableHoverTypes=2,primaryPointerType=4,availablePointerTypes=4 --no-sandbox --user-data-dir=/tmp/playwright_chromiumdev_profile-sER02w --remote-debugging-pipe --no-startup-window
    <launched> pid=21899
    [pid=21899][err] /home/user/.cache/ms-playwright/chromium-1234/chrome-linux64/chrome: error while loading shared libraries: libnspr4.so: cannot open shared object file: No such file or directory
    Call log:
      - <launching> /home/user/.cache/ms-playwright/chromium-1234/chrome-linux64/chrome --disable-field-trial-config --disable-background-networking --disable-background-timer-throttling --disable-backgrounding-occluded-windows --disable-back-forward-cache --disable-breakpad --disable-client-side-phishing-detection --disable-component-extensions-with-background-pages --disable-component-update --no-default-browser-check --disable-default-apps --disable-dev-shm-usage --disable-edgeupdater --disable-extensions --disable-features=AvoidUnnecessaryBeforeUnloadCheckSync,BoundaryEventDispatchTracksNodeRemoval,DestroyProfileOnBrowserClose,DialMediaRouteProvider,GlobalMediaControls,HttpsUpgrades,LensOverlay,MediaRouter,PaintHolding,ThirdPartyStoragePartitioning,BlockOriginHeaderModificationOnRedirect,Translate,AutoDeElevate,OptimizationHints,msForceBrowserSignIn,msEdgeUpdateLaunchServicesPreferredVersion --enable-features=CDPScreenshotNewSurface --allow-pre-commit-input --disable-hang-monitor --disable-ipc-flooding-protection --disable-popup-blocking --disable-prompt-on-repost --disable-renderer-backgrounding --disable-updater-scheduler --force-color-profile=srgb --metrics-recording-only --no-first-run --password-store=basic --use-mock-keychain --no-service-autorun --export-tagged-pdf --disable-search-engine-choice-screen --unsafely-disable-devtools-self-xss-warnings --edge-skip-compat-layer-relaunch --disable-infobars --disable-search-engine-choice-screen --disable-sync --enable-unsafe-swiftshader --headless --hide-scrollbars --mute-audio --blink-settings=primaryHoverType=2,availableHoverTypes=2,primaryPointerType=4,availablePointerTypes=4 --no-sandbox --user-data-dir=/tmp/playwright_chromiumdev_profile-sER02w --remote-debugging-pipe --no-startup-window
      - <launched> pid=21899
      - [pid=21899][err] /home/user/.cache/ms-playwright/chromium-1234/chrome-linux64/chrome: error while loading shared libraries: libnspr4.so: cannot open shared object file: No such file or directory
      - [pid=21899] <gracefully close start>
      - [pid=21899] <kill>
      - [pid=21899] <will force kill>
      - [pid=21899] exception while trying to kill process: Error: kill ESRCH
      - [pid=21899] <process did exit: exitCode=127, signal=null>
      - [pid=21899] starting temporary directories cleanup
      - [pid=21899] finished temporary directories cleanup
      - [pid=21899] <gracefully close end>


    Error Context: test-results/critical-flows-P1-repeated-283a2-d-reduction-without-penalty-mobile-chromium/error-context.md

    attachment #2: trace (application/zip) ─────────────────────────────────────────────────────────
    test-results/critical-flows-P1-repeated-283a2-d-reduction-without-penalty-mobile-chromium/trace.zip
    Usage:

        npx playwright show-trace test-results/critical-flows-P1-repeated-283a2-d-reduction-without-penalty-mobile-chromium/trace.zip

    ────────────────────────────────────────────────────────────────────────────────────────────────


[55/82] [mobile-chromium] › tests/e2e/critical-flows.spec.ts:740:1 › P0 clustered error clinic opens at three occurrences and stores a transfer attempt
  55) [mobile-chromium] › tests/e2e/critical-flows.spec.ts:740:1 › P0 clustered error clinic opens at three occurrences and stores a transfer attempt 

    Error: browserType.launch: Target page, context or browser has been closed
    Browser logs:

    <launching> /home/user/.cache/ms-playwright/chromium-1234/chrome-linux64/chrome --disable-field-trial-config --disable-background-networking --disable-background-timer-throttling --disable-backgrounding-occluded-windows --disable-back-forward-cache --disable-breakpad --disable-client-side-phishing-detection --disable-component-extensions-with-background-pages --disable-component-update --no-default-browser-check --disable-default-apps --disable-dev-shm-usage --disable-edgeupdater --disable-extensions --disable-features=AvoidUnnecessaryBeforeUnloadCheckSync,BoundaryEventDispatchTracksNodeRemoval,DestroyProfileOnBrowserClose,DialMediaRouteProvider,GlobalMediaControls,HttpsUpgrades,LensOverlay,MediaRouter,PaintHolding,ThirdPartyStoragePartitioning,BlockOriginHeaderModificationOnRedirect,Translate,AutoDeElevate,OptimizationHints,msForceBrowserSignIn,msEdgeUpdateLaunchServicesPreferredVersion --enable-features=CDPScreenshotNewSurface --allow-pre-commit-input --disable-hang-monitor --disable-ipc-flooding-protection --disable-popup-blocking --disable-prompt-on-repost --disable-renderer-backgrounding --disable-updater-scheduler --force-color-profile=srgb --metrics-recording-only --no-first-run --password-store=basic --use-mock-keychain --no-service-autorun --export-tagged-pdf --disable-search-engine-choice-screen --unsafely-disable-devtools-self-xss-warnings --edge-skip-compat-layer-relaunch --disable-infobars --disable-search-engine-choice-screen --disable-sync --enable-unsafe-swiftshader --headless --hide-scrollbars --mute-audio --blink-settings=primaryHoverType=2,availableHoverTypes=2,primaryPointerType=4,availablePointerTypes=4 --no-sandbox --user-data-dir=/tmp/playwright_chromiumdev_profile-nXkSGi --remote-debugging-pipe --no-startup-window
    <launched> pid=21912
    [pid=21912][err] /home/user/.cache/ms-playwright/chromium-1234/chrome-linux64/chrome: error while loading shared libraries: libnspr4.so: cannot open shared object file: No such file or directory
    Call log:
      - <launching> /home/user/.cache/ms-playwright/chromium-1234/chrome-linux64/chrome --disable-field-trial-config --disable-background-networking --disable-background-timer-throttling --disable-backgrounding-occluded-windows --disable-back-forward-cache --disable-breakpad --disable-client-side-phishing-detection --disable-component-extensions-with-background-pages --disable-component-update --no-default-browser-check --disable-default-apps --disable-dev-shm-usage --disable-edgeupdater --disable-extensions --disable-features=AvoidUnnecessaryBeforeUnloadCheckSync,BoundaryEventDispatchTracksNodeRemoval,DestroyProfileOnBrowserClose,DialMediaRouteProvider,GlobalMediaControls,HttpsUpgrades,LensOverlay,MediaRouter,PaintHolding,ThirdPartyStoragePartitioning,BlockOriginHeaderModificationOnRedirect,Translate,AutoDeElevate,OptimizationHints,msForceBrowserSignIn,msEdgeUpdateLaunchServicesPreferredVersion --enable-features=CDPScreenshotNewSurface --allow-pre-commit-input --disable-hang-monitor --disable-ipc-flooding-protection --disable-popup-blocking --disable-prompt-on-repost --disable-renderer-backgrounding --disable-updater-scheduler --force-color-profile=srgb --metrics-recording-only --no-first-run --password-store=basic --use-mock-keychain --no-service-autorun --export-tagged-pdf --disable-search-engine-choice-screen --unsafely-disable-devtools-self-xss-warnings --edge-skip-compat-layer-relaunch --disable-infobars --disable-search-engine-choice-screen --disable-sync --enable-unsafe-swiftshader --headless --hide-scrollbars --mute-audio --blink-settings=primaryHoverType=2,availableHoverTypes=2,primaryPointerType=4,availablePointerTypes=4 --no-sandbox --user-data-dir=/tmp/playwright_chromiumdev_profile-nXkSGi --remote-debugging-pipe --no-startup-window
      - <launched> pid=21912
      - [pid=21912][err] /home/user/.cache/ms-playwright/chromium-1234/chrome-linux64/chrome: error while loading shared libraries: libnspr4.so: cannot open shared object file: No such file or directory
      - [pid=21912] <gracefully close start>
      - [pid=21912] <kill>
      - [pid=21912] <will force kill>
      - [pid=21912] exception while trying to kill process: Error: kill ESRCH
      - [pid=21912] <process did exit: exitCode=127, signal=null>
      - [pid=21912] starting temporary directories cleanup
      - [pid=21912] finished temporary directories cleanup
      - [pid=21912] <gracefully close end>


    Error Context: test-results/critical-flows-P0-clustere-be3bc-d-stores-a-transfer-attempt-mobile-chromium/error-context.md

    attachment #2: trace (application/zip) ─────────────────────────────────────────────────────────
    test-results/critical-flows-P0-clustere-be3bc-d-stores-a-transfer-attempt-mobile-chromium/trace.zip
    Usage:

        npx playwright show-trace test-results/critical-flows-P0-clustere-be3bc-d-stores-a-transfer-attempt-mobile-chromium/trace.zip

    ────────────────────────────────────────────────────────────────────────────────────────────────


[56/82] [mobile-chromium] › tests/e2e/critical-flows.spec.ts:774:1 › P0 writing lab enforces plan, draft, self-check, cited feedback, and revision
  56) [mobile-chromium] › tests/e2e/critical-flows.spec.ts:774:1 › P0 writing lab enforces plan, draft, self-check, cited feedback, and revision 

    Error: browserType.launch: Target page, context or browser has been closed
    Browser logs:

    <launching> /home/user/.cache/ms-playwright/chromium-1234/chrome-linux64/chrome --disable-field-trial-config --disable-background-networking --disable-background-timer-throttling --disable-backgrounding-occluded-windows --disable-back-forward-cache --disable-breakpad --disable-client-side-phishing-detection --disable-component-extensions-with-background-pages --disable-component-update --no-default-browser-check --disable-default-apps --disable-dev-shm-usage --disable-edgeupdater --disable-extensions --disable-features=AvoidUnnecessaryBeforeUnloadCheckSync,BoundaryEventDispatchTracksNodeRemoval,DestroyProfileOnBrowserClose,DialMediaRouteProvider,GlobalMediaControls,HttpsUpgrades,LensOverlay,MediaRouter,PaintHolding,ThirdPartyStoragePartitioning,BlockOriginHeaderModificationOnRedirect,Translate,AutoDeElevate,OptimizationHints,msForceBrowserSignIn,msEdgeUpdateLaunchServicesPreferredVersion --enable-features=CDPScreenshotNewSurface --allow-pre-commit-input --disable-hang-monitor --disable-ipc-flooding-protection --disable-popup-blocking --disable-prompt-on-repost --disable-renderer-backgrounding --disable-updater-scheduler --force-color-profile=srgb --metrics-recording-only --no-first-run --password-store=basic --use-mock-keychain --no-service-autorun --export-tagged-pdf --disable-search-engine-choice-screen --unsafely-disable-devtools-self-xss-warnings --edge-skip-compat-layer-relaunch --disable-infobars --disable-search-engine-choice-screen --disable-sync --enable-unsafe-swiftshader --headless --hide-scrollbars --mute-audio --blink-settings=primaryHoverType=2,availableHoverTypes=2,primaryPointerType=4,availablePointerTypes=4 --no-sandbox --user-data-dir=/tmp/playwright_chromiumdev_profile-8vmTEc --remote-debugging-pipe --no-startup-window
    <launched> pid=21925
    [pid=21925][err] /home/user/.cache/ms-playwright/chromium-1234/chrome-linux64/chrome: error while loading shared libraries: libnspr4.so: cannot open shared object file: No such file or directory
    Call log:
      - <launching> /home/user/.cache/ms-playwright/chromium-1234/chrome-linux64/chrome --disable-field-trial-config --disable-background-networking --disable-background-timer-throttling --disable-backgrounding-occluded-windows --disable-back-forward-cache --disable-breakpad --disable-client-side-phishing-detection --disable-component-extensions-with-background-pages --disable-component-update --no-default-browser-check --disable-default-apps --disable-dev-shm-usage --disable-edgeupdater --disable-extensions --disable-features=AvoidUnnecessaryBeforeUnloadCheckSync,BoundaryEventDispatchTracksNodeRemoval,DestroyProfileOnBrowserClose,DialMediaRouteProvider,GlobalMediaControls,HttpsUpgrades,LensOverlay,MediaRouter,PaintHolding,ThirdPartyStoragePartitioning,BlockOriginHeaderModificationOnRedirect,Translate,AutoDeElevate,OptimizationHints,msForceBrowserSignIn,msEdgeUpdateLaunchServicesPreferredVersion --enable-features=CDPScreenshotNewSurface --allow-pre-commit-input --disable-hang-monitor --disable-ipc-flooding-protection --disable-popup-blocking --disable-prompt-on-repost --disable-renderer-backgrounding --disable-updater-scheduler --force-color-profile=srgb --metrics-recording-only --no-first-run --password-store=basic --use-mock-keychain --no-service-autorun --export-tagged-pdf --disable-search-engine-choice-screen --unsafely-disable-devtools-self-xss-warnings --edge-skip-compat-layer-relaunch --disable-infobars --disable-search-engine-choice-screen --disable-sync --enable-unsafe-swiftshader --headless --hide-scrollbars --mute-audio --blink-settings=primaryHoverType=2,availableHoverTypes=2,primaryPointerType=4,availablePointerTypes=4 --no-sandbox --user-data-dir=/tmp/playwright_chromiumdev_profile-8vmTEc --remote-debugging-pipe --no-startup-window
      - <launched> pid=21925
      - [pid=21925][err] /home/user/.cache/ms-playwright/chromium-1234/chrome-linux64/chrome: error while loading shared libraries: libnspr4.so: cannot open shared object file: No such file or directory
      - [pid=21925] <gracefully close start>
      - [pid=21925] <kill>
      - [pid=21925] <will force kill>
      - [pid=21925] exception while trying to kill process: Error: kill ESRCH
      - [pid=21925] <process did exit: exitCode=127, signal=null>
      - [pid=21925] starting temporary directories cleanup
      - [pid=21925] finished temporary directories cleanup
      - [pid=21925] <gracefully close end>


    Error Context: test-results/critical-flows-P0-writing--40c21-cited-feedback-and-revision-mobile-chromium/error-context.md

    attachment #2: trace (application/zip) ─────────────────────────────────────────────────────────
    test-results/critical-flows-P0-writing--40c21-cited-feedback-and-revision-mobile-chromium/trace.zip
    Usage:

        npx playwright show-trace test-results/critical-flows-P0-writing--40c21-cited-feedback-and-revision-mobile-chromium/trace.zip

    ────────────────────────────────────────────────────────────────────────────────────────────────


[57/82] [mobile-chromium] › tests/e2e/critical-flows.spec.ts:866:1 › P0 WebGPU model is opt-in, runs ranked follow-up locally, and can be deleted
  57) [mobile-chromium] › tests/e2e/critical-flows.spec.ts:866:1 › P0 WebGPU model is opt-in, runs ranked follow-up locally, and can be deleted 

    Error: browserType.launch: Target page, context or browser has been closed
    Browser logs:

    <launching> /home/user/.cache/ms-playwright/chromium-1234/chrome-linux64/chrome --disable-field-trial-config --disable-background-networking --disable-background-timer-throttling --disable-backgrounding-occluded-windows --disable-back-forward-cache --disable-breakpad --disable-client-side-phishing-detection --disable-component-extensions-with-background-pages --disable-component-update --no-default-browser-check --disable-default-apps --disable-dev-shm-usage --disable-edgeupdater --disable-extensions --disable-features=AvoidUnnecessaryBeforeUnloadCheckSync,BoundaryEventDispatchTracksNodeRemoval,DestroyProfileOnBrowserClose,DialMediaRouteProvider,GlobalMediaControls,HttpsUpgrades,LensOverlay,MediaRouter,PaintHolding,ThirdPartyStoragePartitioning,BlockOriginHeaderModificationOnRedirect,Translate,AutoDeElevate,OptimizationHints,msForceBrowserSignIn,msEdgeUpdateLaunchServicesPreferredVersion --enable-features=CDPScreenshotNewSurface --allow-pre-commit-input --disable-hang-monitor --disable-ipc-flooding-protection --disable-popup-blocking --disable-prompt-on-repost --disable-renderer-backgrounding --disable-updater-scheduler --force-color-profile=srgb --metrics-recording-only --no-first-run --password-store=basic --use-mock-keychain --no-service-autorun --export-tagged-pdf --disable-search-engine-choice-screen --unsafely-disable-devtools-self-xss-warnings --edge-skip-compat-layer-relaunch --disable-infobars --disable-search-engine-choice-screen --disable-sync --enable-unsafe-swiftshader --headless --hide-scrollbars --mute-audio --blink-settings=primaryHoverType=2,availableHoverTypes=2,primaryPointerType=4,availablePointerTypes=4 --no-sandbox --user-data-dir=/tmp/playwright_chromiumdev_profile-74xPJW --remote-debugging-pipe --no-startup-window
    <launched> pid=21938
    [pid=21938][err] /home/user/.cache/ms-playwright/chromium-1234/chrome-linux64/chrome: error while loading shared libraries: libnspr4.so: cannot open shared object file: No such file or directory
    Call log:
      - <launching> /home/user/.cache/ms-playwright/chromium-1234/chrome-linux64/chrome --disable-field-trial-config --disable-background-networking --disable-background-timer-throttling --disable-backgrounding-occluded-windows --disable-back-forward-cache --disable-breakpad --disable-client-side-phishing-detection --disable-component-extensions-with-background-pages --disable-component-update --no-default-browser-check --disable-default-apps --disable-dev-shm-usage --disable-edgeupdater --disable-extensions --disable-features=AvoidUnnecessaryBeforeUnloadCheckSync,BoundaryEventDispatchTracksNodeRemoval,DestroyProfileOnBrowserClose,DialMediaRouteProvider,GlobalMediaControls,HttpsUpgrades,LensOverlay,MediaRouter,PaintHolding,ThirdPartyStoragePartitioning,BlockOriginHeaderModificationOnRedirect,Translate,AutoDeElevate,OptimizationHints,msForceBrowserSignIn,msEdgeUpdateLaunchServicesPreferredVersion --enable-features=CDPScreenshotNewSurface --allow-pre-commit-input --disable-hang-monitor --disable-ipc-flooding-protection --disable-popup-blocking --disable-prompt-on-repost --disable-renderer-backgrounding --disable-updater-scheduler --force-color-profile=srgb --metrics-recording-only --no-first-run --password-store=basic --use-mock-keychain --no-service-autorun --export-tagged-pdf --disable-search-engine-choice-screen --unsafely-disable-devtools-self-xss-warnings --edge-skip-compat-layer-relaunch --disable-infobars --disable-search-engine-choice-screen --disable-sync --enable-unsafe-swiftshader --headless --hide-scrollbars --mute-audio --blink-settings=primaryHoverType=2,availableHoverTypes=2,primaryPointerType=4,availablePointerTypes=4 --no-sandbox --user-data-dir=/tmp/playwright_chromiumdev_profile-74xPJW --remote-debugging-pipe --no-startup-window
      - <launched> pid=21938
      - [pid=21938][err] /home/user/.cache/ms-playwright/chromium-1234/chrome-linux64/chrome: error while loading shared libraries: libnspr4.so: cannot open shared object file: No such file or directory
      - [pid=21938] <gracefully close start>
      - [pid=21938] <kill>
      - [pid=21938] <will force kill>
      - [pid=21938] exception while trying to kill process: Error: kill ESRCH
      - [pid=21938] <process did exit: exitCode=127, signal=null>
      - [pid=21938] starting temporary directories cleanup
      - [pid=21938] finished temporary directories cleanup
      - [pid=21938] <gracefully close end>


    Error Context: test-results/critical-flows-P0-WebGPU-m-0ce08--locally-and-can-be-deleted-mobile-chromium/error-context.md

    attachment #2: trace (application/zip) ─────────────────────────────────────────────────────────
    test-results/critical-flows-P0-WebGPU-m-0ce08--locally-and-can-be-deleted-mobile-chromium/trace.zip
    Usage:

        npx playwright show-trace test-results/critical-flows-P0-WebGPU-m-0ce08--locally-and-can-be-deleted-mobile-chromium/trace.zip

    ────────────────────────────────────────────────────────────────────────────────────────────────


[58/82] [mobile-chromium] › tests/e2e/critical-flows.spec.ts:931:1 › standard pronunciation pack installs explicitly and matches expected German words locally
  58) [mobile-chromium] › tests/e2e/critical-flows.spec.ts:931:1 › standard pronunciation pack installs explicitly and matches expected German words locally 

    Error: browserType.launch: Target page, context or browser has been closed
    Browser logs:

    <launching> /home/user/.cache/ms-playwright/chromium-1234/chrome-linux64/chrome --disable-field-trial-config --disable-background-networking --disable-background-timer-throttling --disable-backgrounding-occluded-windows --disable-back-forward-cache --disable-breakpad --disable-client-side-phishing-detection --disable-component-extensions-with-background-pages --disable-component-update --no-default-browser-check --disable-default-apps --disable-dev-shm-usage --disable-edgeupdater --disable-extensions --disable-features=AvoidUnnecessaryBeforeUnloadCheckSync,BoundaryEventDispatchTracksNodeRemoval,DestroyProfileOnBrowserClose,DialMediaRouteProvider,GlobalMediaControls,HttpsUpgrades,LensOverlay,MediaRouter,PaintHolding,ThirdPartyStoragePartitioning,BlockOriginHeaderModificationOnRedirect,Translate,AutoDeElevate,OptimizationHints,msForceBrowserSignIn,msEdgeUpdateLaunchServicesPreferredVersion --enable-features=CDPScreenshotNewSurface --allow-pre-commit-input --disable-hang-monitor --disable-ipc-flooding-protection --disable-popup-blocking --disable-prompt-on-repost --disable-renderer-backgrounding --disable-updater-scheduler --force-color-profile=srgb --metrics-recording-only --no-first-run --password-store=basic --use-mock-keychain --no-service-autorun --export-tagged-pdf --disable-search-engine-choice-screen --unsafely-disable-devtools-self-xss-warnings --edge-skip-compat-layer-relaunch --disable-infobars --disable-search-engine-choice-screen --disable-sync --enable-unsafe-swiftshader --headless --hide-scrollbars --mute-audio --blink-settings=primaryHoverType=2,availableHoverTypes=2,primaryPointerType=4,availablePointerTypes=4 --no-sandbox --user-data-dir=/tmp/playwright_chromiumdev_profile-iF8J0C --remote-debugging-pipe --no-startup-window
    <launched> pid=21951
    [pid=21951][err] /home/user/.cache/ms-playwright/chromium-1234/chrome-linux64/chrome: error while loading shared libraries: libnspr4.so: cannot open shared object file: No such file or directory
    Call log:
      - <launching> /home/user/.cache/ms-playwright/chromium-1234/chrome-linux64/chrome --disable-field-trial-config --disable-background-networking --disable-background-timer-throttling --disable-backgrounding-occluded-windows --disable-back-forward-cache --disable-breakpad --disable-client-side-phishing-detection --disable-component-extensions-with-background-pages --disable-component-update --no-default-browser-check --disable-default-apps --disable-dev-shm-usage --disable-edgeupdater --disable-extensions --disable-features=AvoidUnnecessaryBeforeUnloadCheckSync,BoundaryEventDispatchTracksNodeRemoval,DestroyProfileOnBrowserClose,DialMediaRouteProvider,GlobalMediaControls,HttpsUpgrades,LensOverlay,MediaRouter,PaintHolding,ThirdPartyStoragePartitioning,BlockOriginHeaderModificationOnRedirect,Translate,AutoDeElevate,OptimizationHints,msForceBrowserSignIn,msEdgeUpdateLaunchServicesPreferredVersion --enable-features=CDPScreenshotNewSurface --allow-pre-commit-input --disable-hang-monitor --disable-ipc-flooding-protection --disable-popup-blocking --disable-prompt-on-repost --disable-renderer-backgrounding --disable-updater-scheduler --force-color-profile=srgb --metrics-recording-only --no-first-run --password-store=basic --use-mock-keychain --no-service-autorun --export-tagged-pdf --disable-search-engine-choice-screen --unsafely-disable-devtools-self-xss-warnings --edge-skip-compat-layer-relaunch --disable-infobars --disable-search-engine-choice-screen --disable-sync --enable-unsafe-swiftshader --headless --hide-scrollbars --mute-audio --blink-settings=primaryHoverType=2,availableHoverTypes=2,primaryPointerType=4,availablePointerTypes=4 --no-sandbox --user-data-dir=/tmp/playwright_chromiumdev_profile-iF8J0C --remote-debugging-pipe --no-startup-window
      - <launched> pid=21951
      - [pid=21951][err] /home/user/.cache/ms-playwright/chromium-1234/chrome-linux64/chrome: error while loading shared libraries: libnspr4.so: cannot open shared object file: No such file or directory
      - [pid=21951] <gracefully close start>
      - [pid=21951] <kill>
      - [pid=21951] <will force kill>
      - [pid=21951] exception while trying to kill process: Error: kill ESRCH
      - [pid=21951] <process did exit: exitCode=127, signal=null>
      - [pid=21951] starting temporary directories cleanup
      - [pid=21951] finished temporary directories cleanup
      - [pid=21951] <gracefully close end>


    Error Context: test-results/critical-flows-standard-pr-ad4fc-pected-German-words-locally-mobile-chromium/error-context.md

    attachment #2: trace (application/zip) ─────────────────────────────────────────────────────────
    test-results/critical-flows-standard-pr-ad4fc-pected-German-words-locally-mobile-chromium/trace.zip
    Usage:

        npx playwright show-trace test-results/critical-flows-standard-pr-ad4fc-pected-German-words-locally-mobile-chromium/trace.zip

    ────────────────────────────────────────────────────────────────────────────────────────────────


[59/82] [mobile-chromium] › tests/e2e/critical-flows.spec.ts:995:1 › guided speaking keeps learner-selected support visible, grounds typed follow-up, and requires consent before optional AI
  59) [mobile-chromium] › tests/e2e/critical-flows.spec.ts:995:1 › guided speaking keeps learner-selected support visible, grounds typed follow-up, and requires consent before optional AI 

    Error: browserType.launch: Target page, context or browser has been closed
    Browser logs:

    <launching> /home/user/.cache/ms-playwright/chromium-1234/chrome-linux64/chrome --disable-field-trial-config --disable-background-networking --disable-background-timer-throttling --disable-backgrounding-occluded-windows --disable-back-forward-cache --disable-breakpad --disable-client-side-phishing-detection --disable-component-extensions-with-background-pages --disable-component-update --no-default-browser-check --disable-default-apps --disable-dev-shm-usage --disable-edgeupdater --disable-extensions --disable-features=AvoidUnnecessaryBeforeUnloadCheckSync,BoundaryEventDispatchTracksNodeRemoval,DestroyProfileOnBrowserClose,DialMediaRouteProvider,GlobalMediaControls,HttpsUpgrades,LensOverlay,MediaRouter,PaintHolding,ThirdPartyStoragePartitioning,BlockOriginHeaderModificationOnRedirect,Translate,AutoDeElevate,OptimizationHints,msForceBrowserSignIn,msEdgeUpdateLaunchServicesPreferredVersion --enable-features=CDPScreenshotNewSurface --allow-pre-commit-input --disable-hang-monitor --disable-ipc-flooding-protection --disable-popup-blocking --disable-prompt-on-repost --disable-renderer-backgrounding --disable-updater-scheduler --force-color-profile=srgb --metrics-recording-only --no-first-run --password-store=basic --use-mock-keychain --no-service-autorun --export-tagged-pdf --disable-search-engine-choice-screen --unsafely-disable-devtools-self-xss-warnings --edge-skip-compat-layer-relaunch --disable-infobars --disable-search-engine-choice-screen --disable-sync --enable-unsafe-swiftshader --headless --hide-scrollbars --mute-audio --blink-settings=primaryHoverType=2,availableHoverTypes=2,primaryPointerType=4,availablePointerTypes=4 --no-sandbox --user-data-dir=/tmp/playwright_chromiumdev_profile-WJF5mQ --remote-debugging-pipe --no-startup-window
    <launched> pid=21964
    [pid=21964][err] /home/user/.cache/ms-playwright/chromium-1234/chrome-linux64/chrome: error while loading shared libraries: libnspr4.so: cannot open shared object file: No such file or directory
    Call log:
      - <launching> /home/user/.cache/ms-playwright/chromium-1234/chrome-linux64/chrome --disable-field-trial-config --disable-background-networking --disable-background-timer-throttling --disable-backgrounding-occluded-windows --disable-back-forward-cache --disable-breakpad --disable-client-side-phishing-detection --disable-component-extensions-with-background-pages --disable-component-update --no-default-browser-check --disable-default-apps --disable-dev-shm-usage --disable-edgeupdater --disable-extensions --disable-features=AvoidUnnecessaryBeforeUnloadCheckSync,BoundaryEventDispatchTracksNodeRemoval,DestroyProfileOnBrowserClose,DialMediaRouteProvider,GlobalMediaControls,HttpsUpgrades,LensOverlay,MediaRouter,PaintHolding,ThirdPartyStoragePartitioning,BlockOriginHeaderModificationOnRedirect,Translate,AutoDeElevate,OptimizationHints,msForceBrowserSignIn,msEdgeUpdateLaunchServicesPreferredVersion --enable-features=CDPScreenshotNewSurface --allow-pre-commit-input --disable-hang-monitor --disable-ipc-flooding-protection --disable-popup-blocking --disable-prompt-on-repost --disable-renderer-backgrounding --disable-updater-scheduler --force-color-profile=srgb --metrics-recording-only --no-first-run --password-store=basic --use-mock-keychain --no-service-autorun --export-tagged-pdf --disable-search-engine-choice-screen --unsafely-disable-devtools-self-xss-warnings --edge-skip-compat-layer-relaunch --disable-infobars --disable-search-engine-choice-screen --disable-sync --enable-unsafe-swiftshader --headless --hide-scrollbars --mute-audio --blink-settings=primaryHoverType=2,availableHoverTypes=2,primaryPointerType=4,availablePointerTypes=4 --no-sandbox --user-data-dir=/tmp/playwright_chromiumdev_profile-WJF5mQ --remote-debugging-pipe --no-startup-window
      - <launched> pid=21964
      - [pid=21964][err] /home/user/.cache/ms-playwright/chromium-1234/chrome-linux64/chrome: error while loading shared libraries: libnspr4.so: cannot open shared object file: No such file or directory
      - [pid=21964] <gracefully close start>
      - [pid=21964] <kill>
      - [pid=21964] <will force kill>
      - [pid=21964] exception while trying to kill process: Error: kill ESRCH
      - [pid=21964] <process did exit: exitCode=127, signal=null>
      - [pid=21964] starting temporary directories cleanup
      - [pid=21964] finished temporary directories cleanup
      - [pid=21964] <gracefully close end>


    Error Context: test-results/critical-flows-guided-spea-c7bc0--consent-before-optional-AI-mobile-chromium/error-context.md

    attachment #2: trace (application/zip) ─────────────────────────────────────────────────────────
    test-results/critical-flows-guided-spea-c7bc0--consent-before-optional-AI-mobile-chromium/trace.zip
    Usage:

        npx playwright show-trace test-results/critical-flows-guided-spea-c7bc0--consent-before-optional-AI-mobile-chromium/trace.zip

    ────────────────────────────────────────────────────────────────────────────────────────────────


[60/82] [mobile-chromium] › tests/e2e/critical-flows.spec.ts:1097:1 › P0 mediation lab enforces source analysis, transfer, self-check, comparison, and revision
  60) [mobile-chromium] › tests/e2e/critical-flows.spec.ts:1097:1 › P0 mediation lab enforces source analysis, transfer, self-check, comparison, and revision 

    Error: browserType.launch: Target page, context or browser has been closed
    Browser logs:

    <launching> /home/user/.cache/ms-playwright/chromium-1234/chrome-linux64/chrome --disable-field-trial-config --disable-background-networking --disable-background-timer-throttling --disable-backgrounding-occluded-windows --disable-back-forward-cache --disable-breakpad --disable-client-side-phishing-detection --disable-component-extensions-with-background-pages --disable-component-update --no-default-browser-check --disable-default-apps --disable-dev-shm-usage --disable-edgeupdater --disable-extensions --disable-features=AvoidUnnecessaryBeforeUnloadCheckSync,BoundaryEventDispatchTracksNodeRemoval,DestroyProfileOnBrowserClose,DialMediaRouteProvider,GlobalMediaControls,HttpsUpgrades,LensOverlay,MediaRouter,PaintHolding,ThirdPartyStoragePartitioning,BlockOriginHeaderModificationOnRedirect,Translate,AutoDeElevate,OptimizationHints,msForceBrowserSignIn,msEdgeUpdateLaunchServicesPreferredVersion --enable-features=CDPScreenshotNewSurface --allow-pre-commit-input --disable-hang-monitor --disable-ipc-flooding-protection --disable-popup-blocking --disable-prompt-on-repost --disable-renderer-backgrounding --disable-updater-scheduler --force-color-profile=srgb --metrics-recording-only --no-first-run --password-store=basic --use-mock-keychain --no-service-autorun --export-tagged-pdf --disable-search-engine-choice-screen --unsafely-disable-devtools-self-xss-warnings --edge-skip-compat-layer-relaunch --disable-infobars --disable-search-engine-choice-screen --disable-sync --enable-unsafe-swiftshader --headless --hide-scrollbars --mute-audio --blink-settings=primaryHoverType=2,availableHoverTypes=2,primaryPointerType=4,availablePointerTypes=4 --no-sandbox --user-data-dir=/tmp/playwright_chromiumdev_profile-pYU2Vt --remote-debugging-pipe --no-startup-window
    <launched> pid=21977
    [pid=21977][err] /home/user/.cache/ms-playwright/chromium-1234/chrome-linux64/chrome: error while loading shared libraries: libnspr4.so: cannot open shared object file: No such file or directory
    Call log:
      - <launching> /home/user/.cache/ms-playwright/chromium-1234/chrome-linux64/chrome --disable-field-trial-config --disable-background-networking --disable-background-timer-throttling --disable-backgrounding-occluded-windows --disable-back-forward-cache --disable-breakpad --disable-client-side-phishing-detection --disable-component-extensions-with-background-pages --disable-component-update --no-default-browser-check --disable-default-apps --disable-dev-shm-usage --disable-edgeupdater --disable-extensions --disable-features=AvoidUnnecessaryBeforeUnloadCheckSync,BoundaryEventDispatchTracksNodeRemoval,DestroyProfileOnBrowserClose,DialMediaRouteProvider,GlobalMediaControls,HttpsUpgrades,LensOverlay,MediaRouter,PaintHolding,ThirdPartyStoragePartitioning,BlockOriginHeaderModificationOnRedirect,Translate,AutoDeElevate,OptimizationHints,msForceBrowserSignIn,msEdgeUpdateLaunchServicesPreferredVersion --enable-features=CDPScreenshotNewSurface --allow-pre-commit-input --disable-hang-monitor --disable-ipc-flooding-protection --disable-popup-blocking --disable-prompt-on-repost --disable-renderer-backgrounding --disable-updater-scheduler --force-color-profile=srgb --metrics-recording-only --no-first-run --password-store=basic --use-mock-keychain --no-service-autorun --export-tagged-pdf --disable-search-engine-choice-screen --unsafely-disable-devtools-self-xss-warnings --edge-skip-compat-layer-relaunch --disable-infobars --disable-search-engine-choice-screen --disable-sync --enable-unsafe-swiftshader --headless --hide-scrollbars --mute-audio --blink-settings=primaryHoverType=2,availableHoverTypes=2,primaryPointerType=4,availablePointerTypes=4 --no-sandbox --user-data-dir=/tmp/playwright_chromiumdev_profile-pYU2Vt --remote-debugging-pipe --no-startup-window
      - <launched> pid=21977
      - [pid=21977][err] /home/user/.cache/ms-playwright/chromium-1234/chrome-linux64/chrome: error while loading shared libraries: libnspr4.so: cannot open shared object file: No such file or directory
      - [pid=21977] <gracefully close start>
      - [pid=21977] <kill>
      - [pid=21977] <will force kill>
      - [pid=21977] exception while trying to kill process: Error: kill ESRCH
      - [pid=21977] <process did exit: exitCode=127, signal=null>
      - [pid=21977] starting temporary directories cleanup
      - [pid=21977] finished temporary directories cleanup
      - [pid=21977] <gracefully close end>


    Error Context: test-results/critical-flows-P0-mediatio-ee5b7-eck-comparison-and-revision-mobile-chromium/error-context.md

    attachment #2: trace (application/zip) ─────────────────────────────────────────────────────────
    test-results/critical-flows-P0-mediatio-ee5b7-eck-comparison-and-revision-mobile-chromium/trace.zip
    Usage:

        npx playwright show-trace test-results/critical-flows-P0-mediatio-ee5b7-eck-comparison-and-revision-mobile-chromium/trace.zip

    ────────────────────────────────────────────────────────────────────────────────────────────────


[61/82] [mobile-chromium] › tests/e2e/critical-flows.spec.ts:1130:1 › generated library audio exposes provenance, playback, and Browser TTS fallback
  61) [mobile-chromium] › tests/e2e/critical-flows.spec.ts:1130:1 › generated library audio exposes provenance, playback, and Browser TTS fallback 

    Error: browserType.launch: Target page, context or browser has been closed
    Browser logs:

    <launching> /home/user/.cache/ms-playwright/chromium-1234/chrome-linux64/chrome --disable-field-trial-config --disable-background-networking --disable-background-timer-throttling --disable-backgrounding-occluded-windows --disable-back-forward-cache --disable-breakpad --disable-client-side-phishing-detection --disable-component-extensions-with-background-pages --disable-component-update --no-default-browser-check --disable-default-apps --disable-dev-shm-usage --disable-edgeupdater --disable-extensions --disable-features=AvoidUnnecessaryBeforeUnloadCheckSync,BoundaryEventDispatchTracksNodeRemoval,DestroyProfileOnBrowserClose,DialMediaRouteProvider,GlobalMediaControls,HttpsUpgrades,LensOverlay,MediaRouter,PaintHolding,ThirdPartyStoragePartitioning,BlockOriginHeaderModificationOnRedirect,Translate,AutoDeElevate,OptimizationHints,msForceBrowserSignIn,msEdgeUpdateLaunchServicesPreferredVersion --enable-features=CDPScreenshotNewSurface --allow-pre-commit-input --disable-hang-monitor --disable-ipc-flooding-protection --disable-popup-blocking --disable-prompt-on-repost --disable-renderer-backgrounding --disable-updater-scheduler --force-color-profile=srgb --metrics-recording-only --no-first-run --password-store=basic --use-mock-keychain --no-service-autorun --export-tagged-pdf --disable-search-engine-choice-screen --unsafely-disable-devtools-self-xss-warnings --edge-skip-compat-layer-relaunch --disable-infobars --disable-search-engine-choice-screen --disable-sync --enable-unsafe-swiftshader --headless --hide-scrollbars --mute-audio --blink-settings=primaryHoverType=2,availableHoverTypes=2,primaryPointerType=4,availablePointerTypes=4 --no-sandbox --user-data-dir=/tmp/playwright_chromiumdev_profile-BmTnmc --remote-debugging-pipe --no-startup-window
    <launched> pid=21990
    [pid=21990][err] /home/user/.cache/ms-playwright/chromium-1234/chrome-linux64/chrome: error while loading shared libraries: libnspr4.so: cannot open shared object file: No such file or directory
    Call log:
      - <launching> /home/user/.cache/ms-playwright/chromium-1234/chrome-linux64/chrome --disable-field-trial-config --disable-background-networking --disable-background-timer-throttling --disable-backgrounding-occluded-windows --disable-back-forward-cache --disable-breakpad --disable-client-side-phishing-detection --disable-component-extensions-with-background-pages --disable-component-update --no-default-browser-check --disable-default-apps --disable-dev-shm-usage --disable-edgeupdater --disable-extensions --disable-features=AvoidUnnecessaryBeforeUnloadCheckSync,BoundaryEventDispatchTracksNodeRemoval,DestroyProfileOnBrowserClose,DialMediaRouteProvider,GlobalMediaControls,HttpsUpgrades,LensOverlay,MediaRouter,PaintHolding,ThirdPartyStoragePartitioning,BlockOriginHeaderModificationOnRedirect,Translate,AutoDeElevate,OptimizationHints,msForceBrowserSignIn,msEdgeUpdateLaunchServicesPreferredVersion --enable-features=CDPScreenshotNewSurface --allow-pre-commit-input --disable-hang-monitor --disable-ipc-flooding-protection --disable-popup-blocking --disable-prompt-on-repost --disable-renderer-backgrounding --disable-updater-scheduler --force-color-profile=srgb --metrics-recording-only --no-first-run --password-store=basic --use-mock-keychain --no-service-autorun --export-tagged-pdf --disable-search-engine-choice-screen --unsafely-disable-devtools-self-xss-warnings --edge-skip-compat-layer-relaunch --disable-infobars --disable-search-engine-choice-screen --disable-sync --enable-unsafe-swiftshader --headless --hide-scrollbars --mute-audio --blink-settings=primaryHoverType=2,availableHoverTypes=2,primaryPointerType=4,availablePointerTypes=4 --no-sandbox --user-data-dir=/tmp/playwright_chromiumdev_profile-BmTnmc --remote-debugging-pipe --no-startup-window
      - <launched> pid=21990
      - [pid=21990][err] /home/user/.cache/ms-playwright/chromium-1234/chrome-linux64/chrome: error while loading shared libraries: libnspr4.so: cannot open shared object file: No such file or directory
      - [pid=21990] <gracefully close start>
      - [pid=21990] <kill>
      - [pid=21990] <will force kill>
      - [pid=21990] exception while trying to kill process: Error: kill ESRCH
      - [pid=21990] <process did exit: exitCode=127, signal=null>
      - [pid=21990] starting temporary directories cleanup
      - [pid=21990] finished temporary directories cleanup
      - [pid=21990] <gracefully close end>


    Error Context: test-results/critical-flows-generated-l-17de5-ck-and-Browser-TTS-fallback-mobile-chromium/error-context.md

    attachment #2: trace (application/zip) ─────────────────────────────────────────────────────────
    test-results/critical-flows-generated-l-17de5-ck-and-Browser-TTS-fallback-mobile-chromium/trace.zip
    Usage:

        npx playwright show-trace test-results/critical-flows-generated-l-17de5-ck-and-Browser-TTS-fallback-mobile-chromium/trace.zip

    ────────────────────────────────────────────────────────────────────────────────────────────────


[62/82] [mobile-chromium] › tests/e2e/critical-flows.spec.ts:1164:1 › generated exam clips play with limits, provenance labels, and TTS fallback
  62) [mobile-chromium] › tests/e2e/critical-flows.spec.ts:1164:1 › generated exam clips play with limits, provenance labels, and TTS fallback 

    Error: browserType.launch: Target page, context or browser has been closed
    Browser logs:

    <launching> /home/user/.cache/ms-playwright/chromium-1234/chrome-linux64/chrome --disable-field-trial-config --disable-background-networking --disable-background-timer-throttling --disable-backgrounding-occluded-windows --disable-back-forward-cache --disable-breakpad --disable-client-side-phishing-detection --disable-component-extensions-with-background-pages --disable-component-update --no-default-browser-check --disable-default-apps --disable-dev-shm-usage --disable-edgeupdater --disable-extensions --disable-features=AvoidUnnecessaryBeforeUnloadCheckSync,BoundaryEventDispatchTracksNodeRemoval,DestroyProfileOnBrowserClose,DialMediaRouteProvider,GlobalMediaControls,HttpsUpgrades,LensOverlay,MediaRouter,PaintHolding,ThirdPartyStoragePartitioning,BlockOriginHeaderModificationOnRedirect,Translate,AutoDeElevate,OptimizationHints,msForceBrowserSignIn,msEdgeUpdateLaunchServicesPreferredVersion --enable-features=CDPScreenshotNewSurface --allow-pre-commit-input --disable-hang-monitor --disable-ipc-flooding-protection --disable-popup-blocking --disable-prompt-on-repost --disable-renderer-backgrounding --disable-updater-scheduler --force-color-profile=srgb --metrics-recording-only --no-first-run --password-store=basic --use-mock-keychain --no-service-autorun --export-tagged-pdf --disable-search-engine-choice-screen --unsafely-disable-devtools-self-xss-warnings --edge-skip-compat-layer-relaunch --disable-infobars --disable-search-engine-choice-screen --disable-sync --enable-unsafe-swiftshader --headless --hide-scrollbars --mute-audio --blink-settings=primaryHoverType=2,availableHoverTypes=2,primaryPointerType=4,availablePointerTypes=4 --no-sandbox --user-data-dir=/tmp/playwright_chromiumdev_profile-thywGy --remote-debugging-pipe --no-startup-window
    <launched> pid=22003
    [pid=22003][err] /home/user/.cache/ms-playwright/chromium-1234/chrome-linux64/chrome: error while loading shared libraries: libnspr4.so: cannot open shared object file: No such file or directory
    Call log:
      - <launching> /home/user/.cache/ms-playwright/chromium-1234/chrome-linux64/chrome --disable-field-trial-config --disable-background-networking --disable-background-timer-throttling --disable-backgrounding-occluded-windows --disable-back-forward-cache --disable-breakpad --disable-client-side-phishing-detection --disable-component-extensions-with-background-pages --disable-component-update --no-default-browser-check --disable-default-apps --disable-dev-shm-usage --disable-edgeupdater --disable-extensions --disable-features=AvoidUnnecessaryBeforeUnloadCheckSync,BoundaryEventDispatchTracksNodeRemoval,DestroyProfileOnBrowserClose,DialMediaRouteProvider,GlobalMediaControls,HttpsUpgrades,LensOverlay,MediaRouter,PaintHolding,ThirdPartyStoragePartitioning,BlockOriginHeaderModificationOnRedirect,Translate,AutoDeElevate,OptimizationHints,msForceBrowserSignIn,msEdgeUpdateLaunchServicesPreferredVersion --enable-features=CDPScreenshotNewSurface --allow-pre-commit-input --disable-hang-monitor --disable-ipc-flooding-protection --disable-popup-blocking --disable-prompt-on-repost --disable-renderer-backgrounding --disable-updater-scheduler --force-color-profile=srgb --metrics-recording-only --no-first-run --password-store=basic --use-mock-keychain --no-service-autorun --export-tagged-pdf --disable-search-engine-choice-screen --unsafely-disable-devtools-self-xss-warnings --edge-skip-compat-layer-relaunch --disable-infobars --disable-search-engine-choice-screen --disable-sync --enable-unsafe-swiftshader --headless --hide-scrollbars --mute-audio --blink-settings=primaryHoverType=2,availableHoverTypes=2,primaryPointerType=4,availablePointerTypes=4 --no-sandbox --user-data-dir=/tmp/playwright_chromiumdev_profile-thywGy --remote-debugging-pipe --no-startup-window
      - <launched> pid=22003
      - [pid=22003][err] /home/user/.cache/ms-playwright/chromium-1234/chrome-linux64/chrome: error while loading shared libraries: libnspr4.so: cannot open shared object file: No such file or directory
      - [pid=22003] <gracefully close start>
      - [pid=22003] <kill>
      - [pid=22003] <will force kill>
      - [pid=22003] exception while trying to kill process: Error: kill ESRCH
      - [pid=22003] <process did exit: exitCode=127, signal=null>
      - [pid=22003] starting temporary directories cleanup
      - [pid=22003] finished temporary directories cleanup
      - [pid=22003] <gracefully close end>


    Error Context: test-results/critical-flows-generated-e-6c45a-nce-labels-and-TTS-fallback-mobile-chromium/error-context.md

    attachment #2: trace (application/zip) ─────────────────────────────────────────────────────────
    test-results/critical-flows-generated-e-6c45a-nce-labels-and-TTS-fallback-mobile-chromium/trace.zip
    Usage:

        npx playwright show-trace test-results/critical-flows-generated-e-6c45a-nce-labels-and-TTS-fallback-mobile-chromium/trace.zip

    ────────────────────────────────────────────────────────────────────────────────────────────────


[63/82] [mobile-chromium] › tests/e2e/critical-flows.spec.ts:1308:1 › shadowing studio uses generated audio, speed controls, and delayed transcript
  63) [mobile-chromium] › tests/e2e/critical-flows.spec.ts:1308:1 › shadowing studio uses generated audio, speed controls, and delayed transcript 

    Error: browserType.launch: Target page, context or browser has been closed
    Browser logs:

    <launching> /home/user/.cache/ms-playwright/chromium-1234/chrome-linux64/chrome --disable-field-trial-config --disable-background-networking --disable-background-timer-throttling --disable-backgrounding-occluded-windows --disable-back-forward-cache --disable-breakpad --disable-client-side-phishing-detection --disable-component-extensions-with-background-pages --disable-component-update --no-default-browser-check --disable-default-apps --disable-dev-shm-usage --disable-edgeupdater --disable-extensions --disable-features=AvoidUnnecessaryBeforeUnloadCheckSync,BoundaryEventDispatchTracksNodeRemoval,DestroyProfileOnBrowserClose,DialMediaRouteProvider,GlobalMediaControls,HttpsUpgrades,LensOverlay,MediaRouter,PaintHolding,ThirdPartyStoragePartitioning,BlockOriginHeaderModificationOnRedirect,Translate,AutoDeElevate,OptimizationHints,msForceBrowserSignIn,msEdgeUpdateLaunchServicesPreferredVersion --enable-features=CDPScreenshotNewSurface --allow-pre-commit-input --disable-hang-monitor --disable-ipc-flooding-protection --disable-popup-blocking --disable-prompt-on-repost --disable-renderer-backgrounding --disable-updater-scheduler --force-color-profile=srgb --metrics-recording-only --no-first-run --password-store=basic --use-mock-keychain --no-service-autorun --export-tagged-pdf --disable-search-engine-choice-screen --unsafely-disable-devtools-self-xss-warnings --edge-skip-compat-layer-relaunch --disable-infobars --disable-search-engine-choice-screen --disable-sync --enable-unsafe-swiftshader --headless --hide-scrollbars --mute-audio --blink-settings=primaryHoverType=2,availableHoverTypes=2,primaryPointerType=4,availablePointerTypes=4 --no-sandbox --user-data-dir=/tmp/playwright_chromiumdev_profile-uMtuEM --remote-debugging-pipe --no-startup-window
    <launched> pid=22016
    [pid=22016][err] /home/user/.cache/ms-playwright/chromium-1234/chrome-linux64/chrome: error while loading shared libraries: libnspr4.so: cannot open shared object file: No such file or directory
    Call log:
      - <launching> /home/user/.cache/ms-playwright/chromium-1234/chrome-linux64/chrome --disable-field-trial-config --disable-background-networking --disable-background-timer-throttling --disable-backgrounding-occluded-windows --disable-back-forward-cache --disable-breakpad --disable-client-side-phishing-detection --disable-component-extensions-with-background-pages --disable-component-update --no-default-browser-check --disable-default-apps --disable-dev-shm-usage --disable-edgeupdater --disable-extensions --disable-features=AvoidUnnecessaryBeforeUnloadCheckSync,BoundaryEventDispatchTracksNodeRemoval,DestroyProfileOnBrowserClose,DialMediaRouteProvider,GlobalMediaControls,HttpsUpgrades,LensOverlay,MediaRouter,PaintHolding,ThirdPartyStoragePartitioning,BlockOriginHeaderModificationOnRedirect,Translate,AutoDeElevate,OptimizationHints,msForceBrowserSignIn,msEdgeUpdateLaunchServicesPreferredVersion --enable-features=CDPScreenshotNewSurface --allow-pre-commit-input --disable-hang-monitor --disable-ipc-flooding-protection --disable-popup-blocking --disable-prompt-on-repost --disable-renderer-backgrounding --disable-updater-scheduler --force-color-profile=srgb --metrics-recording-only --no-first-run --password-store=basic --use-mock-keychain --no-service-autorun --export-tagged-pdf --disable-search-engine-choice-screen --unsafely-disable-devtools-self-xss-warnings --edge-skip-compat-layer-relaunch --disable-infobars --disable-search-engine-choice-screen --disable-sync --enable-unsafe-swiftshader --headless --hide-scrollbars --mute-audio --blink-settings=primaryHoverType=2,availableHoverTypes=2,primaryPointerType=4,availablePointerTypes=4 --no-sandbox --user-data-dir=/tmp/playwright_chromiumdev_profile-uMtuEM --remote-debugging-pipe --no-startup-window
      - <launched> pid=22016
      - [pid=22016][err] /home/user/.cache/ms-playwright/chromium-1234/chrome-linux64/chrome: error while loading shared libraries: libnspr4.so: cannot open shared object file: No such file or directory
      - [pid=22016] <gracefully close start>
      - [pid=22016] <kill>
      - [pid=22016] <will force kill>
      - [pid=22016] exception while trying to kill process: Error: kill ESRCH
      - [pid=22016] <process did exit: exitCode=127, signal=null>
      - [pid=22016] starting temporary directories cleanup
      - [pid=22016] finished temporary directories cleanup
      - [pid=22016] <gracefully close end>


    Error Context: test-results/critical-flows-shadowing-s-e45fe-rols-and-delayed-transcript-mobile-chromium/error-context.md

    attachment #2: trace (application/zip) ─────────────────────────────────────────────────────────
    test-results/critical-flows-shadowing-s-e45fe-rols-and-delayed-transcript-mobile-chromium/trace.zip
    Usage:

        npx playwright show-trace test-results/critical-flows-shadowing-s-e45fe-rols-and-delayed-transcript-mobile-chromium/trace.zip

    ────────────────────────────────────────────────────────────────────────────────────────────────


[64/82] [mobile-chromium] › tests/e2e/critical-flows.spec.ts:1324:1 › a complete lesson run traverses all 14 stages and persists completion
  64) [mobile-chromium] › tests/e2e/critical-flows.spec.ts:1324:1 › a complete lesson run traverses all 14 stages and persists completion 

    Error: browserType.launch: Target page, context or browser has been closed
    Browser logs:

    <launching> /home/user/.cache/ms-playwright/chromium-1234/chrome-linux64/chrome --disable-field-trial-config --disable-background-networking --disable-background-timer-throttling --disable-backgrounding-occluded-windows --disable-back-forward-cache --disable-breakpad --disable-client-side-phishing-detection --disable-component-extensions-with-background-pages --disable-component-update --no-default-browser-check --disable-default-apps --disable-dev-shm-usage --disable-edgeupdater --disable-extensions --disable-features=AvoidUnnecessaryBeforeUnloadCheckSync,BoundaryEventDispatchTracksNodeRemoval,DestroyProfileOnBrowserClose,DialMediaRouteProvider,GlobalMediaControls,HttpsUpgrades,LensOverlay,MediaRouter,PaintHolding,ThirdPartyStoragePartitioning,BlockOriginHeaderModificationOnRedirect,Translate,AutoDeElevate,OptimizationHints,msForceBrowserSignIn,msEdgeUpdateLaunchServicesPreferredVersion --enable-features=CDPScreenshotNewSurface --allow-pre-commit-input --disable-hang-monitor --disable-ipc-flooding-protection --disable-popup-blocking --disable-prompt-on-repost --disable-renderer-backgrounding --disable-updater-scheduler --force-color-profile=srgb --metrics-recording-only --no-first-run --password-store=basic --use-mock-keychain --no-service-autorun --export-tagged-pdf --disable-search-engine-choice-screen --unsafely-disable-devtools-self-xss-warnings --edge-skip-compat-layer-relaunch --disable-infobars --disable-search-engine-choice-screen --disable-sync --enable-unsafe-swiftshader --headless --hide-scrollbars --mute-audio --blink-settings=primaryHoverType=2,availableHoverTypes=2,primaryPointerType=4,availablePointerTypes=4 --no-sandbox --user-data-dir=/tmp/playwright_chromiumdev_profile-hEsFPC --remote-debugging-pipe --no-startup-window
    <launched> pid=22029
    [pid=22029][err] /home/user/.cache/ms-playwright/chromium-1234/chrome-linux64/chrome: error while loading shared libraries: libnspr4.so: cannot open shared object file: No such file or directory
    Call log:
      - <launching> /home/user/.cache/ms-playwright/chromium-1234/chrome-linux64/chrome --disable-field-trial-config --disable-background-networking --disable-background-timer-throttling --disable-backgrounding-occluded-windows --disable-back-forward-cache --disable-breakpad --disable-client-side-phishing-detection --disable-component-extensions-with-background-pages --disable-component-update --no-default-browser-check --disable-default-apps --disable-dev-shm-usage --disable-edgeupdater --disable-extensions --disable-features=AvoidUnnecessaryBeforeUnloadCheckSync,BoundaryEventDispatchTracksNodeRemoval,DestroyProfileOnBrowserClose,DialMediaRouteProvider,GlobalMediaControls,HttpsUpgrades,LensOverlay,MediaRouter,PaintHolding,ThirdPartyStoragePartitioning,BlockOriginHeaderModificationOnRedirect,Translate,AutoDeElevate,OptimizationHints,msForceBrowserSignIn,msEdgeUpdateLaunchServicesPreferredVersion --enable-features=CDPScreenshotNewSurface --allow-pre-commit-input --disable-hang-monitor --disable-ipc-flooding-protection --disable-popup-blocking --disable-prompt-on-repost --disable-renderer-backgrounding --disable-updater-scheduler --force-color-profile=srgb --metrics-recording-only --no-first-run --password-store=basic --use-mock-keychain --no-service-autorun --export-tagged-pdf --disable-search-engine-choice-screen --unsafely-disable-devtools-self-xss-warnings --edge-skip-compat-layer-relaunch --disable-infobars --disable-search-engine-choice-screen --disable-sync --enable-unsafe-swiftshader --headless --hide-scrollbars --mute-audio --blink-settings=primaryHoverType=2,availableHoverTypes=2,primaryPointerType=4,availablePointerTypes=4 --no-sandbox --user-data-dir=/tmp/playwright_chromiumdev_profile-hEsFPC --remote-debugging-pipe --no-startup-window
      - <launched> pid=22029
      - [pid=22029][err] /home/user/.cache/ms-playwright/chromium-1234/chrome-linux64/chrome: error while loading shared libraries: libnspr4.so: cannot open shared object file: No such file or directory
      - [pid=22029] <gracefully close start>
      - [pid=22029] <kill>
      - [pid=22029] <will force kill>
      - [pid=22029] exception while trying to kill process: Error: kill ESRCH
      - [pid=22029] <process did exit: exitCode=127, signal=null>
      - [pid=22029] starting temporary directories cleanup
      - [pid=22029] finished temporary directories cleanup
      - [pid=22029] <gracefully close end>


    Error Context: test-results/critical-flows-a-complete--486c4-ges-and-persists-completion-mobile-chromium/error-context.md

    attachment #2: trace (application/zip) ─────────────────────────────────────────────────────────
    test-results/critical-flows-a-complete--486c4-ges-and-persists-completion-mobile-chromium/trace.zip
    Usage:

        npx playwright show-trace test-results/critical-flows-a-complete--486c4-ges-and-persists-completion-mobile-chromium/trace.zip

    ────────────────────────────────────────────────────────────────────────────────────────────────


[65/82] [mobile-chromium] › tests/e2e/critical-flows.spec.ts:1658:1 › settings exports an encrypted DWNB archive and imports it as an isolated profile
  65) [mobile-chromium] › tests/e2e/critical-flows.spec.ts:1658:1 › settings exports an encrypted DWNB archive and imports it as an isolated profile 

    Error: browserType.launch: Target page, context or browser has been closed
    Browser logs:

    <launching> /home/user/.cache/ms-playwright/chromium-1234/chrome-linux64/chrome --disable-field-trial-config --disable-background-networking --disable-background-timer-throttling --disable-backgrounding-occluded-windows --disable-back-forward-cache --disable-breakpad --disable-client-side-phishing-detection --disable-component-extensions-with-background-pages --disable-component-update --no-default-browser-check --disable-default-apps --disable-dev-shm-usage --disable-edgeupdater --disable-extensions --disable-features=AvoidUnnecessaryBeforeUnloadCheckSync,BoundaryEventDispatchTracksNodeRemoval,DestroyProfileOnBrowserClose,DialMediaRouteProvider,GlobalMediaControls,HttpsUpgrades,LensOverlay,MediaRouter,PaintHolding,ThirdPartyStoragePartitioning,BlockOriginHeaderModificationOnRedirect,Translate,AutoDeElevate,OptimizationHints,msForceBrowserSignIn,msEdgeUpdateLaunchServicesPreferredVersion --enable-features=CDPScreenshotNewSurface --allow-pre-commit-input --disable-hang-monitor --disable-ipc-flooding-protection --disable-popup-blocking --disable-prompt-on-repost --disable-renderer-backgrounding --disable-updater-scheduler --force-color-profile=srgb --metrics-recording-only --no-first-run --password-store=basic --use-mock-keychain --no-service-autorun --export-tagged-pdf --disable-search-engine-choice-screen --unsafely-disable-devtools-self-xss-warnings --edge-skip-compat-layer-relaunch --disable-infobars --disable-search-engine-choice-screen --disable-sync --enable-unsafe-swiftshader --headless --hide-scrollbars --mute-audio --blink-settings=primaryHoverType=2,availableHoverTypes=2,primaryPointerType=4,availablePointerTypes=4 --no-sandbox --user-data-dir=/tmp/playwright_chromiumdev_profile-QolI8m --remote-debugging-pipe --no-startup-window
    <launched> pid=22042
    [pid=22042][err] /home/user/.cache/ms-playwright/chromium-1234/chrome-linux64/chrome: error while loading shared libraries: libnspr4.so: cannot open shared object file: No such file or directory
    Call log:
      - <launching> /home/user/.cache/ms-playwright/chromium-1234/chrome-linux64/chrome --disable-field-trial-config --disable-background-networking --disable-background-timer-throttling --disable-backgrounding-occluded-windows --disable-back-forward-cache --disable-breakpad --disable-client-side-phishing-detection --disable-component-extensions-with-background-pages --disable-component-update --no-default-browser-check --disable-default-apps --disable-dev-shm-usage --disable-edgeupdater --disable-extensions --disable-features=AvoidUnnecessaryBeforeUnloadCheckSync,BoundaryEventDispatchTracksNodeRemoval,DestroyProfileOnBrowserClose,DialMediaRouteProvider,GlobalMediaControls,HttpsUpgrades,LensOverlay,MediaRouter,PaintHolding,ThirdPartyStoragePartitioning,BlockOriginHeaderModificationOnRedirect,Translate,AutoDeElevate,OptimizationHints,msForceBrowserSignIn,msEdgeUpdateLaunchServicesPreferredVersion --enable-features=CDPScreenshotNewSurface --allow-pre-commit-input --disable-hang-monitor --disable-ipc-flooding-protection --disable-popup-blocking --disable-prompt-on-repost --disable-renderer-backgrounding --disable-updater-scheduler --force-color-profile=srgb --metrics-recording-only --no-first-run --password-store=basic --use-mock-keychain --no-service-autorun --export-tagged-pdf --disable-search-engine-choice-screen --unsafely-disable-devtools-self-xss-warnings --edge-skip-compat-layer-relaunch --disable-infobars --disable-search-engine-choice-screen --disable-sync --enable-unsafe-swiftshader --headless --hide-scrollbars --mute-audio --blink-settings=primaryHoverType=2,availableHoverTypes=2,primaryPointerType=4,availablePointerTypes=4 --no-sandbox --user-data-dir=/tmp/playwright_chromiumdev_profile-QolI8m --remote-debugging-pipe --no-startup-window
      - <launched> pid=22042
      - [pid=22042][err] /home/user/.cache/ms-playwright/chromium-1234/chrome-linux64/chrome: error while loading shared libraries: libnspr4.so: cannot open shared object file: No such file or directory
      - [pid=22042] <gracefully close start>
      - [pid=22042] <kill>
      - [pid=22042] <will force kill>
      - [pid=22042] exception while trying to kill process: Error: kill ESRCH
      - [pid=22042] <process did exit: exitCode=127, signal=null>
      - [pid=22042] starting temporary directories cleanup
      - [pid=22042] finished temporary directories cleanup
      - [pid=22042] <gracefully close end>


    Error Context: test-results/critical-flows-settings-ex-966c3-s-it-as-an-isolated-profile-mobile-chromium/error-context.md

    attachment #2: trace (application/zip) ─────────────────────────────────────────────────────────
    test-results/critical-flows-settings-ex-966c3-s-it-as-an-isolated-profile-mobile-chromium/trace.zip
    Usage:

        npx playwright show-trace test-results/critical-flows-settings-ex-966c3-s-it-as-an-isolated-profile-mobile-chromium/trace.zip

    ────────────────────────────────────────────────────────────────────────────────────────────────


[66/82] [mobile-chromium] › tests/e2e/critical-flows.spec.ts:1708:1 › a previously loaded library survives a real offline reload
  66) [mobile-chromium] › tests/e2e/critical-flows.spec.ts:1708:1 › a previously loaded library survives a real offline reload 

    Error: browserType.launch: Target page, context or browser has been closed
    Browser logs:

    <launching> /home/user/.cache/ms-playwright/chromium-1234/chrome-linux64/chrome --disable-field-trial-config --disable-background-networking --disable-background-timer-throttling --disable-backgrounding-occluded-windows --disable-back-forward-cache --disable-breakpad --disable-client-side-phishing-detection --disable-component-extensions-with-background-pages --disable-component-update --no-default-browser-check --disable-default-apps --disable-dev-shm-usage --disable-edgeupdater --disable-extensions --disable-features=AvoidUnnecessaryBeforeUnloadCheckSync,BoundaryEventDispatchTracksNodeRemoval,DestroyProfileOnBrowserClose,DialMediaRouteProvider,GlobalMediaControls,HttpsUpgrades,LensOverlay,MediaRouter,PaintHolding,ThirdPartyStoragePartitioning,BlockOriginHeaderModificationOnRedirect,Translate,AutoDeElevate,OptimizationHints,msForceBrowserSignIn,msEdgeUpdateLaunchServicesPreferredVersion --enable-features=CDPScreenshotNewSurface --allow-pre-commit-input --disable-hang-monitor --disable-ipc-flooding-protection --disable-popup-blocking --disable-prompt-on-repost --disable-renderer-backgrounding --disable-updater-scheduler --force-color-profile=srgb --metrics-recording-only --no-first-run --password-store=basic --use-mock-keychain --no-service-autorun --export-tagged-pdf --disable-search-engine-choice-screen --unsafely-disable-devtools-self-xss-warnings --edge-skip-compat-layer-relaunch --disable-infobars --disable-search-engine-choice-screen --disable-sync --enable-unsafe-swiftshader --headless --hide-scrollbars --mute-audio --blink-settings=primaryHoverType=2,availableHoverTypes=2,primaryPointerType=4,availablePointerTypes=4 --no-sandbox --user-data-dir=/tmp/playwright_chromiumdev_profile-JIVjOL --remote-debugging-pipe --no-startup-window
    <launched> pid=22055
    [pid=22055][err] /home/user/.cache/ms-playwright/chromium-1234/chrome-linux64/chrome: error while loading shared libraries: libnspr4.so: cannot open shared object file: No such file or directory
    Call log:
      - <launching> /home/user/.cache/ms-playwright/chromium-1234/chrome-linux64/chrome --disable-field-trial-config --disable-background-networking --disable-background-timer-throttling --disable-backgrounding-occluded-windows --disable-back-forward-cache --disable-breakpad --disable-client-side-phishing-detection --disable-component-extensions-with-background-pages --disable-component-update --no-default-browser-check --disable-default-apps --disable-dev-shm-usage --disable-edgeupdater --disable-extensions --disable-features=AvoidUnnecessaryBeforeUnloadCheckSync,BoundaryEventDispatchTracksNodeRemoval,DestroyProfileOnBrowserClose,DialMediaRouteProvider,GlobalMediaControls,HttpsUpgrades,LensOverlay,MediaRouter,PaintHolding,ThirdPartyStoragePartitioning,BlockOriginHeaderModificationOnRedirect,Translate,AutoDeElevate,OptimizationHints,msForceBrowserSignIn,msEdgeUpdateLaunchServicesPreferredVersion --enable-features=CDPScreenshotNewSurface --allow-pre-commit-input --disable-hang-monitor --disable-ipc-flooding-protection --disable-popup-blocking --disable-prompt-on-repost --disable-renderer-backgrounding --disable-updater-scheduler --force-color-profile=srgb --metrics-recording-only --no-first-run --password-store=basic --use-mock-keychain --no-service-autorun --export-tagged-pdf --disable-search-engine-choice-screen --unsafely-disable-devtools-self-xss-warnings --edge-skip-compat-layer-relaunch --disable-infobars --disable-search-engine-choice-screen --disable-sync --enable-unsafe-swiftshader --headless --hide-scrollbars --mute-audio --blink-settings=primaryHoverType=2,availableHoverTypes=2,primaryPointerType=4,availablePointerTypes=4 --no-sandbox --user-data-dir=/tmp/playwright_chromiumdev_profile-JIVjOL --remote-debugging-pipe --no-startup-window
      - <launched> pid=22055
      - [pid=22055][err] /home/user/.cache/ms-playwright/chromium-1234/chrome-linux64/chrome: error while loading shared libraries: libnspr4.so: cannot open shared object file: No such file or directory
      - [pid=22055] <gracefully close start>
      - [pid=22055] <kill>
      - [pid=22055] <will force kill>
      - [pid=22055] exception while trying to kill process: Error: kill ESRCH
      - [pid=22055] <process did exit: exitCode=127, signal=null>
      - [pid=22055] starting temporary directories cleanup
      - [pid=22055] finished temporary directories cleanup
      - [pid=22055] <gracefully close end>


    Error Context: test-results/critical-flows-a-previousl-c9c75-vives-a-real-offline-reload-mobile-chromium/error-context.md

    attachment #2: trace (application/zip) ─────────────────────────────────────────────────────────
    test-results/critical-flows-a-previousl-c9c75-vives-a-real-offline-reload-mobile-chromium/trace.zip
    Usage:

        npx playwright show-trace test-results/critical-flows-a-previousl-c9c75-vives-a-real-offline-reload-mobile-chromium/trace.zip

    ────────────────────────────────────────────────────────────────────────────────────────────────


[67/82] [mobile-chromium] › tests/e2e/critical-flows.spec.ts:1733:1 › the optional full content pack opens unvisited lessons and exam tasks offline
  67) [mobile-chromium] › tests/e2e/critical-flows.spec.ts:1733:1 › the optional full content pack opens unvisited lessons and exam tasks offline 

    Error: browserType.launch: Target page, context or browser has been closed
    Browser logs:

    <launching> /home/user/.cache/ms-playwright/chromium-1234/chrome-linux64/chrome --disable-field-trial-config --disable-background-networking --disable-background-timer-throttling --disable-backgrounding-occluded-windows --disable-back-forward-cache --disable-breakpad --disable-client-side-phishing-detection --disable-component-extensions-with-background-pages --disable-component-update --no-default-browser-check --disable-default-apps --disable-dev-shm-usage --disable-edgeupdater --disable-extensions --disable-features=AvoidUnnecessaryBeforeUnloadCheckSync,BoundaryEventDispatchTracksNodeRemoval,DestroyProfileOnBrowserClose,DialMediaRouteProvider,GlobalMediaControls,HttpsUpgrades,LensOverlay,MediaRouter,PaintHolding,ThirdPartyStoragePartitioning,BlockOriginHeaderModificationOnRedirect,Translate,AutoDeElevate,OptimizationHints,msForceBrowserSignIn,msEdgeUpdateLaunchServicesPreferredVersion --enable-features=CDPScreenshotNewSurface --allow-pre-commit-input --disable-hang-monitor --disable-ipc-flooding-protection --disable-popup-blocking --disable-prompt-on-repost --disable-renderer-backgrounding --disable-updater-scheduler --force-color-profile=srgb --metrics-recording-only --no-first-run --password-store=basic --use-mock-keychain --no-service-autorun --export-tagged-pdf --disable-search-engine-choice-screen --unsafely-disable-devtools-self-xss-warnings --edge-skip-compat-layer-relaunch --disable-infobars --disable-search-engine-choice-screen --disable-sync --enable-unsafe-swiftshader --headless --hide-scrollbars --mute-audio --blink-settings=primaryHoverType=2,availableHoverTypes=2,primaryPointerType=4,availablePointerTypes=4 --no-sandbox --user-data-dir=/tmp/playwright_chromiumdev_profile-sKB4c3 --remote-debugging-pipe --no-startup-window
    <launched> pid=22068
    [pid=22068][err] /home/user/.cache/ms-playwright/chromium-1234/chrome-linux64/chrome: error while loading shared libraries: libnspr4.so: cannot open shared object file: No such file or directory
    Call log:
      - <launching> /home/user/.cache/ms-playwright/chromium-1234/chrome-linux64/chrome --disable-field-trial-config --disable-background-networking --disable-background-timer-throttling --disable-backgrounding-occluded-windows --disable-back-forward-cache --disable-breakpad --disable-client-side-phishing-detection --disable-component-extensions-with-background-pages --disable-component-update --no-default-browser-check --disable-default-apps --disable-dev-shm-usage --disable-edgeupdater --disable-extensions --disable-features=AvoidUnnecessaryBeforeUnloadCheckSync,BoundaryEventDispatchTracksNodeRemoval,DestroyProfileOnBrowserClose,DialMediaRouteProvider,GlobalMediaControls,HttpsUpgrades,LensOverlay,MediaRouter,PaintHolding,ThirdPartyStoragePartitioning,BlockOriginHeaderModificationOnRedirect,Translate,AutoDeElevate,OptimizationHints,msForceBrowserSignIn,msEdgeUpdateLaunchServicesPreferredVersion --enable-features=CDPScreenshotNewSurface --allow-pre-commit-input --disable-hang-monitor --disable-ipc-flooding-protection --disable-popup-blocking --disable-prompt-on-repost --disable-renderer-backgrounding --disable-updater-scheduler --force-color-profile=srgb --metrics-recording-only --no-first-run --password-store=basic --use-mock-keychain --no-service-autorun --export-tagged-pdf --disable-search-engine-choice-screen --unsafely-disable-devtools-self-xss-warnings --edge-skip-compat-layer-relaunch --disable-infobars --disable-search-engine-choice-screen --disable-sync --enable-unsafe-swiftshader --headless --hide-scrollbars --mute-audio --blink-settings=primaryHoverType=2,availableHoverTypes=2,primaryPointerType=4,availablePointerTypes=4 --no-sandbox --user-data-dir=/tmp/playwright_chromiumdev_profile-sKB4c3 --remote-debugging-pipe --no-startup-window
      - <launched> pid=22068
      - [pid=22068][err] /home/user/.cache/ms-playwright/chromium-1234/chrome-linux64/chrome: error while loading shared libraries: libnspr4.so: cannot open shared object file: No such file or directory
      - [pid=22068] <gracefully close start>
      - [pid=22068] <kill>
      - [pid=22068] <will force kill>
      - [pid=22068] exception while trying to kill process: Error: kill ESRCH
      - [pid=22068] <process did exit: exitCode=127, signal=null>
      - [pid=22068] starting temporary directories cleanup
      - [pid=22068] finished temporary directories cleanup
      - [pid=22068] <gracefully close end>


    Error Context: test-results/critical-flows-the-optiona-b61fe-sons-and-exam-tasks-offline-mobile-chromium/error-context.md

    attachment #2: trace (application/zip) ─────────────────────────────────────────────────────────
    test-results/critical-flows-the-optiona-b61fe-sons-and-exam-tasks-offline-mobile-chromium/trace.zip
    Usage:

        npx playwright show-trace test-results/critical-flows-the-optiona-b61fe-sons-and-exam-tasks-offline-mobile-chromium/trace.zip

    ────────────────────────────────────────────────────────────────────────────────────────────────


[68/82] [mobile-chromium] › tests/e2e/critical-flows.spec.ts:1871:1 › continuous full-exam mode persists one central clock and blocks task skipping
  68) [mobile-chromium] › tests/e2e/critical-flows.spec.ts:1871:1 › continuous full-exam mode persists one central clock and blocks task skipping 

    Error: browserType.launch: Target page, context or browser has been closed
    Browser logs:

    <launching> /home/user/.cache/ms-playwright/chromium-1234/chrome-linux64/chrome --disable-field-trial-config --disable-background-networking --disable-background-timer-throttling --disable-backgrounding-occluded-windows --disable-back-forward-cache --disable-breakpad --disable-client-side-phishing-detection --disable-component-extensions-with-background-pages --disable-component-update --no-default-browser-check --disable-default-apps --disable-dev-shm-usage --disable-edgeupdater --disable-extensions --disable-features=AvoidUnnecessaryBeforeUnloadCheckSync,BoundaryEventDispatchTracksNodeRemoval,DestroyProfileOnBrowserClose,DialMediaRouteProvider,GlobalMediaControls,HttpsUpgrades,LensOverlay,MediaRouter,PaintHolding,ThirdPartyStoragePartitioning,BlockOriginHeaderModificationOnRedirect,Translate,AutoDeElevate,OptimizationHints,msForceBrowserSignIn,msEdgeUpdateLaunchServicesPreferredVersion --enable-features=CDPScreenshotNewSurface --allow-pre-commit-input --disable-hang-monitor --disable-ipc-flooding-protection --disable-popup-blocking --disable-prompt-on-repost --disable-renderer-backgrounding --disable-updater-scheduler --force-color-profile=srgb --metrics-recording-only --no-first-run --password-store=basic --use-mock-keychain --no-service-autorun --export-tagged-pdf --disable-search-engine-choice-screen --unsafely-disable-devtools-self-xss-warnings --edge-skip-compat-layer-relaunch --disable-infobars --disable-search-engine-choice-screen --disable-sync --enable-unsafe-swiftshader --headless --hide-scrollbars --mute-audio --blink-settings=primaryHoverType=2,availableHoverTypes=2,primaryPointerType=4,availablePointerTypes=4 --no-sandbox --user-data-dir=/tmp/playwright_chromiumdev_profile-CtcziN --remote-debugging-pipe --no-startup-window
    <launched> pid=22081
    [pid=22081][err] /home/user/.cache/ms-playwright/chromium-1234/chrome-linux64/chrome: error while loading shared libraries: libnspr4.so: cannot open shared object file: No such file or directory
    Call log:
      - <launching> /home/user/.cache/ms-playwright/chromium-1234/chrome-linux64/chrome --disable-field-trial-config --disable-background-networking --disable-background-timer-throttling --disable-backgrounding-occluded-windows --disable-back-forward-cache --disable-breakpad --disable-client-side-phishing-detection --disable-component-extensions-with-background-pages --disable-component-update --no-default-browser-check --disable-default-apps --disable-dev-shm-usage --disable-edgeupdater --disable-extensions --disable-features=AvoidUnnecessaryBeforeUnloadCheckSync,BoundaryEventDispatchTracksNodeRemoval,DestroyProfileOnBrowserClose,DialMediaRouteProvider,GlobalMediaControls,HttpsUpgrades,LensOverlay,MediaRouter,PaintHolding,ThirdPartyStoragePartitioning,BlockOriginHeaderModificationOnRedirect,Translate,AutoDeElevate,OptimizationHints,msForceBrowserSignIn,msEdgeUpdateLaunchServicesPreferredVersion --enable-features=CDPScreenshotNewSurface --allow-pre-commit-input --disable-hang-monitor --disable-ipc-flooding-protection --disable-popup-blocking --disable-prompt-on-repost --disable-renderer-backgrounding --disable-updater-scheduler --force-color-profile=srgb --metrics-recording-only --no-first-run --password-store=basic --use-mock-keychain --no-service-autorun --export-tagged-pdf --disable-search-engine-choice-screen --unsafely-disable-devtools-self-xss-warnings --edge-skip-compat-layer-relaunch --disable-infobars --disable-search-engine-choice-screen --disable-sync --enable-unsafe-swiftshader --headless --hide-scrollbars --mute-audio --blink-settings=primaryHoverType=2,availableHoverTypes=2,primaryPointerType=4,availablePointerTypes=4 --no-sandbox --user-data-dir=/tmp/playwright_chromiumdev_profile-CtcziN --remote-debugging-pipe --no-startup-window
      - <launched> pid=22081
      - [pid=22081][err] /home/user/.cache/ms-playwright/chromium-1234/chrome-linux64/chrome: error while loading shared libraries: libnspr4.so: cannot open shared object file: No such file or directory
      - [pid=22081] <gracefully close start>
      - [pid=22081] <kill>
      - [pid=22081] <will force kill>
      - [pid=22081] exception while trying to kill process: Error: kill ESRCH
      - [pid=22081] <process did exit: exitCode=127, signal=null>
      - [pid=22081] starting temporary directories cleanup
      - [pid=22081] finished temporary directories cleanup
      - [pid=22081] <gracefully close end>


    Error Context: test-results/critical-flows-continuous--fd327-ck-and-blocks-task-skipping-mobile-chromium/error-context.md

    attachment #2: trace (application/zip) ─────────────────────────────────────────────────────────
    test-results/critical-flows-continuous--fd327-ck-and-blocks-task-skipping-mobile-chromium/trace.zip
    Usage:

        npx playwright show-trace test-results/critical-flows-continuous--fd327-ck-and-blocks-task-skipping-mobile-chromium/trace.zip

    ────────────────────────────────────────────────────────────────────────────────────────────────


[69/82] [mobile-chromium] › tests/e2e/critical-flows.spec.ts:2063:1 › progress and daily coach derive metrics, risks, dates, and streaks from evidence
  69) [mobile-chromium] › tests/e2e/critical-flows.spec.ts:2063:1 › progress and daily coach derive metrics, risks, dates, and streaks from evidence 

    Error: browserType.launch: Target page, context or browser has been closed
    Browser logs:

    <launching> /home/user/.cache/ms-playwright/chromium-1234/chrome-linux64/chrome --disable-field-trial-config --disable-background-networking --disable-background-timer-throttling --disable-backgrounding-occluded-windows --disable-back-forward-cache --disable-breakpad --disable-client-side-phishing-detection --disable-component-extensions-with-background-pages --disable-component-update --no-default-browser-check --disable-default-apps --disable-dev-shm-usage --disable-edgeupdater --disable-extensions --disable-features=AvoidUnnecessaryBeforeUnloadCheckSync,BoundaryEventDispatchTracksNodeRemoval,DestroyProfileOnBrowserClose,DialMediaRouteProvider,GlobalMediaControls,HttpsUpgrades,LensOverlay,MediaRouter,PaintHolding,ThirdPartyStoragePartitioning,BlockOriginHeaderModificationOnRedirect,Translate,AutoDeElevate,OptimizationHints,msForceBrowserSignIn,msEdgeUpdateLaunchServicesPreferredVersion --enable-features=CDPScreenshotNewSurface --allow-pre-commit-input --disable-hang-monitor --disable-ipc-flooding-protection --disable-popup-blocking --disable-prompt-on-repost --disable-renderer-backgrounding --disable-updater-scheduler --force-color-profile=srgb --metrics-recording-only --no-first-run --password-store=basic --use-mock-keychain --no-service-autorun --export-tagged-pdf --disable-search-engine-choice-screen --unsafely-disable-devtools-self-xss-warnings --edge-skip-compat-layer-relaunch --disable-infobars --disable-search-engine-choice-screen --disable-sync --enable-unsafe-swiftshader --headless --hide-scrollbars --mute-audio --blink-settings=primaryHoverType=2,availableHoverTypes=2,primaryPointerType=4,availablePointerTypes=4 --no-sandbox --user-data-dir=/tmp/playwright_chromiumdev_profile-hPtKr4 --remote-debugging-pipe --no-startup-window
    <launched> pid=22094
    [pid=22094][err] /home/user/.cache/ms-playwright/chromium-1234/chrome-linux64/chrome: error while loading shared libraries: libnspr4.so: cannot open shared object file: No such file or directory
    Call log:
      - <launching> /home/user/.cache/ms-playwright/chromium-1234/chrome-linux64/chrome --disable-field-trial-config --disable-background-networking --disable-background-timer-throttling --disable-backgrounding-occluded-windows --disable-back-forward-cache --disable-breakpad --disable-client-side-phishing-detection --disable-component-extensions-with-background-pages --disable-component-update --no-default-browser-check --disable-default-apps --disable-dev-shm-usage --disable-edgeupdater --disable-extensions --disable-features=AvoidUnnecessaryBeforeUnloadCheckSync,BoundaryEventDispatchTracksNodeRemoval,DestroyProfileOnBrowserClose,DialMediaRouteProvider,GlobalMediaControls,HttpsUpgrades,LensOverlay,MediaRouter,PaintHolding,ThirdPartyStoragePartitioning,BlockOriginHeaderModificationOnRedirect,Translate,AutoDeElevate,OptimizationHints,msForceBrowserSignIn,msEdgeUpdateLaunchServicesPreferredVersion --enable-features=CDPScreenshotNewSurface --allow-pre-commit-input --disable-hang-monitor --disable-ipc-flooding-protection --disable-popup-blocking --disable-prompt-on-repost --disable-renderer-backgrounding --disable-updater-scheduler --force-color-profile=srgb --metrics-recording-only --no-first-run --password-store=basic --use-mock-keychain --no-service-autorun --export-tagged-pdf --disable-search-engine-choice-screen --unsafely-disable-devtools-self-xss-warnings --edge-skip-compat-layer-relaunch --disable-infobars --disable-search-engine-choice-screen --disable-sync --enable-unsafe-swiftshader --headless --hide-scrollbars --mute-audio --blink-settings=primaryHoverType=2,availableHoverTypes=2,primaryPointerType=4,availablePointerTypes=4 --no-sandbox --user-data-dir=/tmp/playwright_chromiumdev_profile-hPtKr4 --remote-debugging-pipe --no-startup-window
      - <launched> pid=22094
      - [pid=22094][err] /home/user/.cache/ms-playwright/chromium-1234/chrome-linux64/chrome: error while loading shared libraries: libnspr4.so: cannot open shared object file: No such file or directory
      - [pid=22094] <gracefully close start>
      - [pid=22094] <kill>
      - [pid=22094] <will force kill>
      - [pid=22094] exception while trying to kill process: Error: kill ESRCH
      - [pid=22094] <process did exit: exitCode=127, signal=null>
      - [pid=22094] starting temporary directories cleanup
      - [pid=22094] finished temporary directories cleanup
      - [pid=22094] <gracefully close end>


    Error Context: test-results/critical-flows-progress-an-9a709-s-and-streaks-from-evidence-mobile-chromium/error-context.md

    attachment #2: trace (application/zip) ─────────────────────────────────────────────────────────
    test-results/critical-flows-progress-an-9a709-s-and-streaks-from-evidence-mobile-chromium/trace.zip
    Usage:

        npx playwright show-trace test-results/critical-flows-progress-an-9a709-s-and-streaks-from-evidence-mobile-chromium/trace.zip

    ────────────────────────────────────────────────────────────────────────────────────────────────


[70/82] [mobile-chromium] › tests/e2e/critical-flows.spec.ts:2136:1 › keyboard users can skip navigation, follow lesson focus, hear results, and escape modals
  70) [mobile-chromium] › tests/e2e/critical-flows.spec.ts:2136:1 › keyboard users can skip navigation, follow lesson focus, hear results, and escape modals 

    Error: browserType.launch: Target page, context or browser has been closed
    Browser logs:

    <launching> /home/user/.cache/ms-playwright/chromium-1234/chrome-linux64/chrome --disable-field-trial-config --disable-background-networking --disable-background-timer-throttling --disable-backgrounding-occluded-windows --disable-back-forward-cache --disable-breakpad --disable-client-side-phishing-detection --disable-component-extensions-with-background-pages --disable-component-update --no-default-browser-check --disable-default-apps --disable-dev-shm-usage --disable-edgeupdater --disable-extensions --disable-features=AvoidUnnecessaryBeforeUnloadCheckSync,BoundaryEventDispatchTracksNodeRemoval,DestroyProfileOnBrowserClose,DialMediaRouteProvider,GlobalMediaControls,HttpsUpgrades,LensOverlay,MediaRouter,PaintHolding,ThirdPartyStoragePartitioning,BlockOriginHeaderModificationOnRedirect,Translate,AutoDeElevate,OptimizationHints,msForceBrowserSignIn,msEdgeUpdateLaunchServicesPreferredVersion --enable-features=CDPScreenshotNewSurface --allow-pre-commit-input --disable-hang-monitor --disable-ipc-flooding-protection --disable-popup-blocking --disable-prompt-on-repost --disable-renderer-backgrounding --disable-updater-scheduler --force-color-profile=srgb --metrics-recording-only --no-first-run --password-store=basic --use-mock-keychain --no-service-autorun --export-tagged-pdf --disable-search-engine-choice-screen --unsafely-disable-devtools-self-xss-warnings --edge-skip-compat-layer-relaunch --disable-infobars --disable-search-engine-choice-screen --disable-sync --enable-unsafe-swiftshader --headless --hide-scrollbars --mute-audio --blink-settings=primaryHoverType=2,availableHoverTypes=2,primaryPointerType=4,availablePointerTypes=4 --no-sandbox --user-data-dir=/tmp/playwright_chromiumdev_profile-S9A4Y2 --remote-debugging-pipe --no-startup-window
    <launched> pid=22107
    [pid=22107][err] /home/user/.cache/ms-playwright/chromium-1234/chrome-linux64/chrome: error while loading shared libraries: libnspr4.so: cannot open shared object file: No such file or directory
    Call log:
      - <launching> /home/user/.cache/ms-playwright/chromium-1234/chrome-linux64/chrome --disable-field-trial-config --disable-background-networking --disable-background-timer-throttling --disable-backgrounding-occluded-windows --disable-back-forward-cache --disable-breakpad --disable-client-side-phishing-detection --disable-component-extensions-with-background-pages --disable-component-update --no-default-browser-check --disable-default-apps --disable-dev-shm-usage --disable-edgeupdater --disable-extensions --disable-features=AvoidUnnecessaryBeforeUnloadCheckSync,BoundaryEventDispatchTracksNodeRemoval,DestroyProfileOnBrowserClose,DialMediaRouteProvider,GlobalMediaControls,HttpsUpgrades,LensOverlay,MediaRouter,PaintHolding,ThirdPartyStoragePartitioning,BlockOriginHeaderModificationOnRedirect,Translate,AutoDeElevate,OptimizationHints,msForceBrowserSignIn,msEdgeUpdateLaunchServicesPreferredVersion --enable-features=CDPScreenshotNewSurface --allow-pre-commit-input --disable-hang-monitor --disable-ipc-flooding-protection --disable-popup-blocking --disable-prompt-on-repost --disable-renderer-backgrounding --disable-updater-scheduler --force-color-profile=srgb --metrics-recording-only --no-first-run --password-store=basic --use-mock-keychain --no-service-autorun --export-tagged-pdf --disable-search-engine-choice-screen --unsafely-disable-devtools-self-xss-warnings --edge-skip-compat-layer-relaunch --disable-infobars --disable-search-engine-choice-screen --disable-sync --enable-unsafe-swiftshader --headless --hide-scrollbars --mute-audio --blink-settings=primaryHoverType=2,availableHoverTypes=2,primaryPointerType=4,availablePointerTypes=4 --no-sandbox --user-data-dir=/tmp/playwright_chromiumdev_profile-S9A4Y2 --remote-debugging-pipe --no-startup-window
      - <launched> pid=22107
      - [pid=22107][err] /home/user/.cache/ms-playwright/chromium-1234/chrome-linux64/chrome: error while loading shared libraries: libnspr4.so: cannot open shared object file: No such file or directory
      - [pid=22107] <gracefully close start>
      - [pid=22107] <kill>
      - [pid=22107] <will force kill>
      - [pid=22107] exception while trying to kill process: Error: kill ESRCH
      - [pid=22107] <process did exit: exitCode=127, signal=null>
      - [pid=22107] starting temporary directories cleanup
      - [pid=22107] finished temporary directories cleanup
      - [pid=22107] <gracefully close end>


    Error Context: test-results/critical-flows-keyboard-us-3e795-r-results-and-escape-modals-mobile-chromium/error-context.md

    attachment #2: trace (application/zip) ─────────────────────────────────────────────────────────
    test-results/critical-flows-keyboard-us-3e795-r-results-and-escape-modals-mobile-chromium/trace.zip
    Usage:

        npx playwright show-trace test-results/critical-flows-keyboard-us-3e795-r-results-and-escape-modals-mobile-chromium/trace.zip

    ────────────────────────────────────────────────────────────────────────────────────────────────


[71/82] [mobile-chromium] › tests/e2e/critical-flows.spec.ts:2184:1 › Arabic shell and every tested German or technical fragment keep explicit Bidi boundaries
  71) [mobile-chromium] › tests/e2e/critical-flows.spec.ts:2184:1 › Arabic shell and every tested German or technical fragment keep explicit Bidi boundaries 

    Error: browserType.launch: Target page, context or browser has been closed
    Browser logs:

    <launching> /home/user/.cache/ms-playwright/chromium-1234/chrome-linux64/chrome --disable-field-trial-config --disable-background-networking --disable-background-timer-throttling --disable-backgrounding-occluded-windows --disable-back-forward-cache --disable-breakpad --disable-client-side-phishing-detection --disable-component-extensions-with-background-pages --disable-component-update --no-default-browser-check --disable-default-apps --disable-dev-shm-usage --disable-edgeupdater --disable-extensions --disable-features=AvoidUnnecessaryBeforeUnloadCheckSync,BoundaryEventDispatchTracksNodeRemoval,DestroyProfileOnBrowserClose,DialMediaRouteProvider,GlobalMediaControls,HttpsUpgrades,LensOverlay,MediaRouter,PaintHolding,ThirdPartyStoragePartitioning,BlockOriginHeaderModificationOnRedirect,Translate,AutoDeElevate,OptimizationHints,msForceBrowserSignIn,msEdgeUpdateLaunchServicesPreferredVersion --enable-features=CDPScreenshotNewSurface --allow-pre-commit-input --disable-hang-monitor --disable-ipc-flooding-protection --disable-popup-blocking --disable-prompt-on-repost --disable-renderer-backgrounding --disable-updater-scheduler --force-color-profile=srgb --metrics-recording-only --no-first-run --password-store=basic --use-mock-keychain --no-service-autorun --export-tagged-pdf --disable-search-engine-choice-screen --unsafely-disable-devtools-self-xss-warnings --edge-skip-compat-layer-relaunch --disable-infobars --disable-search-engine-choice-screen --disable-sync --enable-unsafe-swiftshader --headless --hide-scrollbars --mute-audio --blink-settings=primaryHoverType=2,availableHoverTypes=2,primaryPointerType=4,availablePointerTypes=4 --no-sandbox --user-data-dir=/tmp/playwright_chromiumdev_profile-abKw3z --remote-debugging-pipe --no-startup-window
    <launched> pid=22124
    [pid=22124][err] /home/user/.cache/ms-playwright/chromium-1234/chrome-linux64/chrome: error while loading shared libraries: libnspr4.so: cannot open shared object file: No such file or directory
    Call log:
      - <launching> /home/user/.cache/ms-playwright/chromium-1234/chrome-linux64/chrome --disable-field-trial-config --disable-background-networking --disable-background-timer-throttling --disable-backgrounding-occluded-windows --disable-back-forward-cache --disable-breakpad --disable-client-side-phishing-detection --disable-component-extensions-with-background-pages --disable-component-update --no-default-browser-check --disable-default-apps --disable-dev-shm-usage --disable-edgeupdater --disable-extensions --disable-features=AvoidUnnecessaryBeforeUnloadCheckSync,BoundaryEventDispatchTracksNodeRemoval,DestroyProfileOnBrowserClose,DialMediaRouteProvider,GlobalMediaControls,HttpsUpgrades,LensOverlay,MediaRouter,PaintHolding,ThirdPartyStoragePartitioning,BlockOriginHeaderModificationOnRedirect,Translate,AutoDeElevate,OptimizationHints,msForceBrowserSignIn,msEdgeUpdateLaunchServicesPreferredVersion --enable-features=CDPScreenshotNewSurface --allow-pre-commit-input --disable-hang-monitor --disable-ipc-flooding-protection --disable-popup-blocking --disable-prompt-on-repost --disable-renderer-backgrounding --disable-updater-scheduler --force-color-profile=srgb --metrics-recording-only --no-first-run --password-store=basic --use-mock-keychain --no-service-autorun --export-tagged-pdf --disable-search-engine-choice-screen --unsafely-disable-devtools-self-xss-warnings --edge-skip-compat-layer-relaunch --disable-infobars --disable-search-engine-choice-screen --disable-sync --enable-unsafe-swiftshader --headless --hide-scrollbars --mute-audio --blink-settings=primaryHoverType=2,availableHoverTypes=2,primaryPointerType=4,availablePointerTypes=4 --no-sandbox --user-data-dir=/tmp/playwright_chromiumdev_profile-abKw3z --remote-debugging-pipe --no-startup-window
      - <launched> pid=22124
      - [pid=22124][err] /home/user/.cache/ms-playwright/chromium-1234/chrome-linux64/chrome: error while loading shared libraries: libnspr4.so: cannot open shared object file: No such file or directory
      - [pid=22124] <gracefully close start>
      - [pid=22124] <kill>
      - [pid=22124] <will force kill>
      - [pid=22124] exception while trying to kill process: Error: kill ESRCH
      - [pid=22124] <process did exit: exitCode=127, signal=null>
      - [pid=22124] starting temporary directories cleanup
      - [pid=22124] finished temporary directories cleanup
      - [pid=22124] <gracefully close end>


    Error Context: test-results/critical-flows-Arabic-shel-70203-ep-explicit-Bidi-boundaries-mobile-chromium/error-context.md

    attachment #2: trace (application/zip) ─────────────────────────────────────────────────────────
    test-results/critical-flows-Arabic-shel-70203-ep-explicit-Bidi-boundaries-mobile-chromium/trace.zip
    Usage:

        npx playwright show-trace test-results/critical-flows-Arabic-shel-70203-ep-explicit-Bidi-boundaries-mobile-chromium/trace.zip

    ────────────────────────────────────────────────────────────────────────────────────────────────


[72/82] [mobile-chromium] › tests/e2e/critical-flows.spec.ts:2199:1 › high-confidence errors route through prerequisite repair into deduplicated no-mastery SRS
  72) [mobile-chromium] › tests/e2e/critical-flows.spec.ts:2199:1 › high-confidence errors route through prerequisite repair into deduplicated no-mastery SRS 

    Error: browserType.launch: Target page, context or browser has been closed
    Browser logs:

    <launching> /home/user/.cache/ms-playwright/chromium-1234/chrome-linux64/chrome --disable-field-trial-config --disable-background-networking --disable-background-timer-throttling --disable-backgrounding-occluded-windows --disable-back-forward-cache --disable-breakpad --disable-client-side-phishing-detection --disable-component-extensions-with-background-pages --disable-component-update --no-default-browser-check --disable-default-apps --disable-dev-shm-usage --disable-edgeupdater --disable-extensions --disable-features=AvoidUnnecessaryBeforeUnloadCheckSync,BoundaryEventDispatchTracksNodeRemoval,DestroyProfileOnBrowserClose,DialMediaRouteProvider,GlobalMediaControls,HttpsUpgrades,LensOverlay,MediaRouter,PaintHolding,ThirdPartyStoragePartitioning,BlockOriginHeaderModificationOnRedirect,Translate,AutoDeElevate,OptimizationHints,msForceBrowserSignIn,msEdgeUpdateLaunchServicesPreferredVersion --enable-features=CDPScreenshotNewSurface --allow-pre-commit-input --disable-hang-monitor --disable-ipc-flooding-protection --disable-popup-blocking --disable-prompt-on-repost --disable-renderer-backgrounding --disable-updater-scheduler --force-color-profile=srgb --metrics-recording-only --no-first-run --password-store=basic --use-mock-keychain --no-service-autorun --export-tagged-pdf --disable-search-engine-choice-screen --unsafely-disable-devtools-self-xss-warnings --edge-skip-compat-layer-relaunch --disable-infobars --disable-search-engine-choice-screen --disable-sync --enable-unsafe-swiftshader --headless --hide-scrollbars --mute-audio --blink-settings=primaryHoverType=2,availableHoverTypes=2,primaryPointerType=4,availablePointerTypes=4 --no-sandbox --user-data-dir=/tmp/playwright_chromiumdev_profile-HzrblS --remote-debugging-pipe --no-startup-window
    <launched> pid=22137
    [pid=22137][err] /home/user/.cache/ms-playwright/chromium-1234/chrome-linux64/chrome: error while loading shared libraries: libnspr4.so: cannot open shared object file: No such file or directory
    Call log:
      - <launching> /home/user/.cache/ms-playwright/chromium-1234/chrome-linux64/chrome --disable-field-trial-config --disable-background-networking --disable-background-timer-throttling --disable-backgrounding-occluded-windows --disable-back-forward-cache --disable-breakpad --disable-client-side-phishing-detection --disable-component-extensions-with-background-pages --disable-component-update --no-default-browser-check --disable-default-apps --disable-dev-shm-usage --disable-edgeupdater --disable-extensions --disable-features=AvoidUnnecessaryBeforeUnloadCheckSync,BoundaryEventDispatchTracksNodeRemoval,DestroyProfileOnBrowserClose,DialMediaRouteProvider,GlobalMediaControls,HttpsUpgrades,LensOverlay,MediaRouter,PaintHolding,ThirdPartyStoragePartitioning,BlockOriginHeaderModificationOnRedirect,Translate,AutoDeElevate,OptimizationHints,msForceBrowserSignIn,msEdgeUpdateLaunchServicesPreferredVersion --enable-features=CDPScreenshotNewSurface --allow-pre-commit-input --disable-hang-monitor --disable-ipc-flooding-protection --disable-popup-blocking --disable-prompt-on-repost --disable-renderer-backgrounding --disable-updater-scheduler --force-color-profile=srgb --metrics-recording-only --no-first-run --password-store=basic --use-mock-keychain --no-service-autorun --export-tagged-pdf --disable-search-engine-choice-screen --unsafely-disable-devtools-self-xss-warnings --edge-skip-compat-layer-relaunch --disable-infobars --disable-search-engine-choice-screen --disable-sync --enable-unsafe-swiftshader --headless --hide-scrollbars --mute-audio --blink-settings=primaryHoverType=2,availableHoverTypes=2,primaryPointerType=4,availablePointerTypes=4 --no-sandbox --user-data-dir=/tmp/playwright_chromiumdev_profile-HzrblS --remote-debugging-pipe --no-startup-window
      - <launched> pid=22137
      - [pid=22137][err] /home/user/.cache/ms-playwright/chromium-1234/chrome-linux64/chrome: error while loading shared libraries: libnspr4.so: cannot open shared object file: No such file or directory
      - [pid=22137] <gracefully close start>
      - [pid=22137] <kill>
      - [pid=22137] <will force kill>
      - [pid=22137] exception while trying to kill process: Error: kill ESRCH
      - [pid=22137] <process did exit: exitCode=127, signal=null>
      - [pid=22137] starting temporary directories cleanup
      - [pid=22137] finished temporary directories cleanup
      - [pid=22137] <gracefully close end>


    Error Context: test-results/critical-flows-high-confid-22a50-deduplicated-no-mastery-SRS-mobile-chromium/error-context.md

    attachment #2: trace (application/zip) ─────────────────────────────────────────────────────────
    test-results/critical-flows-high-confid-22a50-deduplicated-no-mastery-SRS-mobile-chromium/trace.zip
    Usage:

        npx playwright show-trace test-results/critical-flows-high-confid-22a50-deduplicated-no-mastery-SRS-mobile-chromium/trace.zip

    ────────────────────────────────────────────────────────────────────────────────────────────────


[73/82] [mobile-chromium] › tests/e2e/critical-flows.spec.ts:2275:1 › support use is logged without penalty and old evidence lowers confidence without deleting attempts
  73) [mobile-chromium] › tests/e2e/critical-flows.spec.ts:2275:1 › support use is logged without penalty and old evidence lowers confidence without deleting attempts 

    Error: browserType.launch: Target page, context or browser has been closed
    Browser logs:

    <launching> /home/user/.cache/ms-playwright/chromium-1234/chrome-linux64/chrome --disable-field-trial-config --disable-background-networking --disable-background-timer-throttling --disable-backgrounding-occluded-windows --disable-back-forward-cache --disable-breakpad --disable-client-side-phishing-detection --disable-component-extensions-with-background-pages --disable-component-update --no-default-browser-check --disable-default-apps --disable-dev-shm-usage --disable-edgeupdater --disable-extensions --disable-features=AvoidUnnecessaryBeforeUnloadCheckSync,BoundaryEventDispatchTracksNodeRemoval,DestroyProfileOnBrowserClose,DialMediaRouteProvider,GlobalMediaControls,HttpsUpgrades,LensOverlay,MediaRouter,PaintHolding,ThirdPartyStoragePartitioning,BlockOriginHeaderModificationOnRedirect,Translate,AutoDeElevate,OptimizationHints,msForceBrowserSignIn,msEdgeUpdateLaunchServicesPreferredVersion --enable-features=CDPScreenshotNewSurface --allow-pre-commit-input --disable-hang-monitor --disable-ipc-flooding-protection --disable-popup-blocking --disable-prompt-on-repost --disable-renderer-backgrounding --disable-updater-scheduler --force-color-profile=srgb --metrics-recording-only --no-first-run --password-store=basic --use-mock-keychain --no-service-autorun --export-tagged-pdf --disable-search-engine-choice-screen --unsafely-disable-devtools-self-xss-warnings --edge-skip-compat-layer-relaunch --disable-infobars --disable-search-engine-choice-screen --disable-sync --enable-unsafe-swiftshader --headless --hide-scrollbars --mute-audio --blink-settings=primaryHoverType=2,availableHoverTypes=2,primaryPointerType=4,availablePointerTypes=4 --no-sandbox --user-data-dir=/tmp/playwright_chromiumdev_profile-JWj1CR --remote-debugging-pipe --no-startup-window
    <launched> pid=22150
    [pid=22150][err] /home/user/.cache/ms-playwright/chromium-1234/chrome-linux64/chrome: error while loading shared libraries: libnspr4.so: cannot open shared object file: No such file or directory
    Call log:
      - <launching> /home/user/.cache/ms-playwright/chromium-1234/chrome-linux64/chrome --disable-field-trial-config --disable-background-networking --disable-background-timer-throttling --disable-backgrounding-occluded-windows --disable-back-forward-cache --disable-breakpad --disable-client-side-phishing-detection --disable-component-extensions-with-background-pages --disable-component-update --no-default-browser-check --disable-default-apps --disable-dev-shm-usage --disable-edgeupdater --disable-extensions --disable-features=AvoidUnnecessaryBeforeUnloadCheckSync,BoundaryEventDispatchTracksNodeRemoval,DestroyProfileOnBrowserClose,DialMediaRouteProvider,GlobalMediaControls,HttpsUpgrades,LensOverlay,MediaRouter,PaintHolding,ThirdPartyStoragePartitioning,BlockOriginHeaderModificationOnRedirect,Translate,AutoDeElevate,OptimizationHints,msForceBrowserSignIn,msEdgeUpdateLaunchServicesPreferredVersion --enable-features=CDPScreenshotNewSurface --allow-pre-commit-input --disable-hang-monitor --disable-ipc-flooding-protection --disable-popup-blocking --disable-prompt-on-repost --disable-renderer-backgrounding --disable-updater-scheduler --force-color-profile=srgb --metrics-recording-only --no-first-run --password-store=basic --use-mock-keychain --no-service-autorun --export-tagged-pdf --disable-search-engine-choice-screen --unsafely-disable-devtools-self-xss-warnings --edge-skip-compat-layer-relaunch --disable-infobars --disable-search-engine-choice-screen --disable-sync --enable-unsafe-swiftshader --headless --hide-scrollbars --mute-audio --blink-settings=primaryHoverType=2,availableHoverTypes=2,primaryPointerType=4,availablePointerTypes=4 --no-sandbox --user-data-dir=/tmp/playwright_chromiumdev_profile-JWj1CR --remote-debugging-pipe --no-startup-window
      - <launched> pid=22150
      - [pid=22150][err] /home/user/.cache/ms-playwright/chromium-1234/chrome-linux64/chrome: error while loading shared libraries: libnspr4.so: cannot open shared object file: No such file or directory
      - [pid=22150] <gracefully close start>
      - [pid=22150] <kill>
      - [pid=22150] <will force kill>
      - [pid=22150] exception while trying to kill process: Error: kill ESRCH
      - [pid=22150] <process did exit: exitCode=127, signal=null>
      - [pid=22150] starting temporary directories cleanup
      - [pid=22150] finished temporary directories cleanup
      - [pid=22150] <gracefully close end>


    Error Context: test-results/critical-flows-support-use-a1337-e-without-deleting-attempts-mobile-chromium/error-context.md

    attachment #2: trace (application/zip) ─────────────────────────────────────────────────────────
    test-results/critical-flows-support-use-a1337-e-without-deleting-attempts-mobile-chromium/trace.zip
    Usage:

        npx playwright show-trace test-results/critical-flows-support-use-a1337-e-without-deleting-attempts-mobile-chromium/trace.zip

    ────────────────────────────────────────────────────────────────────────────────────────────────


[74/82] [mobile-chromium] › tests/e2e/critical-flows.spec.ts:2346:1 › fourteen-day contract, quiet hours, and one-skill diagnostic stay planning-only
  74) [mobile-chromium] › tests/e2e/critical-flows.spec.ts:2346:1 › fourteen-day contract, quiet hours, and one-skill diagnostic stay planning-only 

    Error: browserType.launch: Target page, context or browser has been closed
    Browser logs:

    <launching> /home/user/.cache/ms-playwright/chromium-1234/chrome-linux64/chrome --disable-field-trial-config --disable-background-networking --disable-background-timer-throttling --disable-backgrounding-occluded-windows --disable-back-forward-cache --disable-breakpad --disable-client-side-phishing-detection --disable-component-extensions-with-background-pages --disable-component-update --no-default-browser-check --disable-default-apps --disable-dev-shm-usage --disable-edgeupdater --disable-extensions --disable-features=AvoidUnnecessaryBeforeUnloadCheckSync,BoundaryEventDispatchTracksNodeRemoval,DestroyProfileOnBrowserClose,DialMediaRouteProvider,GlobalMediaControls,HttpsUpgrades,LensOverlay,MediaRouter,PaintHolding,ThirdPartyStoragePartitioning,BlockOriginHeaderModificationOnRedirect,Translate,AutoDeElevate,OptimizationHints,msForceBrowserSignIn,msEdgeUpdateLaunchServicesPreferredVersion --enable-features=CDPScreenshotNewSurface --allow-pre-commit-input --disable-hang-monitor --disable-ipc-flooding-protection --disable-popup-blocking --disable-prompt-on-repost --disable-renderer-backgrounding --disable-updater-scheduler --force-color-profile=srgb --metrics-recording-only --no-first-run --password-store=basic --use-mock-keychain --no-service-autorun --export-tagged-pdf --disable-search-engine-choice-screen --unsafely-disable-devtools-self-xss-warnings --edge-skip-compat-layer-relaunch --disable-infobars --disable-search-engine-choice-screen --disable-sync --enable-unsafe-swiftshader --headless --hide-scrollbars --mute-audio --blink-settings=primaryHoverType=2,availableHoverTypes=2,primaryPointerType=4,availablePointerTypes=4 --no-sandbox --user-data-dir=/tmp/playwright_chromiumdev_profile-c8wT5w --remote-debugging-pipe --no-startup-window
    <launched> pid=22163
    [pid=22163][err] /home/user/.cache/ms-playwright/chromium-1234/chrome-linux64/chrome: error while loading shared libraries: libnspr4.so: cannot open shared object file: No such file or directory
    Call log:
      - <launching> /home/user/.cache/ms-playwright/chromium-1234/chrome-linux64/chrome --disable-field-trial-config --disable-background-networking --disable-background-timer-throttling --disable-backgrounding-occluded-windows --disable-back-forward-cache --disable-breakpad --disable-client-side-phishing-detection --disable-component-extensions-with-background-pages --disable-component-update --no-default-browser-check --disable-default-apps --disable-dev-shm-usage --disable-edgeupdater --disable-extensions --disable-features=AvoidUnnecessaryBeforeUnloadCheckSync,BoundaryEventDispatchTracksNodeRemoval,DestroyProfileOnBrowserClose,DialMediaRouteProvider,GlobalMediaControls,HttpsUpgrades,LensOverlay,MediaRouter,PaintHolding,ThirdPartyStoragePartitioning,BlockOriginHeaderModificationOnRedirect,Translate,AutoDeElevate,OptimizationHints,msForceBrowserSignIn,msEdgeUpdateLaunchServicesPreferredVersion --enable-features=CDPScreenshotNewSurface --allow-pre-commit-input --disable-hang-monitor --disable-ipc-flooding-protection --disable-popup-blocking --disable-prompt-on-repost --disable-renderer-backgrounding --disable-updater-scheduler --force-color-profile=srgb --metrics-recording-only --no-first-run --password-store=basic --use-mock-keychain --no-service-autorun --export-tagged-pdf --disable-search-engine-choice-screen --unsafely-disable-devtools-self-xss-warnings --edge-skip-compat-layer-relaunch --disable-infobars --disable-search-engine-choice-screen --disable-sync --enable-unsafe-swiftshader --headless --hide-scrollbars --mute-audio --blink-settings=primaryHoverType=2,availableHoverTypes=2,primaryPointerType=4,availablePointerTypes=4 --no-sandbox --user-data-dir=/tmp/playwright_chromiumdev_profile-c8wT5w --remote-debugging-pipe --no-startup-window
      - <launched> pid=22163
      - [pid=22163][err] /home/user/.cache/ms-playwright/chromium-1234/chrome-linux64/chrome: error while loading shared libraries: libnspr4.so: cannot open shared object file: No such file or directory
      - [pid=22163] <gracefully close start>
      - [pid=22163] <kill>
      - [pid=22163] <will force kill>
      - [pid=22163] exception while trying to kill process: Error: kill ESRCH
      - [pid=22163] <process did exit: exitCode=127, signal=null>
      - [pid=22163] starting temporary directories cleanup
      - [pid=22163] finished temporary directories cleanup
      - [pid=22163] <gracefully close end>


    Error Context: test-results/critical-flows-fourteen-da-602bb-agnostic-stay-planning-only-mobile-chromium/error-context.md

    attachment #2: trace (application/zip) ─────────────────────────────────────────────────────────
    test-results/critical-flows-fourteen-da-602bb-agnostic-stay-planning-only-mobile-chromium/trace.zip
    Usage:

        npx playwright show-trace test-results/critical-flows-fourteen-da-602bb-agnostic-stay-planning-only-mobile-chromium/trace.zip

    ────────────────────────────────────────────────────────────────────────────────────────────────


[75/82] [mobile-chromium] › tests/e2e/critical-flows.spec.ts:2372:1 › local study exports preview and download ICS, printable PDF, and safe Anki TSV
  75) [mobile-chromium] › tests/e2e/critical-flows.spec.ts:2372:1 › local study exports preview and download ICS, printable PDF, and safe Anki TSV 

    Error: browserType.launch: Target page, context or browser has been closed
    Browser logs:

    <launching> /home/user/.cache/ms-playwright/chromium-1234/chrome-linux64/chrome --disable-field-trial-config --disable-background-networking --disable-background-timer-throttling --disable-backgrounding-occluded-windows --disable-back-forward-cache --disable-breakpad --disable-client-side-phishing-detection --disable-component-extensions-with-background-pages --disable-component-update --no-default-browser-check --disable-default-apps --disable-dev-shm-usage --disable-edgeupdater --disable-extensions --disable-features=AvoidUnnecessaryBeforeUnloadCheckSync,BoundaryEventDispatchTracksNodeRemoval,DestroyProfileOnBrowserClose,DialMediaRouteProvider,GlobalMediaControls,HttpsUpgrades,LensOverlay,MediaRouter,PaintHolding,ThirdPartyStoragePartitioning,BlockOriginHeaderModificationOnRedirect,Translate,AutoDeElevate,OptimizationHints,msForceBrowserSignIn,msEdgeUpdateLaunchServicesPreferredVersion --enable-features=CDPScreenshotNewSurface --allow-pre-commit-input --disable-hang-monitor --disable-ipc-flooding-protection --disable-popup-blocking --disable-prompt-on-repost --disable-renderer-backgrounding --disable-updater-scheduler --force-color-profile=srgb --metrics-recording-only --no-first-run --password-store=basic --use-mock-keychain --no-service-autorun --export-tagged-pdf --disable-search-engine-choice-screen --unsafely-disable-devtools-self-xss-warnings --edge-skip-compat-layer-relaunch --disable-infobars --disable-search-engine-choice-screen --disable-sync --enable-unsafe-swiftshader --headless --hide-scrollbars --mute-audio --blink-settings=primaryHoverType=2,availableHoverTypes=2,primaryPointerType=4,availablePointerTypes=4 --no-sandbox --user-data-dir=/tmp/playwright_chromiumdev_profile-yideiG --remote-debugging-pipe --no-startup-window
    <launched> pid=22176
    [pid=22176][err] /home/user/.cache/ms-playwright/chromium-1234/chrome-linux64/chrome: error while loading shared libraries: libnspr4.so: cannot open shared object file: No such file or directory
    Call log:
      - <launching> /home/user/.cache/ms-playwright/chromium-1234/chrome-linux64/chrome --disable-field-trial-config --disable-background-networking --disable-background-timer-throttling --disable-backgrounding-occluded-windows --disable-back-forward-cache --disable-breakpad --disable-client-side-phishing-detection --disable-component-extensions-with-background-pages --disable-component-update --no-default-browser-check --disable-default-apps --disable-dev-shm-usage --disable-edgeupdater --disable-extensions --disable-features=AvoidUnnecessaryBeforeUnloadCheckSync,BoundaryEventDispatchTracksNodeRemoval,DestroyProfileOnBrowserClose,DialMediaRouteProvider,GlobalMediaControls,HttpsUpgrades,LensOverlay,MediaRouter,PaintHolding,ThirdPartyStoragePartitioning,BlockOriginHeaderModificationOnRedirect,Translate,AutoDeElevate,OptimizationHints,msForceBrowserSignIn,msEdgeUpdateLaunchServicesPreferredVersion --enable-features=CDPScreenshotNewSurface --allow-pre-commit-input --disable-hang-monitor --disable-ipc-flooding-protection --disable-popup-blocking --disable-prompt-on-repost --disable-renderer-backgrounding --disable-updater-scheduler --force-color-profile=srgb --metrics-recording-only --no-first-run --password-store=basic --use-mock-keychain --no-service-autorun --export-tagged-pdf --disable-search-engine-choice-screen --unsafely-disable-devtools-self-xss-warnings --edge-skip-compat-layer-relaunch --disable-infobars --disable-search-engine-choice-screen --disable-sync --enable-unsafe-swiftshader --headless --hide-scrollbars --mute-audio --blink-settings=primaryHoverType=2,availableHoverTypes=2,primaryPointerType=4,availablePointerTypes=4 --no-sandbox --user-data-dir=/tmp/playwright_chromiumdev_profile-yideiG --remote-debugging-pipe --no-startup-window
      - <launched> pid=22176
      - [pid=22176][err] /home/user/.cache/ms-playwright/chromium-1234/chrome-linux64/chrome: error while loading shared libraries: libnspr4.so: cannot open shared object file: No such file or directory
      - [pid=22176] <gracefully close start>
      - [pid=22176] <kill>
      - [pid=22176] <will force kill>
      - [pid=22176] exception while trying to kill process: Error: kill ESRCH
      - [pid=22176] <process did exit: exitCode=127, signal=null>
      - [pid=22176] starting temporary directories cleanup
      - [pid=22176] finished temporary directories cleanup
      - [pid=22176] <gracefully close end>


    Error Context: test-results/critical-flows-local-study-d053c-table-PDF-and-safe-Anki-TSV-mobile-chromium/error-context.md

    attachment #2: trace (application/zip) ─────────────────────────────────────────────────────────
    test-results/critical-flows-local-study-d053c-table-PDF-and-safe-Anki-TSV-mobile-chromium/trace.zip
    Usage:

        npx playwright show-trace test-results/critical-flows-local-study-d053c-table-PDF-and-safe-Anki-TSV-mobile-chromium/trace.zip

    ────────────────────────────────────────────────────────────────────────────────────────────────


[76/82] [mobile-chromium] › tests/e2e/critical-flows.spec.ts:2403:1 › adaptive dictation moves from partial A1 to full A2 and stores summary only
  76) [mobile-chromium] › tests/e2e/critical-flows.spec.ts:2403:1 › adaptive dictation moves from partial A1 to full A2 and stores summary only 

    Error: browserType.launch: Target page, context or browser has been closed
    Browser logs:

    <launching> /home/user/.cache/ms-playwright/chromium-1234/chrome-linux64/chrome --disable-field-trial-config --disable-background-networking --disable-background-timer-throttling --disable-backgrounding-occluded-windows --disable-back-forward-cache --disable-breakpad --disable-client-side-phishing-detection --disable-component-extensions-with-background-pages --disable-component-update --no-default-browser-check --disable-default-apps --disable-dev-shm-usage --disable-edgeupdater --disable-extensions --disable-features=AvoidUnnecessaryBeforeUnloadCheckSync,BoundaryEventDispatchTracksNodeRemoval,DestroyProfileOnBrowserClose,DialMediaRouteProvider,GlobalMediaControls,HttpsUpgrades,LensOverlay,MediaRouter,PaintHolding,ThirdPartyStoragePartitioning,BlockOriginHeaderModificationOnRedirect,Translate,AutoDeElevate,OptimizationHints,msForceBrowserSignIn,msEdgeUpdateLaunchServicesPreferredVersion --enable-features=CDPScreenshotNewSurface --allow-pre-commit-input --disable-hang-monitor --disable-ipc-flooding-protection --disable-popup-blocking --disable-prompt-on-repost --disable-renderer-backgrounding --disable-updater-scheduler --force-color-profile=srgb --metrics-recording-only --no-first-run --password-store=basic --use-mock-keychain --no-service-autorun --export-tagged-pdf --disable-search-engine-choice-screen --unsafely-disable-devtools-self-xss-warnings --edge-skip-compat-layer-relaunch --disable-infobars --disable-search-engine-choice-screen --disable-sync --enable-unsafe-swiftshader --headless --hide-scrollbars --mute-audio --blink-settings=primaryHoverType=2,availableHoverTypes=2,primaryPointerType=4,availablePointerTypes=4 --no-sandbox --user-data-dir=/tmp/playwright_chromiumdev_profile-oWst4N --remote-debugging-pipe --no-startup-window
    <launched> pid=22189
    [pid=22189][err] /home/user/.cache/ms-playwright/chromium-1234/chrome-linux64/chrome: error while loading shared libraries: libnspr4.so: cannot open shared object file: No such file or directory
    Call log:
      - <launching> /home/user/.cache/ms-playwright/chromium-1234/chrome-linux64/chrome --disable-field-trial-config --disable-background-networking --disable-background-timer-throttling --disable-backgrounding-occluded-windows --disable-back-forward-cache --disable-breakpad --disable-client-side-phishing-detection --disable-component-extensions-with-background-pages --disable-component-update --no-default-browser-check --disable-default-apps --disable-dev-shm-usage --disable-edgeupdater --disable-extensions --disable-features=AvoidUnnecessaryBeforeUnloadCheckSync,BoundaryEventDispatchTracksNodeRemoval,DestroyProfileOnBrowserClose,DialMediaRouteProvider,GlobalMediaControls,HttpsUpgrades,LensOverlay,MediaRouter,PaintHolding,ThirdPartyStoragePartitioning,BlockOriginHeaderModificationOnRedirect,Translate,AutoDeElevate,OptimizationHints,msForceBrowserSignIn,msEdgeUpdateLaunchServicesPreferredVersion --enable-features=CDPScreenshotNewSurface --allow-pre-commit-input --disable-hang-monitor --disable-ipc-flooding-protection --disable-popup-blocking --disable-prompt-on-repost --disable-renderer-backgrounding --disable-updater-scheduler --force-color-profile=srgb --metrics-recording-only --no-first-run --password-store=basic --use-mock-keychain --no-service-autorun --export-tagged-pdf --disable-search-engine-choice-screen --unsafely-disable-devtools-self-xss-warnings --edge-skip-compat-layer-relaunch --disable-infobars --disable-search-engine-choice-screen --disable-sync --enable-unsafe-swiftshader --headless --hide-scrollbars --mute-audio --blink-settings=primaryHoverType=2,availableHoverTypes=2,primaryPointerType=4,availablePointerTypes=4 --no-sandbox --user-data-dir=/tmp/playwright_chromiumdev_profile-oWst4N --remote-debugging-pipe --no-startup-window
      - <launched> pid=22189
      - [pid=22189][err] /home/user/.cache/ms-playwright/chromium-1234/chrome-linux64/chrome: error while loading shared libraries: libnspr4.so: cannot open shared object file: No such file or directory
      - [pid=22189] <gracefully close start>
      - [pid=22189] <kill>
      - [pid=22189] <will force kill>
      - [pid=22189] exception while trying to kill process: Error: kill ESRCH
      - [pid=22189] <process did exit: exitCode=127, signal=null>
      - [pid=22189] starting temporary directories cleanup
      - [pid=22189] finished temporary directories cleanup
      - [pid=22189] <gracefully close end>


    Error Context: test-results/critical-flows-adaptive-di-8c283--A2-and-stores-summary-only-mobile-chromium/error-context.md

    attachment #2: trace (application/zip) ─────────────────────────────────────────────────────────
    test-results/critical-flows-adaptive-di-8c283--A2-and-stores-summary-only-mobile-chromium/trace.zip
    Usage:

        npx playwright show-trace test-results/critical-flows-adaptive-di-8c283--A2-and-stores-summary-only-mobile-chromium/trace.zip

    ────────────────────────────────────────────────────────────────────────────────────────────────


[77/82] [mobile-chromium] › tests/e2e/critical-flows.spec.ts:2477:1 › offline branching conversations change consequences and persist structured summaries only
  77) [mobile-chromium] › tests/e2e/critical-flows.spec.ts:2477:1 › offline branching conversations change consequences and persist structured summaries only 

    Error: browserType.launch: Target page, context or browser has been closed
    Browser logs:

    <launching> /home/user/.cache/ms-playwright/chromium-1234/chrome-linux64/chrome --disable-field-trial-config --disable-background-networking --disable-background-timer-throttling --disable-backgrounding-occluded-windows --disable-back-forward-cache --disable-breakpad --disable-client-side-phishing-detection --disable-component-extensions-with-background-pages --disable-component-update --no-default-browser-check --disable-default-apps --disable-dev-shm-usage --disable-edgeupdater --disable-extensions --disable-features=AvoidUnnecessaryBeforeUnloadCheckSync,BoundaryEventDispatchTracksNodeRemoval,DestroyProfileOnBrowserClose,DialMediaRouteProvider,GlobalMediaControls,HttpsUpgrades,LensOverlay,MediaRouter,PaintHolding,ThirdPartyStoragePartitioning,BlockOriginHeaderModificationOnRedirect,Translate,AutoDeElevate,OptimizationHints,msForceBrowserSignIn,msEdgeUpdateLaunchServicesPreferredVersion --enable-features=CDPScreenshotNewSurface --allow-pre-commit-input --disable-hang-monitor --disable-ipc-flooding-protection --disable-popup-blocking --disable-prompt-on-repost --disable-renderer-backgrounding --disable-updater-scheduler --force-color-profile=srgb --metrics-recording-only --no-first-run --password-store=basic --use-mock-keychain --no-service-autorun --export-tagged-pdf --disable-search-engine-choice-screen --unsafely-disable-devtools-self-xss-warnings --edge-skip-compat-layer-relaunch --disable-infobars --disable-search-engine-choice-screen --disable-sync --enable-unsafe-swiftshader --headless --hide-scrollbars --mute-audio --blink-settings=primaryHoverType=2,availableHoverTypes=2,primaryPointerType=4,availablePointerTypes=4 --no-sandbox --user-data-dir=/tmp/playwright_chromiumdev_profile-jAjNnx --remote-debugging-pipe --no-startup-window
    <launched> pid=22209
    [pid=22209][err] /home/user/.cache/ms-playwright/chromium-1234/chrome-linux64/chrome: error while loading shared libraries: libnspr4.so: cannot open shared object file: No such file or directory
    Call log:
      - <launching> /home/user/.cache/ms-playwright/chromium-1234/chrome-linux64/chrome --disable-field-trial-config --disable-background-networking --disable-background-timer-throttling --disable-backgrounding-occluded-windows --disable-back-forward-cache --disable-breakpad --disable-client-side-phishing-detection --disable-component-extensions-with-background-pages --disable-component-update --no-default-browser-check --disable-default-apps --disable-dev-shm-usage --disable-edgeupdater --disable-extensions --disable-features=AvoidUnnecessaryBeforeUnloadCheckSync,BoundaryEventDispatchTracksNodeRemoval,DestroyProfileOnBrowserClose,DialMediaRouteProvider,GlobalMediaControls,HttpsUpgrades,LensOverlay,MediaRouter,PaintHolding,ThirdPartyStoragePartitioning,BlockOriginHeaderModificationOnRedirect,Translate,AutoDeElevate,OptimizationHints,msForceBrowserSignIn,msEdgeUpdateLaunchServicesPreferredVersion --enable-features=CDPScreenshotNewSurface --allow-pre-commit-input --disable-hang-monitor --disable-ipc-flooding-protection --disable-popup-blocking --disable-prompt-on-repost --disable-renderer-backgrounding --disable-updater-scheduler --force-color-profile=srgb --metrics-recording-only --no-first-run --password-store=basic --use-mock-keychain --no-service-autorun --export-tagged-pdf --disable-search-engine-choice-screen --unsafely-disable-devtools-self-xss-warnings --edge-skip-compat-layer-relaunch --disable-infobars --disable-search-engine-choice-screen --disable-sync --enable-unsafe-swiftshader --headless --hide-scrollbars --mute-audio --blink-settings=primaryHoverType=2,availableHoverTypes=2,primaryPointerType=4,availablePointerTypes=4 --no-sandbox --user-data-dir=/tmp/playwright_chromiumdev_profile-jAjNnx --remote-debugging-pipe --no-startup-window
      - <launched> pid=22209
      - [pid=22209][err] /home/user/.cache/ms-playwright/chromium-1234/chrome-linux64/chrome: error while loading shared libraries: libnspr4.so: cannot open shared object file: No such file or directory
      - [pid=22209] <gracefully close start>
      - [pid=22209] <kill>
      - [pid=22209] <will force kill>
      - [pid=22209] exception while trying to kill process: Error: kill ESRCH
      - [pid=22209] <process did exit: exitCode=127, signal=null>
      - [pid=22209] starting temporary directories cleanup
      - [pid=22209] finished temporary directories cleanup
      - [pid=22209] <gracefully close end>


    Error Context: test-results/critical-flows-offline-bra-f6dcc-t-structured-summaries-only-mobile-chromium/error-context.md

    attachment #2: trace (application/zip) ─────────────────────────────────────────────────────────
    test-results/critical-flows-offline-bra-f6dcc-t-structured-summaries-only-mobile-chromium/trace.zip
    Usage:

        npx playwright show-trace test-results/critical-flows-offline-bra-f6dcc-t-structured-summaries-only-mobile-chromium/trace.zip

    ────────────────────────────────────────────────────────────────────────────────────────────────


[78/82] [mobile-chromium] › tests/e2e/critical-flows.spec.ts:2519:1 › contextual collocation networks require exploration and match communicative intent
  78) [mobile-chromium] › tests/e2e/critical-flows.spec.ts:2519:1 › contextual collocation networks require exploration and match communicative intent 

    Error: browserType.launch: Target page, context or browser has been closed
    Browser logs:

    <launching> /home/user/.cache/ms-playwright/chromium-1234/chrome-linux64/chrome --disable-field-trial-config --disable-background-networking --disable-background-timer-throttling --disable-backgrounding-occluded-windows --disable-back-forward-cache --disable-breakpad --disable-client-side-phishing-detection --disable-component-extensions-with-background-pages --disable-component-update --no-default-browser-check --disable-default-apps --disable-dev-shm-usage --disable-edgeupdater --disable-extensions --disable-features=AvoidUnnecessaryBeforeUnloadCheckSync,BoundaryEventDispatchTracksNodeRemoval,DestroyProfileOnBrowserClose,DialMediaRouteProvider,GlobalMediaControls,HttpsUpgrades,LensOverlay,MediaRouter,PaintHolding,ThirdPartyStoragePartitioning,BlockOriginHeaderModificationOnRedirect,Translate,AutoDeElevate,OptimizationHints,msForceBrowserSignIn,msEdgeUpdateLaunchServicesPreferredVersion --enable-features=CDPScreenshotNewSurface --allow-pre-commit-input --disable-hang-monitor --disable-ipc-flooding-protection --disable-popup-blocking --disable-prompt-on-repost --disable-renderer-backgrounding --disable-updater-scheduler --force-color-profile=srgb --metrics-recording-only --no-first-run --password-store=basic --use-mock-keychain --no-service-autorun --export-tagged-pdf --disable-search-engine-choice-screen --unsafely-disable-devtools-self-xss-warnings --edge-skip-compat-layer-relaunch --disable-infobars --disable-search-engine-choice-screen --disable-sync --enable-unsafe-swiftshader --headless --hide-scrollbars --mute-audio --blink-settings=primaryHoverType=2,availableHoverTypes=2,primaryPointerType=4,availablePointerTypes=4 --no-sandbox --user-data-dir=/tmp/playwright_chromiumdev_profile-vSgQIt --remote-debugging-pipe --no-startup-window
    <launched> pid=22222
    [pid=22222][err] /home/user/.cache/ms-playwright/chromium-1234/chrome-linux64/chrome: error while loading shared libraries: libnspr4.so: cannot open shared object file: No such file or directory
    Call log:
      - <launching> /home/user/.cache/ms-playwright/chromium-1234/chrome-linux64/chrome --disable-field-trial-config --disable-background-networking --disable-background-timer-throttling --disable-backgrounding-occluded-windows --disable-back-forward-cache --disable-breakpad --disable-client-side-phishing-detection --disable-component-extensions-with-background-pages --disable-component-update --no-default-browser-check --disable-default-apps --disable-dev-shm-usage --disable-edgeupdater --disable-extensions --disable-features=AvoidUnnecessaryBeforeUnloadCheckSync,BoundaryEventDispatchTracksNodeRemoval,DestroyProfileOnBrowserClose,DialMediaRouteProvider,GlobalMediaControls,HttpsUpgrades,LensOverlay,MediaRouter,PaintHolding,ThirdPartyStoragePartitioning,BlockOriginHeaderModificationOnRedirect,Translate,AutoDeElevate,OptimizationHints,msForceBrowserSignIn,msEdgeUpdateLaunchServicesPreferredVersion --enable-features=CDPScreenshotNewSurface --allow-pre-commit-input --disable-hang-monitor --disable-ipc-flooding-protection --disable-popup-blocking --disable-prompt-on-repost --disable-renderer-backgrounding --disable-updater-scheduler --force-color-profile=srgb --metrics-recording-only --no-first-run --password-store=basic --use-mock-keychain --no-service-autorun --export-tagged-pdf --disable-search-engine-choice-screen --unsafely-disable-devtools-self-xss-warnings --edge-skip-compat-layer-relaunch --disable-infobars --disable-search-engine-choice-screen --disable-sync --enable-unsafe-swiftshader --headless --hide-scrollbars --mute-audio --blink-settings=primaryHoverType=2,availableHoverTypes=2,primaryPointerType=4,availablePointerTypes=4 --no-sandbox --user-data-dir=/tmp/playwright_chromiumdev_profile-vSgQIt --remote-debugging-pipe --no-startup-window
      - <launched> pid=22222
      - [pid=22222][err] /home/user/.cache/ms-playwright/chromium-1234/chrome-linux64/chrome: error while loading shared libraries: libnspr4.so: cannot open shared object file: No such file or directory
      - [pid=22222] <gracefully close start>
      - [pid=22222] <kill>
      - [pid=22222] <will force kill>
      - [pid=22222] exception while trying to kill process: Error: kill ESRCH
      - [pid=22222] <process did exit: exitCode=127, signal=null>
      - [pid=22222] starting temporary directories cleanup
      - [pid=22222] finished temporary directories cleanup
      - [pid=22222] <gracefully close end>


    Error Context: test-results/critical-flows-contextual--a78d9--match-communicative-intent-mobile-chromium/error-context.md

    attachment #2: trace (application/zip) ─────────────────────────────────────────────────────────
    test-results/critical-flows-contextual--a78d9--match-communicative-intent-mobile-chromium/trace.zip
    Usage:

        npx playwright show-trace test-results/critical-flows-contextual--a78d9--match-communicative-intent-mobile-chromium/trace.zip

    ────────────────────────────────────────────────────────────────────────────────────────────────


[79/82] [mobile-chromium] › tests/e2e/critical-flows.spec.ts:2530:1 › representative 320–1920 px viewports avoid document-level horizontal overflow
  79) [mobile-chromium] › tests/e2e/critical-flows.spec.ts:2530:1 › representative 320–1920 px viewports avoid document-level horizontal overflow 

    Error: browserType.launch: Target page, context or browser has been closed
    Browser logs:

    <launching> /home/user/.cache/ms-playwright/chromium-1234/chrome-linux64/chrome --disable-field-trial-config --disable-background-networking --disable-background-timer-throttling --disable-backgrounding-occluded-windows --disable-back-forward-cache --disable-breakpad --disable-client-side-phishing-detection --disable-component-extensions-with-background-pages --disable-component-update --no-default-browser-check --disable-default-apps --disable-dev-shm-usage --disable-edgeupdater --disable-extensions --disable-features=AvoidUnnecessaryBeforeUnloadCheckSync,BoundaryEventDispatchTracksNodeRemoval,DestroyProfileOnBrowserClose,DialMediaRouteProvider,GlobalMediaControls,HttpsUpgrades,LensOverlay,MediaRouter,PaintHolding,ThirdPartyStoragePartitioning,BlockOriginHeaderModificationOnRedirect,Translate,AutoDeElevate,OptimizationHints,msForceBrowserSignIn,msEdgeUpdateLaunchServicesPreferredVersion --enable-features=CDPScreenshotNewSurface --allow-pre-commit-input --disable-hang-monitor --disable-ipc-flooding-protection --disable-popup-blocking --disable-prompt-on-repost --disable-renderer-backgrounding --disable-updater-scheduler --force-color-profile=srgb --metrics-recording-only --no-first-run --password-store=basic --use-mock-keychain --no-service-autorun --export-tagged-pdf --disable-search-engine-choice-screen --unsafely-disable-devtools-self-xss-warnings --edge-skip-compat-layer-relaunch --disable-infobars --disable-search-engine-choice-screen --disable-sync --enable-unsafe-swiftshader --headless --hide-scrollbars --mute-audio --blink-settings=primaryHoverType=2,availableHoverTypes=2,primaryPointerType=4,availablePointerTypes=4 --no-sandbox --user-data-dir=/tmp/playwright_chromiumdev_profile-1zDgV8 --remote-debugging-pipe --no-startup-window
    <launched> pid=22235
    [pid=22235][err] /home/user/.cache/ms-playwright/chromium-1234/chrome-linux64/chrome: error while loading shared libraries: libnspr4.so: cannot open shared object file: No such file or directory
    Call log:
      - <launching> /home/user/.cache/ms-playwright/chromium-1234/chrome-linux64/chrome --disable-field-trial-config --disable-background-networking --disable-background-timer-throttling --disable-backgrounding-occluded-windows --disable-back-forward-cache --disable-breakpad --disable-client-side-phishing-detection --disable-component-extensions-with-background-pages --disable-component-update --no-default-browser-check --disable-default-apps --disable-dev-shm-usage --disable-edgeupdater --disable-extensions --disable-features=AvoidUnnecessaryBeforeUnloadCheckSync,BoundaryEventDispatchTracksNodeRemoval,DestroyProfileOnBrowserClose,DialMediaRouteProvider,GlobalMediaControls,HttpsUpgrades,LensOverlay,MediaRouter,PaintHolding,ThirdPartyStoragePartitioning,BlockOriginHeaderModificationOnRedirect,Translate,AutoDeElevate,OptimizationHints,msForceBrowserSignIn,msEdgeUpdateLaunchServicesPreferredVersion --enable-features=CDPScreenshotNewSurface --allow-pre-commit-input --disable-hang-monitor --disable-ipc-flooding-protection --disable-popup-blocking --disable-prompt-on-repost --disable-renderer-backgrounding --disable-updater-scheduler --force-color-profile=srgb --metrics-recording-only --no-first-run --password-store=basic --use-mock-keychain --no-service-autorun --export-tagged-pdf --disable-search-engine-choice-screen --unsafely-disable-devtools-self-xss-warnings --edge-skip-compat-layer-relaunch --disable-infobars --disable-search-engine-choice-screen --disable-sync --enable-unsafe-swiftshader --headless --hide-scrollbars --mute-audio --blink-settings=primaryHoverType=2,availableHoverTypes=2,primaryPointerType=4,availablePointerTypes=4 --no-sandbox --user-data-dir=/tmp/playwright_chromiumdev_profile-1zDgV8 --remote-debugging-pipe --no-startup-window
      - <launched> pid=22235
      - [pid=22235][err] /home/user/.cache/ms-playwright/chromium-1234/chrome-linux64/chrome: error while loading shared libraries: libnspr4.so: cannot open shared object file: No such file or directory
      - [pid=22235] <gracefully close start>
      - [pid=22235] <kill>
      - [pid=22235] <will force kill>
      - [pid=22235] exception while trying to kill process: Error: kill ESRCH
      - [pid=22235] <process did exit: exitCode=127, signal=null>
      - [pid=22235] starting temporary directories cleanup
      - [pid=22235] finished temporary directories cleanup
      - [pid=22235] <gracefully close end>


    Error Context: test-results/critical-flows-representat-bb919-t-level-horizontal-overflow-mobile-chromium/error-context.md

    attachment #2: trace (application/zip) ─────────────────────────────────────────────────────────
    test-results/critical-flows-representat-bb919-t-level-horizontal-overflow-mobile-chromium/trace.zip
    Usage:

        npx playwright show-trace test-results/critical-flows-representat-bb919-t-level-horizontal-overflow-mobile-chromium/trace.zip

    ────────────────────────────────────────────────────────────────────────────────────────────────


[80/82] [mobile-chromium] › tests/e2e/critical-flows.spec.ts:2572:1 › completed four-skill vocabulary progress is terminal, persisted, and continues to discovery
  80) [mobile-chromium] › tests/e2e/critical-flows.spec.ts:2572:1 › completed four-skill vocabulary progress is terminal, persisted, and continues to discovery 

    Error: browserType.launch: Target page, context or browser has been closed
    Browser logs:

    <launching> /home/user/.cache/ms-playwright/chromium-1234/chrome-linux64/chrome --disable-field-trial-config --disable-background-networking --disable-background-timer-throttling --disable-backgrounding-occluded-windows --disable-back-forward-cache --disable-breakpad --disable-client-side-phishing-detection --disable-component-extensions-with-background-pages --disable-component-update --no-default-browser-check --disable-default-apps --disable-dev-shm-usage --disable-edgeupdater --disable-extensions --disable-features=AvoidUnnecessaryBeforeUnloadCheckSync,BoundaryEventDispatchTracksNodeRemoval,DestroyProfileOnBrowserClose,DialMediaRouteProvider,GlobalMediaControls,HttpsUpgrades,LensOverlay,MediaRouter,PaintHolding,ThirdPartyStoragePartitioning,BlockOriginHeaderModificationOnRedirect,Translate,AutoDeElevate,OptimizationHints,msForceBrowserSignIn,msEdgeUpdateLaunchServicesPreferredVersion --enable-features=CDPScreenshotNewSurface --allow-pre-commit-input --disable-hang-monitor --disable-ipc-flooding-protection --disable-popup-blocking --disable-prompt-on-repost --disable-renderer-backgrounding --disable-updater-scheduler --force-color-profile=srgb --metrics-recording-only --no-first-run --password-store=basic --use-mock-keychain --no-service-autorun --export-tagged-pdf --disable-search-engine-choice-screen --unsafely-disable-devtools-self-xss-warnings --edge-skip-compat-layer-relaunch --disable-infobars --disable-search-engine-choice-screen --disable-sync --enable-unsafe-swiftshader --headless --hide-scrollbars --mute-audio --blink-settings=primaryHoverType=2,availableHoverTypes=2,primaryPointerType=4,availablePointerTypes=4 --no-sandbox --user-data-dir=/tmp/playwright_chromiumdev_profile-XoWeYU --remote-debugging-pipe --no-startup-window
    <launched> pid=22248
    [pid=22248][err] /home/user/.cache/ms-playwright/chromium-1234/chrome-linux64/chrome: error while loading shared libraries: libnspr4.so: cannot open shared object file: No such file or directory
    Call log:
      - <launching> /home/user/.cache/ms-playwright/chromium-1234/chrome-linux64/chrome --disable-field-trial-config --disable-background-networking --disable-background-timer-throttling --disable-backgrounding-occluded-windows --disable-back-forward-cache --disable-breakpad --disable-client-side-phishing-detection --disable-component-extensions-with-background-pages --disable-component-update --no-default-browser-check --disable-default-apps --disable-dev-shm-usage --disable-edgeupdater --disable-extensions --disable-features=AvoidUnnecessaryBeforeUnloadCheckSync,BoundaryEventDispatchTracksNodeRemoval,DestroyProfileOnBrowserClose,DialMediaRouteProvider,GlobalMediaControls,HttpsUpgrades,LensOverlay,MediaRouter,PaintHolding,ThirdPartyStoragePartitioning,BlockOriginHeaderModificationOnRedirect,Translate,AutoDeElevate,OptimizationHints,msForceBrowserSignIn,msEdgeUpdateLaunchServicesPreferredVersion --enable-features=CDPScreenshotNewSurface --allow-pre-commit-input --disable-hang-monitor --disable-ipc-flooding-protection --disable-popup-blocking --disable-prompt-on-repost --disable-renderer-backgrounding --disable-updater-scheduler --force-color-profile=srgb --metrics-recording-only --no-first-run --password-store=basic --use-mock-keychain --no-service-autorun --export-tagged-pdf --disable-search-engine-choice-screen --unsafely-disable-devtools-self-xss-warnings --edge-skip-compat-layer-relaunch --disable-infobars --disable-search-engine-choice-screen --disable-sync --enable-unsafe-swiftshader --headless --hide-scrollbars --mute-audio --blink-settings=primaryHoverType=2,availableHoverTypes=2,primaryPointerType=4,availablePointerTypes=4 --no-sandbox --user-data-dir=/tmp/playwright_chromiumdev_profile-XoWeYU --remote-debugging-pipe --no-startup-window
      - <launched> pid=22248
      - [pid=22248][err] /home/user/.cache/ms-playwright/chromium-1234/chrome-linux64/chrome: error while loading shared libraries: libnspr4.so: cannot open shared object file: No such file or directory
      - [pid=22248] <gracefully close start>
      - [pid=22248] <kill>
      - [pid=22248] <will force kill>
      - [pid=22248] exception while trying to kill process: Error: kill ESRCH
      - [pid=22248] <process did exit: exitCode=127, signal=null>
      - [pid=22248] starting temporary directories cleanup
      - [pid=22248] finished temporary directories cleanup
      - [pid=22248] <gracefully close end>


    Error Context: test-results/critical-flows-completed-f-c9f54--and-continues-to-discovery-mobile-chromium/error-context.md

    attachment #2: trace (application/zip) ─────────────────────────────────────────────────────────
    test-results/critical-flows-completed-f-c9f54--and-continues-to-discovery-mobile-chromium/trace.zip
    Usage:

        npx playwright show-trace test-results/critical-flows-completed-f-c9f54--and-continues-to-discovery-mobile-chromium/trace.zip

    ────────────────────────────────────────────────────────────────────────────────────────────────


[81/82] [mobile-chromium] › tests/e2e/critical-flows.spec.ts:2609:1 › route × font-scale × compact-viewport matrix keeps context visible without text clipping or sibling overlap
  81) [mobile-chromium] › tests/e2e/critical-flows.spec.ts:2609:1 › route × font-scale × compact-viewport matrix keeps context visible without text clipping or sibling overlap 

    Error: browserType.launch: Target page, context or browser has been closed
    Browser logs:

    <launching> /home/user/.cache/ms-playwright/chromium-1234/chrome-linux64/chrome --disable-field-trial-config --disable-background-networking --disable-background-timer-throttling --disable-backgrounding-occluded-windows --disable-back-forward-cache --disable-breakpad --disable-client-side-phishing-detection --disable-component-extensions-with-background-pages --disable-component-update --no-default-browser-check --disable-default-apps --disable-dev-shm-usage --disable-edgeupdater --disable-extensions --disable-features=AvoidUnnecessaryBeforeUnloadCheckSync,BoundaryEventDispatchTracksNodeRemoval,DestroyProfileOnBrowserClose,DialMediaRouteProvider,GlobalMediaControls,HttpsUpgrades,LensOverlay,MediaRouter,PaintHolding,ThirdPartyStoragePartitioning,BlockOriginHeaderModificationOnRedirect,Translate,AutoDeElevate,OptimizationHints,msForceBrowserSignIn,msEdgeUpdateLaunchServicesPreferredVersion --enable-features=CDPScreenshotNewSurface --allow-pre-commit-input --disable-hang-monitor --disable-ipc-flooding-protection --disable-popup-blocking --disable-prompt-on-repost --disable-renderer-backgrounding --disable-updater-scheduler --force-color-profile=srgb --metrics-recording-only --no-first-run --password-store=basic --use-mock-keychain --no-service-autorun --export-tagged-pdf --disable-search-engine-choice-screen --unsafely-disable-devtools-self-xss-warnings --edge-skip-compat-layer-relaunch --disable-infobars --disable-search-engine-choice-screen --disable-sync --enable-unsafe-swiftshader --headless --hide-scrollbars --mute-audio --blink-settings=primaryHoverType=2,availableHoverTypes=2,primaryPointerType=4,availablePointerTypes=4 --no-sandbox --user-data-dir=/tmp/playwright_chromiumdev_profile-oid37h --remote-debugging-pipe --no-startup-window
    <launched> pid=22261
    [pid=22261][err] /home/user/.cache/ms-playwright/chromium-1234/chrome-linux64/chrome: error while loading shared libraries: libnspr4.so: cannot open shared object file: No such file or directory
    Call log:
      - <launching> /home/user/.cache/ms-playwright/chromium-1234/chrome-linux64/chrome --disable-field-trial-config --disable-background-networking --disable-background-timer-throttling --disable-backgrounding-occluded-windows --disable-back-forward-cache --disable-breakpad --disable-client-side-phishing-detection --disable-component-extensions-with-background-pages --disable-component-update --no-default-browser-check --disable-default-apps --disable-dev-shm-usage --disable-edgeupdater --disable-extensions --disable-features=AvoidUnnecessaryBeforeUnloadCheckSync,BoundaryEventDispatchTracksNodeRemoval,DestroyProfileOnBrowserClose,DialMediaRouteProvider,GlobalMediaControls,HttpsUpgrades,LensOverlay,MediaRouter,PaintHolding,ThirdPartyStoragePartitioning,BlockOriginHeaderModificationOnRedirect,Translate,AutoDeElevate,OptimizationHints,msForceBrowserSignIn,msEdgeUpdateLaunchServicesPreferredVersion --enable-features=CDPScreenshotNewSurface --allow-pre-commit-input --disable-hang-monitor --disable-ipc-flooding-protection --disable-popup-blocking --disable-prompt-on-repost --disable-renderer-backgrounding --disable-updater-scheduler --force-color-profile=srgb --metrics-recording-only --no-first-run --password-store=basic --use-mock-keychain --no-service-autorun --export-tagged-pdf --disable-search-engine-choice-screen --unsafely-disable-devtools-self-xss-warnings --edge-skip-compat-layer-relaunch --disable-infobars --disable-search-engine-choice-screen --disable-sync --enable-unsafe-swiftshader --headless --hide-scrollbars --mute-audio --blink-settings=primaryHoverType=2,availableHoverTypes=2,primaryPointerType=4,availablePointerTypes=4 --no-sandbox --user-data-dir=/tmp/playwright_chromiumdev_profile-oid37h --remote-debugging-pipe --no-startup-window
      - <launched> pid=22261
      - [pid=22261][err] /home/user/.cache/ms-playwright/chromium-1234/chrome-linux64/chrome: error while loading shared libraries: libnspr4.so: cannot open shared object file: No such file or directory
      - [pid=22261] <gracefully close start>
      - [pid=22261] <kill>
      - [pid=22261] <will force kill>
      - [pid=22261] exception while trying to kill process: Error: kill ESRCH
      - [pid=22261] <process did exit: exitCode=127, signal=null>
      - [pid=22261] starting temporary directories cleanup
      - [pid=22261] finished temporary directories cleanup
      - [pid=22261] <gracefully close end>


    Error Context: test-results/critical-flows-route-×-fon-064a0-clipping-or-sibling-overlap-mobile-chromium/error-context.md

    attachment #2: trace (application/zip) ─────────────────────────────────────────────────────────
    test-results/critical-flows-route-×-fon-064a0-clipping-or-sibling-overlap-mobile-chromium/trace.zip
    Usage:

        npx playwright show-trace test-results/critical-flows-route-×-fon-064a0-clipping-or-sibling-overlap-mobile-chromium/trace.zip

    ────────────────────────────────────────────────────────────────────────────────────────────────


[82/82] [mobile-chromium] › tests/e2e/critical-flows.spec.ts:2676:1 › review reminders use due SRS evidence, persist daily dismissal, and respect quiet hours
  82) [mobile-chromium] › tests/e2e/critical-flows.spec.ts:2676:1 › review reminders use due SRS evidence, persist daily dismissal, and respect quiet hours 

    Error: browserType.launch: Target page, context or browser has been closed
    Browser logs:

    <launching> /home/user/.cache/ms-playwright/chromium-1234/chrome-linux64/chrome --disable-field-trial-config --disable-background-networking --disable-background-timer-throttling --disable-backgrounding-occluded-windows --disable-back-forward-cache --disable-breakpad --disable-client-side-phishing-detection --disable-component-extensions-with-background-pages --disable-component-update --no-default-browser-check --disable-default-apps --disable-dev-shm-usage --disable-edgeupdater --disable-extensions --disable-features=AvoidUnnecessaryBeforeUnloadCheckSync,BoundaryEventDispatchTracksNodeRemoval,DestroyProfileOnBrowserClose,DialMediaRouteProvider,GlobalMediaControls,HttpsUpgrades,LensOverlay,MediaRouter,PaintHolding,ThirdPartyStoragePartitioning,BlockOriginHeaderModificationOnRedirect,Translate,AutoDeElevate,OptimizationHints,msForceBrowserSignIn,msEdgeUpdateLaunchServicesPreferredVersion --enable-features=CDPScreenshotNewSurface --allow-pre-commit-input --disable-hang-monitor --disable-ipc-flooding-protection --disable-popup-blocking --disable-prompt-on-repost --disable-renderer-backgrounding --disable-updater-scheduler --force-color-profile=srgb --metrics-recording-only --no-first-run --password-store=basic --use-mock-keychain --no-service-autorun --export-tagged-pdf --disable-search-engine-choice-screen --unsafely-disable-devtools-self-xss-warnings --edge-skip-compat-layer-relaunch --disable-infobars --disable-search-engine-choice-screen --disable-sync --enable-unsafe-swiftshader --headless --hide-scrollbars --mute-audio --blink-settings=primaryHoverType=2,availableHoverTypes=2,primaryPointerType=4,availablePointerTypes=4 --no-sandbox --user-data-dir=/tmp/playwright_chromiumdev_profile-N7c5rW --remote-debugging-pipe --no-startup-window
    <launched> pid=22279
    [pid=22279][err] /home/user/.cache/ms-playwright/chromium-1234/chrome-linux64/chrome: error while loading shared libraries: libnspr4.so: cannot open shared object file: No such file or directory
    Call log:
      - <launching> /home/user/.cache/ms-playwright/chromium-1234/chrome-linux64/chrome --disable-field-trial-config --disable-background-networking --disable-background-timer-throttling --disable-backgrounding-occluded-windows --disable-back-forward-cache --disable-breakpad --disable-client-side-phishing-detection --disable-component-extensions-with-background-pages --disable-component-update --no-default-browser-check --disable-default-apps --disable-dev-shm-usage --disable-edgeupdater --disable-extensions --disable-features=AvoidUnnecessaryBeforeUnloadCheckSync,BoundaryEventDispatchTracksNodeRemoval,DestroyProfileOnBrowserClose,DialMediaRouteProvider,GlobalMediaControls,HttpsUpgrades,LensOverlay,MediaRouter,PaintHolding,ThirdPartyStoragePartitioning,BlockOriginHeaderModificationOnRedirect,Translate,AutoDeElevate,OptimizationHints,msForceBrowserSignIn,msEdgeUpdateLaunchServicesPreferredVersion --enable-features=CDPScreenshotNewSurface --allow-pre-commit-input --disable-hang-monitor --disable-ipc-flooding-protection --disable-popup-blocking --disable-prompt-on-repost --disable-renderer-backgrounding --disable-updater-scheduler --force-color-profile=srgb --metrics-recording-only --no-first-run --password-store=basic --use-mock-keychain --no-service-autorun --export-tagged-pdf --disable-search-engine-choice-screen --unsafely-disable-devtools-self-xss-warnings --edge-skip-compat-layer-relaunch --disable-infobars --disable-search-engine-choice-screen --disable-sync --enable-unsafe-swiftshader --headless --hide-scrollbars --mute-audio --blink-settings=primaryHoverType=2,availableHoverTypes=2,primaryPointerType=4,availablePointerTypes=4 --no-sandbox --user-data-dir=/tmp/playwright_chromiumdev_profile-N7c5rW --remote-debugging-pipe --no-startup-window
      - <launched> pid=22279
      - [pid=22279][err] /home/user/.cache/ms-playwright/chromium-1234/chrome-linux64/chrome: error while loading shared libraries: libnspr4.so: cannot open shared object file: No such file or directory
      - [pid=22279] <gracefully close start>
      - [pid=22279] <kill>
      - [pid=22279] <will force kill>
      - [pid=22279] exception while trying to kill process: Error: kill ESRCH
      - [pid=22279] <process did exit: exitCode=127, signal=null>
      - [pid=22279] starting temporary directories cleanup
      - [pid=22279] finished temporary directories cleanup
      - [pid=22279] <gracefully close end>


    Error Context: test-results/critical-flows-review-remi-fe49a-sal-and-respect-quiet-hours-mobile-chromium/error-context.md

    attachment #2: trace (application/zip) ─────────────────────────────────────────────────────────
    test-results/critical-flows-review-remi-fe49a-sal-and-respect-quiet-hours-mobile-chromium/trace.zip
    Usage:

        npx playwright show-trace test-results/critical-flows-review-remi-fe49a-sal-and-respect-quiet-hours-mobile-chromium/trace.zip

    ────────────────────────────────────────────────────────────────────────────────────────────────


  82 failed
    [chromium] › tests/e2e/critical-flows.spec.ts:47:1 › critical pages have no automatically detectable serious WCAG violations 
    [chromium] › tests/e2e/critical-flows.spec.ts:57:1 › library and exam hubs render their completed content contracts 
    [chromium] › tests/e2e/critical-flows.spec.ts:194:1 › bilingual local search ranks German and Arabic results and returns to context 
    [chromium] › tests/e2e/critical-flows.spec.ts:232:1 › visual accessibility preferences preview immediately, persist, reset, and respect system motion 
    [chromium] › tests/e2e/critical-flows.spec.ts:308:1 › P0 exam readiness stays provider-scoped and exposes weak modules instead of one average 
    [chromium] › tests/e2e/critical-flows.spec.ts:354:1 › P0 onboarding captures goals and an explicit device-check skip locally 
    [chromium] › tests/e2e/critical-flows.spec.ts:400:1 › an absolute beginner starts A1 step by step and never receives an isolated writing demand 
    [chromium] › tests/e2e/critical-flows.spec.ts:425:1 › P0 adaptive diagnostic stops at a clear boundary and stores four skill scores 
    [chromium] › tests/e2e/critical-flows.spec.ts:464:1 › P0 tutor requires per-send consent, validates structured JSON, and deletes its local trace 
    [chromium] › tests/e2e/critical-flows.spec.ts:608:1 › optional AI 429 falls back locally once and retry requires fresh consent 
    [chromium] › tests/e2e/critical-flows.spec.ts:618:1 › P0 daily check-in rebalances load and reflection stores tomorrow's decision 
    [chromium] › tests/e2e/critical-flows.spec.ts:717:1 › P2 partial-closure guidance surfaces persist bounded local decisions 
    [chromium] › tests/e2e/critical-flows.spec.ts:732:1 › P1 repeated session errors offer one learner-controlled load reduction without penalty 
    [chromium] › tests/e2e/critical-flows.spec.ts:740:1 › P0 clustered error clinic opens at three occurrences and stores a transfer attempt 
    [chromium] › tests/e2e/critical-flows.spec.ts:774:1 › P0 writing lab enforces plan, draft, self-check, cited feedback, and revision 
    [chromium] › tests/e2e/critical-flows.spec.ts:866:1 › P0 WebGPU model is opt-in, runs ranked follow-up locally, and can be deleted 
    [chromium] › tests/e2e/critical-flows.spec.ts:931:1 › standard pronunciation pack installs explicitly and matches expected German words locally 
    [chromium] › tests/e2e/critical-flows.spec.ts:995:1 › guided speaking keeps learner-selected support visible, grounds typed follow-up, and requires consent before optional AI 
    [chromium] › tests/e2e/critical-flows.spec.ts:1097:1 › P0 mediation lab enforces source analysis, transfer, self-check, comparison, and revision 
    [chromium] › tests/e2e/critical-flows.spec.ts:1130:1 › generated library audio exposes provenance, playback, and Browser TTS fallback 
    [chromium] › tests/e2e/critical-flows.spec.ts:1164:1 › generated exam clips play with limits, provenance labels, and TTS fallback 
    [chromium] › tests/e2e/critical-flows.spec.ts:1308:1 › shadowing studio uses generated audio, speed controls, and delayed transcript 
    [chromium] › tests/e2e/critical-flows.spec.ts:1324:1 › a complete lesson run traverses all 14 stages and persists completion 
    [chromium] › tests/e2e/critical-flows.spec.ts:1658:1 › settings exports an encrypted DWNB archive and imports it as an isolated profile 
    [chromium] › tests/e2e/critical-flows.spec.ts:1708:1 › a previously loaded library survives a real offline reload 
    [chromium] › tests/e2e/critical-flows.spec.ts:1733:1 › the optional full content pack opens unvisited lessons and exam tasks offline 
    [chromium] › tests/e2e/critical-flows.spec.ts:1871:1 › continuous full-exam mode persists one central clock and blocks task skipping 
    [chromium] › tests/e2e/critical-flows.spec.ts:2063:1 › progress and daily coach derive metrics, risks, dates, and streaks from evidence 
    [chromium] › tests/e2e/critical-flows.spec.ts:2136:1 › keyboard users can skip navigation, follow lesson focus, hear results, and escape modals 
    [chromium] › tests/e2e/critical-flows.spec.ts:2184:1 › Arabic shell and every tested German or technical fragment keep explicit Bidi boundaries 
    [chromium] › tests/e2e/critical-flows.spec.ts:2199:1 › high-confidence errors route through prerequisite repair into deduplicated no-mastery SRS 
    [chromium] › tests/e2e/critical-flows.spec.ts:2275:1 › support use is logged without penalty and old evidence lowers confidence without deleting attempts 
    [chromium] › tests/e2e/critical-flows.spec.ts:2346:1 › fourteen-day contract, quiet hours, and one-skill diagnostic stay planning-only 
    [chromium] › tests/e2e/critical-flows.spec.ts:2372:1 › local study exports preview and download ICS, printable PDF, and safe Anki TSV 
    [chromium] › tests/e2e/critical-flows.spec.ts:2403:1 › adaptive dictation moves from partial A1 to full A2 and stores summary only 
    [chromium] › tests/e2e/critical-flows.spec.ts:2477:1 › offline branching conversations change consequences and persist structured summaries only 
    [chromium] › tests/e2e/critical-flows.spec.ts:2519:1 › contextual collocation networks require exploration and match communicative intent 
    [chromium] › tests/e2e/critical-flows.spec.ts:2530:1 › representative 320–1920 px viewports avoid document-level horizontal overflow 
    [chromium] › tests/e2e/critical-flows.spec.ts:2572:1 › completed four-skill vocabulary progress is terminal, persisted, and continues to discovery 
    [chromium] › tests/e2e/critical-flows.spec.ts:2609:1 › route × font-scale × compact-viewport matrix keeps context visible without text clipping or sibling overlap 
    [chromium] › tests/e2e/critical-flows.spec.ts:2676:1 › review reminders use due SRS evidence, persist daily dismissal, and respect quiet hours 
    [mobile-chromium] › tests/e2e/critical-flows.spec.ts:47:1 › critical pages have no automatically detectable serious WCAG violations 
    [mobile-chromium] › tests/e2e/critical-flows.spec.ts:57:1 › library and exam hubs render their completed content contracts 
    [mobile-chromium] › tests/e2e/critical-flows.spec.ts:194:1 › bilingual local search ranks German and Arabic results and returns to context 
    [mobile-chromium] › tests/e2e/critical-flows.spec.ts:232:1 › visual accessibility preferences preview immediately, persist, reset, and respect system motion 
    [mobile-chromium] › tests/e2e/critical-flows.spec.ts:308:1 › P0 exam readiness stays provider-scoped and exposes weak modules instead of one average 
    [mobile-chromium] › tests/e2e/critical-flows.spec.ts:354:1 › P0 onboarding captures goals and an explicit device-check skip locally 
    [mobile-chromium] › tests/e2e/critical-flows.spec.ts:400:1 › an absolute beginner starts A1 step by step and never receives an isolated writing demand 
    [mobile-chromium] › tests/e2e/critical-flows.spec.ts:425:1 › P0 adaptive diagnostic stops at a clear boundary and stores four skill scores 
    [mobile-chromium] › tests/e2e/critical-flows.spec.ts:464:1 › P0 tutor requires per-send consent, validates structured JSON, and deletes its local trace 
    [mobile-chromium] › tests/e2e/critical-flows.spec.ts:608:1 › optional AI 429 falls back locally once and retry requires fresh consent 
    [mobile-chromium] › tests/e2e/critical-flows.spec.ts:618:1 › P0 daily check-in rebalances load and reflection stores tomorrow's decision 
    [mobile-chromium] › tests/e2e/critical-flows.spec.ts:717:1 › P2 partial-closure guidance surfaces persist bounded local decisions 
    [mobile-chromium] › tests/e2e/critical-flows.spec.ts:732:1 › P1 repeated session errors offer one learner-controlled load reduction without penalty 
    [mobile-chromium] › tests/e2e/critical-flows.spec.ts:740:1 › P0 clustered error clinic opens at three occurrences and stores a transfer attempt 
    [mobile-chromium] › tests/e2e/critical-flows.spec.ts:774:1 › P0 writing lab enforces plan, draft, self-check, cited feedback, and revision 
    [mobile-chromium] › tests/e2e/critical-flows.spec.ts:866:1 › P0 WebGPU model is opt-in, runs ranked follow-up locally, and can be deleted 
    [mobile-chromium] › tests/e2e/critical-flows.spec.ts:931:1 › standard pronunciation pack installs explicitly and matches expected German words locally 
    [mobile-chromium] › tests/e2e/critical-flows.spec.ts:995:1 › guided speaking keeps learner-selected support visible, grounds typed follow-up, and requires consent before optional AI 
    [mobile-chromium] › tests/e2e/critical-flows.spec.ts:1097:1 › P0 mediation lab enforces source analysis, transfer, self-check, comparison, and revision 
    [mobile-chromium] › tests/e2e/critical-flows.spec.ts:1130:1 › generated library audio exposes provenance, playback, and Browser TTS fallback 
    [mobile-chromium] › tests/e2e/critical-flows.spec.ts:1164:1 › generated exam clips play with limits, provenance labels, and TTS fallback 
    [mobile-chromium] › tests/e2e/critical-flows.spec.ts:1308:1 › shadowing studio uses generated audio, speed controls, and delayed transcript 
    [mobile-chromium] › tests/e2e/critical-flows.spec.ts:1324:1 › a complete lesson run traverses all 14 stages and persists completion 
    [mobile-chromium] › tests/e2e/critical-flows.spec.ts:1658:1 › settings exports an encrypted DWNB archive and imports it as an isolated profile 
    [mobile-chromium] › tests/e2e/critical-flows.spec.ts:1708:1 › a previously loaded library survives a real offline reload 
    [mobile-chromium] › tests/e2e/critical-flows.spec.ts:1733:1 › the optional full content pack opens unvisited lessons and exam tasks offline 
    [mobile-chromium] › tests/e2e/critical-flows.spec.ts:1871:1 › continuous full-exam mode persists one central clock and blocks task skipping 
    [mobile-chromium] › tests/e2e/critical-flows.spec.ts:2063:1 › progress and daily coach derive metrics, risks, dates, and streaks from evidence 
    [mobile-chromium] › tests/e2e/critical-flows.spec.ts:2136:1 › keyboard users can skip navigation, follow lesson focus, hear results, and escape modals 
    [mobile-chromium] › tests/e2e/critical-flows.spec.ts:2184:1 › Arabic shell and every tested German or technical fragment keep explicit Bidi boundaries 
    [mobile-chromium] › tests/e2e/critical-flows.spec.ts:2199:1 › high-confidence errors route through prerequisite repair into deduplicated no-mastery SRS 
    [mobile-chromium] › tests/e2e/critical-flows.spec.ts:2275:1 › support use is logged without penalty and old evidence lowers confidence without deleting attempts 
    [mobile-chromium] › tests/e2e/critical-flows.spec.ts:2346:1 › fourteen-day contract, quiet hours, and one-skill diagnostic stay planning-only 
    [mobile-chromium] › tests/e2e/critical-flows.spec.ts:2372:1 › local study exports preview and download ICS, printable PDF, and safe Anki TSV 
    [mobile-chromium] › tests/e2e/critical-flows.spec.ts:2403:1 › adaptive dictation moves from partial A1 to full A2 and stores summary only 
    [mobile-chromium] › tests/e2e/critical-flows.spec.ts:2477:1 › offline branching conversations change consequences and persist structured summaries only 
    [mobile-chromium] › tests/e2e/critical-flows.spec.ts:2519:1 › contextual collocation networks require exploration and match communicative intent 
    [mobile-chromium] › tests/e2e/critical-flows.spec.ts:2530:1 › representative 320–1920 px viewports avoid document-level horizontal overflow 
    [mobile-chromium] › tests/e2e/critical-flows.spec.ts:2572:1 › completed four-skill vocabulary progress is terminal, persisted, and continues to discovery 
    [mobile-chromium] › tests/e2e/critical-flows.spec.ts:2609:1 › route × font-scale × compact-viewport matrix keeps context visible without text clipping or sibling overlap 
    [mobile-chromium] › tests/e2e/critical-flows.spec.ts:2676:1 › review reminders use due SRS evidence, persist daily dismissal, and respect quiet hours 
PLAYWRIGHT_EXIT=1
