"reviewScope","anchorId","level","lessonId","lemma","article","gender","nominative","accusative","dative","genitive","plural","dativePlural","sourceVersion","targetOrRegistryReferences","contextReferences","reviewDecision","reviewerName","reviewerQualification","reviewDate","reviewerNote"
"P0-98-original-1297-noun-target","a1-01-noun-1","A1","a1-01","Name","der","masculine","der Name","den Namen","dem Namen","","Namen","","a1-lexical-grammar-v1","[registry/vocabulary] lexicalRegistry.a1-01-noun-1: der Name","[context/reading] reading.questions[2].options[1]: Er kennt ihren Namen. || [context/reading] reading.textDe: Heute beginnt ein Deutschkurs in Berlin. Nora kommt aus Spanien und wartet vor dem Kursraum. Omar kommt aus Tunesien. Er sagt: „Guten Morgen! Ich heiße Omar. Wie heißt du?“ Nora antwortet: „Ich heiße Nora. Freut mich.“ … || [context/speaking] speaking.promptDe: Sagen Sie in 5–10 Sekunden Hallo und Ihren Namen. Fragen Sie kurz nach dem Namen oder Befinden.","","","","",""
"P0-98-original-1297-noun-target","a1-01-noun-2","A1","a1-01","Kurs","der","masculine","der Kurs","den Kurs","dem Kurs","","Kurse","","a1-lexical-grammar-v1","[registry/vocabulary] lexicalRegistry.a1-01-noun-2: der Kurs","[context/reading] reading.questions[0].promptDe: Wo beginnt der Kurs?","","","","",""
"P0-98-original-1297-noun-target","a1-01-noun-3","A1","a1-01","Lehrerin","die","feminine","die Lehrerin","die Lehrerin","der Lehrerin","","Lehrerinnen","","a1-lexical-grammar-v1","[target/reading] reading.glossary[3].lemma: Lehrerin || [registry/vocabulary] lexicalRegistry.a1-01-noun-3: die Lehrerin","[context/reading] reading.questions[2].options[2]: Er spricht höflich mit der Lehrerin. || [context/reading] reading.textDe: Heute beginnt ein Deutschkurs in Berlin. Nora kommt aus Spanien und wartet vor dem Kursraum. Omar kommt aus Tunesien. Er sagt: „Guten Morgen! Ich heiße Omar. Wie heißt du?“ Nora antwortet: „Ich heiße Nora. Freut mich.“ …","","","","",""
"P0-98-original-1297-noun-target","a1-01-noun-4","A1","a1-01","Frage","die","feminine","die Frage","die Frage","der Frage","","Fragen","","a1-lexical-grammar-v1","[registry/vocabulary] lexicalRegistry.a1-01-noun-4: die Frage","","","","","",""
"P0-98-original-1297-noun-target","a1-01-noun-5","A1","a1-01","Karte","die","feminine","die Karte","die Karte","der Karte","","Karten","","a1-lexical-grammar-v1","[target/reading] reading.glossary[5].lemma: Karte || [registry/vocabulary] lexicalRegistry.a1-01-noun-5: die Karte","","","","","",""
"P0-98-original-1297-noun-target","a1-02-noun-1","A1","a1-02","Land","das","neuter","das Land","das Land","dem Land","","Länder","","a1-lexical-grammar-v1","[target/reading] reading.glossary[18].lemma: Land || [registry/vocabulary] lexicalRegistry.a1-02-noun-1: das Land","","","","","",""
"P0-98-original-1297-noun-target","a1-02-noun-2","A1","a1-02","Stadt","die","feminine","die Stadt","die Stadt","der Stadt","","Städte","","a1-lexical-grammar-v1","[target/reading] reading.glossary[19].lemma: Stadt || [registry/vocabulary] lexicalRegistry.a1-02-noun-2: die Stadt","","","","","",""
"P0-98-original-1297-noun-target","a1-02-noun-3","A1","a1-02","Sprache","die","feminine","die Sprache","die Sprache","der Sprache","","Sprachen","","a1-lexical-grammar-v1","[target/reading] reading.glossary[20].lemma: Sprache || [registry/vocabulary] lexicalRegistry.a1-02-noun-3: die Sprache","","","","","",""
"P0-98-original-1297-noun-target","a1-02-noun-4","A1","a1-02","Wohnort","der","masculine","der Wohnort","den Wohnort","dem Wohnort","","Wohnorte","","a1-lexical-grammar-v1","[registry/vocabulary] lexicalRegistry.a1-02-noun-4: der Wohnort","","","","","",""
"P0-98-original-1297-noun-target","a1-02-noun-5","A1","a1-02","Bild","das","neuter","das Bild","das Bild","dem Bild","","Bilder","","a1-lexical-grammar-v1","[target/reading] reading.glossary[14].lemma: Bild || [registry/vocabulary] lexicalRegistry.a1-02-noun-5: das Bild","","","","","",""
"P0-98-original-1297-noun-target","a1-02-noun-6","A1","a1-02","Deutschkurs","der","masculine","der Deutschkurs","den Deutschkurs","dem Deutschkurs","","Deutschkurse","","a1-lexical-grammar-v1","[target/reading] reading.glossary[17].lemma: Deutschkurs || [registry/vocabulary] lexicalRegistry.a1-02-noun-6: der Deutschkurs","","","","","",""
"P0-98-original-1297-noun-target","a1-02-noun-7","A1","a1-02","Englisch","das","neuter","das Englisch","das Englisch","dem Englisch","","","","a1-lexical-grammar-v1","[target/reading] reading.glossary[22].lemma: Englisch || [registry/vocabulary] lexicalRegistry.a1-02-noun-7: das Englisch","","","","","",""
"P0-98-original-1297-noun-target","a1-02-noun-8","A1","a1-02","Französisch","das","neuter","das Französisch","das Französisch","dem Französisch","","","","a1-lexical-grammar-v1","[target/reading] reading.glossary[23].lemma: Französisch || [registry/vocabulary] lexicalRegistry.a1-02-noun-8: das Französisch","","","","","",""
"P0-98-original-1297-noun-target","a1-02-noun-9","A1","a1-02","Japanisch","das","neuter","das Japanisch","das Japanisch","dem Japanisch","","","","a1-lexical-grammar-v1","[target/reading] reading.glossary[24].lemma: Japanisch || [registry/vocabulary] lexicalRegistry.a1-02-noun-9: das Japanisch","","","","","",""
"P0-98-original-1297-noun-target","a1-02-noun-10","A1","a1-02","Morgen","der","masculine","der Morgen","den Morgen","dem Morgen","","Morgen","","a1-lexical-grammar-v1","[target/reading] reading.glossary[16].lemma: Morgen || [registry/vocabulary] lexicalRegistry.a1-02-noun-10: der Morgen","","","","","",""
"P0-98-original-1297-noun-target","a1-02-noun-11","A1","a1-02","Satz","der","masculine","der Satz","den Satz","dem Satz","","Sätze","","a1-lexical-grammar-v1","[target/reading] reading.glossary[13].lemma: Satz || [registry/vocabulary] lexicalRegistry.a1-02-noun-11: der Satz","","","","","",""
"P0-98-original-1297-noun-target","a1-02-noun-12","A1","a1-02","Wort","das","neuter","das Wort","das Wort","dem Wort","","Wörter","","a1-lexical-grammar-v1","[target/reading] reading.glossary[21].lemma: Wort || [registry/vocabulary] lexicalRegistry.a1-02-noun-12: das Wort","[context/reading] reading.questions[2].promptDe: Wie helfen sie, wenn ein Wort fehlt? || [context/reading] reading.textDe: In der Pause sitzen Omar, Mila und Kenji zusammen. Omar kommt aus Tunesien und wohnt jetzt in Berlin. Er spricht Arabisch und Französisch. Mila kommt aus Spanien. Sie wohnt in Potsdam und fährt jeden Morgen zum Deutschk…","","","","",""
"P0-98-original-1297-noun-target","a1-02-noun-13","A1","a1-02","Geste","die","feminine","die Geste","die Geste","der Geste","","Gesten","","a1-lexical-grammar-v1","[target/reading] reading.glossary[7].lemma: Geste || [registry/vocabulary] lexicalRegistry.a1-02-noun-13: die Geste","","","","","",""
"P0-98-original-1297-noun-target","a1-02-noun-14","A1","a1-02","Muttersprache","die","feminine","die Muttersprache","die Muttersprache","der Muttersprache","","Muttersprachen","","a1-lexical-grammar-v1","[target/reading] reading.glossary[3].lemma: Muttersprache || [registry/vocabulary] lexicalRegistry.a1-02-noun-14: die Muttersprache","","","","","",""
"P0-98-original-1297-noun-target","a1-02-noun-15","A1","a1-02","Pause","die","feminine","die Pause","die Pause","der Pause","","Pausen","","a1-lexical-grammar-v1","[target/reading] reading.glossary[0].lemma: Pause || [registry/vocabulary] lexicalRegistry.a1-02-noun-15: die Pause","[context/reading] reading.textDe: In der Pause sitzen Omar, Mila und Kenji zusammen. Omar kommt aus Tunesien und wohnt jetzt in Berlin. Er spricht Arabisch und Französisch. Mila kommt aus Spanien. Sie wohnt in Potsdam und fährt jeden Morgen zum Deutschk…","","","","",""
"P0-98-original-1297-noun-target","a1-02-noun-16","A1","a1-02","Deutsch","das","neuter","das Deutsch","das Deutsch","dem Deutsch","","","","a1-lexical-grammar-v1","[target/vocabulary] phrases[6].de: ein bisschen Deutsch || [registry/vocabulary] lexicalRegistry.a1-02-noun-16: das Deutsch","[context/entry] entry.dialogue[4].de: Ich spreche Arabisch, Französisch und ein bisschen Deutsch. || [context/controlled] exercises[6].template: Ich ___ Arabisch und ein bisschen Deutsch. || [context/vocabulary] flashcards[6].exampleDe: Ich spreche ein bisschen Deutsch.","","","","",""
"P0-98-original-1297-noun-target","a1-03-noun-1","A1","a1-03","Buchstabe","der","masculine","der Buchstabe","den Buchstaben","dem Buchstaben","","Buchstaben","","a1-lexical-grammar-v1","[registry/vocabulary] lexicalRegistry.a1-03-noun-1: der Buchstabe","","","","","",""
"P0-98-original-1297-noun-target","a1-03-noun-2","A1","a1-03","Zahl","die","feminine","die Zahl","die Zahl","der Zahl","","Zahlen","","a1-lexical-grammar-v1","[registry/vocabulary] lexicalRegistry.a1-03-noun-2: die Zahl","","","","","",""
"P0-98-original-1297-noun-target","a1-03-noun-3","A1","a1-03","Telefonnummer","die","feminine","die Telefonnummer","die Telefonnummer","der Telefonnummer","","Telefonnummern","","a1-lexical-grammar-v1","[target/vocabulary] flashcards[5].frontDe: die Telefonnummer || [target/vocabulary] phrases[9].de: die Telefonnummer || [registry/vocabulary] lexicalRegistry.a1-03-noun-3: die Telefonnummer","[context/listening] listening.questions[2].promptDe: Wie beginnt die Telefonnummer? || [context/listening] listening.transcriptDe: Mitarbeiter: Ihr Name, bitte? — Teilnehmerin: Dalia Mansour. — Mitarbeiter: Können Sie den Nachnamen buchstabieren? — Teilnehmerin: Ja: M-A-N-S-O-U-R. — Mitarbeiter: Danke. Und die E-Mail-Adresse? — Teilnehmerin: dalia … || [context/test] miniTest[4].options[0]: mein Telefonnummer","","","","",""
"P0-98-original-1297-noun-target","a1-03-noun-4","A1","a1-03","E-Mail-Adresse","die","feminine","die E-Mail-Adresse","die E-Mail-Adresse","der E-Mail-Adresse","","E-Mail-Adressen","","a1-lexical-grammar-v1","[target/vocabulary] flashcards[6].frontDe: die E-Mail-Adresse || [registry/vocabulary] lexicalRegistry.a1-03-noun-4: die E-Mail-Adresse","[context/listening] listening.transcriptDe: Mitarbeiter: Ihr Name, bitte? — Teilnehmerin: Dalia Mansour. — Mitarbeiter: Können Sie den Nachnamen buchstabieren? — Teilnehmerin: Ja: M-A-N-S-O-U-R. — Mitarbeiter: Danke. Und die E-Mail-Adresse? — Teilnehmerin: dalia … || [context/reading] reading.textDe: Sami meldet sich für einen Deutschkurs an. Auf dem Formular stehen Vorname, Nachname, Adresse, E-Mail und Telefonnummer. Sein Vorname ist Sami. Der Nachname ist Ben Salem. Die Mitarbeiterin schreibt zuerst „Bensalem“ zu…","","","","",""
"P0-98-original-1297-noun-target","a1-03-noun-5","A1","a1-03","Adresse","die","feminine","die Adresse","die Adresse","der Adresse","","Adressen","","a1-lexical-grammar-v1","[target/vocabulary] phrases[8].de: die Adresse || [registry/vocabulary] lexicalRegistry.a1-03-noun-5: die Adresse","","","","","",""
"P0-98-original-1297-noun-target","a1-03-noun-6","A1","a1-03","Fehler","der","masculine","der Fehler","den Fehler","dem Fehler","","Fehler","","a1-lexical-grammar-v1","[target/reading] reading.glossary[6].lemma: Fehler || [registry/vocabulary] lexicalRegistry.a1-03-noun-6: der Fehler","[context/reading] reading.textDe: Sami meldet sich für einen Deutschkurs an. Auf dem Formular stehen Vorname, Nachname, Adresse, E-Mail und Telefonnummer. Sein Vorname ist Sami. Der Nachname ist Ben Salem. Die Mitarbeiterin schreibt zuerst „Bensalem“ zu…","","","","",""
"P0-98-original-1297-noun-target","a1-03-noun-7","A1","a1-03","Formular","das","neuter","das Formular","das Formular","dem Formular","","Formulare","","a1-lexical-grammar-v1","[target/reading] reading.glossary[1].lemma: Formular || [registry/vocabulary] lexicalRegistry.a1-03-noun-7: das Formular","[context/reading] reading.textDe: Sami meldet sich für einen Deutschkurs an. Auf dem Formular stehen Vorname, Nachname, Adresse, E-Mail und Telefonnummer. Sein Vorname ist Sami. Der Nachname ist Ben Salem. Die Mitarbeiterin schreibt zuerst „Bensalem“ zu…","","","","",""
"P0-98-original-1297-noun-target","a1-03-noun-8","A1","a1-03","Leerzeichen","das","neuter","das Leerzeichen","das Leerzeichen","dem Leerzeichen","","Leerzeichen","","a1-lexical-grammar-v1","[target/reading] reading.glossary[4].lemma: Leerzeichen || [registry/vocabulary] lexicalRegistry.a1-03-noun-8: das Leerzeichen","[context/reading] reading.questions[0].options[1]: Es fehlt ein Leerzeichen. || [context/reading] reading.textDe: Sami meldet sich für einen Deutschkurs an. Auf dem Formular stehen Vorname, Nachname, Adresse, E-Mail und Telefonnummer. Sein Vorname ist Sami. Der Nachname ist Ben Salem. Die Mitarbeiterin schreibt zuerst „Bensalem“ zu…","","","","",""
"P0-98-original-1297-noun-target","a1-03-noun-9","A1","a1-03","Nachname","der","masculine","der Nachname","den Nachnamen","dem Nachnamen","","Nachnamen","","a1-lexical-grammar-v1","[target/vocabulary] flashcards[4].frontDe: der Nachname || [target/vocabulary] phrases[7].de: der Nachname || [registry/vocabulary] lexicalRegistry.a1-03-noun-9: der Nachname","[context/listening] listening.questions[0].promptDe: Wie ist der Nachname? || [context/listening] listening.transcriptDe: Mitarbeiter: Ihr Name, bitte? — Teilnehmerin: Dalia Mansour. — Mitarbeiter: Können Sie den Nachnamen buchstabieren? — Teilnehmerin: Ja: M-A-N-S-O-U-R. — Mitarbeiter: Danke. Und die E-Mail-Adresse? — Teilnehmerin: dalia … || [context/reading] reading.questions[0].promptDe: Warum korrigiert Sami den Nachnamen?","","","","",""
"P0-98-original-1297-noun-target","a1-03-noun-10","A1","a1-03","Vorname","der","masculine","der Vorname","den Vornamen","dem Vornamen","","Vornamen","","a1-lexical-grammar-v1","[target/vocabulary] flashcards[3].frontDe: der Vorname || [target/vocabulary] phrases[6].de: der Vorname || [registry/vocabulary] lexicalRegistry.a1-03-noun-10: der Vorname","","","","","",""
"P0-98-original-1297-noun-target","a1-04-noun-1","A1","a1-04","Familie","die","feminine","die Familie","die Familie","der Familie","","Familien","","a1-lexical-grammar-v1","[target/vocabulary] flashcards[0].frontDe: die Familie || [target/vocabulary] phrases[0].de: die Familie || [registry/vocabulary] lexicalRegistry.a1-04-noun-1: die Familie","[context/vocabulary] flashcards[0].exampleDe: Das ist meine Familie. || [context/listening] listening.transcriptDe: Jonas: Ist das deine Familie? — Rania: Ja. Das sind meine Eltern. Mein Vater heißt Adel und meine Mutter heißt Salma. — Jonas: Und wer ist der Junge? — Rania: Das ist mein Bruder Yassin. — Jonas: Hast du auch eine Schwe… || [context/reading] reading.questions[2].promptDe: Wann telefoniert Leila mit der Familie?","","","","",""
"P0-98-original-1297-noun-target","a1-04-noun-2","A1","a1-04","Mutter","die","feminine","die Mutter","die Mutter","der Mutter","","Mütter","","a1-lexical-grammar-v1","[target/vocabulary] flashcards[3].frontDe: die Mutter || [target/vocabulary] phrases[11].de: Das ist meine Mutter. || [target/vocabulary] phrases[2].de: die Mutter || [registry/vocabulary] lexicalRegistry.a1-04-noun-2: die Mutter","[context/discover] discovery.examples[1]: meine Mutter · meine Schwester · meine Eltern || [context/entry] entry.dialogue[3].de: Das ist meine Mutter. Sie heißt Nadia. || [context/vocabulary] flashcards[3].exampleDe: Das ist meine Mutter.","","","","",""
"P0-98-original-1297-noun-target","a1-04-noun-3","A1","a1-04","Vater","der","masculine","der Vater","den Vater","dem Vater","","Väter","","a1-lexical-grammar-v1","[target/vocabulary] flashcards[2].frontDe: der Vater || [target/vocabulary] phrases[10].de: Das ist mein Vater. || [target/vocabulary] phrases[3].de: der Vater || [registry/vocabulary] lexicalRegistry.a1-04-noun-3: der Vater","[context/discover] discovery.examples[0]: mein Vater · mein Bruder · mein Kind || [context/discover] discovery.examples[2]: Das ist mein Vater. || [context/controlled] exercises[3].acceptedAnswers[0]: Das ist mein Vater","","","","",""
"P0-98-original-1297-noun-target","a1-04-noun-4","A1","a1-04","Kind","das","neuter","das Kind","das Kind","dem Kind","","Kinder","","a1-lexical-grammar-v1","[target/vocabulary] flashcards[6].frontDe: das Kind || [target/vocabulary] flashcards[7].frontDe: die Kinder || [target/vocabulary] phrases[8].de: das Kind || [target/vocabulary] phrases[9].de: die Kinder || [registry/vocabulary] lexicalRegistry.a1-04-noun-4: das Kind","[context/discover] discovery.examples[0]: mein Vater · mein Bruder · mein Kind || [context/vocabulary] flashcards[7].exampleDe: Das sind meine Kinder. || [context/listening] listening.questions[2].promptDe: Wer ist das kleine Kind?","","","","",""
"P0-98-original-1297-noun-target","a1-04-noun-5","A1","a1-04","Bruder","der","masculine","der Bruder","den Bruder","dem Bruder","","Brüder","","a1-lexical-grammar-v1","[target/vocabulary] flashcards[4].frontDe: der Bruder || [target/vocabulary] phrases[15].de: Ich habe einen Bruder. || [target/vocabulary] phrases[4].de: der Bruder || [registry/vocabulary] lexicalRegistry.a1-04-noun-5: der Bruder","[context/discover] discovery.examples[0]: mein Vater · mein Bruder · mein Kind || [context/entry] entry.dialogue[1].de: Das ist mein Bruder Karim. || [context/controlled] exercises[1].template: Das ___ mein Bruder.","","","","",""
"P0-98-original-1297-noun-target","a1-04-noun-6","A1","a1-04","Eltern","die","plural-only","die Eltern","die Eltern","den Eltern","","Eltern","","a1-lexical-grammar-v1","[target/vocabulary] flashcards[1].frontDe: die Eltern || [target/vocabulary] phrases[1].de: die Eltern || [target/vocabulary] phrases[12].de: Das sind meine Eltern. || [registry/vocabulary] lexicalRegistry.a1-04-noun-6: die Eltern","[context/discover] discovery.examples[1]: meine Mutter · meine Schwester · meine Eltern || [context/discover] discovery.examples[3]: Das sind meine Eltern. || [context/entry] entry.dialogue[4].de: Sind das deine Eltern?","","","","",""
"P0-98-original-1297-noun-target","a1-04-noun-7","A1","a1-04","Mitte","die","feminine","die Mitte","die Mitte","der Mitte","","","","a1-lexical-grammar-v1","[target/reading] reading.glossary[1].lemma: Mitte || [registry/vocabulary] lexicalRegistry.a1-04-noun-7: die Mitte","[context/reading] reading.questions[0].promptDe: Wer steht in der Mitte? || [context/reading] reading.textDe: Leila zeigt Anna ein Foto aus Sousse. In der Mitte stehen ihre Eltern. Ihr Vater heißt Hatem und arbeitet in einem Hotel. Ihre Mutter heißt Nadia und ist Lehrerin. Links steht Leilas Bruder Karim. Er ist neunzehn Jahre …","","","","",""
"P0-98-original-1297-noun-target","a1-04-noun-8","A1","a1-04","Nähe","die","feminine","die Nähe","die Nähe","der Nähe","","","","a1-lexical-grammar-v1","[target/reading] reading.glossary[7].lemma: Nähe || [registry/vocabulary] lexicalRegistry.a1-04-noun-8: die Nähe","[context/reading] reading.textDe: Leila zeigt Anna ein Foto aus Sousse. In der Mitte stehen ihre Eltern. Ihr Vater heißt Hatem und arbeitet in einem Hotel. Ihre Mutter heißt Nadia und ist Lehrerin. Links steht Leilas Bruder Karim. Er ist neunzehn Jahre …","","","","",""
"P0-98-original-1297-noun-target","a1-04-noun-9","A1","a1-04","Schwester","die","feminine","die Schwester","die Schwester","der Schwester","","Schwestern","","a1-lexical-grammar-v1","[target/vocabulary] flashcards[5].frontDe: die Schwester || [target/vocabulary] phrases[5].de: die Schwester || [registry/vocabulary] lexicalRegistry.a1-04-noun-9: die Schwester","[context/discover] discovery.examples[1]: meine Mutter · meine Schwester · meine Eltern || [context/controlled] exercises[4].pairs[1].left: die Schwester || [context/vocabulary] flashcards[9].exampleDe: Ja, ich habe eine Schwester.","","","","",""
"P0-98-original-1297-noun-target","a1-04-noun-10","A1","a1-04","Sohn","der","masculine","der Sohn","den Sohn","dem Sohn","","Söhne","","a1-lexical-grammar-v1","[target/vocabulary] phrases[6].de: der Sohn || [registry/vocabulary] lexicalRegistry.a1-04-noun-10: der Sohn","[context/reading] reading.questions[1].promptDe: Wer hat einen kleinen Sohn? || [context/reading] reading.textDe: Leila zeigt Anna ein Foto aus Sousse. In der Mitte stehen ihre Eltern. Ihr Vater heißt Hatem und arbeitet in einem Hotel. Ihre Mutter heißt Nadia und ist Lehrerin. Links steht Leilas Bruder Karim. Er ist neunzehn Jahre … || [context/writing] writing.modelDe: Das ist meine Familie. Das sind meine Eltern, Nadia und Hatem. Mein Vater arbeitet in einem Hotel. Meine Mutter ist Lehrerin. Das ist mein Bruder Karim und das ist meine Schwester Mouna. Mouna hat einen Sohn. Er heißt A…","","","","",""
"P0-98-original-1297-noun-target","a1-04-noun-11","A1","a1-04","Sonntag","der","masculine","der Sonntag","den Sonntag","dem Sonntag","","Sonntage","","a1-lexical-grammar-v1","[target/reading] reading.glossary[6].lemma: Sonntag || [registry/vocabulary] lexicalRegistry.a1-04-noun-11: der Sonntag","","","","","",""
"P0-98-original-1297-noun-target","a1-04-noun-12","A1","a1-04","Tochter","die","feminine","die Tochter","die Tochter","der Tochter","","Töchter","","a1-lexical-grammar-v1","[target/vocabulary] phrases[7].de: die Tochter || [registry/vocabulary] lexicalRegistry.a1-04-noun-12: die Tochter","","","","","",""
"P0-98-original-1297-noun-target","a1-05-noun-1","A1","a1-05","Alter","das","neuter","das Alter","das Alter","dem Alter","","","","a1-lexical-grammar-v1","[registry/vocabulary] lexicalRegistry.a1-05-noun-1: das Alter","","","","","",""
"P0-98-original-1297-noun-target","a1-05-noun-2","A1","a1-05","Geburtstag","der","masculine","der Geburtstag","den Geburtstag","dem Geburtstag","","Geburtstage","","a1-lexical-grammar-v1","[registry/vocabulary] lexicalRegistry.a1-05-noun-2: der Geburtstag","","","","","",""
"P0-98-original-1297-noun-target","a1-05-noun-3","A1","a1-05","Geburtsdatum","das","neuter","das Geburtsdatum","das Geburtsdatum","dem Geburtsdatum","","Geburtsdaten","","a1-lexical-grammar-v1","[registry/vocabulary] lexicalRegistry.a1-05-noun-3: das Geburtsdatum","","","","","",""
"P0-98-original-1297-noun-target","a1-05-noun-4","A1","a1-05","Kontakt","der","masculine","der Kontakt","den Kontakt","dem Kontakt","","Kontakte","","a1-lexical-grammar-v1","[registry/vocabulary] lexicalRegistry.a1-05-noun-4: der Kontakt","","","","","",""
"P0-98-original-1297-noun-target","a1-05-noun-5","A1","a1-05","E-Mail-Adresse","die","feminine","die E-Mail-Adresse","die E-Mail-Adresse","der E-Mail-Adresse","","E-Mail-Adressen","","a1-lexical-grammar-v1","[target/vocabulary] phrases[8].de: Wie ist deine E-Mail-Adresse? || [registry/vocabulary] lexicalRegistry.a1-05-noun-5: die E-Mail-Adresse","[context/entry] entry.dialogue[4].de: Wie ist deine E-Mail-Adresse?","","","","",""
"P0-98-original-1297-noun-target","a1-05-noun-6","A1","a1-05","Gruppe","die","feminine","die Gruppe","die Gruppe","der Gruppe","","Gruppen","","a1-lexical-grammar-v1","[target/reading] reading.glossary[3].lemma: Gruppe || [registry/vocabulary] lexicalRegistry.a1-05-noun-6: die Gruppe","","","","","",""
"P0-98-original-1297-noun-target","a1-05-noun-7","A1","a1-05","Kontaktdaten","die","plural-only","die Kontaktdaten","die Kontaktdaten","den Kontaktdaten","","Kontaktdaten","","a1-lexical-grammar-v1","[target/vocabulary] flashcards[9].frontDe: die Kontaktdaten || [registry/vocabulary] lexicalRegistry.a1-05-noun-7: die Kontaktdaten","[context/vocabulary] flashcards[9].exampleDe: Bitte kontrollieren Sie die Kontaktdaten.","","","","",""
"P0-98-original-1297-noun-target","a1-05-noun-8","A1","a1-05","Liste","die","feminine","die Liste","die Liste","der Liste","","Listen","","a1-lexical-grammar-v1","[target/reading] reading.glossary[5].lemma: Liste || [registry/vocabulary] lexicalRegistry.a1-05-noun-8: die Liste","[context/reading] reading.textDe: Im Sportverein füllt Mariam drei Kontaktkarten aus. Ihre eigene Karte hat nur Übungsdaten: Mariam, 22 Jahre, Geburtstag im Mai. Neben ihr sitzt Paul. Er ist 27 Jahre alt und hat am zwölften Oktober Geburtstag. Seine Tel…","","","","",""
"P0-98-original-1297-noun-target","a1-05-noun-9","A1","a1-05","Sportverein","der","masculine","der Sportverein","den Sportverein","dem Sportverein","","Sportvereine","","a1-lexical-grammar-v1","[target/reading] reading.glossary[0].lemma: Sportverein || [registry/vocabulary] lexicalRegistry.a1-05-noun-9: der Sportverein","","","","","",""
"P0-98-original-1297-noun-target","a1-05-noun-10","A1","a1-05","Telefonnummer","die","feminine","die Telefonnummer","die Telefonnummer","der Telefonnummer","","Telefonnummern","","a1-lexical-grammar-v1","[target/vocabulary] phrases[7].de: Wie ist deine Telefonnummer? || [registry/vocabulary] lexicalRegistry.a1-05-noun-10: die Telefonnummer","[context/entry] entry.dialogue[5].de: Bitte zuerst langsam die Telefonnummer. || [context/mediation] mediation.sourceDe: Hier steht 32, aber Sie sagen 22. Welche Zahl stimmt? Bitte kontrollieren Sie auch die Telefonnummer.","","","","",""
"P0-98-original-1297-noun-target","a1-05-noun-11","A1","a1-05","Übungsdaten","die","plural-only","die Übungsdaten","die Übungsdaten","den Übungsdaten","","Übungsdaten","","a1-lexical-grammar-v1","[target/reading] reading.glossary[2].lemma: Übungsdaten || [registry/vocabulary] lexicalRegistry.a1-05-noun-11: die Übungsdaten","","","","","",""
"P0-98-original-1297-noun-target","a1-06-noun-1","A1","a1-06","Beruf","der","masculine","der Beruf","den Beruf","dem Beruf","","Berufe","","a1-lexical-grammar-v1","[registry/vocabulary] lexicalRegistry.a1-06-noun-1: der Beruf","[context/reading] reading.textDe: Der Abendkurs beginnt um achtzehn Uhr. Adel ist Koch und arbeitet in einem Restaurant am Bahnhof. Er arbeitet oft am Wochenende. Lena ist Ingenieurin bei einer kleinen Umweltfirma. Sie plant technische Projekte und arbe… || [context/speaking] speaking.promptDe: Sprechen Sie 40 Sekunden über einen Beruf. Nennen Sie Rolle, Arbeitgeber, Ort und Aufgaben. || [context/writing] writing.promptDe: Schreiben Sie 45–55 Wörter über einen erfundenen Beruf: Beruf, Arbeitgeber, Arbeitsort und zwei Aufgaben.","","","","",""
"P0-98-original-1297-noun-target","a1-06-noun-2","A1","a1-06","Arbeitsplatz","der","masculine","der Arbeitsplatz","den Arbeitsplatz","dem Arbeitsplatz","","Arbeitsplätze","","a1-lexical-grammar-v1","[registry/vocabulary] lexicalRegistry.a1-06-noun-2: der Arbeitsplatz","","","","","",""
"P0-98-original-1297-noun-target","a1-06-noun-3","A1","a1-06","Firma","die","feminine","die Firma","die Firma","der Firma","","Firmen","","a1-lexical-grammar-v1","[target/vocabulary] phrases[5].de: Ich arbeite bei einer Firma. || [registry/vocabulary] lexicalRegistry.a1-06-noun-3: die Firma","[context/discover] discovery.examples[1]: bei einer Firma || [context/entry] entry.dialogue[4].de: Ich bin Ingenieurin und arbeite bei einer kleinen Firma. || [context/controlled] exercises[1].template: Ich arbeite ___ einer Firma.","","","","",""
"P0-98-original-1297-noun-target","a1-06-noun-4","A1","a1-06","Kollege","der","masculine","der Kollege","den Kollegen","dem Kollegen","","Kollegen","","a1-lexical-grammar-v1","[registry/vocabulary] lexicalRegistry.a1-06-noun-4: der Kollege","","","","","",""
"P0-98-original-1297-noun-target","a1-06-noun-5","A1","a1-06","Abendkurs","der","masculine","der Abendkurs","den Abendkurs","dem Abendkurs","","Abendkurse","","a1-lexical-grammar-v1","[target/reading] reading.glossary[0].lemma: Abendkurs || [registry/vocabulary] lexicalRegistry.a1-06-noun-5: der Abendkurs","","","","","",""
"P0-98-original-1297-noun-target","a1-06-noun-6","A1","a1-06","Arzt","der","masculine","der Arzt","den Arzt","dem Arzt","","Ärzte","","a1-lexical-grammar-v1","[target/vocabulary] flashcards[7].frontDe: der Arzt || [target/vocabulary] phrases[11].de: der Arzt || [registry/vocabulary] lexicalRegistry.a1-06-noun-6: der Arzt","","","","","",""
"P0-98-original-1297-noun-target","a1-06-noun-7","A1","a1-06","Ärztin","die","feminine","die Ärztin","die Ärztin","der Ärztin","","Ärztinnen","","a1-lexical-grammar-v1","[target/vocabulary] flashcards[8].frontDe: die Ärztin || [target/vocabulary] phrases[12].de: die Ärztin || [registry/vocabulary] lexicalRegistry.a1-06-noun-7: die Ärztin","","","","","",""
"P0-98-original-1297-noun-target","a1-06-noun-8","A1","a1-06","Ausbildung","die","feminine","die Ausbildung","die Ausbildung","der Ausbildung","","Ausbildungen","","a1-lexical-grammar-v1","[target/reading] reading.glossary[4].lemma: Ausbildung || [registry/vocabulary] lexicalRegistry.a1-06-noun-8: die Ausbildung","","","","","",""
"P0-98-original-1297-noun-target","a1-06-noun-9","A1","a1-06","Bahnhof","der","masculine","der Bahnhof","den Bahnhof","dem Bahnhof","","Bahnhöfe","","a1-lexical-grammar-v1","[target/reading] reading.glossary[1].lemma: Bahnhof || [registry/vocabulary] lexicalRegistry.a1-06-noun-9: der Bahnhof","","","","","",""
"P0-98-original-1297-noun-target","a1-06-noun-10","A1","a1-06","Gast","der","masculine","der Gast","den Gast","dem Gast","","Gäste","","a1-lexical-grammar-v1","[target/reading] reading.glossary[6].lemma: Gast || [registry/vocabulary] lexicalRegistry.a1-06-noun-10: der Gast","","","","","",""
"P0-98-original-1297-noun-target","a1-06-noun-11","A1","a1-06","Kunde","der","masculine","der Kunde","den Kunden","dem Kunden","","Kunden","","a1-lexical-grammar-v1","[target/reading] reading.glossary[7].lemma: Kunde || [registry/vocabulary] lexicalRegistry.a1-06-noun-11: der Kunde","","","","","",""
"P0-98-original-1297-noun-target","a1-06-noun-12","A1","a1-06","Lehrer","der","masculine","der Lehrer","den Lehrer","dem Lehrer","","Lehrer","","a1-lexical-grammar-v1","[target/vocabulary] flashcards[5].frontDe: der Lehrer || [target/vocabulary] phrases[7].de: der Lehrer || [registry/vocabulary] lexicalRegistry.a1-06-noun-12: der Lehrer","[context/test] miniTest[2].options[1]: Ich bin ein Lehrer. || [context/errors] mistakes[2].wrong: Ich bin ein Lehrer.","","","","",""
"P0-98-original-1297-noun-target","a1-06-noun-13","A1","a1-06","Lehrerin","die","feminine","die Lehrerin","die Lehrerin","der Lehrerin","","Lehrerinnen","","a1-lexical-grammar-v1","[target/vocabulary] flashcards[6].frontDe: die Lehrerin || [target/vocabulary] phrases[8].de: die Lehrerin || [registry/vocabulary] lexicalRegistry.a1-06-noun-13: die Lehrerin","","","","","",""
"P0-98-original-1297-noun-target","a1-06-noun-14","A1","a1-06","Restaurant","das","neuter","das Restaurant","das Restaurant","dem Restaurant","","Restaurants","","a1-lexical-grammar-v1","[target/vocabulary] phrases[6].de: Ich arbeite in einem Restaurant. || [registry/vocabulary] lexicalRegistry.a1-06-noun-14: das Restaurant","[context/discover] discovery.examples[2]: in einem Restaurant || [context/entry] entry.dialogue[1].de: Ich bin Koch und arbeite in einem Restaurant. || [context/controlled] exercises[2].acceptedAnswers[0]: Ich arbeite in einem Restaurant","","","","",""
"P0-98-original-1297-noun-target","a1-06-noun-15","A1","a1-06","Umweltfirma","die","feminine","die Umweltfirma","die Umweltfirma","der Umweltfirma","","Umweltfirmen","","a1-lexical-grammar-v1","[target/reading] reading.glossary[2].lemma: Umweltfirma || [registry/vocabulary] lexicalRegistry.a1-06-noun-15: die Umweltfirma","[context/listening] listening.questions[1].options[1]: Bei einer Umweltfirma || [context/reading] reading.textDe: Der Abendkurs beginnt um achtzehn Uhr. Adel ist Koch und arbeitet in einem Restaurant am Bahnhof. Er arbeitet oft am Wochenende. Lena ist Ingenieurin bei einer kleinen Umweltfirma. Sie plant technische Projekte und arbe…","","","","",""
"P0-98-original-1297-noun-target","a1-06-noun-16","A1","a1-06","Verkäufer","der","masculine","der Verkäufer","den Verkäufer","dem Verkäufer","","Verkäufer","","a1-lexical-grammar-v1","[target/vocabulary] phrases[9].de: der Verkäufer || [registry/vocabulary] lexicalRegistry.a1-06-noun-16: der Verkäufer","","","","","",""
"P0-98-original-1297-noun-target","a1-06-noun-17","A1","a1-06","Verkäuferin","die","feminine","die Verkäuferin","die Verkäuferin","der Verkäuferin","","Verkäuferinnen","","a1-lexical-grammar-v1","[target/vocabulary] phrases[10].de: die Verkäuferin || [registry/vocabulary] lexicalRegistry.a1-06-noun-17: die Verkäuferin","","","","","",""
"P0-98-original-1297-noun-target","a1-07-noun-1","A1","a1-07","Uhr","die","feminine","die Uhr","die Uhr","der Uhr","","Uhren","","a1-lexical-grammar-v1","[registry/vocabulary] lexicalRegistry.a1-07-noun-1: die Uhr","","","","","",""
"P0-98-original-1297-noun-target","a1-07-noun-2","A1","a1-07","Uhrzeit","die","feminine","die Uhrzeit","die Uhrzeit","der Uhrzeit","","Uhrzeiten","","a1-lexical-grammar-v1","[registry/vocabulary] lexicalRegistry.a1-07-noun-2: die Uhrzeit","[context/test] miniTest[4].promptDe: Frage nach der Uhrzeit","","","","",""
"P0-98-original-1297-noun-target","a1-07-noun-3","A1","a1-07","Termin","der","masculine","der Termin","den Termin","dem Termin","","Termine","","a1-lexical-grammar-v1","[target/reading] reading.glossary[0].lemma: Termin || [registry/vocabulary] lexicalRegistry.a1-07-noun-3: der Termin","[context/reading] reading.textDe: Am Dienstag hat Salma drei Termine. Um acht Uhr beginnt ihr Deutschkurs. Sie kommt schon um Viertel vor acht an und trinkt noch einen Kaffee. Der Kurs dauert von acht bis halb elf. Danach fährt sie zum Bahnhof. Ihr Zug …","","","","",""
"P0-98-original-1297-noun-target","a1-07-noun-4","A1","a1-07","Minute","die","feminine","die Minute","die Minute","der Minute","","Minuten","","a1-lexical-grammar-v1","[registry/vocabulary] lexicalRegistry.a1-07-noun-4: die Minute","","","","","",""
"P0-98-original-1297-noun-target","a1-07-noun-5","A1","a1-07","Anzeige","die","feminine","die Anzeige","die Anzeige","der Anzeige","","Anzeigen","","a1-lexical-grammar-v1","[target/reading] reading.glossary[4].lemma: Anzeige || [registry/vocabulary] lexicalRegistry.a1-07-noun-5: die Anzeige","","","","","",""
"P0-98-original-1297-noun-target","a1-07-noun-6","A1","a1-07","Gleis","das","neuter","das Gleis","das Gleis","dem Gleis","","Gleise","","a1-lexical-grammar-v1","[target/reading] reading.glossary[6].lemma: Gleis || [registry/vocabulary] lexicalRegistry.a1-07-noun-6: das Gleis","","","","","",""
"P0-98-original-1297-noun-target","a1-07-noun-7","A1","a1-07","Kalender","der","masculine","der Kalender","den Kalender","dem Kalender","","Kalender","","a1-lexical-grammar-v1","[target/reading] reading.glossary[7].lemma: Kalender || [registry/vocabulary] lexicalRegistry.a1-07-noun-7: der Kalender","[context/reading] reading.textDe: Am Dienstag hat Salma drei Termine. Um acht Uhr beginnt ihr Deutschkurs. Sie kommt schon um Viertel vor acht an und trinkt noch einen Kaffee. Der Kurs dauert von acht bis halb elf. Danach fährt sie zum Bahnhof. Ihr Zug …","","","","",""
"P0-98-original-1297-noun-target","a1-07-noun-8","A1","a1-07","Kurs","der","masculine","der Kurs","den Kurs","dem Kurs","","Kurse","","a1-lexical-grammar-v1","[target/vocabulary] phrases[9].de: Wann beginnt der Kurs? || [registry/vocabulary] lexicalRegistry.a1-07-noun-8: der Kurs","[context/reading] reading.questions[1].promptDe: Wie lange dauert der Kurs? || [context/writing] writing.modelDe: Am Montag beginnt mein Kurs um neun Uhr. Er dauert von neun bis halb zwölf. Um zwölf Uhr fahre ich mit dem Bus zur Arbeit. Der Bus hat zehn Minuten Verspätung. Am Abend treffe ich um Viertel nach sechs eine Freundin. Ic…","","","","",""
"P0-98-original-1297-noun-target","a1-07-noun-9","A1","a1-07","Verspätung","die","feminine","die Verspätung","die Verspätung","der Verspätung","","Verspätungen","","a1-lexical-grammar-v1","[target/reading] reading.glossary[5].lemma: Verspätung || [registry/vocabulary] lexicalRegistry.a1-07-noun-9: die Verspätung","[context/reading] reading.textDe: Am Dienstag hat Salma drei Termine. Um acht Uhr beginnt ihr Deutschkurs. Sie kommt schon um Viertel vor acht an und trinkt noch einen Kaffee. Der Kurs dauert von acht bis halb elf. Danach fährt sie zum Bahnhof. Ihr Zug … || [context/writing] writing.promptDe: Schreiben Sie 45–55 Wörter über drei Termine. Nennen Sie Beginn, Ende und eine Verspätung.","","","","",""
"P0-98-original-1297-noun-target","a1-08-noun-1","A1","a1-08","Alltag","der","masculine","der Alltag","den Alltag","dem Alltag","","","","a1-lexical-grammar-v1","[registry/vocabulary] lexicalRegistry.a1-08-noun-1: der Alltag","","","","","",""
"P0-98-original-1297-noun-target","a1-08-noun-2","A1","a1-08","Tagesablauf","der","masculine","der Tagesablauf","den Tagesablauf","dem Tagesablauf","","Tagesabläufe","","a1-lexical-grammar-v1","[registry/vocabulary] lexicalRegistry.a1-08-noun-2: der Tagesablauf","","","","","",""
"P0-98-original-1297-noun-target","a1-08-noun-3","A1","a1-08","Pause","die","feminine","die Pause","die Pause","der Pause","","Pausen","","a1-lexical-grammar-v1","[registry/vocabulary] lexicalRegistry.a1-08-noun-3: die Pause","","","","","",""
"P0-98-original-1297-noun-target","a1-08-noun-4","A1","a1-08","Abend","der","masculine","der Abend","den Abend","dem Abend","","Abende","","a1-lexical-grammar-v1","[registry/vocabulary] lexicalRegistry.a1-08-noun-4: der Abend","[context/errors] mistakes[2].wrong: Ich kaufe ein am Abend.","","","","",""
"P0-98-original-1297-noun-target","a1-08-noun-5","A1","a1-08","Heimweg","der","masculine","der Heimweg","den Heimweg","dem Heimweg","","Heimwege","","a1-lexical-grammar-v1","[target/reading] reading.glossary[5].lemma: Heimweg || [registry/vocabulary] lexicalRegistry.a1-08-noun-5: der Heimweg","[context/reading] reading.questions[1].promptDe: Was macht sie auf dem Heimweg? || [context/reading] reading.textDe: Am Mittwoch steht Nadia um halb sechs auf. Zuerst duscht sie und macht Frühstück. Um Viertel nach sechs weckt sie ihre Tochter. Gemeinsam frühstücken sie von halb sieben bis sieben Uhr. Danach bringt Nadia ihre Tochter …","","","","",""
"P0-98-original-1297-noun-target","a1-09-noun-1","A1","a1-09","Verabredung","die","feminine","die Verabredung","die Verabredung","der Verabredung","","Verabredungen","","a1-lexical-grammar-v1","[registry/vocabulary] lexicalRegistry.a1-09-noun-1: die Verabredung","","","","","",""
"P0-98-original-1297-noun-target","a1-09-noun-2","A1","a1-09","Vorschlag","der","masculine","der Vorschlag","den Vorschlag","dem Vorschlag","","Vorschläge","","a1-lexical-grammar-v1","[registry/vocabulary] lexicalRegistry.a1-09-noun-2: der Vorschlag","","","","","",""
"P0-98-original-1297-noun-target","a1-09-noun-3","A1","a1-09","Treffpunkt","der","masculine","der Treffpunkt","den Treffpunkt","dem Treffpunkt","","Treffpunkte","","a1-lexical-grammar-v1","[registry/vocabulary] lexicalRegistry.a1-09-noun-3: der Treffpunkt","","","","","",""
"P0-98-original-1297-noun-target","a1-09-noun-4","A1","a1-09","Absage","die","feminine","die Absage","die Absage","der Absage","","Absagen","","a1-lexical-grammar-v1","[registry/vocabulary] lexicalRegistry.a1-09-noun-4: die Absage","","","","","",""
"P0-98-original-1297-noun-target","a1-09-noun-5","A1","a1-09","Termin","der","masculine","der Termin","den Termin","dem Termin","","Termine","","a1-lexical-grammar-v1","[target/vocabulary] flashcards[9].frontDe: den Termin verschieben || [target/vocabulary] phrases[12].de: der Termin || [target/vocabulary] phrases[13].de: den Termin verschieben || [target/vocabulary] phrases[14].de: den Termin absagen || [registry/vocabulary] lexicalRegistry.a1-09-noun-5: der Termin","[context/vocabulary] flashcards[9].exampleDe: Können wir den Termin verschieben? || [context/listening] listening.questions[0].promptDe: Wann ist der alte Termin? || [context/listening] listening.transcriptDe: Praxis: Zahnarztpraxis Berg, guten Tag. — Patientin: Guten Tag. Ich habe am Donnerstag um zehn Uhr einen Termin. Leider kann ich da nicht kommen. — Praxis: Möchten Sie den Termin verschieben? — Patientin: Ja, bitte. Hab…","","","","",""
"P0-98-original-1297-noun-target","a1-09-noun-6","A1","a1-09","Zeit","die","feminine","die Zeit","die Zeit","der Zeit","","","","a1-lexical-grammar-v1","[target/vocabulary] phrases[7].de: Da habe ich keine Zeit. || [registry/vocabulary] lexicalRegistry.a1-09-noun-6: die Zeit","[context/errors] mistakes[3].wrong: Nein, keine Zeit. || [context/writing] writing.promptDe: Schreiben Sie 55–65 Wörter. Schlagen Sie einen Termin vor, lehnen Sie eine Zeit höflich ab und bieten Sie eine Alternative an.","","","","",""
"P0-98-original-1297-noun-target","a1-10-noun-1","A1","a1-10","Lebensmittel","das","neuter","das Lebensmittel","das Lebensmittel","dem Lebensmittel","","Lebensmittel","","a1-lexical-grammar-v1","[registry/vocabulary] lexicalRegistry.a1-10-noun-1: das Lebensmittel","","","","","",""
"P0-98-original-1297-noun-target","a1-10-noun-2","A1","a1-10","Gemüse","das","neuter","das Gemüse","das Gemüse","dem Gemüse","","","","a1-lexical-grammar-v1","[target/vocabulary] flashcards[7].frontDe: das Gemüse || [target/vocabulary] phrases[9].de: das Gemüse || [registry/vocabulary] lexicalRegistry.a1-10-noun-2: das Gemüse","","","","","",""
"P0-98-original-1297-noun-target","a1-10-noun-3","A1","a1-10","Menge","die","feminine","die Menge","die Menge","der Menge","","Mengen","","a1-lexical-grammar-v1","[registry/vocabulary] lexicalRegistry.a1-10-noun-3: die Menge","","","","","",""
"P0-98-original-1297-noun-target","a1-10-noun-4","A1","a1-10","Packung","die","feminine","die Packung","die Packung","der Packung","","Packungen","","a1-lexical-grammar-v1","[registry/vocabulary] lexicalRegistry.a1-10-noun-4: die Packung","","","","","",""
"P0-98-original-1297-noun-target","a1-10-noun-5","A1","a1-10","Apfel","der","masculine","der Apfel","den Apfel","dem Apfel","","Äpfel","","a1-lexical-grammar-v1","[target/vocabulary] flashcards[4].frontDe: der Apfel || [target/vocabulary] phrases[6].de: der Apfel || [registry/vocabulary] lexicalRegistry.a1-10-noun-5: der Apfel","[context/discover] discovery.examples[0]: der Apfel → Ich esse einen Apfel. || [context/entry] entry.dialogue[4].de: Dann kauf bitte einen Apfel und eine Banane. || [context/controlled] exercises[3].acceptedAnswers[0]: Ich kaufe einen Apfel","","","","",""
"P0-98-original-1297-noun-target","a1-10-noun-6","A1","a1-10","Banane","die","feminine","die Banane","die Banane","der Banane","","Bananen","","a1-lexical-grammar-v1","[target/vocabulary] flashcards[5].frontDe: die Banane || [target/vocabulary] phrases[7].de: die Banane || [registry/vocabulary] lexicalRegistry.a1-10-noun-6: die Banane","[context/discover] discovery.examples[1]: die Banane → Ich esse eine Banane. || [context/entry] entry.dialogue[4].de: Dann kauf bitte einen Apfel und eine Banane. || [context/vocabulary] flashcards[5].exampleDe: Ich kaufe eine Banane.","","","","",""
"P0-98-original-1297-noun-target","a1-10-noun-7","A1","a1-10","Brot","das","neuter","das Brot","das Brot","dem Brot","","Brote","","a1-lexical-grammar-v1","[target/vocabulary] flashcards[0].frontDe: das Brot || [target/vocabulary] phrases[0].de: das Brot || [registry/vocabulary] lexicalRegistry.a1-10-noun-7: das Brot","[context/discover] discovery.examples[2]: das Brot → Ich esse ein Brot. || [context/listening] listening.transcriptDe: Nora: Ich bin im Supermarkt. Was brauchen wir? — Tim: Wir haben kein Brot und keine Milch. — Nora: Brauchen wir Eier? — Tim: Nein, wir haben noch sechs Eier. Aber kauf bitte einen Käse und zwei Äpfel. — Nora: Möchtest d… || [context/rule] theory[0].examples[5].de: Ich kaufe ein Brot.","","","","",""
"P0-98-original-1297-noun-target","a1-10-noun-8","A1","a1-10","Brötchen","das","neuter","das Brötchen","das Brötchen","dem Brötchen","","Brötchen","","a1-lexical-grammar-v1","[target/reading] reading.glossary[1].lemma: Brötchen || [registry/vocabulary] lexicalRegistry.a1-10-noun-8: das Brötchen","[context/reading] reading.textDe: Drei Personen erzählen von ihrem Frühstück. Julia isst morgens ein Brötchen mit Käse und trinkt einen Kaffee. Obst isst sie nur am Wochenende. Samir frühstückt früh. Er isst ein Ei, Brot und eine Tomate. Kaffee trinkt e…","","","","",""
"P0-98-original-1297-noun-target","a1-10-noun-9","A1","a1-10","Ei","das","neuter","das Ei","das Ei","dem Ei","","Eier","","a1-lexical-grammar-v1","[target/vocabulary] flashcards[6].frontDe: das Ei || [target/vocabulary] phrases[8].de: das Ei || [registry/vocabulary] lexicalRegistry.a1-10-noun-9: das Ei","[context/vocabulary] flashcards[6].exampleDe: Ich esse ein Ei. || [context/mediation] mediation.sourceDe: Frühstück: ein Ei, Käse, Brot, Joghurt, Obst. Getränke: Kaffee, Tee oder Wasser. Kein Fleisch. || [context/test] miniTest[3].options[0]: ein Ei","","","","",""
"P0-98-original-1297-noun-target","a1-10-noun-10","A1","a1-10","Flasche","die","feminine","die Flasche","die Flasche","der Flasche","","Flaschen","","a1-lexical-grammar-v1","[target/reading] reading.glossary[5].lemma: Flasche || [registry/vocabulary] lexicalRegistry.a1-10-noun-10: die Flasche","[context/listening] listening.transcriptDe: Nora: Ich bin im Supermarkt. Was brauchen wir? — Tim: Wir haben kein Brot und keine Milch. — Nora: Brauchen wir Eier? — Tim: Nein, wir haben noch sechs Eier. Aber kauf bitte einen Käse und zwei Äpfel. — Nora: Möchtest d… || [context/reading] reading.textDe: Drei Personen erzählen von ihrem Frühstück. Julia isst morgens ein Brötchen mit Käse und trinkt einen Kaffee. Obst isst sie nur am Wochenende. Samir frühstückt früh. Er isst ein Ei, Brot und eine Tomate. Kaffee trinkt e… || [context/writing] writing.modelDe: Zu Hause habe ich Brot, Reis, Gemüse und Eier. Ich habe keine Milch und keinen Kaffee. Morgens esse ich gern ein Ei und einen Apfel. Am Abend koche ich Gemüse. Am Samstag kaufe ich eine Banane, einen Käse und eine Flasc…","","","","",""
"P0-98-original-1297-noun-target","a1-10-noun-11","A1","a1-10","Fleisch","das","neuter","das Fleisch","das Fleisch","dem Fleisch","","","","a1-lexical-grammar-v1","[target/vocabulary] phrases[11].de: das Fleisch || [registry/vocabulary] lexicalRegistry.a1-10-noun-11: das Fleisch","[context/rule] theory[1].examples[4].de: Ich esse kein Fleisch.","","","","",""
"P0-98-original-1297-noun-target","a1-10-noun-12","A1","a1-10","Kaffee","der","masculine","der Kaffee","den Kaffee","dem Kaffee","","","","a1-lexical-grammar-v1","[target/vocabulary] flashcards[3].frontDe: der Kaffee || [target/vocabulary] phrases[13].de: Ich trinke keinen Kaffee. || [target/vocabulary] phrases[4].de: der Kaffee || [registry/vocabulary] lexicalRegistry.a1-10-noun-12: der Kaffee","[context/discover] discovery.examples[3]: der Kaffee → Ich trinke keinen Kaffee. || [context/vocabulary] flashcards[3].exampleDe: Ich trinke keinen Kaffee. || [context/listening] listening.transcriptDe: Nora: Ich bin im Supermarkt. Was brauchen wir? — Tim: Wir haben kein Brot und keine Milch. — Nora: Brauchen wir Eier? — Tim: Nein, wir haben noch sechs Eier. Aber kauf bitte einen Käse und zwei Äpfel. — Nora: Möchtest d…","","","","",""
"P0-98-original-1297-noun-target","a1-10-noun-13","A1","a1-10","Käse","der","masculine","der Käse","den Käse","dem Käse","","Käse","","a1-lexical-grammar-v1","[target/vocabulary] flashcards[1].frontDe: der Käse || [target/vocabulary] phrases[1].de: der Käse || [registry/vocabulary] lexicalRegistry.a1-10-noun-13: der Käse","[context/entry] entry.dialogue[1].de: Brot habe ich, aber ich habe keinen Käse. || [context/vocabulary] flashcards[1].exampleDe: Wir brauchen einen Käse. || [context/listening] listening.transcriptDe: Nora: Ich bin im Supermarkt. Was brauchen wir? — Tim: Wir haben kein Brot und keine Milch. — Nora: Brauchen wir Eier? — Tim: Nein, wir haben noch sechs Eier. Aber kauf bitte einen Käse und zwei Äpfel. — Nora: Möchtest d…","","","","",""
"P0-98-original-1297-noun-target","a1-10-noun-14","A1","a1-10","Milch","die","feminine","die Milch","die Milch","der Milch","","","","a1-lexical-grammar-v1","[target/vocabulary] flashcards[2].frontDe: die Milch || [target/vocabulary] phrases[2].de: die Milch || [registry/vocabulary] lexicalRegistry.a1-10-noun-14: die Milch","[context/entry] entry.dialogue[3].de: Nein, keine Milch. Ich trinke morgens Tee. || [context/controlled] exercises[5].options[0]: Ich habe keine Milch. || [context/controlled] exercises[5].options[1]: Ich habe kein Milch.","","","","",""
"P0-98-original-1297-noun-target","a1-10-noun-15","A1","a1-10","Obst","das","neuter","das Obst","das Obst","dem Obst","","","","a1-lexical-grammar-v1","[target/vocabulary] phrases[10].de: das Obst || [registry/vocabulary] lexicalRegistry.a1-10-noun-15: das Obst","","","","","",""
"P0-98-original-1297-noun-target","a1-10-noun-16","A1","a1-10","Tee","der","masculine","der Tee","den Tee","dem Tee","","Tees","","a1-lexical-grammar-v1","[target/vocabulary] phrases[5].de: der Tee || [registry/vocabulary] lexicalRegistry.a1-10-noun-16: der Tee","","","","","",""
"P0-98-original-1297-noun-target","a1-10-noun-17","A1","a1-10","Wasser","das","neuter","das Wasser","das Wasser","dem Wasser","","","","a1-lexical-grammar-v1","[target/vocabulary] phrases[3].de: das Wasser || [registry/vocabulary] lexicalRegistry.a1-10-noun-17: das Wasser","","","","","",""
"P0-98-original-1297-noun-target","a1-11-noun-1","A1","a1-11","Preis","der","masculine","der Preis","den Preis","dem Preis","","Preise","","a1-lexical-grammar-v1","[registry/vocabulary] lexicalRegistry.a1-11-noun-1: der Preis","[context/reading] reading.textDe: Nabil plant ein Essen für vier Personen. Auf seiner Liste stehen ein Kilo Kartoffeln, 500 Gramm Tomaten, zwei Gurken, eine Packung Reis und eine Flasche Apfelsaft. Im ersten Geschäft kosten die Tomaten vier Euro pro Kil… || [context/speaking] speaking.promptDe: Kaufen Sie vier Produkte. Fragen Sie nach einem Preis, reagieren Sie auf einen hohen Preis und beenden Sie den Einkauf.","","","","",""
"P0-98-original-1297-noun-target","a1-11-noun-2","A1","a1-11","Angebot","das","neuter","das Angebot","das Angebot","dem Angebot","","Angebote","","a1-lexical-grammar-v1","[registry/vocabulary] lexicalRegistry.a1-11-noun-2: das Angebot","","","","","",""
"P0-98-original-1297-noun-target","a1-11-noun-3","A1","a1-11","Verkäufer","der","masculine","der Verkäufer","den Verkäufer","dem Verkäufer","","Verkäufer","","a1-lexical-grammar-v1","[registry/vocabulary] lexicalRegistry.a1-11-noun-3: der Verkäufer","","","","","",""
"P0-98-original-1297-noun-target","a1-11-noun-4","A1","a1-11","Kasse","die","feminine","die Kasse","die Kasse","der Kasse","","Kassen","","a1-lexical-grammar-v1","[target/reading] reading.glossary[5].lemma: Kasse || [registry/vocabulary] lexicalRegistry.a1-11-noun-4: die Kasse","[context/reading] reading.questions[1].options[3]: An der Kasse || [context/reading] reading.textDe: Nabil plant ein Essen für vier Personen. Auf seiner Liste stehen ein Kilo Kartoffeln, 500 Gramm Tomaten, zwei Gurken, eine Packung Reis und eine Flasche Apfelsaft. Im ersten Geschäft kosten die Tomaten vier Euro pro Kil…","","","","",""
"P0-98-original-1297-noun-target","a1-11-noun-5","A1","a1-11","Apfel","der","masculine","der Apfel","den Apfel","dem Apfel","","Äpfel","","a1-lexical-grammar-v1","[target/vocabulary] flashcards[6].frontDe: Wie viel kosten die Äpfel? || [target/vocabulary] phrases[9].de: Wie viel kosten die Äpfel? || [registry/vocabulary] lexicalRegistry.a1-11-noun-5: der Apfel","[context/controlled] exercises[3].acceptedAnswers[0]: Wie viel kosten die Äpfel || [context/controlled] exercises[3].acceptedAnswers[1]: Was kosten die Äpfel || [context/controlled] exercises[3].sentence: Wie viel kostet die Äpfel?","","","","",""
"P0-98-original-1297-noun-target","a1-11-noun-6","A1","a1-11","Bon","der","masculine","der Bon","den Bon","dem Bon","","Bons","","a1-lexical-grammar-v1","[target/reading] reading.glossary[6].lemma: Bon || [registry/vocabulary] lexicalRegistry.a1-11-noun-6: der Bon","[context/reading] reading.textDe: Nabil plant ein Essen für vier Personen. Auf seiner Liste stehen ein Kilo Kartoffeln, 500 Gramm Tomaten, zwei Gurken, eine Packung Reis und eine Flasche Apfelsaft. Im ersten Geschäft kosten die Tomaten vier Euro pro Kil… || [context/writing] writing.modelDe: Ich möchte für das Wochenende einkaufen. Ich brauche ein Kilo Tomaten, eine Packung Reis, zwei Flaschen Wasser und 300 Gramm Käse. Die Tomaten kosten ungefähr drei Euro. Wie viel kostet der Käse? Insgesamt habe ich zwan…","","","","",""
"P0-98-original-1297-noun-target","a1-11-noun-7","A1","a1-11","Flasche","die","feminine","die Flasche","die Flasche","der Flasche","","Flaschen","","a1-lexical-grammar-v1","[target/vocabulary] flashcards[3].frontDe: eine Flasche || [target/vocabulary] phrases[4].de: eine Flasche Wasser || [registry/vocabulary] lexicalRegistry.a1-11-noun-7: die Flasche","[context/discover] discovery.examples[1]: eine Flasche Wasser || [context/controlled] exercises[4].pairs[0].left: eine Flasche || [context/errors] mistakes[0].correct: eine Flasche Wasser","","","","",""
"P0-98-original-1297-noun-target","a1-11-noun-8","A1","a1-11","Geschäft","das","neuter","das Geschäft","das Geschäft","dem Geschäft","","Geschäfte","","a1-lexical-grammar-v1","[target/reading] reading.glossary[2].lemma: Geschäft || [registry/vocabulary] lexicalRegistry.a1-11-noun-8: das Geschäft","","","","","",""
"P0-98-original-1297-noun-target","a1-11-noun-9","A1","a1-11","Kilo","das","neuter","das Kilo","das Kilo","dem Kilo","","Kilo","","a1-lexical-grammar-v1","[target/vocabulary] flashcards[1].frontDe: ein Kilo || [target/vocabulary] phrases[2].de: ein Kilo Tomaten || [registry/vocabulary] lexicalRegistry.a1-11-noun-9: das Kilo","[context/discover] discovery.examples[0]: ein Kilo Tomaten || [context/entry] entry.dialogue[1].de: Ich möchte ein Kilo Tomaten und zwei Gurken. || [context/controlled] exercises[1].template: Ich ___ ein Kilo Tomaten.","","","","",""
"P0-98-original-1297-noun-target","a1-11-noun-10","A1","a1-11","Liste","die","feminine","die Liste","die Liste","der Liste","","Listen","","a1-lexical-grammar-v1","[target/reading] reading.glossary[1].lemma: Liste || [registry/vocabulary] lexicalRegistry.a1-11-noun-10: die Liste","[context/reading] reading.textDe: Nabil plant ein Essen für vier Personen. Auf seiner Liste stehen ein Kilo Kartoffeln, 500 Gramm Tomaten, zwei Gurken, eine Packung Reis und eine Flasche Apfelsaft. Im ersten Geschäft kosten die Tomaten vier Euro pro Kil…","","","","",""
"P0-98-original-1297-noun-target","a1-11-noun-11","A1","a1-11","Liter","der","masculine","der Liter","den Liter","dem Liter","","Liter","","a1-lexical-grammar-v1","[target/vocabulary] phrases[6].de: ein Liter Milch || [registry/vocabulary] lexicalRegistry.a1-11-noun-11: der Liter","[context/rule] theory[0].examples[4].de: ein Liter Milch","","","","",""
"P0-98-original-1297-noun-target","a1-11-noun-12","A1","a1-11","Markt","der","masculine","der Markt","den Markt","dem Markt","","Märkte","","a1-lexical-grammar-v1","[target/reading] reading.glossary[4].lemma: Markt || [registry/vocabulary] lexicalRegistry.a1-11-noun-12: der Markt","[context/reading] reading.questions[1].options[2]: Auf dem Markt || [context/reading] reading.textDe: Nabil plant ein Essen für vier Personen. Auf seiner Liste stehen ein Kilo Kartoffeln, 500 Gramm Tomaten, zwei Gurken, eine Packung Reis und eine Flasche Apfelsaft. Im ersten Geschäft kosten die Tomaten vier Euro pro Kil…","","","","",""
"P0-98-original-1297-noun-target","a1-11-noun-13","A1","a1-11","Packung","die","feminine","die Packung","die Packung","der Packung","","Packungen","","a1-lexical-grammar-v1","[target/vocabulary] flashcards[4].frontDe: eine Packung || [target/vocabulary] phrases[5].de: eine Packung Reis || [registry/vocabulary] lexicalRegistry.a1-11-noun-13: die Packung","[context/controlled] exercises[4].pairs[1].left: eine Packung || [context/vocabulary] flashcards[4].exampleDe: Ich kaufe eine Packung Reis. || [context/reading] reading.textDe: Nabil plant ein Essen für vier Personen. Auf seiner Liste stehen ein Kilo Kartoffeln, 500 Gramm Tomaten, zwei Gurken, eine Packung Reis und eine Flasche Apfelsaft. Im ersten Geschäft kosten die Tomaten vier Euro pro Kil…","","","","",""
"P0-98-original-1297-noun-target","a1-11-noun-14","A1","a1-11","Regal","das","neuter","das Regal","das Regal","dem Regal","","Regale","","a1-lexical-grammar-v1","[target/reading] reading.glossary[7].lemma: Regal || [registry/vocabulary] lexicalRegistry.a1-11-noun-14: das Regal","[context/reading] reading.questions[2].promptDe: Welcher Preis ist auf dem Regal? || [context/reading] reading.textDe: Nabil plant ein Essen für vier Personen. Auf seiner Liste stehen ein Kilo Kartoffeln, 500 Gramm Tomaten, zwei Gurken, eine Packung Reis und eine Flasche Apfelsaft. Im ersten Geschäft kosten die Tomaten vier Euro pro Kil…","","","","",""
"P0-98-original-1297-noun-target","a1-11-noun-15","A1","a1-11","Stück","das","neuter","das Stück","das Stück","dem Stück","","Stücke","","a1-lexical-grammar-v1","[target/vocabulary] phrases[7].de: ein Stück Kuchen || [registry/vocabulary] lexicalRegistry.a1-11-noun-15: das Stück","[context/controlled] exercises[4].pairs[2].left: ein Stück || [context/listening] listening.transcriptDe: Verkäuferin: Guten Tag. Was möchten Sie? — Kunde: Ich möchte 300 Gramm Käse, bitte. — Verkäuferin: Diesen hier? Er kostet zwei Euro neunzig pro 100 Gramm. — Kunde: Das ist etwas teuer. Haben Sie einen günstigeren Käse? … || [context/rule] theory[0].examples[5].de: ein Stück Kuchen","","","","",""
"P0-98-original-1297-noun-target","a1-12-noun-1","A1","a1-12","Speisekarte","die","feminine","die Speisekarte","die Speisekarte","der Speisekarte","","Speisekarten","","a1-lexical-grammar-v1","[target/vocabulary] flashcards[0].frontDe: die Speisekarte || [target/vocabulary] phrases[0].de: die Speisekarte || [registry/vocabulary] lexicalRegistry.a1-12-noun-1: die Speisekarte","[context/vocabulary] flashcards[0].exampleDe: Kann ich die Speisekarte haben?","","","","",""
"P0-98-original-1297-noun-target","a1-12-noun-2","A1","a1-12","Gericht","das","neuter","das Gericht","das Gericht","dem Gericht","","Gerichte","","a1-lexical-grammar-v1","[registry/vocabulary] lexicalRegistry.a1-12-noun-2: das Gericht","[context/writing] writing.promptDe: Schreiben Sie 60 Wörter über einen Restaurantbesuch. Bestellen Sie ein Gericht und ein Getränk, nennen Sie einen Wunsch und reagieren Sie auf ein Problem.","","","","",""
"P0-98-original-1297-noun-target","a1-12-noun-3","A1","a1-12","Rechnung","die","feminine","die Rechnung","die Rechnung","der Rechnung","","Rechnungen","","a1-lexical-grammar-v1","[registry/vocabulary] lexicalRegistry.a1-12-noun-3: die Rechnung","[context/speaking] speaking.promptDe: Bestellen Sie ein Essen und ein Getränk. Äußern Sie einen Sonderwunsch, reklamieren Sie höflich und bitten Sie um die Rechnung.","","","","",""
"P0-98-original-1297-noun-target","a1-12-noun-4","A1","a1-12","Trinkgeld","das","neuter","das Trinkgeld","das Trinkgeld","dem Trinkgeld","","Trinkgelder","","a1-lexical-grammar-v1","[registry/vocabulary] lexicalRegistry.a1-12-noun-4: das Trinkgeld","","","","","",""
"P0-98-original-1297-noun-target","a1-12-noun-5","A1","a1-12","Allergen","das","neuter","das Allergen","das Allergen","dem Allergen","","Allergene","","a1-lexical-grammar-v1","[target/reading] reading.glossary[4].lemma: Allergen || [registry/vocabulary] lexicalRegistry.a1-12-noun-5: das Allergen","","","","","",""
"P0-98-original-1297-noun-target","a1-12-noun-6","A1","a1-12","Fleisch","das","neuter","das Fleisch","das Fleisch","dem Fleisch","","","","a1-lexical-grammar-v1","[target/vocabulary] phrases[11].de: Ich esse kein Fleisch. || [registry/vocabulary] lexicalRegistry.a1-12-noun-6: das Fleisch","[context/listening] listening.questions[1].options[1]: Er isst kein Fleisch. || [context/listening] listening.transcriptDe: Kellner: Hier ist die Tomatensuppe und der Salat mit Hähnchen. — Gast: Entschuldigung, den Salat mit Hähnchen habe ich nicht bestellt. Ich esse kein Fleisch. Ich habe den Salat mit Käse bestellt. — Kellner: Oh, Entschul…","","","","",""
"P0-98-original-1297-noun-target","a1-12-noun-7","A1","a1-12","Hauptgericht","das","neuter","das Hauptgericht","das Hauptgericht","dem Hauptgericht","","Hauptgerichte","","a1-lexical-grammar-v1","[target/vocabulary] phrases[6].de: das Hauptgericht || [target/reading] reading.glossary[2].lemma: Hauptgericht || [registry/vocabulary] lexicalRegistry.a1-12-noun-7: das Hauptgericht","","","","","",""
"P0-98-original-1297-noun-target","a1-12-noun-8","A1","a1-12","Mineralwasser","das","neuter","das Mineralwasser","das Mineralwasser","dem Mineralwasser","","Mineralwässer","","a1-lexical-grammar-v1","[target/vocabulary] phrases[7].de: ein Mineralwasser || [registry/vocabulary] lexicalRegistry.a1-12-noun-8: das Mineralwasser","[context/entry] entry.dialogue[3].de: Ja, ein Mineralwasser, bitte. Ist die Suppe ohne Fleisch? || [context/reading] reading.textDe: Das Café Linden bietet von Montag bis Freitag eine kleine Mittagskarte an. Die Tomatensuppe kostet fünf Euro und ist vegetarisch. Der Salat mit Käse kostet sieben Euro. Man kann ihn auch ohne Käse bestellen. Als Hauptge… || [context/writing] writing.modelDe: Guten Abend. Für mich bitte einen Salat ohne Zwiebeln und eine Gemüsesuppe. Ich möchte auch ein Mineralwasser. Entschuldigung, das ist nicht meine Suppe. Ich habe eine Suppe ohne Fleisch bestellt. Können Sie das bitte p…","","","","",""
"P0-98-original-1297-noun-target","a1-12-noun-9","A1","a1-12","Mittagskarte","die","feminine","die Mittagskarte","die Mittagskarte","der Mittagskarte","","Mittagskarten","","a1-lexical-grammar-v1","[target/reading] reading.glossary[1].lemma: Mittagskarte || [registry/vocabulary] lexicalRegistry.a1-12-noun-9: die Mittagskarte","[context/reading] reading.textDe: Das Café Linden bietet von Montag bis Freitag eine kleine Mittagskarte an. Die Tomatensuppe kostet fünf Euro und ist vegetarisch. Der Salat mit Käse kostet sieben Euro. Man kann ihn auch ohne Käse bestellen. Als Hauptge…","","","","",""
"P0-98-original-1297-noun-target","a1-12-noun-10","A1","a1-12","Salat","der","masculine","der Salat","den Salat","dem Salat","","Salate","","a1-lexical-grammar-v1","[target/vocabulary] phrases[5].de: einen Salat || [registry/vocabulary] lexicalRegistry.a1-12-noun-10: der Salat","[context/discover] discovery.examples[0]: Ich nehme einen Salat. || [context/entry] entry.dialogue[1].de: Für mich bitte die Gemüsesuppe und einen Salat ohne Zwiebeln. || [context/controlled] exercises[3].acceptedAnswers[0]: Ich möchte einen Salat","","","","",""
"P0-98-original-1297-noun-target","a1-12-noun-11","A1","a1-12","Suppe","die","feminine","die Suppe","die Suppe","der Suppe","","Suppen","","a1-lexical-grammar-v1","[target/vocabulary] phrases[4].de: eine Suppe || [registry/vocabulary] lexicalRegistry.a1-12-noun-11: die Suppe","[context/discover] discovery.examples[1]: Ich bestelle eine Suppe. || [context/entry] entry.dialogue[3].de: Ja, ein Mineralwasser, bitte. Ist die Suppe ohne Fleisch? || [context/entry] entry.dialogue[4].de: Ja, die Suppe ist vegetarisch.","","","","",""
"P0-98-original-1297-noun-target","a1-12-noun-12","A1","a1-12","Zutat","die","feminine","die Zutat","die Zutat","der Zutat","","Zutaten","","a1-lexical-grammar-v1","[target/reading] reading.glossary[6].lemma: Zutat || [registry/vocabulary] lexicalRegistry.a1-12-noun-12: die Zutat","[context/mediation] mediation.sourceDe: Menü 1: Gemüsesuppe, Salat mit Käse, Wasser. Menü 2: Hähnchen mit Kartoffeln, Wasser. Bitte fragen Sie bei Allergien nach den Zutaten. || [context/reading] reading.textDe: Das Café Linden bietet von Montag bis Freitag eine kleine Mittagskarte an. Die Tomatensuppe kostet fünf Euro und ist vegetarisch. Der Salat mit Käse kostet sieben Euro. Man kann ihn auch ohne Käse bestellen. Als Hauptge…","","","","",""
"P0-98-original-1297-noun-target","a1-13-noun-1","A1","a1-13","Wohnung","die","feminine","die Wohnung","die Wohnung","der Wohnung","","Wohnungen","","a1-lexical-grammar-v1","[target/vocabulary] flashcards[0].frontDe: die Wohnung || [target/vocabulary] phrases[0].de: die Wohnung || [registry/vocabulary] lexicalRegistry.a1-13-noun-1: die Wohnung","[context/entry] entry.dialogue[0].de: Willkommen! Das ist meine neue Wohnung. || [context/listening] listening.questions[0].promptDe: Wie groß ist die Wohnung? || [context/reading] reading.questions[1].promptDe: Was gibt es in der zweiten Wohnung?","","","","",""
"P0-98-original-1297-noun-target","a1-13-noun-2","A1","a1-13","Zimmer","das","neuter","das Zimmer","das Zimmer","dem Zimmer","","Zimmer","","a1-lexical-grammar-v1","[target/vocabulary] phrases[1].de: das Zimmer || [registry/vocabulary] lexicalRegistry.a1-13-noun-2: das Zimmer","[context/reading] reading.questions[1].options[1]: Nur ein Zimmer","","","","",""
"P0-98-original-1297-noun-target","a1-13-noun-3","A1","a1-13","Küche","die","feminine","die Küche","die Küche","der Küche","","Küchen","","a1-lexical-grammar-v1","[target/vocabulary] flashcards[3].frontDe: die Küche || [target/vocabulary] phrases[4].de: die Küche || [registry/vocabulary] lexicalRegistry.a1-13-noun-3: die Küche","[context/discover] discovery.examples[1]: die Küche → Es gibt eine Küche. || [context/entry] entry.dialogue[2].de: Sie hat drei Zimmer, eine Küche und ein Bad. || [context/listening] listening.transcriptDe: Maklerin: Die Wohnung hat zwei Zimmer und ist 55 Quadratmeter groß. — Interessentin: Gibt es einen Balkon? — Maklerin: Nein, leider nicht. Aber es gibt eine große Terrasse im Hof. — Interessentin: Gibt es einen Aufzug? …","","","","",""
"P0-98-original-1297-noun-target","a1-13-noun-4","A1","a1-13","Bad","das","neuter","das Bad","das Bad","dem Bad","","Bäder","","a1-lexical-grammar-v1","[target/vocabulary] flashcards[4].frontDe: das Bad || [target/vocabulary] phrases[5].de: das Bad || [registry/vocabulary] lexicalRegistry.a1-13-noun-4: das Bad","[context/discover] discovery.examples[2]: das Bad → Es gibt ein Bad. || [context/entry] entry.dialogue[2].de: Sie hat drei Zimmer, eine Küche und ein Bad. || [context/vocabulary] flashcards[4].exampleDe: Es gibt ein Bad.","","","","",""
"P0-98-original-1297-noun-target","a1-13-noun-5","A1","a1-13","Aufzug","der","masculine","der Aufzug","den Aufzug","dem Aufzug","","Aufzüge","","a1-lexical-grammar-v1","[target/vocabulary] flashcards[6].frontDe: der Aufzug || [target/vocabulary] phrases[13].de: Es gibt keinen Aufzug. || [target/vocabulary] phrases[8].de: der Aufzug || [registry/vocabulary] lexicalRegistry.a1-13-noun-5: der Aufzug","[context/discover] discovery.examples[3]: der Aufzug → Es gibt keinen Aufzug. || [context/entry] entry.dialogue[4].de: Ja, es gibt einen kleinen Balkon. Aber es gibt keinen Aufzug. || [context/vocabulary] flashcards[6].exampleDe: Es gibt keinen Aufzug.","","","","",""
"P0-98-original-1297-noun-target","a1-13-noun-6","A1","a1-13","Balkon","der","masculine","der Balkon","den Balkon","dem Balkon","","Balkone","","a1-lexical-grammar-v1","[target/vocabulary] flashcards[5].frontDe: der Balkon || [target/vocabulary] phrases[12].de: Es gibt einen Balkon. || [target/vocabulary] phrases[7].de: der Balkon || [registry/vocabulary] lexicalRegistry.a1-13-noun-6: der Balkon","[context/discover] discovery.examples[0]: der Balkon → Es gibt einen Balkon. || [context/entry] entry.dialogue[3].de: Gibt es auch einen Balkon? || [context/entry] entry.dialogue[4].de: Ja, es gibt einen kleinen Balkon. Aber es gibt keinen Aufzug.","","","","",""
"P0-98-original-1297-noun-target","a1-13-noun-7","A1","a1-13","Flur","der","masculine","der Flur","den Flur","dem Flur","","Flure","","a1-lexical-grammar-v1","[target/vocabulary] phrases[6].de: der Flur || [registry/vocabulary] lexicalRegistry.a1-13-noun-7: der Flur","","","","","",""
"P0-98-original-1297-noun-target","a1-13-noun-8","A1","a1-13","Gegend","die","feminine","die Gegend","die Gegend","der Gegend","","Gegenden","","a1-lexical-grammar-v1","[target/reading] reading.glossary[6].lemma: Gegend || [registry/vocabulary] lexicalRegistry.a1-13-noun-8: die Gegend","","","","","",""
"P0-98-original-1297-noun-target","a1-13-noun-9","A1","a1-13","Keller","der","masculine","der Keller","den Keller","dem Keller","","Keller","","a1-lexical-grammar-v1","[target/vocabulary] phrases[9].de: der Keller || [registry/vocabulary] lexicalRegistry.a1-13-noun-9: der Keller","[context/controlled] exercises[6].template: ___ es einen Keller? || [context/test] miniTest[4].options[2]: Wo einen Keller gibt? || [context/test] miniTest[4].options[3]: Gibt es einen Keller?","","","","",""
"P0-98-original-1297-noun-target","a1-13-noun-10","A1","a1-13","Lärm","der","masculine","der Lärm","den Lärm","dem Lärm","","","","a1-lexical-grammar-v1","[target/reading] reading.glossary[7].lemma: Lärm || [registry/vocabulary] lexicalRegistry.a1-13-noun-10: der Lärm","[context/reading] reading.textDe: Rami sucht eine neue Wohnung. Am Samstag besichtigt er zwei Wohnungen. Die erste Wohnung liegt im Zentrum. Sie ist 48 Quadratmeter groß und hat zwei Zimmer, eine kleine Küche und ein Bad. Es gibt einen Balkon, aber kein…","","","","",""
"P0-98-original-1297-noun-target","a1-13-noun-11","A1","a1-13","Schlafzimmer","das","neuter","das Schlafzimmer","das Schlafzimmer","dem Schlafzimmer","","Schlafzimmer","","a1-lexical-grammar-v1","[target/vocabulary] flashcards[2].frontDe: das Schlafzimmer || [target/vocabulary] phrases[3].de: das Schlafzimmer || [registry/vocabulary] lexicalRegistry.a1-13-noun-11: das Schlafzimmer","","","","","",""
"P0-98-original-1297-noun-target","a1-13-noun-12","A1","a1-13","Wohnzimmer","das","neuter","das Wohnzimmer","das Wohnzimmer","dem Wohnzimmer","","Wohnzimmer","","a1-lexical-grammar-v1","[target/vocabulary] flashcards[1].frontDe: das Wohnzimmer || [target/vocabulary] phrases[2].de: das Wohnzimmer || [registry/vocabulary] lexicalRegistry.a1-13-noun-12: das Wohnzimmer","[context/vocabulary] flashcards[1].exampleDe: Es gibt ein Wohnzimmer. || [context/writing] writing.modelDe: Meine Wohnung ist 68 Quadratmeter groß. Es gibt ein Wohnzimmer, zwei Schlafzimmer, eine Küche und ein Bad. Es gibt auch einen kleinen Balkon und einen Keller. Die Wohnung ist hell und ruhig. Leider gibt es keinen Aufzug…","","","","",""
"P0-98-original-1297-noun-target","a1-13-noun-13","A1","a1-13","Zentrum","das","neuter","das Zentrum","das Zentrum","dem Zentrum","","Zentren","","a1-lexical-grammar-v1","[target/reading] reading.glossary[3].lemma: Zentrum || [registry/vocabulary] lexicalRegistry.a1-13-noun-13: das Zentrum","","","","","",""
"P0-98-original-1297-noun-target","a1-14-noun-1","A1","a1-14","Tisch","der","masculine","der Tisch","den Tisch","dem Tisch","","Tische","","a1-lexical-grammar-v1","[target/vocabulary] flashcards[0].frontDe: der Tisch || [target/vocabulary] flashcards[4].frontDe: auf dem Tisch || [target/vocabulary] phrases[0].de: der Tisch || [target/vocabulary] phrases[9].de: auf dem Tisch || [registry/vocabulary] lexicalRegistry.a1-14-noun-1: der Tisch","[context/discover] discovery.examples[0]: der Tisch → auf dem Tisch || [context/entry] entry.dialogue[1].de: Er liegt auf dem Tisch. || [context/vocabulary] flashcards[0].exampleDe: Das Buch liegt auf dem Tisch.","","","","",""
"P0-98-original-1297-noun-target","a1-14-noun-2","A1","a1-14","Stuhl","der","masculine","der Stuhl","den Stuhl","dem Stuhl","","Stühle","Stühlen","a1-lexical-grammar-v1","[target/vocabulary] phrases[1].de: der Stuhl || [target/vocabulary] phrases[15].de: zwischen den Stühlen || [registry/vocabulary] lexicalRegistry.a1-14-noun-2: der Stuhl","[context/discover] discovery.examples[3]: die Stühle → zwischen den Stühlen || [context/listening] listening.questions[2].options[2]: Zwischen den Stühlen || [context/test] miniTest[4].options[0]: zwischen die Stühle","","","","",""
"P0-98-original-1297-noun-target","a1-14-noun-3","A1","a1-14","Schrank","der","masculine","der Schrank","den Schrank","dem Schrank","","Schränke","","a1-lexical-grammar-v1","[target/vocabulary] flashcards[2].frontDe: der Schrank || [target/vocabulary] phrases[14].de: hinter dem Schrank || [target/vocabulary] phrases[4].de: der Schrank || [registry/vocabulary] lexicalRegistry.a1-14-noun-3: der Schrank","","","","","",""
"P0-98-original-1297-noun-target","a1-14-noun-4","A1","a1-14","Lampe","die","feminine","die Lampe","die Lampe","der Lampe","","Lampen","","a1-lexical-grammar-v1","[target/vocabulary] phrases[12].de: neben der Lampe || [target/vocabulary] phrases[6].de: die Lampe || [registry/vocabulary] lexicalRegistry.a1-14-noun-4: die Lampe","[context/entry] entry.dialogue[3].de: Dann schau unter dem Sofa oder neben der Lampe. || [context/listening] listening.questions[0].promptDe: Wo steht die Lampe schon? || [context/listening] listening.questions[1].promptDe: Wo liegt die kleine Lampe?","","","","",""
"P0-98-original-1297-noun-target","a1-14-noun-5","A1","a1-14","Bett","das","neuter","das Bett","das Bett","dem Bett","","Betten","","a1-lexical-grammar-v1","[target/vocabulary] flashcards[5].frontDe: unter dem Bett || [target/vocabulary] phrases[10].de: unter dem Bett || [target/vocabulary] phrases[3].de: das Bett || [registry/vocabulary] lexicalRegistry.a1-14-noun-5: das Bett","[context/discover] discovery.examples[1]: das Bett → unter dem Bett || [context/controlled] exercises[2].acceptedAnswers[0]: Der Schlüssel liegt unter dem Bett || [context/controlled] exercises[2].acceptedAnswers[1]: Unter dem Bett liegt der Schlüssel","","","","",""
"P0-98-original-1297-noun-target","a1-14-noun-6","A1","a1-14","Kleiderschrank","der","masculine","der Kleiderschrank","den Kleiderschrank","dem Kleiderschrank","","Kleiderschränke","","a1-lexical-grammar-v1","[target/reading] reading.glossary[3].lemma: Kleiderschrank || [registry/vocabulary] lexicalRegistry.a1-14-noun-6: der Kleiderschrank","","","","","",""
"P0-98-original-1297-noun-target","a1-14-noun-7","A1","a1-14","Küche","die","feminine","die Küche","die Küche","der Küche","","Küchen","","a1-lexical-grammar-v1","[target/vocabulary] flashcards[6].frontDe: in der Küche || [target/vocabulary] phrases[11].de: in der Küche || [registry/vocabulary] lexicalRegistry.a1-14-noun-7: die Küche","[context/discover] discovery.examples[2]: die Küche → in der Küche || [context/controlled] exercises[3].acceptedAnswers[0]: Das Sofa steht in der Küche || [context/controlled] exercises[3].sentence: Das Sofa steht in die Küche.","","","","",""
"P0-98-original-1297-noun-target","a1-14-noun-8","A1","a1-14","Notizheft","das","neuter","das Notizheft","das Notizheft","dem Notizheft","","Notizhefte","","a1-lexical-grammar-v1","[target/reading] reading.glossary[2].lemma: Notizheft || [registry/vocabulary] lexicalRegistry.a1-14-noun-8: das Notizheft","[context/reading] reading.textDe: Mila wohnt in einem kleinen Zimmer. Das Bett steht links neben der Tür. Über dem Bett hängt ein großes Bild. Gegenüber steht ein Schreibtisch mit einer Lampe. Auf dem Schreibtisch liegen ein Laptop, zwei Bücher und ein …","","","","",""
"P0-98-original-1297-noun-target","a1-14-noun-9","A1","a1-14","Regal","das","neuter","das Regal","das Regal","dem Regal","","Regale","","a1-lexical-grammar-v1","[target/vocabulary] phrases[5].de: das Regal || [registry/vocabulary] lexicalRegistry.a1-14-noun-9: das Regal","[context/listening] listening.transcriptDe: Lukas: Wo steht das neue Regal? — Eda: Im Wohnzimmer, neben dem Fenster. — Lukas: Neben dem Fenster steht schon die Lampe. — Eda: Dann stell das Regal zwischen das Sofa und den Schreibtisch. — Lukas: Gut. Und wo liegt d… || [context/reading] reading.textDe: Mila wohnt in einem kleinen Zimmer. Das Bett steht links neben der Tür. Über dem Bett hängt ein großes Bild. Gegenüber steht ein Schreibtisch mit einer Lampe. Auf dem Schreibtisch liegen ein Laptop, zwei Bücher und ein … || [context/writing] writing.modelDe: Mein Zimmer ist klein, aber hell. Das Bett steht neben der Tür. Über dem Bett hängt ein Bild. Gegenüber steht ein Schreibtisch. Auf dem Tisch liegen mein Laptop und zwei Bücher. Unter dem Tisch steht eine Tasche. Der Sc…","","","","",""
"P0-98-original-1297-noun-target","a1-14-noun-10","A1","a1-14","Schale","die","feminine","die Schale","die Schale","der Schale","","Schalen","","a1-lexical-grammar-v1","[target/reading] reading.glossary[4].lemma: Schale || [registry/vocabulary] lexicalRegistry.a1-14-noun-10: die Schale","[context/mediation] mediation.sourceDe: Der Schlüssel liegt in der Schale neben der Tür. Die Handtücher sind im Schrank im Bad. Die Tassen stehen im Regal über der Kaffeemaschine. || [context/reading] reading.questions[2].options[1]: In der Schale || [context/reading] reading.textDe: Mila wohnt in einem kleinen Zimmer. Das Bett steht links neben der Tür. Über dem Bett hängt ein großes Bild. Gegenüber steht ein Schreibtisch mit einer Lampe. Auf dem Schreibtisch liegen ein Laptop, zwei Bücher und ein …","","","","",""
"P0-98-original-1297-noun-target","a1-14-noun-11","A1","a1-14","Schlüssel","der","masculine","der Schlüssel","den Schlüssel","dem Schlüssel","","Schlüssel","","a1-lexical-grammar-v1","[target/vocabulary] flashcards[3].frontDe: der Schlüssel || [target/vocabulary] phrases[7].de: der Schlüssel || [registry/vocabulary] lexicalRegistry.a1-14-noun-11: der Schlüssel","[context/entry] entry.dialogue[0].de: Wo ist mein Schlüssel? || [context/controlled] exercises[2].acceptedAnswers[1]: Unter dem Bett liegt der Schlüssel || [context/vocabulary] flashcards[3].exampleDe: Wo ist der Schlüssel?","","","","",""
"P0-98-original-1297-noun-target","a1-14-noun-12","A1","a1-14","Schreibtisch","der","masculine","der Schreibtisch","den Schreibtisch","dem Schreibtisch","","Schreibtische","","a1-lexical-grammar-v1","[target/reading] reading.glossary[1].lemma: Schreibtisch || [registry/vocabulary] lexicalRegistry.a1-14-noun-12: der Schreibtisch","[context/listening] listening.transcriptDe: Lukas: Wo steht das neue Regal? — Eda: Im Wohnzimmer, neben dem Fenster. — Lukas: Neben dem Fenster steht schon die Lampe. — Eda: Dann stell das Regal zwischen das Sofa und den Schreibtisch. — Lukas: Gut. Und wo liegt d… || [context/reading] reading.textDe: Mila wohnt in einem kleinen Zimmer. Das Bett steht links neben der Tür. Über dem Bett hängt ein großes Bild. Gegenüber steht ein Schreibtisch mit einer Lampe. Auf dem Schreibtisch liegen ein Laptop, zwei Bücher und ein … || [context/writing] writing.modelDe: Mein Zimmer ist klein, aber hell. Das Bett steht neben der Tür. Über dem Bett hängt ein Bild. Gegenüber steht ein Schreibtisch. Auf dem Tisch liegen mein Laptop und zwei Bücher. Unter dem Tisch steht eine Tasche. Der Sc…","","","","",""
"P0-98-original-1297-noun-target","a1-14-noun-13","A1","a1-14","Sofa","das","neuter","das Sofa","das Sofa","dem Sofa","","Sofas","","a1-lexical-grammar-v1","[target/vocabulary] flashcards[1].frontDe: das Sofa || [target/vocabulary] phrases[13].de: vor dem Sofa || [target/vocabulary] phrases[2].de: das Sofa || [registry/vocabulary] lexicalRegistry.a1-14-noun-13: das Sofa","[context/entry] entry.dialogue[3].de: Dann schau unter dem Sofa oder neben der Lampe. || [context/vocabulary] flashcards[8].exampleDe: Das Buch liegt auf dem Sofa. || [context/listening] listening.questions[0].options[2]: Auf dem Sofa","","","","",""
"P0-98-original-1297-noun-target","a1-14-noun-14","A1","a1-14","Suche","die","feminine","die Suche","die Suche","der Suche","","Suchen","","a1-lexical-grammar-v1","[target/reading] reading.glossary[6].lemma: Suche || [registry/vocabulary] lexicalRegistry.a1-14-noun-14: die Suche","","","","","",""
"P0-98-original-1297-noun-target","a1-14-noun-15","A1","a1-14","Tür","die","feminine","die Tür","die Tür","der Tür","","Türen","","a1-lexical-grammar-v1","[target/vocabulary] flashcards[7].frontDe: neben der Tür || [registry/vocabulary] lexicalRegistry.a1-14-noun-15: die Tür","[context/vocabulary] flashcards[7].exampleDe: Die Lampe steht neben der Tür. || [context/listening] listening.questions[2].options[3]: Hinter der Tür || [context/listening] listening.transcriptDe: Lukas: Wo steht das neue Regal? — Eda: Im Wohnzimmer, neben dem Fenster. — Lukas: Neben dem Fenster steht schon die Lampe. — Eda: Dann stell das Regal zwischen das Sofa und den Schreibtisch. — Lukas: Gut. Und wo liegt d…","","","","",""
"P0-98-original-1297-noun-target","a1-15-noun-1","A1","a1-15","Anzeige","die","feminine","die Anzeige","die Anzeige","der Anzeige","","Anzeigen","","a1-lexical-grammar-v1","[target/reading] reading.glossary[0].lemma: Anzeige || [registry/vocabulary] lexicalRegistry.a1-15-noun-1: die Anzeige","","","","","",""
"P0-98-original-1297-noun-target","a1-15-noun-2","A1","a1-15","Miete","die","feminine","die Miete","die Miete","der Miete","","Mieten","","a1-lexical-grammar-v1","[target/vocabulary] flashcards[3].frontDe: Wie hoch ist die Miete? || [target/vocabulary] phrases[3].de: Wie hoch ist die Miete? || [registry/vocabulary] lexicalRegistry.a1-15-noun-2: die Miete","[context/controlled] exercises[1].template: Wie ___ ist die Miete? || [context/test] miniTest[1].options[0]: Wie hoch ist die Miete? || [context/test] miniTest[1].promptDe: Frage nach der Miete","","","","",""
"P0-98-original-1297-noun-target","a1-15-noun-3","A1","a1-15","Besichtigungstermin","der","masculine","der Besichtigungstermin","den Besichtigungstermin","dem Besichtigungstermin","","Besichtigungstermine","","a1-lexical-grammar-v1","[registry/vocabulary] lexicalRegistry.a1-15-noun-3: der Besichtigungstermin","[context/speaking] speaking.promptDe: Rufen Sie wegen einer Wohnung an. Fragen Sie nach Größe, Miete, zwei Ausstattungen und einem Besichtigungstermin.","","","","",""
"P0-98-original-1297-noun-target","a1-15-noun-4","A1","a1-15","Vermieter","der","masculine","der Vermieter","den Vermieter","dem Vermieter","","Vermieter","","a1-lexical-grammar-v1","[registry/vocabulary] lexicalRegistry.a1-15-noun-4: der Vermieter","","","","","",""
"P0-98-original-1297-noun-target","a1-15-noun-5","A1","a1-15","Hof","der","masculine","der Hof","den Hof","dem Hof","","Höfe","","a1-lexical-grammar-v1","[target/reading] reading.glossary[5].lemma: Hof || [registry/vocabulary] lexicalRegistry.a1-15-noun-5: der Hof","","","","","",""
"P0-98-original-1297-noun-target","a1-15-noun-6","A1","a1-15","Kaltmiete","die","feminine","die Kaltmiete","die Kaltmiete","der Kaltmiete","","Kaltmieten","","a1-lexical-grammar-v1","[target/vocabulary] flashcards[4].frontDe: die Kaltmiete || [target/vocabulary] phrases[4].de: die Kaltmiete || [registry/vocabulary] lexicalRegistry.a1-15-noun-6: die Kaltmiete","[context/controlled] exercises[0].options[0]: die Kaltmiete","","","","",""
"P0-98-original-1297-noun-target","a1-15-noun-7","A1","a1-15","Mai","der","masculine","der Mai","den Mai","dem Mai","","","","a1-lexical-grammar-v1","[target/vocabulary] phrases[8].de: ab dem ersten Mai || [registry/vocabulary] lexicalRegistry.a1-15-noun-7: der Mai","","","","","",""
"P0-98-original-1297-noun-target","a1-15-noun-8","A1","a1-15","Nebenkosten","die","plural-only","die Nebenkosten","die Nebenkosten","den Nebenkosten","","Nebenkosten","","a1-lexical-grammar-v1","[target/vocabulary] flashcards[5].frontDe: die Nebenkosten || [target/vocabulary] phrases[6].de: die Nebenkosten || [registry/vocabulary] lexicalRegistry.a1-15-noun-8: die Nebenkosten","[context/writing] writing.modelDe: Guten Tag, ich interessiere mich für die Wohnung in der Gartenstraße. Ist sie noch frei? Wie groß ist die Wohnung und wie hoch ist die Warmmiete? Gibt es einen Balkon und einen Aufzug? Ich kann die Wohnung am Samstag be…","","","","",""
"P0-98-original-1297-noun-target","a1-15-noun-9","A1","a1-15","Warmmiete","die","feminine","die Warmmiete","die Warmmiete","der Warmmiete","","Warmmieten","","a1-lexical-grammar-v1","[target/vocabulary] phrases[5].de: die Warmmiete || [registry/vocabulary] lexicalRegistry.a1-15-noun-9: die Warmmiete","[context/entry] entry.dialogue[2].de: Wie hoch ist die Warmmiete? || [context/controlled] exercises[0].options[1]: die Warmmiete || [context/listening] listening.questions[0].promptDe: Wie hoch ist die Warmmiete?","","","","",""
"P0-98-original-1297-noun-target","a1-15-noun-10","A1","a1-15","Weg","der","masculine","der Weg","den Weg","dem Weg","","Wege","","a1-lexical-grammar-v1","[target/reading] reading.glossary[6].lemma: Weg || [registry/vocabulary] lexicalRegistry.a1-15-noun-10: der Weg","[context/reading] reading.textDe: Sara sucht eine Wohnung in Leipzig. Anzeige A bietet ein Zimmer mit 32 Quadratmetern für 520 Euro warm. Die Wohnung ist möbliert und zentral, aber es gibt keinen Balkon. Anzeige B hat zwei Zimmer und 58 Quadratmeter. Di…","","","","",""
"P0-98-original-1297-noun-target","a1-15-noun-11","A1","a1-15","Wohnung","die","feminine","die Wohnung","die Wohnung","der Wohnung","","Wohnungen","","a1-lexical-grammar-v1","[target/vocabulary] flashcards[2].frontDe: Wie groß ist die Wohnung? || [target/vocabulary] phrases[12].de: Ich interessiere mich für die Wohnung. || [target/vocabulary] phrases[2].de: Wie groß ist die Wohnung? || [registry/vocabulary] lexicalRegistry.a1-15-noun-11: die Wohnung","[context/entry] entry.dialogue[0].de: Guten Tag. Ich rufe wegen der Wohnung in der Gartenstraße an. || [context/entry] entry.dialogue[1].de: Ja, die Wohnung ist noch frei. || [context/entry] entry.dialogue[4].de: Gibt es einen Aufzug, und wann kann ich die Wohnung besichtigen?","","","","",""
"P0-98-original-1297-noun-target","a1-15-noun-12","A1","a1-15","Wohnungsanzeige","die","feminine","die Wohnungsanzeige","die Wohnungsanzeige","der Wohnungsanzeige","","Wohnungsanzeigen","","a1-lexical-grammar-v1","[target/vocabulary] flashcards[0].frontDe: die Wohnungsanzeige || [target/vocabulary] phrases[0].de: die Wohnungsanzeige || [registry/vocabulary] lexicalRegistry.a1-15-noun-12: die Wohnungsanzeige","[context/vocabulary] flashcards[0].exampleDe: Ich lese eine Wohnungsanzeige. || [context/writing] writing.promptDe: Schreiben Sie 65–75 Wörter zu einer Wohnungsanzeige. Nennen Sie den Grund und fragen Sie nach Miete, Ausstattung und Besichtigung.","","","","",""
"P0-98-original-1297-noun-target","a1-16-noun-1","A1","a1-16","Hobby","das","neuter","das Hobby","das Hobby","dem Hobby","","Hobbys","","a1-lexical-grammar-v1","[registry/vocabulary] lexicalRegistry.a1-16-noun-1: das Hobby","[context/reading] reading.textDe: Im Deutschkurs stellt jede Person ein Hobby vor. Kenji fotografiert gern und kann einfache Porträts machen. Salma kocht am liebsten und bringt ein Rezept für Couscous mit. Jonas spielt Gitarre, aber er kann keine Noten …","","","","",""
"P0-98-original-1297-noun-target","a1-16-noun-2","A1","a1-16","Freizeit","die","feminine","die Freizeit","die Freizeit","der Freizeit","","","","a1-lexical-grammar-v1","[target/vocabulary] flashcards[0].frontDe: die Freizeit || [target/vocabulary] phrases[0].de: die Freizeit || [registry/vocabulary] lexicalRegistry.a1-16-noun-2: die Freizeit","[context/entry] entry.dialogue[0].de: Was machst du gern in deiner Freizeit? || [context/vocabulary] flashcards[0].exampleDe: Was machst du in deiner Freizeit? || [context/writing] writing.modelDe: In meiner Freizeit höre ich gern Musik und lese Bücher. Ich spiele auch Fußball, aber ich schwimme lieber. Am liebsten wandere ich am Wochenende mit Freunden. Ich kann gut fotografieren, aber ich kann nicht gut tanzen. …","","","","",""
"P0-98-original-1297-noun-target","a1-16-noun-3","A1","a1-16","Buch","das","neuter","das Buch","das Buch","dem Buch","","Bücher","","a1-lexical-grammar-v1","[registry/vocabulary] lexicalRegistry.a1-16-noun-3: das Buch","","","","","",""
"P0-98-original-1297-noun-target","a1-16-noun-4","A1","a1-16","Sport","der","masculine","der Sport","den Sport","dem Sport","","","","a1-lexical-grammar-v1","[registry/vocabulary] lexicalRegistry.a1-16-noun-4: der Sport","","","","","",""
"P0-98-original-1297-noun-target","a1-16-noun-5","A1","a1-16","Note","die","feminine","die Note","die Note","der Note","","Noten","","a1-lexical-grammar-v1","[target/reading] reading.glossary[3].lemma: Note || [registry/vocabulary] lexicalRegistry.a1-16-noun-5: die Note","[context/reading] reading.textDe: Im Deutschkurs stellt jede Person ein Hobby vor. Kenji fotografiert gern und kann einfache Porträts machen. Salma kocht am liebsten und bringt ein Rezept für Couscous mit. Jonas spielt Gitarre, aber er kann keine Noten …","","","","",""
"P0-98-original-1297-noun-target","a1-16-noun-6","A1","a1-16","Porträt","das","neuter","das Porträt","das Porträt","dem Porträt","","Porträts","","a1-lexical-grammar-v1","[target/reading] reading.glossary[1].lemma: Porträt || [registry/vocabulary] lexicalRegistry.a1-16-noun-6: das Porträt","","","","","",""
"P0-98-original-1297-noun-target","a1-16-noun-7","A1","a1-16","Rezept","das","neuter","das Rezept","das Rezept","dem Rezept","","Rezepte","","a1-lexical-grammar-v1","[target/reading] reading.glossary[2].lemma: Rezept || [registry/vocabulary] lexicalRegistry.a1-16-noun-7: das Rezept","[context/reading] reading.textDe: Im Deutschkurs stellt jede Person ein Hobby vor. Kenji fotografiert gern und kann einfache Porträts machen. Salma kocht am liebsten und bringt ein Rezept für Couscous mit. Jonas spielt Gitarre, aber er kann keine Noten …","","","","",""
"P0-98-original-1297-noun-target","a1-16-noun-8","A1","a1-16","Tausch","der","masculine","der Tausch","den Tausch","dem Tausch","","","","a1-lexical-grammar-v1","[target/reading] reading.glossary[4].lemma: Tausch || [registry/vocabulary] lexicalRegistry.a1-16-noun-8: der Tausch","","","","","",""
"P0-98-original-1297-noun-target","a1-17-noun-1","A1","a1-17","Kino","das","neuter","das Kino","das Kino","dem Kino","","Kinos","","a1-lexical-grammar-v1","[target/vocabulary] flashcards[8].frontDe: vor dem Kino || [target/vocabulary] phrases[9].de: vor dem Kino || [registry/vocabulary] lexicalRegistry.a1-17-noun-1: das Kino","[context/discover] discovery.examples[3]: Samstag, 19:30 Uhr, vor dem Kino || [context/entry] entry.dialogue[4].de: Das passt. Treffen wir uns um halb acht vor dem Kino? || [context/controlled] exercises[4].pairs[2].right: Also Samstag um acht vor dem Kino.","","","","",""
"P0-98-original-1297-noun-target","a1-17-noun-2","A1","a1-17","Wochenende","das","neuter","das Wochenende","das Wochenende","dem Wochenende","","Wochenenden","","a1-lexical-grammar-v1","[registry/vocabulary] lexicalRegistry.a1-17-noun-2: das Wochenende","","","","","",""
"P0-98-original-1297-noun-target","a1-17-noun-3","A1","a1-17","Einladung","die","feminine","die Einladung","die Einladung","der Einladung","","Einladungen","","a1-lexical-grammar-v1","[registry/vocabulary] lexicalRegistry.a1-17-noun-3: die Einladung","","","","","",""
"P0-98-original-1297-noun-target","a1-17-noun-4","A1","a1-17","Veranstaltung","die","feminine","die Veranstaltung","die Veranstaltung","der Veranstaltung","","Veranstaltungen","","a1-lexical-grammar-v1","[registry/vocabulary] lexicalRegistry.a1-17-noun-4: die Veranstaltung","","","","","",""
"P0-98-original-1297-noun-target","a1-17-noun-5","A1","a1-17","Eingang","der","masculine","der Eingang","den Eingang","dem Eingang","","Eingänge","","a1-lexical-grammar-v1","[target/reading] reading.glossary[5].lemma: Eingang || [registry/vocabulary] lexicalRegistry.a1-17-noun-5: der Eingang","","","","","",""
"P0-98-original-1297-noun-target","a1-17-noun-6","A1","a1-17","Fahrradtour","die","feminine","die Fahrradtour","die Fahrradtour","der Fahrradtour","","Fahrradtouren","","a1-lexical-grammar-v1","[target/reading] reading.glossary[1].lemma: Fahrradtour || [registry/vocabulary] lexicalRegistry.a1-17-noun-6: die Fahrradtour","[context/reading] reading.questions[0].promptDe: Warum machen sie keine Fahrradtour? || [context/reading] reading.textDe: Nora schreibt an ihre Gruppe: „Habt ihr am Sonntag Lust auf eine Fahrradtour?“ Sami möchte gern mitkommen, aber er kann erst ab elf Uhr. Mei will am Nachmittag ihre Eltern anrufen und schlägt deshalb zehn Uhr vor. Jonas…","","","","",""
"P0-98-original-1297-noun-target","a1-17-noun-7","A1","a1-17","Film","der","masculine","der Film","den Film","dem Film","","Filme","","a1-lexical-grammar-v1","[target/vocabulary] phrases[2].de: Ich will einen Film sehen. || [registry/vocabulary] lexicalRegistry.a1-17-noun-7: der Film","[context/discover] discovery.examples[0]: Ich will einen Film sehen. || [context/entry] entry.dialogue[2].de: Ich will den neuen Film um fünf sehen. || [context/controlled] exercises[3].acceptedAnswers[0]: Ich will einen Film sehen","","","","",""
"P0-98-original-1297-noun-target","a1-17-noun-8","A1","a1-17","Gruppe","die","feminine","die Gruppe","die Gruppe","der Gruppe","","Gruppen","","a1-lexical-grammar-v1","[target/reading] reading.glossary[0].lemma: Gruppe || [registry/vocabulary] lexicalRegistry.a1-17-noun-8: die Gruppe","[context/reading] reading.textDe: Nora schreibt an ihre Gruppe: „Habt ihr am Sonntag Lust auf eine Fahrradtour?“ Sami möchte gern mitkommen, aber er kann erst ab elf Uhr. Mei will am Nachmittag ihre Eltern anrufen und schlägt deshalb zehn Uhr vor. Jonas…","","","","",""
"P0-98-original-1297-noun-target","a1-18-noun-1","A1","a1-18","Wetter","das","neuter","das Wetter","das Wetter","dem Wetter","","","","a1-lexical-grammar-v1","[target/vocabulary] flashcards[0].frontDe: Wie ist das Wetter? || [target/vocabulary] phrases[0].de: Wie ist das Wetter? || [registry/vocabulary] lexicalRegistry.a1-18-noun-1: das Wetter","[context/entry] entry.dialogue[0].de: Wie wird das Wetter am Samstag? || [context/vocabulary] flashcards[0].exampleDe: Wie ist das Wetter am Samstag? || [context/listening] listening.questions[0].promptDe: Wie ist das Wetter heute Nachmittag?","","","","",""
"P0-98-original-1297-noun-target","a1-18-noun-2","A1","a1-18","Sonne","die","feminine","die Sonne","die Sonne","der Sonne","","Sonnen","","a1-lexical-grammar-v1","[registry/vocabulary] lexicalRegistry.a1-18-noun-2: die Sonne","[context/listening] listening.transcriptDe: Heute Vormittag ist es in Berlin bewölkt und kühl bei vierzehn Grad. Am Nachmittag regnet es, und der Wind wird stärker. Nehmen Sie eine Jacke und einen Regenschirm mit. Morgen scheint am Vormittag die Sonne. Es sind et…","","","","",""
"P0-98-original-1297-noun-target","a1-18-noun-3","A1","a1-18","Temperatur","die","feminine","die Temperatur","die Temperatur","der Temperatur","","Temperaturen","","a1-lexical-grammar-v1","[registry/vocabulary] lexicalRegistry.a1-18-noun-3: die Temperatur","","","","","",""
"P0-98-original-1297-noun-target","a1-18-noun-4","A1","a1-18","Wolke","die","feminine","die Wolke","die Wolke","der Wolke","","Wolken","","a1-lexical-grammar-v1","[registry/vocabulary] lexicalRegistry.a1-18-noun-4: die Wolke","","","","","",""
"P0-98-original-1297-noun-target","a1-18-noun-5","A1","a1-18","Regenschirm","der","masculine","der Regenschirm","den Regenschirm","dem Regenschirm","","Regenschirme","","a1-lexical-grammar-v1","[target/vocabulary] flashcards[9].frontDe: der Regenschirm || [registry/vocabulary] lexicalRegistry.a1-18-noun-5: der Regenschirm","[context/vocabulary] flashcards[9].exampleDe: Nimm einen Regenschirm mit. || [context/listening] listening.transcriptDe: Heute Vormittag ist es in Berlin bewölkt und kühl bei vierzehn Grad. Am Nachmittag regnet es, und der Wind wird stärker. Nehmen Sie eine Jacke und einen Regenschirm mit. Morgen scheint am Vormittag die Sonne. Es sind et…","","","","",""
"P0-98-original-1297-noun-target","a1-18-noun-6","A1","a1-18","See","der","masculine","der See","den See","dem See","","Seen","","a1-lexical-grammar-v1","[target/reading] reading.glossary[0].lemma: See || [registry/vocabulary] lexicalRegistry.a1-18-noun-6: der See","[context/reading] reading.textDe: Eine Gruppe plant das Wochenende. Am Samstag möchten alle an einem See grillen. Der Wetterbericht sagt aber Regen und starken Wind am Nachmittag. Am Vormittag sind es noch 17 Grad, später nur zwölf. Deshalb entwickelt d…","","","","",""
"P0-98-original-1297-noun-target","a1-18-noun-7","A1","a1-18","Technikmuseum","das","neuter","das Technikmuseum","das Technikmuseum","dem Technikmuseum","","Technikmuseen","","a1-lexical-grammar-v1","[target/reading] reading.glossary[5].lemma: Technikmuseum || [registry/vocabulary] lexicalRegistry.a1-18-noun-7: das Technikmuseum","[context/reading] reading.textDe: Eine Gruppe plant das Wochenende. Am Samstag möchten alle an einem See grillen. Der Wetterbericht sagt aber Regen und starken Wind am Nachmittag. Am Vormittag sind es noch 17 Grad, später nur zwölf. Deshalb entwickelt d…","","","","",""
"P0-98-original-1297-noun-target","a1-18-noun-8","A1","a1-18","Wetterbericht","der","masculine","der Wetterbericht","den Wetterbericht","dem Wetterbericht","","Wetterberichte","","a1-lexical-grammar-v1","[target/reading] reading.glossary[1].lemma: Wetterbericht || [registry/vocabulary] lexicalRegistry.a1-18-noun-8: der Wetterbericht","[context/reading] reading.textDe: Eine Gruppe plant das Wochenende. Am Samstag möchten alle an einem See grillen. Der Wetterbericht sagt aber Regen und starken Wind am Nachmittag. Am Vormittag sind es noch 17 Grad, später nur zwölf. Deshalb entwickelt d…","","","","",""
"P0-98-original-1297-noun-target","a1-19-noun-1","A1","a1-19","Verkehrsmittel","das","neuter","das Verkehrsmittel","das Verkehrsmittel","dem Verkehrsmittel","","Verkehrsmittel","","a1-lexical-grammar-v1","[registry/vocabulary] lexicalRegistry.a1-19-noun-1: das Verkehrsmittel","","","","","",""
"P0-98-original-1297-noun-target","a1-19-noun-2","A1","a1-19","Bus","der","masculine","der Bus","den Bus","dem Bus","","Busse","","a1-lexical-grammar-v1","[target/vocabulary] flashcards[0].frontDe: der Bus || [target/vocabulary] phrases[0].de: der Bus || [target/vocabulary] phrases[8].de: mit dem Bus || [registry/vocabulary] lexicalRegistry.a1-19-noun-2: der Bus","[context/discover] discovery.examples[0]: der Bus → mit dem Bus || [context/entry] entry.dialogue[4].de: Ich fahre mit dem Fahrrad. Bei Regen nehme ich den Bus. || [context/controlled] exercises[3].acceptedAnswers[0]: Ich fahre mit dem Bus","","","","",""
"P0-98-original-1297-noun-target","a1-19-noun-3","A1","a1-19","Bahn","die","feminine","die Bahn","die Bahn","der Bahn","","Bahnen","","a1-lexical-grammar-v1","[registry/vocabulary] lexicalRegistry.a1-19-noun-3: die Bahn","[context/rule] theory[1].examples[2].de: Du fährst mit der Bahn.","","","","",""
"P0-98-original-1297-noun-target","a1-19-noun-4","A1","a1-19","Fahrrad","das","neuter","das Fahrrad","das Fahrrad","dem Fahrrad","","Fahrräder","","a1-lexical-grammar-v1","[target/vocabulary] flashcards[3].frontDe: das Fahrrad || [target/vocabulary] phrases[10].de: mit dem Fahrrad || [target/vocabulary] phrases[5].de: das Fahrrad || [registry/vocabulary] lexicalRegistry.a1-19-noun-4: das Fahrrad","[context/discover] discovery.examples[1]: das Fahrrad → mit dem Fahrrad || [context/entry] entry.dialogue[4].de: Ich fahre mit dem Fahrrad. Bei Regen nehme ich den Bus. || [context/controlled] exercises[2].acceptedAnswers[0]: Ich fahre mit dem Fahrrad zur Arbeit","","","","",""
"P0-98-original-1297-noun-target","a1-19-noun-5","A1","a1-19","Auto","das","neuter","das Auto","das Auto","dem Auto","","Autos","","a1-lexical-grammar-v1","[target/vocabulary] phrases[6].de: das Auto || [registry/vocabulary] lexicalRegistry.a1-19-noun-5: das Auto","","","","","",""
"P0-98-original-1297-noun-target","a1-19-noun-6","A1","a1-19","Fahrkarte","die","feminine","die Fahrkarte","die Fahrkarte","der Fahrkarte","","Fahrkarten","","a1-lexical-grammar-v1","[target/vocabulary] flashcards[8].frontDe: die Fahrkarte || [target/vocabulary] phrases[14].de: eine Fahrkarte kaufen || [registry/vocabulary] lexicalRegistry.a1-19-noun-6: die Fahrkarte","[context/vocabulary] flashcards[8].exampleDe: Ich kaufe eine Fahrkarte. || [context/listening] listening.transcriptDe: Fahrgast: Wie komme ich zum Hauptbahnhof? — Mitarbeiterin: Fahren Sie zuerst mit der Straßenbahn Nummer vier bis Rathaus. Dort steigen Sie in die U-Bahn Linie zwei um. — Fahrgast: Wie lange dauert die Fahrt? — Mitarbeit…","","","","",""
"P0-98-original-1297-noun-target","a1-19-noun-7","A1","a1-19","Nachricht","die","feminine","die Nachricht","die Nachricht","der Nachricht","","Nachrichten","","a1-lexical-grammar-v1","[target/reading] reading.glossary[7].lemma: Nachricht || [registry/vocabulary] lexicalRegistry.a1-19-noun-7: die Nachricht","[context/reading] reading.textDe: Mila, Omar und Jonas besuchen denselben Deutschkurs, aber sie kommen unterschiedlich. Mila wohnt nur einen Kilometer entfernt und geht meistens zu Fuß. Bei Regen nimmt sie den Bus. Omar fährt mit der U-Bahn und steigt a…","","","","",""
"P0-98-original-1297-noun-target","a1-19-noun-8","A1","a1-19","S-Bahn","die","feminine","die S-Bahn","die S-Bahn","der S-Bahn","","S-Bahnen","","a1-lexical-grammar-v1","[target/vocabulary] phrases[3].de: die S-Bahn || [registry/vocabulary] lexicalRegistry.a1-19-noun-8: die S-Bahn","[context/reading] reading.textDe: Mila, Omar und Jonas besuchen denselben Deutschkurs, aber sie kommen unterschiedlich. Mila wohnt nur einen Kilometer entfernt und geht meistens zu Fuß. Bei Regen nimmt sie den Bus. Omar fährt mit der U-Bahn und steigt a…","","","","",""
"P0-98-original-1297-noun-target","a1-19-noun-9","A1","a1-19","Straßenbahn","die","feminine","die Straßenbahn","die Straßenbahn","der Straßenbahn","","Straßenbahnen","","a1-lexical-grammar-v1","[target/vocabulary] phrases[1].de: die Straßenbahn || [registry/vocabulary] lexicalRegistry.a1-19-noun-9: die Straßenbahn","[context/listening] listening.transcriptDe: Fahrgast: Wie komme ich zum Hauptbahnhof? — Mitarbeiterin: Fahren Sie zuerst mit der Straßenbahn Nummer vier bis Rathaus. Dort steigen Sie in die U-Bahn Linie zwei um. — Fahrgast: Wie lange dauert die Fahrt? — Mitarbeit… || [context/reading] reading.textDe: Mila, Omar und Jonas besuchen denselben Deutschkurs, aber sie kommen unterschiedlich. Mila wohnt nur einen Kilometer entfernt und geht meistens zu Fuß. Bei Regen nimmt sie den Bus. Omar fährt mit der U-Bahn und steigt a… || [context/rule] theory[0].examples[4].de: mit der Straßenbahn","","","","",""
"P0-98-original-1297-noun-target","a1-19-noun-10","A1","a1-19","U-Bahn","die","feminine","die U-Bahn","die U-Bahn","der U-Bahn","","U-Bahnen","","a1-lexical-grammar-v1","[target/vocabulary] flashcards[1].frontDe: die U-Bahn || [target/vocabulary] phrases[2].de: die U-Bahn || [target/vocabulary] phrases[9].de: mit der U-Bahn || [registry/vocabulary] lexicalRegistry.a1-19-noun-10: die U-Bahn","[context/discover] discovery.examples[2]: die U-Bahn → mit der U-Bahn || [context/entry] entry.dialogue[1].de: Ich fahre mit der U-Bahn. || [context/vocabulary] flashcards[1].exampleDe: Sie fährt mit der U-Bahn.","","","","",""
"P0-98-original-1297-noun-target","a1-19-noun-11","A1","a1-19","Verbindung","die","feminine","die Verbindung","die Verbindung","der Verbindung","","Verbindungen","","a1-lexical-grammar-v1","[target/reading] reading.glossary[5].lemma: Verbindung || [registry/vocabulary] lexicalRegistry.a1-19-noun-11: die Verbindung","[context/reading] reading.textDe: Mila, Omar und Jonas besuchen denselben Deutschkurs, aber sie kommen unterschiedlich. Mila wohnt nur einen Kilometer entfernt und geht meistens zu Fuß. Bei Regen nimmt sie den Bus. Omar fährt mit der U-Bahn und steigt a…","","","","",""
"P0-98-original-1297-noun-target","a1-19-noun-12","A1","a1-19","Verspätung","die","feminine","die Verspätung","die Verspätung","der Verspätung","","Verspätungen","","a1-lexical-grammar-v1","[target/vocabulary] flashcards[9].frontDe: die Verspätung || [target/reading] reading.glossary[6].lemma: Verspätung || [registry/vocabulary] lexicalRegistry.a1-19-noun-12: die Verspätung","","","","","",""
"P0-98-original-1297-noun-target","a1-19-noun-13","A1","a1-19","Zug","der","masculine","der Zug","den Zug","dem Zug","","Züge","","a1-lexical-grammar-v1","[target/vocabulary] flashcards[2].frontDe: der Zug || [target/vocabulary] phrases[4].de: der Zug || [registry/vocabulary] lexicalRegistry.a1-19-noun-13: der Zug","[context/discover] discovery.examples[3]: die Züge → mit den Zügen || [context/controlled] exercises[5].promptDe: Du ___ mit dem Zug. || [context/vocabulary] flashcards[2].exampleDe: Wir nehmen den Zug.","","","","",""
"P0-98-original-1297-noun-target","a1-20-noun-1","A1","a1-20","Weg","der","masculine","der Weg","den Weg","dem Weg","","Wege","","a1-lexical-grammar-v1","[registry/vocabulary] lexicalRegistry.a1-20-noun-1: der Weg","[context/listening] listening.questions[2].promptDe: Wie lange dauert der Weg? || [context/reading] reading.textDe: Die Sprachschule liegt nicht weit vom Hauptbahnhof. Verlassen Sie den Bahnhof am Ausgang Süd. Gehen Sie geradeaus bis zur großen Ampel. Überqueren Sie dort die Straße und biegen Sie rechts in die Lindenstraße ab. Gehen … || [context/speaking] speaking.promptDe: Erklären Sie in 50–60 Sekunden einen Weg mit Start, vier Schritten, Orientierungspunkten und Ziel.","","","","",""
"P0-98-original-1297-noun-target","a1-20-noun-2","A1","a1-20","Kreuzung","die","feminine","die Kreuzung","die Kreuzung","der Kreuzung","","Kreuzungen","","a1-lexical-grammar-v1","[target/vocabulary] phrases[7].de: an der Kreuzung || [registry/vocabulary] lexicalRegistry.a1-20-noun-2: die Kreuzung","","","","","",""
"P0-98-original-1297-noun-target","a1-20-noun-3","A1","a1-20","Ampel","die","feminine","die Ampel","die Ampel","der Ampel","","Ampeln","","a1-lexical-grammar-v1","[target/vocabulary] flashcards[4].frontDe: an der Ampel || [target/vocabulary] phrases[6].de: an der Ampel || [registry/vocabulary] lexicalRegistry.a1-20-noun-3: die Ampel","[context/entry] entry.dialogue[2].de: An der Ampel links? || [context/entry] entry.dialogue[4].de: Also geradeaus, an der Ampel links und an der Bank vorbei. Danke! || [context/vocabulary] flashcards[2].exampleDe: Biegen Sie an der Ampel links ab.","","","","",""
"P0-98-original-1297-noun-target","a1-20-noun-4","A1","a1-20","Haltestelle","die","feminine","die Haltestelle","die Haltestelle","der Haltestelle","","Haltestellen","","a1-lexical-grammar-v1","[registry/vocabulary] lexicalRegistry.a1-20-noun-4: die Haltestelle","","","","","",""
"P0-98-original-1297-noun-target","a1-20-noun-5","A1","a1-20","Apotheke","die","feminine","die Apotheke","die Apotheke","der Apotheke","","Apotheken","","a1-lexical-grammar-v1","[target/vocabulary] phrases[12].de: neben der Apotheke || [registry/vocabulary] lexicalRegistry.a1-20-noun-5: die Apotheke","[context/entry] entry.dialogue[3].de: Genau. Gehen Sie an der Bank vorbei. Die Post ist neben der Apotheke. || [context/reading] reading.questions[2].options[2]: Gegenüber der Apotheke || [context/reading] reading.textDe: Die Sprachschule liegt nicht weit vom Hauptbahnhof. Verlassen Sie den Bahnhof am Ausgang Süd. Gehen Sie geradeaus bis zur großen Ampel. Überqueren Sie dort die Straße und biegen Sie rechts in die Lindenstraße ab. Gehen …","","","","",""
"P0-98-original-1297-noun-target","a1-20-noun-6","A1","a1-20","Ausgang","der","masculine","der Ausgang","den Ausgang","dem Ausgang","","Ausgänge","","a1-lexical-grammar-v1","[target/reading] reading.glossary[1].lemma: Ausgang || [registry/vocabulary] lexicalRegistry.a1-20-noun-6: der Ausgang","","","","","",""
"P0-98-original-1297-noun-target","a1-20-noun-7","A1","a1-20","Bäckerei","die","feminine","die Bäckerei","die Bäckerei","der Bäckerei","","Bäckereien","","a1-lexical-grammar-v1","[target/reading] reading.glossary[3].lemma: Bäckerei || [registry/vocabulary] lexicalRegistry.a1-20-noun-7: die Bäckerei","[context/reading] reading.questions[2].options[3]: In der Bäckerei || [context/reading] reading.textDe: Die Sprachschule liegt nicht weit vom Hauptbahnhof. Verlassen Sie den Bahnhof am Ausgang Süd. Gehen Sie geradeaus bis zur großen Ampel. Überqueren Sie dort die Straße und biegen Sie rechts in die Lindenstraße ab. Gehen …","","","","",""
"P0-98-original-1297-noun-target","a1-20-noun-8","A1","a1-20","Bank","die","feminine","die Bank","die Bank","der Bank","","Banken","","a1-lexical-grammar-v1","[target/vocabulary] flashcards[5].frontDe: an der Bank vorbei || [target/vocabulary] phrases[8].de: an der Bank vorbei || [registry/vocabulary] lexicalRegistry.a1-20-noun-8: die Bank","[context/entry] entry.dialogue[3].de: Genau. Gehen Sie an der Bank vorbei. Die Post ist neben der Apotheke. || [context/entry] entry.dialogue[4].de: Also geradeaus, an der Ampel links und an der Bank vorbei. Danke! || [context/vocabulary] flashcards[5].exampleDe: Gehen Sie an der Bank vorbei.","","","","",""
"P0-98-original-1297-noun-target","a1-20-noun-9","A1","a1-20","Brücke","die","feminine","die Brücke","die Brücke","der Brücke","","Brücken","","a1-lexical-grammar-v1","[target/vocabulary] flashcards[6].frontDe: über die Brücke || [target/vocabulary] phrases[9].de: über die Brücke || [registry/vocabulary] lexicalRegistry.a1-20-noun-9: die Brücke","[context/vocabulary] flashcards[6].exampleDe: Gehen Sie über die Brücke. || [context/listening] listening.transcriptDe: Touristin: Entschuldigung, wie komme ich zur Stadtbibliothek? — Passant: Gehen Sie diese Straße geradeaus bis zur zweiten Ampel. Biegen Sie dort links ab. — Touristin: In die Mozartstraße? — Passant: Ja. Gehen Sie dann … || [context/mediation] mediation.sourceDe: Vom Bahnhof geradeaus bis zur ersten Kreuzung, dort rechts, über die Brücke und dann links. Das Büro ist gegenüber dem Hotel.","","","","",""
"P0-98-original-1297-noun-target","a1-20-noun-10","A1","a1-20","Eingang","der","masculine","der Eingang","den Eingang","dem Eingang","","Eingänge","","a1-lexical-grammar-v1","[target/reading] reading.glossary[5].lemma: Eingang || [registry/vocabulary] lexicalRegistry.a1-20-noun-10: der Eingang","","","","","",""
"P0-98-original-1297-noun-target","a1-20-noun-11","A1","a1-20","Hotel","das","neuter","das Hotel","das Hotel","dem Hotel","","Hotels","","a1-lexical-grammar-v1","[target/vocabulary] flashcards[7].frontDe: gegenüber dem Hotel || [target/vocabulary] phrases[11].de: gegenüber dem Hotel || [registry/vocabulary] lexicalRegistry.a1-20-noun-11: das Hotel","[context/controlled] exercises[6].template: Die Apotheke ist ___ dem Hotel. (مقابل) || [context/vocabulary] flashcards[7].exampleDe: Die Post ist gegenüber dem Hotel. || [context/mediation] mediation.sourceDe: Vom Bahnhof geradeaus bis zur ersten Kreuzung, dort rechts, über die Brücke und dann links. Das Büro ist gegenüber dem Hotel.","","","","",""
"P0-98-original-1297-noun-target","a1-20-noun-12","A1","a1-20","Seite","die","feminine","die Seite","die Seite","der Seite","","Seiten","","a1-lexical-grammar-v1","[target/vocabulary] flashcards[9].frontDe: auf der rechten Seite || [target/vocabulary] phrases[13].de: auf der rechten Seite || [registry/vocabulary] lexicalRegistry.a1-20-noun-12: die Seite","[context/vocabulary] flashcards[9].exampleDe: Das Café ist auf der rechten Seite. || [context/listening] listening.transcriptDe: Touristin: Entschuldigung, wie komme ich zur Stadtbibliothek? — Passant: Gehen Sie diese Straße geradeaus bis zur zweiten Ampel. Biegen Sie dort links ab. — Touristin: In die Mozartstraße? — Passant: Ja. Gehen Sie dann …","","","","",""
"P0-98-original-1297-noun-target","a1-20-noun-13","A1","a1-20","Straße","die","feminine","die Straße","die Straße","der Straße","","Straßen","","a1-lexical-grammar-v1","[target/vocabulary] flashcards[3].frontDe: Nehmen Sie die erste Straße. || [target/vocabulary] phrases[5].de: Nehmen Sie die erste Straße. || [registry/vocabulary] lexicalRegistry.a1-20-noun-13: die Straße","[context/discover] discovery.examples[2]: Nehmen Sie die zweite Straße. || [context/controlled] exercises[2].acceptedAnswers[0]: Nehmen Sie die erste Straße || [context/controlled] exercises[2].words[1]: die erste Straße","","","","",""
"P0-98-original-1297-noun-target","a1-20-noun-14","A1","a1-20","Tor","das","neuter","das Tor","das Tor","dem Tor","","Tore","","a1-lexical-grammar-v1","[target/reading] reading.glossary[6].lemma: Tor || [registry/vocabulary] lexicalRegistry.a1-20-noun-14: das Tor","[context/reading] reading.questions[1].options[1]: Nach dem Tor || [context/reading] reading.textDe: Die Sprachschule liegt nicht weit vom Hauptbahnhof. Verlassen Sie den Bahnhof am Ausgang Süd. Gehen Sie geradeaus bis zur großen Ampel. Überqueren Sie dort die Straße und biegen Sie rechts in die Lindenstraße ab. Gehen …","","","","",""
"P0-98-original-1297-noun-target","a1-21-noun-1","A1","a1-21","Reise","die","feminine","die Reise","die Reise","der Reise","","Reisen","","a1-lexical-grammar-v1","[registry/vocabulary] lexicalRegistry.a1-21-noun-1: die Reise","[context/reading] reading.questions[0].promptDe: Warum ändert sich die Reise? || [context/speaking] speaking.promptDe: Erklären Sie in 60 Sekunden eine Reise mit Fahrkarte, Abfahrt, Umstieg, Gleis, Ankunft und Verspätung.","","","","",""
"P0-98-original-1297-noun-target","a1-21-noun-2","A1","a1-21","Bahnhof","der","masculine","der Bahnhof","den Bahnhof","dem Bahnhof","","Bahnhöfe","","a1-lexical-grammar-v1","[registry/vocabulary] lexicalRegistry.a1-21-noun-2: der Bahnhof","","","","","",""
"P0-98-original-1297-noun-target","a1-21-noun-3","A1","a1-21","Zug","der","masculine","der Zug","den Zug","dem Zug","","Züge","","a1-lexical-grammar-v1","[target/vocabulary] phrases[7].de: Wann fährt der Zug ab? || [registry/vocabulary] lexicalRegistry.a1-21-noun-3: der Zug","[context/entry] entry.dialogue[2].de: Einfach. Wann fährt der nächste Zug? || [context/entry] entry.dialogue[4].de: Von welchem Gleis fährt der Zug ab? || [context/vocabulary] flashcards[8].exampleDe: Heute fällt der Zug aus.","","","","",""
"P0-98-original-1297-noun-target","a1-21-noun-4","A1","a1-21","Fahrkarte","die","feminine","die Fahrkarte","die Fahrkarte","der Fahrkarte","","Fahrkarten","","a1-lexical-grammar-v1","[target/vocabulary] flashcards[0].frontDe: eine Fahrkarte || [target/vocabulary] phrases[0].de: eine Fahrkarte nach Hamburg || [registry/vocabulary] lexicalRegistry.a1-21-noun-4: die Fahrkarte","[context/discover] discovery.examples[1]: Sie müssen eine Fahrkarte kaufen. || [context/vocabulary] flashcards[3].exampleDe: Ich brauche eine Fahrkarte hin und zurück. || [context/test] miniTest[2].promptDe: Du ___ eine Fahrkarte kaufen.","","","","",""
"P0-98-original-1297-noun-target","a1-21-noun-5","A1","a1-21","Abfahrt","die","feminine","die Abfahrt","die Abfahrt","der Abfahrt","","Abfahrten","","a1-lexical-grammar-v1","[target/vocabulary] flashcards[4].frontDe: die Abfahrt || [target/vocabulary] phrases[4].de: die Abfahrt || [registry/vocabulary] lexicalRegistry.a1-21-noun-5: die Abfahrt","","","","","",""
"P0-98-original-1297-noun-target","a1-21-noun-6","A1","a1-21","Änderung","die","feminine","die Änderung","die Änderung","der Änderung","","Änderungen","","a1-lexical-grammar-v1","[target/reading] reading.glossary[2].lemma: Änderung || [registry/vocabulary] lexicalRegistry.a1-21-noun-6: die Änderung","[context/reading] reading.textDe: Leila fährt am Freitag von Berlin nach Dresden. Ihr Zug soll um 09:12 Uhr von Gleis sechs abfahren und um 11:05 Uhr ankommen. Am Morgen zeigt die App eine Änderung: Der direkte Zug fällt aus. Leila muss jetzt um 08:50 U… || [context/writing] writing.promptDe: Schreiben Sie 70–80 Wörter über eine Zugreise. Nennen Sie Start, Ziel, Abfahrt, Ankunft, Gleis, Umstieg und eine Änderung.","","","","",""
"P0-98-original-1297-noun-target","a1-21-noun-7","A1","a1-21","Ankunft","die","feminine","die Ankunft","die Ankunft","der Ankunft","","Ankünfte","","a1-lexical-grammar-v1","[target/vocabulary] flashcards[5].frontDe: die Ankunft || [target/vocabulary] phrases[5].de: die Ankunft || [registry/vocabulary] lexicalRegistry.a1-21-noun-7: die Ankunft","[context/reading] reading.textDe: Leila fährt am Freitag von Berlin nach Dresden. Ihr Zug soll um 09:12 Uhr von Gleis sechs abfahren und um 11:05 Uhr ankommen. Am Morgen zeigt die App eine Änderung: Der direkte Zug fällt aus. Leila muss jetzt um 08:50 U…","","","","",""
"P0-98-original-1297-noun-target","a1-21-noun-8","A1","a1-21","Gleis","das","neuter","das Gleis","das Gleis","dem Gleis","","Gleise","","a1-lexical-grammar-v1","[target/vocabulary] flashcards[6].frontDe: das Gleis || [target/vocabulary] phrases[6].de: das Gleis || [registry/vocabulary] lexicalRegistry.a1-21-noun-8: das Gleis","","","","","",""
"P0-98-original-1297-noun-target","a1-21-noun-9","A1","a1-21","Reservierung","die","feminine","die Reservierung","die Reservierung","der Reservierung","","Reservierungen","","a1-lexical-grammar-v1","[target/vocabulary] phrases[13].de: eine Reservierung || [registry/vocabulary] lexicalRegistry.a1-21-noun-9: die Reservierung","","","","","",""
"P0-98-original-1297-noun-target","a1-21-noun-10","A1","a1-21","Screenshot","der","masculine","der Screenshot","den Screenshot","dem Screenshot","","Screenshots","","a1-lexical-grammar-v1","[target/reading] reading.glossary[7].lemma: Screenshot || [registry/vocabulary] lexicalRegistry.a1-21-noun-10: der Screenshot","","","","","",""
"P0-98-original-1297-noun-target","a1-21-noun-11","A1","a1-21","Verbindung","die","feminine","die Verbindung","die Verbindung","der Verbindung","","Verbindungen","","a1-lexical-grammar-v1","[target/reading] reading.glossary[5].lemma: Verbindung || [registry/vocabulary] lexicalRegistry.a1-21-noun-11: die Verbindung","[context/reading] reading.textDe: Leila fährt am Freitag von Berlin nach Dresden. Ihr Zug soll um 09:12 Uhr von Gleis sechs abfahren und um 11:05 Uhr ankommen. Am Morgen zeigt die App eine Änderung: Der direkte Zug fällt aus. Leila muss jetzt um 08:50 U…","","","","",""
"P0-98-original-1297-noun-target","a1-22-noun-1","A1","a1-22","Körper","der","masculine","der Körper","den Körper","dem Körper","","Körper","","a1-lexical-grammar-v1","[registry/vocabulary] lexicalRegistry.a1-22-noun-1: der Körper","","","","","",""
"P0-98-original-1297-noun-target","a1-22-noun-2","A1","a1-22","Kopf","der","masculine","der Kopf","den Kopf","dem Kopf","","Köpfe","","a1-lexical-grammar-v1","[target/vocabulary] flashcards[0].frontDe: der Kopf || [target/vocabulary] phrases[0].de: der Kopf || [registry/vocabulary] lexicalRegistry.a1-22-noun-2: der Kopf","","","","","",""
"P0-98-original-1297-noun-target","a1-22-noun-3","A1","a1-22","Rücken","der","masculine","der Rücken","den Rücken","dem Rücken","","Rücken","","a1-lexical-grammar-v1","[target/vocabulary] flashcards[1].frontDe: der Rücken || [target/vocabulary] phrases[5].de: der Rücken || [registry/vocabulary] lexicalRegistry.a1-22-noun-3: der Rücken","[context/vocabulary] flashcards[1].exampleDe: Mir tut der Rücken weh. || [context/vocabulary] flashcards[9].exampleDe: Seit wann tut der Rücken weh? || [context/listening] listening.questions[0].options[0]: Der Kopf und der Rücken","","","","",""
"P0-98-original-1297-noun-target","a1-22-noun-4","A1","a1-22","Schmerz","der","masculine","der Schmerz","den Schmerz","dem Schmerz","","Schmerzen","","a1-lexical-grammar-v1","[registry/vocabulary] lexicalRegistry.a1-22-noun-4: der Schmerz","[context/listening] listening.transcriptDe: Trainerin: Alles in Ordnung, Dalia? — Dalia: Nicht ganz. Mein linkes Bein tut weh. — Trainerin: Seit wann? — Dalia: Seit dem Lauf heute Morgen. Mein Fuß tut auch ein bisschen weh. — Trainerin: Kannst du normal gehen? — …","","","","",""
"P0-98-original-1297-noun-target","a1-22-noun-5","A1","a1-22","Arm","der","masculine","der Arm","den Arm","dem Arm","","Arme","","a1-lexical-grammar-v1","[target/vocabulary] phrases[7].de: der Arm || [registry/vocabulary] lexicalRegistry.a1-22-noun-5: der Arm","[context/reading] reading.textDe: Am Wochenende hilft Karim seiner Schwester beim Umzug. Er trägt viele Kisten und baut einen Schrank auf. Am Abend ist er sehr müde. Sein Rücken tut weh, und er hat Schmerzen im rechten Arm. Seine Schwester gibt ihm Wass… || [context/writing] writing.modelDe: Guten Tag. Seit gestern habe ich Rückenschmerzen. Mein rechter Arm tut auch weh. Ich habe kein Fieber und keine Kopfschmerzen. Ich kann gehen, aber ich kann den Arm nur langsam bewegen. Die Schmerzen sind heute stärker.…","","","","",""
"P0-98-original-1297-noun-target","a1-22-noun-6","A1","a1-22","Arztpraxis","die","feminine","die Arztpraxis","die Arztpraxis","der Arztpraxis","","Arztpraxen","","a1-lexical-grammar-v1","[target/reading] reading.glossary[5].lemma: Arztpraxis || [registry/vocabulary] lexicalRegistry.a1-22-noun-6: die Arztpraxis","[context/reading] reading.questions[2].options[2]: Er ruft eine Arztpraxis an. || [context/reading] reading.textDe: Am Wochenende hilft Karim seiner Schwester beim Umzug. Er trägt viele Kisten und baut einen Schrank auf. Am Abend ist er sehr müde. Sein Rücken tut weh, und er hat Schmerzen im rechten Arm. Seine Schwester gibt ihm Wass…","","","","",""
"P0-98-original-1297-noun-target","a1-22-noun-7","A1","a1-22","Auge","das","neuter","das Auge","das Auge","dem Auge","","Augen","","a1-lexical-grammar-v1","[target/vocabulary] flashcards[3].frontDe: das Auge || [target/vocabulary] flashcards[4].frontDe: die Augen || [target/vocabulary] phrases[1].de: das Auge || [target/vocabulary] phrases[2].de: die Augen || [registry/vocabulary] lexicalRegistry.a1-22-noun-7: das Auge","[context/entry] entry.dialogue[3].de: Ein bisschen. Und meine Augen tun weh.","","","","",""
"P0-98-original-1297-noun-target","a1-22-noun-8","A1","a1-22","Bauch","der","masculine","der Bauch","den Bauch","dem Bauch","","Bäuche","","a1-lexical-grammar-v1","[target/vocabulary] flashcards[2].frontDe: der Bauch || [target/vocabulary] phrases[6].de: der Bauch || [registry/vocabulary] lexicalRegistry.a1-22-noun-8: der Bauch","","","","","",""
"P0-98-original-1297-noun-target","a1-22-noun-9","A1","a1-22","Bein","das","neuter","das Bein","das Bein","dem Bein","","Beine","","a1-lexical-grammar-v1","[target/vocabulary] phrases[9].de: das Bein || [registry/vocabulary] lexicalRegistry.a1-22-noun-9: das Bein","[context/listening] listening.transcriptDe: Trainerin: Alles in Ordnung, Dalia? — Dalia: Nicht ganz. Mein linkes Bein tut weh. — Trainerin: Seit wann? — Dalia: Seit dem Lauf heute Morgen. Mein Fuß tut auch ein bisschen weh. — Trainerin: Kannst du normal gehen? — …","","","","",""
"P0-98-original-1297-noun-target","a1-22-noun-10","A1","a1-22","Beschwerde","die","feminine","die Beschwerde","die Beschwerde","der Beschwerde","","Beschwerden","","a1-lexical-grammar-v1","[target/reading] reading.glossary[7].lemma: Beschwerde || [registry/vocabulary] lexicalRegistry.a1-22-noun-10: die Beschwerde","[context/reading] reading.textDe: Am Wochenende hilft Karim seiner Schwester beim Umzug. Er trägt viele Kisten und baut einen Schrank auf. Am Abend ist er sehr müde. Sein Rücken tut weh, und er hat Schmerzen im rechten Arm. Seine Schwester gibt ihm Wass…","","","","",""
"P0-98-original-1297-noun-target","a1-22-noun-11","A1","a1-22","Fuß","der","masculine","der Fuß","den Fuß","dem Fuß","","Füße","","a1-lexical-grammar-v1","[target/vocabulary] flashcards[5].frontDe: der Fuß || [target/vocabulary] phrases[10].de: der Fuß || [registry/vocabulary] lexicalRegistry.a1-22-noun-11: der Fuß","[context/listening] listening.questions[0].options[1]: Das linke Bein und der Fuß || [context/rule] theory[0].examples[5].de: Mir tun die Füße weh.","","","","",""
"P0-98-original-1297-noun-target","a1-22-noun-12","A1","a1-22","Hals","der","masculine","der Hals","den Hals","dem Hals","","Hälse","","a1-lexical-grammar-v1","[target/vocabulary] phrases[4].de: der Hals || [registry/vocabulary] lexicalRegistry.a1-22-noun-12: der Hals","[context/listening] listening.questions[0].options[2]: Die Augen und der Hals","","","","",""
"P0-98-original-1297-noun-target","a1-22-noun-13","A1","a1-22","Hand","die","feminine","die Hand","die Hand","der Hand","","Hände","","a1-lexical-grammar-v1","[target/vocabulary] phrases[8].de: die Hand || [registry/vocabulary] lexicalRegistry.a1-22-noun-13: die Hand","","","","","",""
"P0-98-original-1297-noun-target","a1-22-noun-14","A1","a1-22","Kiste","die","feminine","die Kiste","die Kiste","der Kiste","","Kisten","","a1-lexical-grammar-v1","[target/reading] reading.glossary[2].lemma: Kiste || [registry/vocabulary] lexicalRegistry.a1-22-noun-14: die Kiste","","","","","",""
"P0-98-original-1297-noun-target","a1-22-noun-15","A1","a1-22","Ohr","das","neuter","das Ohr","das Ohr","dem Ohr","","Ohren","","a1-lexical-grammar-v1","[target/vocabulary] phrases[3].de: das Ohr || [registry/vocabulary] lexicalRegistry.a1-22-noun-15: das Ohr","","","","","",""
"P0-98-original-1297-noun-target","a1-22-noun-16","A1","a1-22","Umzug","der","masculine","der Umzug","den Umzug","dem Umzug","","Umzüge","","a1-lexical-grammar-v1","[target/reading] reading.glossary[0].lemma: Umzug || [registry/vocabulary] lexicalRegistry.a1-22-noun-16: der Umzug","[context/listening] listening.questions[1].options[3]: Seit dem Umzug","","","","",""
"P0-98-original-1297-noun-target","a1-23-noun-1","A1","a1-23","Arzt","der","masculine","der Arzt","den Arzt","dem Arzt","","Ärzte","","a1-lexical-grammar-v1","[registry/vocabulary] lexicalRegistry.a1-23-noun-1: der Arzt","","","","","",""
"P0-98-original-1297-noun-target","a1-23-noun-2","A1","a1-23","Ärztin","die","feminine","die Ärztin","die Ärztin","der Ärztin","","Ärztinnen","","a1-lexical-grammar-v1","[registry/vocabulary] lexicalRegistry.a1-23-noun-2: die Ärztin","","","","","",""
"P0-98-original-1297-noun-target","a1-23-noun-3","A1","a1-23","Termin","der","masculine","der Termin","den Termin","dem Termin","","Termine","","a1-lexical-grammar-v1","[target/vocabulary] flashcards[0].frontDe: Ich brauche einen Termin. || [target/vocabulary] phrases[0].de: Ich brauche einen Termin. || [registry/vocabulary] lexicalRegistry.a1-23-noun-3: der Termin","[context/entry] entry.dialogue[1].de: Guten Morgen. Ich brauche bitte einen Termin. || [context/vocabulary] flashcards[0].exampleDe: Ich brauche bitte einen Termin. || [context/reading] reading.questions[2].options[3]: Vor dem Termin","","","","",""
"P0-98-original-1297-noun-target","a1-23-noun-4","A1","a1-23","Medikament","das","neuter","das Medikament","das Medikament","dem Medikament","","Medikamente","","a1-lexical-grammar-v1","[registry/vocabulary] lexicalRegistry.a1-23-noun-4: das Medikament","[context/listening] listening.transcriptDe: Ärztin: Sie haben eine starke Erkältung. Bleiben Sie bitte zwei Tage zu Hause und trinken Sie viel. — Patient: Soll ich ein Medikament nehmen? — Ärztin: Ja, diese Tabletten zweimal täglich nach dem Essen. — Patient: Dar… || [context/reading] reading.questions[2].promptDe: Wann soll er das Medikament nehmen? || [context/writing] writing.modelDe: Guten Tag, ich brauche bitte einen Termin. Seit zwei Tagen habe ich Husten und Halsschmerzen. Heute habe ich auch 38 Grad Fieber. Ich kann heute ab 14 Uhr oder morgen Vormittag kommen. Soll ich bis zum Termin ein Medika…","","","","",""
"P0-98-original-1297-noun-target","a1-23-noun-5","A1","a1-23","Atemnot","die","feminine","die Atemnot","die Atemnot","der Atemnot","","","","a1-lexical-grammar-v1","[target/reading] reading.glossary[2].lemma: Atemnot || [registry/vocabulary] lexicalRegistry.a1-23-noun-5: die Atemnot","[context/reading] reading.textDe: Omar hat seit zwei Tagen Halsschmerzen und Husten. Am Morgen misst er 38 Grad Fieber. Er ruft in der Hausarztpraxis an und bekommt einen Termin um 15 Uhr. In der Praxis beschreibt er die Beschwerden und sagt, dass er ke…","","","","",""
"P0-98-original-1297-noun-target","a1-23-noun-6","A1","a1-23","Essen","das","neuter","das Essen","das Essen","dem Essen","","","","a1-lexical-grammar-v1","[target/vocabulary] flashcards[8].frontDe: nach dem Essen || [target/vocabulary] phrases[14].de: vor dem Essen || [target/vocabulary] phrases[15].de: nach dem Essen || [registry/vocabulary] lexicalRegistry.a1-23-noun-6: das Essen","[context/vocabulary] flashcards[8].exampleDe: Die Tablette nach dem Essen nehmen. || [context/listening] listening.questions[1].options[0]: Vor dem Essen || [context/listening] listening.questions[1].options[3]: Nach dem Essen","","","","",""
"P0-98-original-1297-noun-target","a1-23-noun-7","A1","a1-23","Hausarztpraxis","die","feminine","die Hausarztpraxis","die Hausarztpraxis","der Hausarztpraxis","","Hausarztpraxen","","a1-lexical-grammar-v1","[target/reading] reading.glossary[1].lemma: Hausarztpraxis || [registry/vocabulary] lexicalRegistry.a1-23-noun-7: die Hausarztpraxis","[context/reading] reading.textDe: Omar hat seit zwei Tagen Halsschmerzen und Husten. Am Morgen misst er 38 Grad Fieber. Er ruft in der Hausarztpraxis an und bekommt einen Termin um 15 Uhr. In der Praxis beschreibt er die Beschwerden und sagt, dass er ke…","","","","",""
"P0-98-original-1297-noun-target","a1-23-noun-8","A1","a1-23","Hinweis","der","masculine","der Hinweis","den Hinweis","dem Hinweis","","Hinweise","","a1-lexical-grammar-v1","[target/reading] reading.glossary[6].lemma: Hinweis || [registry/vocabulary] lexicalRegistry.a1-23-noun-8: der Hinweis","[context/reading] reading.textDe: Omar hat seit zwei Tagen Halsschmerzen und Husten. Am Morgen misst er 38 Grad Fieber. Er ruft in der Hausarztpraxis an und bekommt einen Termin um 15 Uhr. In der Praxis beschreibt er die Beschwerden und sagt, dass er ke… || [context/writing] writing.promptDe: Schreiben Sie 65–75 Wörter: Beschwerden, Dauer, Fieber, mögliche Zeiten und eine Rückfrage zu einem Hinweis.","","","","",""
"P0-98-original-1297-noun-target","a1-23-noun-9","A1","a1-23","Schritt","der","masculine","der Schritt","den Schritt","dem Schritt","","Schritte","","a1-lexical-grammar-v1","[target/reading] reading.glossary[4].lemma: Schritt || [registry/vocabulary] lexicalRegistry.a1-23-noun-9: der Schritt","[context/reading] reading.textDe: Omar hat seit zwei Tagen Halsschmerzen und Husten. Am Morgen misst er 38 Grad Fieber. Er ruft in der Hausarztpraxis an und bekommt einen Termin um 15 Uhr. In der Praxis beschreibt er die Beschwerden und sagt, dass er ke…","","","","",""
"P0-98-original-1297-noun-target","a1-23-noun-10","A1","a1-23","Tablette","die","feminine","die Tablette","die Tablette","der Tablette","","Tabletten","","a1-lexical-grammar-v1","[target/vocabulary] phrases[9].de: Nehmen Sie die Tabletten. || [registry/vocabulary] lexicalRegistry.a1-23-noun-10: die Tablette","[context/listening] listening.questions[0].promptDe: Wie oft nimmt der Patient die Tabletten? || [context/rule] theory[1].examples[3].de: Er soll die Tabletten nehmen.","","","","",""
"P0-98-original-1297-noun-target","a1-24-noun-1","A1","a1-24","Formular","das","neuter","das Formular","das Formular","dem Formular","","Formulare","","a1-lexical-grammar-v1","[target/vocabulary] flashcards[0].frontDe: das Formular || [target/vocabulary] flashcards[9].frontDe: Füllen Sie das Formular aus. || [target/vocabulary] phrases[0].de: das Formular || [target/vocabulary] phrases[8].de: Bitte füllen Sie das Formular aus. || [registry/vocabulary] lexicalRegistry.a1-24-noun-1: das Formular","[context/discover] discovery.examples[0]: Füllen Sie das Formular aus. || [context/controlled] exercises[1].template: Füllen Sie das Formular ___. || [context/vocabulary] flashcards[0].exampleDe: Bitte füllen Sie das Formular aus.","","","","",""
"P0-98-original-1297-noun-target","a1-24-noun-2","A1","a1-24","Feld","das","neuter","das Feld","das Feld","dem Feld","","Felder","","a1-lexical-grammar-v1","[target/reading] reading.glossary[2].lemma: Feld || [registry/vocabulary] lexicalRegistry.a1-24-noun-2: das Feld","[context/reading] reading.questions[0].promptDe: Was gehört in das Feld Geburtsort?","","","","",""
"P0-98-original-1297-noun-target","a1-24-noun-3","A1","a1-24","Unterschrift","die","feminine","die Unterschrift","die Unterschrift","der Unterschrift","","Unterschriften","","a1-lexical-grammar-v1","[target/vocabulary] flashcards[6].frontDe: die Unterschrift || [target/vocabulary] phrases[7].de: die Unterschrift || [registry/vocabulary] lexicalRegistry.a1-24-noun-3: die Unterschrift","","","","","",""
"P0-98-original-1297-noun-target","a1-24-noun-4","A1","a1-24","Dokument","das","neuter","das Dokument","das Dokument","dem Dokument","","Dokumente","","a1-lexical-grammar-v1","[registry/vocabulary] lexicalRegistry.a1-24-noun-4: das Dokument","","","","","",""
"P0-98-original-1297-noun-target","a1-24-noun-5","A1","a1-24","Abgabe","die","feminine","die Abgabe","die Abgabe","der Abgabe","","Abgaben","","a1-lexical-grammar-v1","[target/reading] reading.glossary[6].lemma: Abgabe || [registry/vocabulary] lexicalRegistry.a1-24-noun-5: die Abgabe","[context/reading] reading.questions[2].promptDe: Was macht er vor der Abgabe? || [context/reading] reading.textDe: Im Bürgerbüro bekommt Amir ein Formular für eine Anmeldung. Zuerst liest er alle Felder. Vorname und Nachname sind klar. Beim Feld „Geburtsort“ fragt er nach, weil er zuerst sein Land eintragen möchte. Die Mitarbeiterin…","","","","",""
"P0-98-original-1297-noun-target","a1-24-noun-6","A1","a1-24","Angabe","die","feminine","die Angabe","die Angabe","der Angabe","","Angaben","","a1-lexical-grammar-v1","[target/reading] reading.glossary[7].lemma: Angabe || [registry/vocabulary] lexicalRegistry.a1-24-noun-6: die Angabe","","","","","",""
"P0-98-original-1297-noun-target","a1-24-noun-7","A1","a1-24","Anmeldung","die","feminine","die Anmeldung","die Anmeldung","der Anmeldung","","Anmeldungen","","a1-lexical-grammar-v1","[target/reading] reading.glossary[1].lemma: Anmeldung || [registry/vocabulary] lexicalRegistry.a1-24-noun-7: die Anmeldung","[context/reading] reading.textDe: Im Bürgerbüro bekommt Amir ein Formular für eine Anmeldung. Zuerst liest er alle Felder. Vorname und Nachname sind klar. Beim Feld „Geburtsort“ fragt er nach, weil er zuerst sein Land eintragen möchte. Die Mitarbeiterin… || [context/writing] writing.modelDe: Guten Tag, ich habe ein Formular für die Anmeldung. Zwei Felder sind für mich nicht klar: Was bedeutet Geburtsort, und welche Anschrift soll ich eintragen? Ich kann eine Ausweiskopie und ein Foto mitbringen. Muss ich vo…","","","","",""
"P0-98-original-1297-noun-target","a1-24-noun-8","A1","a1-24","Anschrift","die","feminine","die Anschrift","die Anschrift","der Anschrift","","Anschriften","","a1-lexical-grammar-v1","[target/vocabulary] flashcards[5].frontDe: die Anschrift || [target/vocabulary] phrases[6].de: die Anschrift || [registry/vocabulary] lexicalRegistry.a1-24-noun-8: die Anschrift","[context/vocabulary] flashcards[5].exampleDe: Bitte kontrollieren Sie die Anschrift.","","","","",""
"P0-98-original-1297-noun-target","a1-24-noun-9","A1","a1-24","Bürgerbüro","das","neuter","das Bürgerbüro","das Bürgerbüro","dem Bürgerbüro","","Bürgerbüros","","a1-lexical-grammar-v1","[target/reading] reading.glossary[0].lemma: Bürgerbüro || [registry/vocabulary] lexicalRegistry.a1-24-noun-9: das Bürgerbüro","","","","","",""
"P0-98-original-1297-noun-target","a1-24-noun-10","A1","a1-24","Geburtsdatum","das","neuter","das Geburtsdatum","das Geburtsdatum","dem Geburtsdatum","","Geburtsdaten","","a1-lexical-grammar-v1","[target/vocabulary] flashcards[3].frontDe: das Geburtsdatum || [target/vocabulary] phrases[3].de: das Geburtsdatum || [registry/vocabulary] lexicalRegistry.a1-24-noun-10: das Geburtsdatum","[context/vocabulary] flashcards[3].exampleDe: Tragen Sie das Geburtsdatum ein.","","","","",""
"P0-98-original-1297-noun-target","a1-24-noun-11","A1","a1-24","Geburtsort","der","masculine","der Geburtsort","den Geburtsort","dem Geburtsort","","Geburtsorte","","a1-lexical-grammar-v1","[target/vocabulary] flashcards[4].frontDe: der Geburtsort || [target/vocabulary] phrases[4].de: der Geburtsort || [registry/vocabulary] lexicalRegistry.a1-24-noun-11: der Geburtsort","","","","","",""
"P0-98-original-1297-noun-target","a1-24-noun-12","A1","a1-24","Kopie","die","feminine","die Kopie","die Kopie","der Kopie","","Kopien","","a1-lexical-grammar-v1","[target/vocabulary] phrases[14].de: eine Kopie mitbringen || [registry/vocabulary] lexicalRegistry.a1-24-noun-12: die Kopie","[context/discover] discovery.examples[1]: Bringen Sie eine Kopie mit. || [context/controlled] exercises[2].acceptedAnswers[0]: Bringen Sie eine Kopie mit || [context/controlled] exercises[2].words[0]: eine Kopie","","","","",""
"P0-98-original-1297-noun-target","a1-24-noun-13","A1","a1-24","Lernkopie","die","feminine","die Lernkopie","die Lernkopie","der Lernkopie","","Lernkopien","","a1-lexical-grammar-v1","[target/reading] reading.glossary[4].lemma: Lernkopie || [registry/vocabulary] lexicalRegistry.a1-24-noun-13: die Lernkopie","[context/reading] reading.textDe: Im Bürgerbüro bekommt Amir ein Formular für eine Anmeldung. Zuerst liest er alle Felder. Vorname und Nachname sind klar. Beim Feld „Geburtsort“ fragt er nach, weil er zuerst sein Land eintragen möchte. Die Mitarbeiterin…","","","","",""
"P0-98-original-1297-noun-target","a1-24-noun-14","A1","a1-24","Nachname","der","masculine","der Nachname","den Nachnamen","dem Nachnamen","","Nachnamen","","a1-lexical-grammar-v1","[target/vocabulary] flashcards[2].frontDe: der Nachname || [target/vocabulary] phrases[2].de: der Nachname || [registry/vocabulary] lexicalRegistry.a1-24-noun-14: der Nachname","","","","","",""
"P0-98-original-1297-noun-target","a1-24-noun-15","A1","a1-24","Passnummer","die","feminine","die Passnummer","die Passnummer","der Passnummer","","Passnummern","","a1-lexical-grammar-v1","[target/reading] reading.glossary[5].lemma: Passnummer || [registry/vocabulary] lexicalRegistry.a1-24-noun-15: die Passnummer","","","","","",""
"P0-98-original-1297-noun-target","a1-24-noun-16","A1","a1-24","Staatsangehörigkeit","die","feminine","die Staatsangehörigkeit","die Staatsangehörigkeit","der Staatsangehörigkeit","","Staatsangehörigkeiten","","a1-lexical-grammar-v1","[target/vocabulary] phrases[5].de: die Staatsangehörigkeit || [registry/vocabulary] lexicalRegistry.a1-24-noun-16: die Staatsangehörigkeit","","","","","",""
"P0-98-original-1297-noun-target","a1-24-noun-17","A1","a1-24","Vorname","der","masculine","der Vorname","den Vornamen","dem Vornamen","","Vornamen","","a1-lexical-grammar-v1","[target/vocabulary] flashcards[1].frontDe: der Vorname || [target/vocabulary] phrases[1].de: der Vorname || [registry/vocabulary] lexicalRegistry.a1-24-noun-17: der Vorname","[context/errors] mistakes[3].correct: mein Vorname || [context/errors] mistakes[3].wrong: meine Vorname","","","","",""
"P0-98-original-1297-noun-target","a2-01-noun-1","A2","a2-01","Erfahrung","die","feminine","die Erfahrung","die Erfahrung","der Erfahrung","","Erfahrungen","","a2-lexical-grammar-v1","[registry/vocabulary] lexicalRegistry.a2-01-noun-1: die Erfahrung","","","","","",""
"P0-98-original-1297-noun-target","a2-01-noun-2","A2","a2-01","Ereignis","das","neuter","das Ereignis","das Ereignis","dem Ereignis","","Ereignisse","","a2-lexical-grammar-v1","[registry/vocabulary] lexicalRegistry.a2-01-noun-2: das Ereignis","","","","","",""
"P0-98-original-1297-noun-target","a2-01-noun-3","A2","a2-01","Vergangenheit","die","feminine","die Vergangenheit","die Vergangenheit","der Vergangenheit","","","","a2-lexical-grammar-v1","[registry/vocabulary] lexicalRegistry.a2-01-noun-3: die Vergangenheit","","","","","",""
"P0-98-original-1297-noun-target","a2-01-noun-4","A2","a2-01","Zeitpunkt","der","masculine","der Zeitpunkt","den Zeitpunkt","dem Zeitpunkt","","Zeitpunkte","","a2-lexical-grammar-v1","[registry/vocabulary] lexicalRegistry.a2-01-noun-4: der Zeitpunkt","","","","","",""
"P0-98-original-1297-noun-target","a2-01-noun-5","A2","a2-01","Änderung","die","feminine","die Änderung","die Änderung","der Änderung","","Änderungen","","a2-lexical-grammar-v1","[target/reading] reading.glossary[0].lemma: Änderung || [registry/vocabulary] lexicalRegistry.a2-01-noun-5: die Änderung","","","","","",""
"P0-98-original-1297-noun-target","a2-01-noun-6","A2","a2-01","Besprechung","die","feminine","die Besprechung","die Besprechung","der Besprechung","","Besprechungen","","a2-lexical-grammar-v1","[target/reading] reading.glossary[3].lemma: Besprechung || [registry/vocabulary] lexicalRegistry.a2-01-noun-6: die Besprechung","[context/reading] reading.questions[1].options[0]: Er hat eine Besprechung gemacht. || [context/reading] reading.textDe: Gestern hat Karim einen schwierigen Tag mit vielen Änderungen gehabt. Normalerweise fährt er um sieben Uhr mit dem Bus zur Arbeit. Gestern ist der Bus aber nicht gekommen. Deshalb ist er zuerst zwanzig Minuten zu Fuß ge…","","","","",""
"P0-98-original-1297-noun-target","a2-01-noun-7","A2","a2-01","Bus","der","masculine","der Bus","den Bus","dem Bus","","Busse","","a2-lexical-grammar-v1","[target/vocabulary] phrases[7].de: Ich bin mit dem Bus gefahren. || [registry/vocabulary] lexicalRegistry.a2-01-noun-7: der Bus","[context/reading] reading.questions[0].promptDe: Warum ist Karim nicht direkt mit dem Bus gefahren? || [context/reading] reading.textDe: Gestern hat Karim einen schwierigen Tag mit vielen Änderungen gehabt. Normalerweise fährt er um sieben Uhr mit dem Bus zur Arbeit. Gestern ist der Bus aber nicht gekommen. Deshalb ist er zuerst zwanzig Minuten zu Fuß ge… || [context/writing] writing.modelDe: Gestern bin ich um sieben Uhr aufgestanden. Zuerst habe ich gefrühstückt und meine E-Mails gelesen. Danach bin ich mit dem Bus zur Arbeit gefahren. Am Vormittag habe ich viel gearbeitet. In der Pause habe ich einen Koll…","","","","",""
"P0-98-original-1297-noun-target","a2-01-noun-8","A2","a2-01","Tag","der","masculine","der Tag","den Tag","dem Tag","","Tage","","a2-lexical-grammar-v1","[target/vocabulary] phrases[16].de: den ganzen Tag || [registry/vocabulary] lexicalRegistry.a2-01-noun-8: der Tag","[context/reading] reading.textDe: Gestern hat Karim einen schwierigen Tag mit vielen Änderungen gehabt. Normalerweise fährt er um sieben Uhr mit dem Bus zur Arbeit. Gestern ist der Bus aber nicht gekommen. Deshalb ist er zuerst zwanzig Minuten zu Fuß ge…","","","","",""
"P0-98-original-1297-noun-target","a2-02-noun-1","A2","a2-02","Geschichte","die","feminine","die Geschichte","die Geschichte","der Geschichte","","Geschichten","","a2-lexical-grammar-v1","[registry/vocabulary] lexicalRegistry.a2-02-noun-1: die Geschichte","","","","","",""
"P0-98-original-1297-noun-target","a2-02-noun-2","A2","a2-02","Anfang","der","masculine","der Anfang","den Anfang","dem Anfang","","Anfänge","","a2-lexical-grammar-v1","[registry/vocabulary] lexicalRegistry.a2-02-noun-2: der Anfang","","","","","",""
"P0-98-original-1297-noun-target","a2-02-noun-3","A2","a2-02","Ende","das","neuter","das Ende","das Ende","dem Ende","","Enden","","a2-lexical-grammar-v1","[registry/vocabulary] lexicalRegistry.a2-02-noun-3: das Ende","","","","","",""
"P0-98-original-1297-noun-target","a2-02-noun-4","A2","a2-02","Reihenfolge","die","feminine","die Reihenfolge","die Reihenfolge","der Reihenfolge","","Reihenfolgen","","a2-lexical-grammar-v1","[registry/vocabulary] lexicalRegistry.a2-02-noun-4: die Reihenfolge","","","","","",""
"P0-98-original-1297-noun-target","a2-02-noun-5","A2","a2-02","Band","das","neuter","das Band","das Band","dem Band","","Bänder","","a2-lexical-grammar-v1","[target/reading] reading.glossary[7].lemma: Band || [registry/vocabulary] lexicalRegistry.a2-02-noun-5: das Band","[context/reading] reading.questions[2].options[2]: Sie bindet ein buntes Band an den Rucksack. || [context/reading] reading.textDe: Am Samstag ist Dalia mit dem Zug nach Köln gefahren. Der Wagen war voll, und neben ihr hat ein Mann mit einem fast gleichen schwarzen Rucksack gesessen. Als der Zug angekommen ist, ist Dalia schnell ausgestiegen und hat…","","","","",""
"P0-98-original-1297-noun-target","a2-02-noun-6","A2","a2-02","Rucksack","der","masculine","der Rucksack","den Rucksack","dem Rucksack","","Rucksäcke","","a2-lexical-grammar-v1","[target/reading] reading.glossary[0].lemma: Rucksack || [registry/vocabulary] lexicalRegistry.a2-02-noun-6: der Rucksack","[context/mediation] mediation.sourceDe: Dalia hat am Bahnhof den falschen Rucksack mitgenommen. Im Hotel hat sie den Fehler bemerkt. Sie hat den Besitzer angerufen. Eine Stunde später haben sie die Taschen getauscht. || [context/reading] reading.questions[0].promptDe: Warum hat Dalia den falschen Rucksack genommen? || [context/reading] reading.questions[2].options[2]: Sie bindet ein buntes Band an den Rucksack.","","","","",""
"P0-98-original-1297-noun-target","a2-02-noun-7","A2","a2-02","Tasche","die","feminine","die Tasche","die Tasche","der Tasche","","Taschen","","a2-lexical-grammar-v1","[target/vocabulary] phrases[11].de: Ich habe die Tasche mitgenommen. || [registry/vocabulary] lexicalRegistry.a2-02-noun-7: die Tasche","[context/discover] discovery.examples[1]: Ich habe die Tasche mitgenommen. || [context/entry] entry.dialogue[2].de: Ich bin ausgestiegen und habe die falsche Tasche mitgenommen. || [context/controlled] exercises[1].template: Ich habe die Tasche ___. (mitnehmen)","","","","",""
"P0-98-original-1297-noun-target","a2-03-noun-1","A2","a2-03","Moment","der","masculine","der Moment","den Moment","dem Moment","","Momente","","a2-lexical-grammar-v1","[target/vocabulary] flashcards[0].frontDe: ein besonderer Moment || [target/vocabulary] phrases[0].de: ein besonderer Moment || [registry/vocabulary] lexicalRegistry.a2-03-noun-1: der Moment","[context/entry] entry.dialogue[0].de: Was war ein besonderer Moment für dich? || [context/vocabulary] flashcards[0].exampleDe: Das war ein besonderer Moment. || [context/listening] listening.transcriptDe: Moderator: Erzählen Sie von einem besonderen Moment. — Gast: Letzten Sommer bin ich nach Wien gereist. Als ich in einem kleinen Café gesessen habe, hat plötzlich jemand meinen Namen gerufen. Es war ein Schulfreund aus T…","","","","",""
"P0-98-original-1297-noun-target","a2-03-noun-2","A2","a2-03","Erinnerung","die","feminine","die Erinnerung","die Erinnerung","der Erinnerung","","Erinnerungen","","a2-lexical-grammar-v1","[registry/vocabulary] lexicalRegistry.a2-03-noun-2: die Erinnerung","","","","","",""
"P0-98-original-1297-noun-target","a2-03-noun-3","A2","a2-03","Überraschung","die","feminine","die Überraschung","die Überraschung","der Überraschung","","Überraschungen","","a2-lexical-grammar-v1","[registry/vocabulary] lexicalRegistry.a2-03-noun-3: die Überraschung","","","","","",""
"P0-98-original-1297-noun-target","a2-03-noun-4","A2","a2-03","Gefühl","das","neuter","das Gefühl","das Gefühl","dem Gefühl","","Gefühle","","a2-lexical-grammar-v1","[registry/vocabulary] lexicalRegistry.a2-03-noun-4: das Gefühl","","","","","",""
"P0-98-original-1297-noun-target","a2-03-noun-5","A2","a2-03","Vortrag","der","masculine","der Vortrag","den Vortrag","dem Vortrag","","Vorträge","","a2-lexical-grammar-v1","[target/reading] reading.glossary[0].lemma: Vortrag || [registry/vocabulary] lexicalRegistry.a2-03-noun-5: der Vortrag","[context/mediation] mediation.sourceDe: Mariam war vor ihrem ersten deutschen Vortrag sehr nervös. Nach zwei Minuten wurde sie ruhiger. Sie konnte Fragen beantworten und war stolz. Seitdem präsentiert sie häufiger. || [context/reading] reading.questions[0].options[2]: Es war ihr erster Vortrag auf Deutsch. || [context/reading] reading.textDe: Als Mariam ihren ersten Vortrag auf Deutsch gehalten hat, war sie sehr nervös. Sie hatte zwei Wochen lang vorbereitet und jeden Abend geübt. Trotzdem hatte sie Angst, wichtige Wörter zu vergessen. Am Tag des Vortrags is…","","","","",""
"P0-98-original-1297-noun-target","a2-04-noun-1","A2","a2-04","Nachbar","der","masculine","der Nachbar","den Nachbarn","dem Nachbarn","","Nachbarn","","a2-lexical-grammar-v1","[registry/vocabulary] lexicalRegistry.a2-04-noun-1: der Nachbar","[context/reading] reading.textDe: Hana ist am Wochenende in ein Mehrfamilienhaus eingezogen. Am ersten Tag hat sie viele Kisten allein getragen. Im Treppenhaus hat sie Paul aus dem dritten Stock getroffen. Er hat ihr zwei Kisten nach oben gebracht und d… || [context/writing] writing.promptDe: Schreiben Sie 80–100 Wörter an einen neuen Nachbarn. Stellen Sie sich vor, bitten Sie um Hilfe und bieten Sie eine Gegenleistung an.","","","","",""
"P0-98-original-1297-noun-target","a2-04-noun-2","A2","a2-04","Nachbarin","die","feminine","die Nachbarin","die Nachbarin","der Nachbarin","","Nachbarinnen","","a2-lexical-grammar-v1","[registry/vocabulary] lexicalRegistry.a2-04-noun-2: die Nachbarin","[context/rule] theory[0].examples[3].de: Sie hilft ihrer Nachbarin.","","","","",""
"P0-98-original-1297-noun-target","a2-04-noun-3","A2","a2-04","Umzug","der","masculine","der Umzug","den Umzug","dem Umzug","","Umzüge","","a2-lexical-grammar-v1","[registry/vocabulary] lexicalRegistry.a2-04-noun-3: der Umzug","","","","","",""
"P0-98-original-1297-noun-target","a2-04-noun-4","A2","a2-04","Hilfe","die","feminine","die Hilfe","die Hilfe","der Hilfe","","Hilfen","","a2-lexical-grammar-v1","[target/vocabulary] phrases[6].de: Vielen Dank für die Hilfe. || [registry/vocabulary] lexicalRegistry.a2-04-noun-4: die Hilfe","[context/reading] reading.textDe: Hana ist am Wochenende in ein Mehrfamilienhaus eingezogen. Am ersten Tag hat sie viele Kisten allein getragen. Im Treppenhaus hat sie Paul aus dem dritten Stock getroffen. Er hat ihr zwei Kisten nach oben gebracht und d… || [context/speaking] speaking.usefulPhrases[3]: Vielen Dank für die Hilfe.","","","","",""
"P0-98-original-1297-noun-target","a2-04-noun-5","A2","a2-04","Hausflur","der","masculine","der Hausflur","den Hausflur","dem Hausflur","","Hausflure","","a2-lexical-grammar-v1","[target/reading] reading.glossary[4].lemma: Hausflur || [registry/vocabulary] lexicalRegistry.a2-04-noun-5: der Hausflur","","","","","",""
"P0-98-original-1297-noun-target","a2-04-noun-6","A2","a2-04","Kiste","die","feminine","die Kiste","die Kiste","der Kiste","","Kisten","","a2-lexical-grammar-v1","[target/vocabulary] phrases[7].de: Können Sie mir die Kiste geben? || [registry/vocabulary] lexicalRegistry.a2-04-noun-6: die Kiste","[context/entry] entry.dialogue[2].de: Kann ich Ihnen mit den Kisten helfen? || [context/vocabulary] flashcards[0].exampleDe: Kannst du mir mit der Kiste helfen? || [context/reading] reading.textDe: Hana ist am Wochenende in ein Mehrfamilienhaus eingezogen. Am ersten Tag hat sie viele Kisten allein getragen. Im Treppenhaus hat sie Paul aus dem dritten Stock getroffen. Er hat ihr zwei Kisten nach oben gebracht und d…","","","","",""
"P0-98-original-1297-noun-target","a2-04-noun-7","A2","a2-04","Mehrfamilienhaus","das","neuter","das Mehrfamilienhaus","das Mehrfamilienhaus","dem Mehrfamilienhaus","","Mehrfamilienhäuser","","a2-lexical-grammar-v1","[target/reading] reading.glossary[0].lemma: Mehrfamilienhaus || [registry/vocabulary] lexicalRegistry.a2-04-noun-7: das Mehrfamilienhaus","[context/reading] reading.textDe: Hana ist am Wochenende in ein Mehrfamilienhaus eingezogen. Am ersten Tag hat sie viele Kisten allein getragen. Im Treppenhaus hat sie Paul aus dem dritten Stock getroffen. Er hat ihr zwei Kisten nach oben gebracht und d…","","","","",""
"P0-98-original-1297-noun-target","a2-04-noun-8","A2","a2-04","Mülltonne","die","feminine","die Mülltonne","die Mülltonne","der Mülltonne","","Mülltonnen","","a2-lexical-grammar-v1","[target/reading] reading.glossary[2].lemma: Mülltonne || [registry/vocabulary] lexicalRegistry.a2-04-noun-8: die Mülltonne","[context/reading] reading.textDe: Hana ist am Wochenende in ein Mehrfamilienhaus eingezogen. Am ersten Tag hat sie viele Kisten allein getragen. Im Treppenhaus hat sie Paul aus dem dritten Stock getroffen. Er hat ihr zwei Kisten nach oben gebracht und d…","","","","",""
"P0-98-original-1297-noun-target","a2-04-noun-9","A2","a2-04","Nachricht","die","feminine","die Nachricht","die Nachricht","der Nachricht","","Nachrichten","","a2-lexical-grammar-v1","[target/vocabulary] phrases[15].de: eine Nachricht hinterlassen || [registry/vocabulary] lexicalRegistry.a2-04-noun-9: die Nachricht","[context/listening] listening.questions[1].options[0]: Er schickt Nora eine Nachricht. || [context/listening] listening.transcriptDe: Nora: Hallo Ben, kannst du mir kurz helfen? — Ben: Klar. Was ist los? — Nora: Morgen kommt zwischen zehn und zwölf ein Paket. Ich muss aber arbeiten. Kannst du es für mich annehmen? — Ben: Ja, kein Problem. Welche Wohnu… || [context/reading] reading.questions[2].promptDe: Warum hat Hana Paul eine Nachricht geschickt?","","","","",""
"P0-98-original-1297-noun-target","a2-04-noun-10","A2","a2-04","Paket","das","neuter","das Paket","das Paket","dem Paket","","Pakete","","a2-lexical-grammar-v1","[target/vocabulary] flashcards[8].frontDe: ein Paket annehmen || [registry/vocabulary] lexicalRegistry.a2-04-noun-10: das Paket","[context/vocabulary] flashcards[5].exampleDe: Gehört das Paket dir? || [context/vocabulary] flashcards[8].exampleDe: Kannst du das Paket annehmen? || [context/listening] listening.questions[0].promptDe: Warum kann Nora das Paket nicht annehmen?","","","","",""
"P0-98-original-1297-noun-target","a2-04-noun-11","A2","a2-04","Schlüssel","der","masculine","der Schlüssel","den Schlüssel","dem Schlüssel","","Schlüssel","","a2-lexical-grammar-v1","[target/vocabulary] flashcards[3].frontDe: Ich gebe dir den Schlüssel. || [target/vocabulary] phrases[8].de: Ich bringe Ihnen den Schlüssel. || [registry/vocabulary] lexicalRegistry.a2-04-noun-11: der Schlüssel","[context/discover] discovery.examples[3]: Sie gibt ihm den Schlüssel. || [context/controlled] exercises[2].acceptedAnswers[0]: Ich gebe dir den Schlüssel || [context/controlled] exercises[2].words[0]: den Schlüssel","","","","",""
"P0-98-original-1297-noun-target","a2-04-noun-12","A2","a2-04","Treppenhaus","das","neuter","das Treppenhaus","das Treppenhaus","dem Treppenhaus","","Treppenhäuser","","a2-lexical-grammar-v1","[target/reading] reading.glossary[1].lemma: Treppenhaus || [registry/vocabulary] lexicalRegistry.a2-04-noun-12: das Treppenhaus","","","","","",""
"P0-98-original-1297-noun-target","a2-04-noun-13","A2","a2-04","Tür","die","feminine","die Tür","die Tür","der Tür","","Türen","","a2-lexical-grammar-v1","[target/vocabulary] phrases[14].de: an der Tür klingeln || [registry/vocabulary] lexicalRegistry.a2-04-noun-13: die Tür","[context/vocabulary] flashcards[2].exampleDe: Kann ich Ihnen die Tür öffnen?","","","","",""
"P0-98-original-1297-noun-target","a2-05-noun-1","A2","a2-05","Hausordnung","die","feminine","die Hausordnung","die Hausordnung","der Hausordnung","","Hausordnungen","","a2-lexical-grammar-v1","[target/vocabulary] flashcards[0].frontDe: die Hausordnung || [target/vocabulary] phrases[0].de: die Hausordnung || [registry/vocabulary] lexicalRegistry.a2-05-noun-1: die Hausordnung","[context/reading] reading.textDe: In einem neuen Wohnprojekt haben die Bewohnerinnen und Bewohner die Hausordnung gemeinsam geschrieben. Zwischen 22 und 7 Uhr muss es im Haus leise sein, weil viele Personen früh arbeiten. Im Treppenhaus darf man keine F…","","","","",""
"P0-98-original-1297-noun-target","a2-05-noun-2","A2","a2-05","Regel","die","feminine","die Regel","die Regel","der Regel","","Regeln","","a2-lexical-grammar-v1","[registry/vocabulary] lexicalRegistry.a2-05-noun-2: die Regel","","","","","",""
"P0-98-original-1297-noun-target","a2-05-noun-3","A2","a2-05","Ruhezeit","die","feminine","die Ruhezeit","die Ruhezeit","der Ruhezeit","","Ruhezeiten","","a2-lexical-grammar-v1","[target/vocabulary] flashcards[1].frontDe: die Ruhezeit || [target/vocabulary] phrases[1].de: die Ruhezeit || [registry/vocabulary] lexicalRegistry.a2-05-noun-3: die Ruhezeit","","","","","",""
"P0-98-original-1297-noun-target","a2-05-noun-4","A2","a2-05","Müll","der","masculine","der Müll","den Müll","dem Müll","","","","a2-lexical-grammar-v1","[target/vocabulary] flashcards[9].frontDe: den Müll trennen || [target/vocabulary] phrases[14].de: den Müll trennen || [target/vocabulary] phrases[5].de: Muss ich den Müll trennen? || [registry/vocabulary] lexicalRegistry.a2-05-noun-4: der Müll","[context/discover] discovery.examples[0]: Man muss den Müll trennen. || [context/controlled] exercises[0].options[0]: Man darf den Müll trennen. || [context/controlled] exercises[0].options[1]: Man kann den Müll trennen.","","","","",""
"P0-98-original-1297-noun-target","a2-05-noun-5","A2","a2-05","Bewohner","der","masculine","der Bewohner","den Bewohner","dem Bewohner","","Bewohner","","a2-lexical-grammar-v1","[target/reading] reading.glossary[1].lemma: Bewohner || [registry/vocabulary] lexicalRegistry.a2-05-noun-5: der Bewohner","","","","","",""
"P0-98-original-1297-noun-target","a2-05-noun-6","A2","a2-05","Container","der","masculine","der Container","den Container","dem Container","","Container","","a2-lexical-grammar-v1","[target/reading] reading.glossary[4].lemma: Container || [registry/vocabulary] lexicalRegistry.a2-05-noun-6: der Container","","","","","",""
"P0-98-original-1297-noun-target","a2-05-noun-7","A2","a2-05","Feier","die","feminine","die Feier","die Feier","der Feier","","Feiern","","a2-lexical-grammar-v1","[target/reading] reading.glossary[5].lemma: Feier || [registry/vocabulary] lexicalRegistry.a2-05-noun-7: die Feier","[context/reading] reading.questions[2].promptDe: Was soll man vor einer großen Feier tun? || [context/reading] reading.textDe: In einem neuen Wohnprojekt haben die Bewohnerinnen und Bewohner die Hausordnung gemeinsam geschrieben. Zwischen 22 und 7 Uhr muss es im Haus leise sein, weil viele Personen früh arbeiten. Im Treppenhaus darf man keine F…","","","","",""
"P0-98-original-1297-noun-target","a2-05-noun-8","A2","a2-05","Haustür","die","feminine","die Haustür","die Haustür","der Haustür","","Haustüren","","a2-lexical-grammar-v1","[target/vocabulary] phrases[16].de: die Haustür abschließen || [registry/vocabulary] lexicalRegistry.a2-05-noun-8: die Haustür","[context/discover] discovery.examples[3]: Man muss die Haustür schließen. || [context/listening] listening.questions[1].options[1]: Vor der Haustür","","","","",""
"P0-98-original-1297-noun-target","a2-05-noun-9","A2","a2-05","Hinweis","der","masculine","der Hinweis","den Hinweis","dem Hinweis","","Hinweise","","a2-lexical-grammar-v1","[target/vocabulary] flashcards[8].frontDe: Danke für den Hinweis. || [target/vocabulary] phrases[13].de: Danke für den Hinweis. || [registry/vocabulary] lexicalRegistry.a2-05-noun-9: der Hinweis","[context/vocabulary] flashcards[8].exampleDe: Das wusste ich nicht. Danke für den Hinweis. || [context/listening] listening.transcriptDe: Neue Mieterin: Entschuldigung, darf ich meinen Kinderwagen im Hausflur abstellen? — Hausmeister: Direkt vor der Tür leider nicht. Der Fluchtweg muss frei bleiben. — Mieterin: Wo kann ich ihn dann hinstellen? — Hausmeist…","","","","",""
"P0-98-original-1297-noun-target","a2-05-noun-10","A2","a2-05","Notfall","der","masculine","der Notfall","den Notfall","dem Notfall","","Notfälle","","a2-lexical-grammar-v1","[target/reading] reading.glossary[2].lemma: Notfall || [registry/vocabulary] lexicalRegistry.a2-05-noun-10: der Notfall","","","","","",""
"P0-98-original-1297-noun-target","a2-05-noun-11","A2","a2-05","Reparatur","die","feminine","die Reparatur","die Reparatur","der Reparatur","","Reparaturen","","a2-lexical-grammar-v1","[target/reading] reading.glossary[6].lemma: Reparatur || [registry/vocabulary] lexicalRegistry.a2-05-noun-11: die Reparatur","","","","","",""
"P0-98-original-1297-noun-target","a2-05-noun-12","A2","a2-05","Tonne","die","feminine","die Tonne","die Tonne","der Tonne","","Tonnen","","a2-lexical-grammar-v1","[target/reading] reading.glossary[3].lemma: Tonne || [registry/vocabulary] lexicalRegistry.a2-05-noun-12: die Tonne","","","","","",""
"P0-98-original-1297-noun-target","a2-05-noun-13","A2","a2-05","Treppenhaus","das","neuter","das Treppenhaus","das Treppenhaus","dem Treppenhaus","","Treppenhäuser","","a2-lexical-grammar-v1","[target/vocabulary] phrases[15].de: das Treppenhaus sauber halten || [registry/vocabulary] lexicalRegistry.a2-05-noun-13: das Treppenhaus","","","","","",""
"P0-98-original-1297-noun-target","a2-05-noun-14","A2","a2-05","Wohnprojekt","das","neuter","das Wohnprojekt","das Wohnprojekt","dem Wohnprojekt","","Wohnprojekte","","a2-lexical-grammar-v1","[target/reading] reading.glossary[0].lemma: Wohnprojekt || [registry/vocabulary] lexicalRegistry.a2-05-noun-14: das Wohnprojekt","[context/reading] reading.textDe: In einem neuen Wohnprojekt haben die Bewohnerinnen und Bewohner die Hausordnung gemeinsam geschrieben. Zwischen 22 und 7 Uhr muss es im Haus leise sein, weil viele Personen früh arbeiten. Im Treppenhaus darf man keine F…","","","","",""
"P0-98-original-1297-noun-target","a2-06-noun-1","A2","a2-06","Konflikt","der","masculine","der Konflikt","den Konflikt","dem Konflikt","","Konflikte","","a2-lexical-grammar-v1","[target/reading] reading.glossary[7].lemma: Konflikt || [registry/vocabulary] lexicalRegistry.a2-06-noun-1: der Konflikt","","","","","",""
"P0-98-original-1297-noun-target","a2-06-noun-2","A2","a2-06","Lösung","die","feminine","die Lösung","die Lösung","der Lösung","","Lösungen","","a2-lexical-grammar-v1","[target/vocabulary] flashcards[4].frontDe: Wir brauchen eine Lösung. || [target/vocabulary] phrases[7].de: Wir brauchen eine Lösung. || [registry/vocabulary] lexicalRegistry.a2-06-noun-2: die Lösung","[context/vocabulary] flashcards[4].exampleDe: Wir brauchen eine gemeinsame Lösung. || [context/rule] theory[1].examples[5].de: Wenn wir reden, finden wir eine Lösung. || [context/writing] writing.modelDe: Hallo Jonas, könnten wir kurz über die Küche sprechen? In den letzten Tagen stehen morgens oft schmutzige Teller dort. Das stört mich, weil ich früh frühstücken und arbeiten muss. Ich verstehe, dass du manchmal spät nac…","","","","",""
"P0-98-original-1297-noun-target","a2-06-noun-3","A2","a2-06","Rücksicht","die","feminine","die Rücksicht","die Rücksicht","der Rücksicht","","","","a2-lexical-grammar-v1","[registry/vocabulary] lexicalRegistry.a2-06-noun-3: die Rücksicht","","","","","",""
"P0-98-original-1297-noun-target","a2-06-noun-4","A2","a2-06","Vereinbarung","die","feminine","die Vereinbarung","die Vereinbarung","der Vereinbarung","","Vereinbarungen","","a2-lexical-grammar-v1","[registry/vocabulary] lexicalRegistry.a2-06-noun-4: die Vereinbarung","","","","","",""
"P0-98-original-1297-noun-target","a2-06-noun-5","A2","a2-06","Kompromiss","der","masculine","der Kompromiss","den Kompromiss","dem Kompromiss","","Kompromisse","","a2-lexical-grammar-v1","[target/vocabulary] flashcards[7].frontDe: einen Kompromiss finden || [target/vocabulary] phrases[12].de: Können wir einen Kompromiss finden? || [registry/vocabulary] lexicalRegistry.a2-06-noun-5: der Kompromiss","[context/entry] entry.dialogue[4].de: Das ist ein guter Kompromiss. || [context/vocabulary] flashcards[7].exampleDe: Können wir einen Kompromiss finden? || [context/rule] theory[2].examples[4].de: Wir finden einen Kompromiss, obwohl wir verschieden denken.","","","","",""
"P0-98-original-1297-noun-target","a2-06-noun-6","A2","a2-06","Problem","das","neuter","das Problem","das Problem","dem Problem","","Probleme","","a2-lexical-grammar-v1","[target/vocabulary] phrases[0].de: ein Problem ansprechen || [registry/vocabulary] lexicalRegistry.a2-06-noun-6: das Problem","[context/listening] listening.questions[0].promptDe: Was ist das Problem? || [context/rule] theory[1].examples[2].de: Wenn jemand spät kommt, ist das kein Problem.","","","","",""
"P0-98-original-1297-noun-target","a2-06-noun-7","A2","a2-06","Punkt","der","masculine","der Punkt","den Punkt","dem Punkt","","Punkte","","a2-lexical-grammar-v1","[target/vocabulary] flashcards[3].frontDe: Ich verstehe deinen Punkt. || [target/vocabulary] phrases[2].de: Ich verstehe deinen Punkt. || [registry/vocabulary] lexicalRegistry.a2-06-noun-7: der Punkt","[context/vocabulary] flashcards[3].exampleDe: Ich verstehe deinen Punkt, aber … || [context/pronunciation] pronunciation.items[4].de: Ich verstehe deinen Punkt. || [context/speaking] speaking.usefulPhrases[1]: Ich verstehe deinen Punkt.","","","","",""
"P0-98-original-1297-noun-target","a2-06-noun-8","A2","a2-06","Putzplan","der","masculine","der Putzplan","den Putzplan","dem Putzplan","","Putzpläne","","a2-lexical-grammar-v1","[target/reading] reading.glossary[2].lemma: Putzplan || [registry/vocabulary] lexicalRegistry.a2-06-noun-8: der Putzplan","[context/reading] reading.textDe: In einer Wohngemeinschaft leben Lea, Samir und Jonas. In den letzten Wochen hat es oft Streit über die Küche gegeben. Obwohl es einen alten Putzplan gab, hat sich niemand regelmäßig daran gehalten. Lea hat deshalb ein r…","","","","",""
"P0-98-original-1297-noun-target","a2-06-noun-9","A2","a2-06","Regel","die","feminine","die Regel","die Regel","der Regel","","Regeln","","a2-lexical-grammar-v1","[target/vocabulary] flashcards[9].frontDe: sich an eine Regel halten || [target/vocabulary] phrases[16].de: sich an eine Regel halten || [registry/vocabulary] lexicalRegistry.a2-06-noun-9: die Regel","[context/rule] theory[2].examples[3].de: Obwohl es eine Regel gibt, hält sich niemand daran. || [context/writing] writing.modelDe: Hallo Jonas, könnten wir kurz über die Küche sprechen? In den letzten Tagen stehen morgens oft schmutzige Teller dort. Das stört mich, weil ich früh frühstücken und arbeiten muss. Ich verstehe, dass du manchmal spät nac…","","","","",""
"P0-98-original-1297-noun-target","a2-06-noun-10","A2","a2-06","Streit","der","masculine","der Streit","den Streit","dem Streit","","Streite","","a2-lexical-grammar-v1","[target/reading] reading.glossary[1].lemma: Streit || [registry/vocabulary] lexicalRegistry.a2-06-noun-10: der Streit","","","","","",""
"P0-98-original-1297-noun-target","a2-06-noun-11","A2","a2-06","Wohngemeinschaft","die","feminine","die Wohngemeinschaft","die Wohngemeinschaft","der Wohngemeinschaft","","Wohngemeinschaften","","a2-lexical-grammar-v1","[target/reading] reading.glossary[0].lemma: Wohngemeinschaft || [registry/vocabulary] lexicalRegistry.a2-06-noun-11: die Wohngemeinschaft","[context/reading] reading.textDe: In einer Wohngemeinschaft leben Lea, Samir und Jonas. In den letzten Wochen hat es oft Streit über die Küche gegeben. Obwohl es einen alten Putzplan gab, hat sich niemand regelmäßig daran gehalten. Lea hat deshalb ein r…","","","","",""
"P0-98-original-1297-noun-target","a2-07-noun-1","A2","a2-07","Aufgabe","die","feminine","die Aufgabe","die Aufgabe","der Aufgabe","","Aufgaben","","a2-lexical-grammar-v1","[target/vocabulary] phrases[3].de: die Aufgabe || [registry/vocabulary] lexicalRegistry.a2-07-noun-1: die Aufgabe","[context/listening] listening.transcriptDe: Teamleiter: Wir müssen die Aufgaben für die Veranstaltung verteilen. Sara, kannst du dich um die Gästeliste kümmern? — Sara: Ja, gern. Wer ist für die Technik zuständig? — Teamleiter: Das macht David. Er kontrolliert Mi… || [context/reading] reading.textDe: Leila arbeitet seit einem Monat in einem kleinen Service-Unternehmen. Ihr Team besteht aus sechs Personen. Mara ist für neue Kundenanfragen zuständig, Ben bearbeitet Bestellungen und Leila koordiniert Termine. Morgens k… || [context/writing] writing.modelDe: Ich arbeite in einem kleinen Service-Team. Wir sind sechs Personen. Ich bin für Termine und den gemeinsamen Kalender zuständig. Meine Kollegin kümmert sich um Kundenanfragen, und mein Kollege bearbeitet Bestellungen. We…","","","","",""
"P0-98-original-1297-noun-target","a2-07-noun-2","A2","a2-07","Abteilung","die","feminine","die Abteilung","die Abteilung","der Abteilung","","Abteilungen","","a2-lexical-grammar-v1","[target/vocabulary] flashcards[1].frontDe: die Abteilung || [target/vocabulary] phrases[1].de: die Abteilung || [registry/vocabulary] lexicalRegistry.a2-07-noun-2: die Abteilung","","","","","",""
"P0-98-original-1297-noun-target","a2-07-noun-3","A2","a2-07","Besprechung","die","feminine","die Besprechung","die Besprechung","der Besprechung","","Besprechungen","","a2-lexical-grammar-v1","[registry/vocabulary] lexicalRegistry.a2-07-noun-3: die Besprechung","[context/reading] reading.questions[2].options[1]: Sie beginnt eine Besprechung.","","","","",""
"P0-98-original-1297-noun-target","a2-07-noun-4","A2","a2-07","Arbeitszeit","die","feminine","die Arbeitszeit","die Arbeitszeit","der Arbeitszeit","","Arbeitszeiten","","a2-lexical-grammar-v1","[registry/vocabulary] lexicalRegistry.a2-07-noun-4: die Arbeitszeit","","","","","",""
"P0-98-original-1297-noun-target","a2-07-noun-5","A2","a2-07","Anfrage","die","feminine","die Anfrage","die Anfrage","der Anfrage","","Anfragen","","a2-lexical-grammar-v1","[target/vocabulary] flashcards[7].frontDe: eine Anfrage weiterleiten || [target/vocabulary] phrases[11].de: eine Anfrage weiterleiten || [registry/vocabulary] lexicalRegistry.a2-07-noun-5: die Anfrage","[context/discover] discovery.examples[3]: Ich leite die Anfrage weiter. || [context/entry] entry.dialogue[4].de: Du notierst den Namen und leitest die Anfrage weiter. || [context/vocabulary] flashcards[7].exampleDe: Bitte leiten Sie die Anfrage weiter.","","","","",""
"P0-98-original-1297-noun-target","a2-07-noun-6","A2","a2-07","Arbeitsplatz","der","masculine","der Arbeitsplatz","den Arbeitsplatz","dem Arbeitsplatz","","Arbeitsplätze","","a2-lexical-grammar-v1","[target/vocabulary] flashcards[0].frontDe: der Arbeitsplatz || [target/vocabulary] phrases[0].de: der Arbeitsplatz || [registry/vocabulary] lexicalRegistry.a2-07-noun-6: der Arbeitsplatz","","","","","",""
"P0-98-original-1297-noun-target","a2-07-noun-7","A2","a2-07","Aufgabenliste","die","feminine","die Aufgabenliste","die Aufgabenliste","der Aufgabenliste","","Aufgabenlisten","","a2-lexical-grammar-v1","[target/reading] reading.glossary[7].lemma: Aufgabenliste || [registry/vocabulary] lexicalRegistry.a2-07-noun-7: die Aufgabenliste","[context/reading] reading.textDe: Leila arbeitet seit einem Monat in einem kleinen Service-Unternehmen. Ihr Team besteht aus sechs Personen. Mara ist für neue Kundenanfragen zuständig, Ben bearbeitet Bestellungen und Leila koordiniert Termine. Morgens k…","","","","",""
"P0-98-original-1297-noun-target","a2-07-noun-8","A2","a2-07","Feierabend","der","masculine","der Feierabend","den Feierabend","dem Feierabend","","Feierabende","","a2-lexical-grammar-v1","[target/reading] reading.glossary[6].lemma: Feierabend || [registry/vocabulary] lexicalRegistry.a2-07-noun-8: der Feierabend","","","","","",""
"P0-98-original-1297-noun-target","a2-07-noun-9","A2","a2-07","Pause","die","feminine","die Pause","die Pause","der Pause","","Pausen","","a2-lexical-grammar-v1","[target/vocabulary] phrases[13].de: eine Pause machen || [registry/vocabulary] lexicalRegistry.a2-07-noun-9: die Pause","","","","","",""
"P0-98-original-1297-noun-target","a2-07-noun-10","A2","a2-07","Problem","das","neuter","das Problem","das Problem","dem Problem","","Probleme","","a2-lexical-grammar-v1","[target/vocabulary] phrases[17].de: Wenn ein Problem kommt, … || [registry/vocabulary] lexicalRegistry.a2-07-noun-10: das Problem","[context/rule] theory[1].examples[5].de: Er hat sich um das Problem gekümmert. || [context/writing] writing.modelDe: Ich arbeite in einem kleinen Service-Team. Wir sind sechs Personen. Ich bin für Termine und den gemeinsamen Kalender zuständig. Meine Kollegin kümmert sich um Kundenanfragen, und mein Kollege bearbeitet Bestellungen. We… || [context/writing] writing.promptDe: Schreiben Sie 100–120 Wörter über Arbeitsplatz, Team, Zuständigkeiten und Abläufe bei einem Problem.","","","","",""
"P0-98-original-1297-noun-target","a2-07-noun-11","A2","a2-07","Team","das","neuter","das Team","das Team","dem Team","","Teams","","a2-lexical-grammar-v1","[target/vocabulary] phrases[2].de: das Team || [registry/vocabulary] lexicalRegistry.a2-07-noun-11: das Team","[context/reading] reading.textDe: Leila arbeitet seit einem Monat in einem kleinen Service-Unternehmen. Ihr Team besteht aus sechs Personen. Mara ist für neue Kundenanfragen zuständig, Ben bearbeitet Bestellungen und Leila koordiniert Termine. Morgens k… || [context/rule] theory[2].examples[3].de: Wenn der Chef fehlt, leitet Mara das Team.","","","","",""
"P0-98-original-1297-noun-target","a2-07-noun-12","A2","a2-07","Unterlage","die","feminine","die Unterlage","die Unterlage","der Unterlage","","Unterlagen","","a2-lexical-grammar-v1","[target/reading] reading.glossary[4].lemma: Unterlage || [registry/vocabulary] lexicalRegistry.a2-07-noun-12: die Unterlage","","","","","",""
"P0-98-original-1297-noun-target","a2-07-noun-13","A2","a2-07","Verantwortung","die","feminine","die Verantwortung","die Verantwortung","der Verantwortung","","Verantwortungen","","a2-lexical-grammar-v1","[target/vocabulary] phrases[4].de: die Verantwortung || [registry/vocabulary] lexicalRegistry.a2-07-noun-13: die Verantwortung","","","","","",""
"P0-98-original-1297-noun-target","a2-08-noun-1","A2","a2-08","Bewerbung","die","feminine","die Bewerbung","die Bewerbung","der Bewerbung","","Bewerbungen","","a2-lexical-grammar-v1","[target/vocabulary] flashcards[1].frontDe: die Bewerbung || [target/vocabulary] phrases[2].de: die Bewerbung || [registry/vocabulary] lexicalRegistry.a2-08-noun-1: die Bewerbung","[context/vocabulary] flashcards[1].exampleDe: Ich schicke meine Bewerbung morgen. || [context/reading] reading.questions[2].promptDe: Was muss die Bewerbung enthalten?","","","","",""
"P0-98-original-1297-noun-target","a2-08-noun-2","A2","a2-08","Lebenslauf","der","masculine","der Lebenslauf","den Lebenslauf","dem Lebenslauf","","Lebensläufe","","a2-lexical-grammar-v1","[target/reading] reading.glossary[6].lemma: Lebenslauf || [registry/vocabulary] lexicalRegistry.a2-08-noun-2: der Lebenslauf","[context/reading] reading.textDe: Ein mittelständisches Unternehmen in Leipzig sucht ab September eine Mitarbeiterin oder einen Mitarbeiter im Kundenservice. Zu den Aufgaben gehören telefonische Anfragen, E-Mails, Terminvereinbarungen und die Pflege ein…","","","","",""
"P0-98-original-1297-noun-target","a2-08-noun-3","A2","a2-08","Stelle","die","feminine","die Stelle","die Stelle","der Stelle","","Stellen","","a2-lexical-grammar-v1","[target/vocabulary] flashcards[6].frontDe: Ich interessiere mich für die Stelle. || [target/vocabulary] phrases[1].de: die Stelle || [target/vocabulary] phrases[9].de: Ich interessiere mich für die Stelle. || [registry/vocabulary] lexicalRegistry.a2-08-noun-3: die Stelle","[context/discover] discovery.examples[0]: Ich glaube, dass die Stelle gut passt. || [context/entry] entry.dialogue[4].de: Ja, und warum ich mich für die Stelle interessiere. || [context/controlled] exercises[0].options[0]: Ich glaube, dass die Stelle gut passt.","","","","",""
"P0-98-original-1297-noun-target","a2-08-noun-4","A2","a2-08","Erfahrung","die","feminine","die Erfahrung","die Erfahrung","der Erfahrung","","Erfahrungen","","a2-lexical-grammar-v1","[registry/vocabulary] lexicalRegistry.a2-08-noun-4: die Erfahrung","[context/rule] theory[0].examples[4].de: Noch keine Erfahrung → lernbereit","","","","",""
"P0-98-original-1297-noun-target","a2-08-noun-5","A2","a2-08","Anforderung","die","feminine","die Anforderung","die Anforderung","der Anforderung","","Anforderungen","","a2-lexical-grammar-v1","[target/vocabulary] flashcards[2].frontDe: die Anforderungen || [target/vocabulary] phrases[3].de: die Anforderungen || [registry/vocabulary] lexicalRegistry.a2-08-noun-5: die Anforderung","[context/entry] entry.dialogue[1].de: Was sind die Anforderungen?","","","","",""
"P0-98-original-1297-noun-target","a2-08-noun-6","A2","a2-08","Anschreiben","das","neuter","das Anschreiben","das Anschreiben","dem Anschreiben","","Anschreiben","","a2-lexical-grammar-v1","[target/reading] reading.glossary[5].lemma: Anschreiben || [registry/vocabulary] lexicalRegistry.a2-08-noun-6: das Anschreiben","[context/reading] reading.textDe: Ein mittelständisches Unternehmen in Leipzig sucht ab September eine Mitarbeiterin oder einen Mitarbeiter im Kundenservice. Zu den Aufgaben gehören telefonische Anfragen, E-Mails, Terminvereinbarungen und die Pflege ein…","","","","",""
"P0-98-original-1297-noun-target","a2-08-noun-7","A2","a2-08","Aufgabe","die","feminine","die Aufgabe","die Aufgabe","der Aufgabe","","Aufgaben","","a2-lexical-grammar-v1","[target/vocabulary] phrases[15].de: weil die Aufgaben gut passen || [registry/vocabulary] lexicalRegistry.a2-08-noun-7: die Aufgabe","[context/reading] reading.textDe: Ein mittelständisches Unternehmen in Leipzig sucht ab September eine Mitarbeiterin oder einen Mitarbeiter im Kundenservice. Zu den Aufgaben gehören telefonische Anfragen, E-Mails, Terminvereinbarungen und die Pflege ein…","","","","",""
"P0-98-original-1297-noun-target","a2-08-noun-8","A2","a2-08","Berufserfahrung","die","feminine","die Berufserfahrung","die Berufserfahrung","der Berufserfahrung","","Berufserfahrungen","","a2-lexical-grammar-v1","[target/vocabulary] flashcards[3].frontDe: die Berufserfahrung || [target/vocabulary] phrases[4].de: die Berufserfahrung || [registry/vocabulary] lexicalRegistry.a2-08-noun-8: die Berufserfahrung","","","","","",""
"P0-98-original-1297-noun-target","a2-08-noun-9","A2","a2-08","Bewerbungsschluss","der","masculine","der Bewerbungsschluss","den Bewerbungsschluss","dem Bewerbungsschluss","","Bewerbungsschlüsse","","a2-lexical-grammar-v1","[target/reading] reading.glossary[7].lemma: Bewerbungsschluss || [registry/vocabulary] lexicalRegistry.a2-08-noun-9: der Bewerbungsschluss","","","","","",""
"P0-98-original-1297-noun-target","a2-08-noun-10","A2","a2-08","Einarbeitung","die","feminine","die Einarbeitung","die Einarbeitung","der Einarbeitung","","Einarbeitungen","","a2-lexical-grammar-v1","[target/reading] reading.glossary[4].lemma: Einarbeitung || [registry/vocabulary] lexicalRegistry.a2-08-noun-10: die Einarbeitung","[context/reading] reading.textDe: Ein mittelständisches Unternehmen in Leipzig sucht ab September eine Mitarbeiterin oder einen Mitarbeiter im Kundenservice. Zu den Aufgaben gehören telefonische Anfragen, E-Mails, Terminvereinbarungen und die Pflege ein…","","","","",""
"P0-98-original-1297-noun-target","a2-08-noun-11","A2","a2-08","Einladung","die","feminine","die Einladung","die Einladung","der Einladung","","Einladungen","","a2-lexical-grammar-v1","[target/vocabulary] flashcards[8].frontDe: Über eine Einladung freue ich mich. || [target/vocabulary] phrases[16].de: Über eine Einladung freue ich mich. || [registry/vocabulary] lexicalRegistry.a2-08-noun-11: die Einladung","[context/vocabulary] flashcards[8].exampleDe: Über eine Einladung zum Gespräch freue ich mich. || [context/rule] theory[2].examples[4].de: Über eine Einladung freue ich mich. || [context/writing] writing.modelDe: Sehr geehrte Frau Berger, ich bewerbe mich um die Stelle im Kundenservice, die Sie online veröffentlicht haben. Ich habe ein Jahr im Verkauf gearbeitet und weiß deshalb, dass freundliche Kommunikation sehr wichtig ist. …","","","","",""
"P0-98-original-1297-noun-target","a2-08-noun-12","A2","a2-08","Kenntnis","die","feminine","die Kenntnis","die Kenntnis","der Kenntnis","","Kenntnisse","","a2-lexical-grammar-v1","[target/vocabulary] phrases[5].de: die Kenntnisse || [registry/vocabulary] lexicalRegistry.a2-08-noun-12: die Kenntnis","","","","","",""
"P0-98-original-1297-noun-target","a2-08-noun-13","A2","a2-08","Pflege","die","feminine","die Pflege","die Pflege","der Pflege","","","","a2-lexical-grammar-v1","[target/reading] reading.glossary[1].lemma: Pflege || [registry/vocabulary] lexicalRegistry.a2-08-noun-13: die Pflege","[context/reading] reading.textDe: Ein mittelständisches Unternehmen in Leipzig sucht ab September eine Mitarbeiterin oder einen Mitarbeiter im Kundenservice. Zu den Aufgaben gehören telefonische Anfragen, E-Mails, Terminvereinbarungen und die Pflege ein…","","","","",""
"P0-98-original-1297-noun-target","a2-08-noun-14","A2","a2-08","Stellenanzeige","die","feminine","die Stellenanzeige","die Stellenanzeige","der Stellenanzeige","","Stellenanzeigen","","a2-lexical-grammar-v1","[target/vocabulary] flashcards[0].frontDe: die Stellenanzeige || [target/vocabulary] phrases[0].de: die Stellenanzeige || [registry/vocabulary] lexicalRegistry.a2-08-noun-14: die Stellenanzeige","[context/vocabulary] flashcards[0].exampleDe: Ich habe die Stellenanzeige online gelesen. || [context/writing] writing.promptDe: Schreiben Sie 120–140 Wörter zu einer Stellenanzeige: Bezug, passende Erfahrung, Kenntnisse, Motivation und Bitte um Gespräch.","","","","",""
"P0-98-original-1297-noun-target","a2-09-noun-1","A2","a2-09","Anruf","der","masculine","der Anruf","den Anruf","dem Anruf","","Anrufe","","a2-lexical-grammar-v1","[registry/vocabulary] lexicalRegistry.a2-09-noun-1: der Anruf","","","","","",""
"P0-98-original-1297-noun-target","a2-09-noun-2","A2","a2-09","Nachricht","die","feminine","die Nachricht","die Nachricht","der Nachricht","","Nachrichten","","a2-lexical-grammar-v1","[target/vocabulary] flashcards[4].frontDe: eine Nachricht hinterlassen || [target/vocabulary] phrases[7].de: Möchten Sie eine Nachricht hinterlassen? || [registry/vocabulary] lexicalRegistry.a2-09-noun-2: die Nachricht","[context/vocabulary] flashcards[4].exampleDe: Möchten Sie eine Nachricht hinterlassen? || [context/listening] listening.transcriptDe: Empfang: Praxis am Markt, guten Tag. — Anrufer: Guten Tag, hier spricht Nabil Osman von der Firma Meditex. Ich möchte mit Frau Reuter sprechen. — Empfang: Sie behandelt gerade einen Patienten. Möchten Sie eine Nachricht… || [context/reading] reading.textDe: Am Montagmorgen ruft ein Kunde bei einer Lieferfirma an. Er möchte mit Frau Keller sprechen, weil seine Bestellung noch nicht angekommen ist. Frau Keller ist in einer Besprechung. Der Mitarbeiter am Empfang fragt, ob de…","","","","",""
"P0-98-original-1297-noun-target","a2-09-noun-3","A2","a2-09","Durchwahl","die","feminine","die Durchwahl","die Durchwahl","der Durchwahl","","Durchwahlen","","a2-lexical-grammar-v1","[registry/vocabulary] lexicalRegistry.a2-09-noun-3: die Durchwahl","","","","","",""
"P0-98-original-1297-noun-target","a2-09-noun-4","A2","a2-09","Gespräch","das","neuter","das Gespräch","das Gespräch","dem Gespräch","","Gespräche","","a2-lexical-grammar-v1","[registry/vocabulary] lexicalRegistry.a2-09-noun-4: das Gespräch","","","","","",""
"P0-98-original-1297-noun-target","a2-09-noun-5","A2","a2-09","Adressaufkleber","der","masculine","der Adressaufkleber","den Adressaufkleber","dem Adressaufkleber","","Adressaufkleber","","a2-lexical-grammar-v1","[target/reading] reading.glossary[4].lemma: Adressaufkleber || [registry/vocabulary] lexicalRegistry.a2-09-noun-5: der Adressaufkleber","","","","","",""
"P0-98-original-1297-noun-target","a2-09-noun-6","A2","a2-09","Bestellnummer","die","feminine","die Bestellnummer","die Bestellnummer","der Bestellnummer","","Bestellnummern","","a2-lexical-grammar-v1","[target/reading] reading.glossary[1].lemma: Bestellnummer || [registry/vocabulary] lexicalRegistry.a2-09-noun-6: die Bestellnummer","","","","","",""
"P0-98-original-1297-noun-target","a2-09-noun-7","A2","a2-09","Bestellung","die","feminine","die Bestellung","die Bestellung","der Bestellung","","Bestellungen","","a2-lexical-grammar-v1","[target/vocabulary] phrases[10].de: Es geht um meine Bestellung. || [registry/vocabulary] lexicalRegistry.a2-09-noun-7: die Bestellung","[context/entry] entry.dialogue[3].de: Ja, bitte. Sagen Sie ihr, dass es um meine Bestellung geht. || [context/controlled] exercises[6].template: Es geht ___ meine Bestellung. || [context/vocabulary] flashcards[7].exampleDe: Es geht um meine Bestellung.","","","","",""
"P0-98-original-1297-noun-target","a2-09-noun-8","A2","a2-09","Lager","das","neuter","das Lager","das Lager","dem Lager","","Lager","","a2-lexical-grammar-v1","[target/reading] reading.glossary[5].lemma: Lager || [registry/vocabulary] lexicalRegistry.a2-09-noun-8: das Lager","","","","","",""
"P0-98-original-1297-noun-target","a2-09-noun-9","A2","a2-09","Lieferfirma","die","feminine","die Lieferfirma","die Lieferfirma","der Lieferfirma","","Lieferfirmen","","a2-lexical-grammar-v1","[target/reading] reading.glossary[0].lemma: Lieferfirma || [registry/vocabulary] lexicalRegistry.a2-09-noun-9: die Lieferfirma","[context/reading] reading.textDe: Am Montagmorgen ruft ein Kunde bei einer Lieferfirma an. Er möchte mit Frau Keller sprechen, weil seine Bestellung noch nicht angekommen ist. Frau Keller ist in einer Besprechung. Der Mitarbeiter am Empfang fragt, ob de…","","","","",""
"P0-98-original-1297-noun-target","a2-09-noun-10","A2","a2-09","Name","der","masculine","der Name","den Namen","dem Namen","","Namen","","a2-lexical-grammar-v1","[target/vocabulary] phrases[12].de: Können Sie den Namen buchstabieren? || [registry/vocabulary] lexicalRegistry.a2-09-noun-10: der Name","","","","","",""
"P0-98-original-1297-noun-target","a2-10-noun-1","A2","a2-10","Reiseplan","der","masculine","der Reiseplan","den Reiseplan","dem Reiseplan","","Reisepläne","","a2-lexical-grammar-v1","[registry/vocabulary] lexicalRegistry.a2-10-noun-1: der Reiseplan","","","","","",""
"P0-98-original-1297-noun-target","a2-10-noun-2","A2","a2-10","Verbindung","die","feminine","die Verbindung","die Verbindung","der Verbindung","","Verbindungen","","a2-lexical-grammar-v1","[target/vocabulary] phrases[1].de: eine Verbindung vergleichen || [registry/vocabulary] lexicalRegistry.a2-10-noun-2: die Verbindung","[context/listening] listening.questions[0].promptDe: Wie viel kostet die erste Verbindung? || [context/listening] listening.questions[1].promptDe: Warum möchte der Kunde die zweite Verbindung nicht? || [context/listening] listening.transcriptDe: Beraterin: Sie können um 8:10 Uhr direkt fahren. Die Fahrt dauert zwei Stunden und zwanzig Minuten. — Kunde: Wie viel kostet das Ticket? — Beraterin: 58 Euro. Es gibt auch eine Verbindung um 8:40 Uhr für 39 Euro. Sie mü…","","","","",""
"P0-98-original-1297-noun-target","a2-10-noun-3","A2","a2-10","Abfahrt","die","feminine","die Abfahrt","die Abfahrt","der Abfahrt","","Abfahrten","","a2-lexical-grammar-v1","[registry/vocabulary] lexicalRegistry.a2-10-noun-3: die Abfahrt","","","","","",""
"P0-98-original-1297-noun-target","a2-10-noun-4","A2","a2-10","Ankunft","die","feminine","die Ankunft","die Ankunft","der Ankunft","","Ankünfte","","a2-lexical-grammar-v1","[registry/vocabulary] lexicalRegistry.a2-10-noun-4: die Ankunft","","","","","",""
"P0-98-original-1297-noun-target","a2-10-noun-5","A2","a2-10","Abfahrtszeit","die","feminine","die Abfahrtszeit","die Abfahrtszeit","der Abfahrtszeit","","Abfahrtszeiten","","a2-lexical-grammar-v1","[target/vocabulary] phrases[11].de: die Abfahrtszeit || [registry/vocabulary] lexicalRegistry.a2-10-noun-5: die Abfahrtszeit","","","","","",""
"P0-98-original-1297-noun-target","a2-10-noun-6","A2","a2-10","Bus","der","masculine","der Bus","den Bus","dem Bus","","Busse","","a2-lexical-grammar-v1","[target/vocabulary] phrases[3].de: der Bus ist günstiger || [registry/vocabulary] lexicalRegistry.a2-10-noun-6: der Bus","[context/entry] entry.dialogue[0].de: Der Zug ist schneller als der Bus, aber auch teurer. || [context/entry] entry.dialogue[3].de: Der frühe Zug ist fast so günstig wie der Bus. || [context/controlled] exercises[0].options[0]: Der Zug ist schneller wie der Bus.","","","","",""
"P0-98-original-1297-noun-target","a2-10-noun-7","A2","a2-10","Entscheidung","die","feminine","die Entscheidung","die Entscheidung","der Entscheidung","","Entscheidungen","","a2-lexical-grammar-v1","[target/vocabulary] flashcards[8].frontDe: eine Entscheidung treffen || [target/vocabulary] phrases[15].de: eine Entscheidung treffen || [registry/vocabulary] lexicalRegistry.a2-10-noun-7: die Entscheidung","[context/vocabulary] flashcards[8].exampleDe: Wir müssen heute eine Entscheidung treffen. || [context/writing] writing.promptDe: Vergleichen Sie in 110–130 Wörtern drei Reiseoptionen nach Preis, Dauer, Komfort und Umstieg. Treffen und begründen Sie eine Entscheidung.","","","","",""
"P0-98-original-1297-noun-target","a2-10-noun-8","A2","a2-10","Fahrkarte","die","feminine","die Fahrkarte","die Fahrkarte","der Fahrkarte","","Fahrkarten","","a2-lexical-grammar-v1","[target/vocabulary] phrases[14].de: eine Fahrkarte buchen || [registry/vocabulary] lexicalRegistry.a2-10-noun-8: die Fahrkarte","","","","","",""
"P0-98-original-1297-noun-target","a2-10-noun-9","A2","a2-10","Fernbus","der","masculine","der Fernbus","den Fernbus","dem Fernbus","","Fernbusse","","a2-lexical-grammar-v1","[target/reading] reading.glossary[2].lemma: Fernbus || [registry/vocabulary] lexicalRegistry.a2-10-noun-9: der Fernbus","[context/reading] reading.questions[1].promptDe: Warum passt der Fernbus nicht gut?","","","","",""
"P0-98-original-1297-noun-target","a2-10-noun-10","A2","a2-10","Möglichkeit","die","feminine","die Möglichkeit","die Möglichkeit","der Möglichkeit","","Möglichkeiten","","a2-lexical-grammar-v1","[target/reading] reading.glossary[0].lemma: Möglichkeit || [registry/vocabulary] lexicalRegistry.a2-10-noun-10: die Möglichkeit","","","","","",""
"P0-98-original-1297-noun-target","a2-10-noun-11","A2","a2-10","Reise","die","feminine","die Reise","die Reise","der Reise","","Reisen","","a2-lexical-grammar-v1","[target/vocabulary] phrases[0].de: eine Reise planen || [registry/vocabulary] lexicalRegistry.a2-10-noun-11: die Reise","[context/reading] reading.textDe: Mila und Karim planen eine Reise von Berlin nach Hamburg. Sie vergleichen drei Möglichkeiten. Der direkte Zug fährt um 7:30 Uhr, dauert knapp zwei Stunden und kostet 49 Euro. Ein späterer Zug kostet nur 32 Euro, aber si… || [context/writing] writing.modelDe: Für die Reise nach Hamburg gibt es drei Optionen. Der Direktzug ist schneller und bequemer als der Bus, aber er ist auch teurer. Der Zug mit Umstieg ist nicht so teuer wie der Direktzug. Er dauert jedoch eine Stunde län…","","","","",""
"P0-98-original-1297-noun-target","a2-10-noun-12","A2","a2-10","Reisedauer","die","feminine","die Reisedauer","die Reisedauer","der Reisedauer","","Reisedauern","","a2-lexical-grammar-v1","[target/vocabulary] flashcards[6].frontDe: die Reisedauer || [target/vocabulary] phrases[10].de: die Reisedauer || [registry/vocabulary] lexicalRegistry.a2-10-noun-12: die Reisedauer","","","","","",""
"P0-98-original-1297-noun-target","a2-10-noun-13","A2","a2-10","Sitzplatz","der","masculine","der Sitzplatz","den Sitzplatz","dem Sitzplatz","","Sitzplätze","","a2-lexical-grammar-v1","[target/reading] reading.glossary[7].lemma: Sitzplatz || [registry/vocabulary] lexicalRegistry.a2-10-noun-13: der Sitzplatz","","","","","",""
"P0-98-original-1297-noun-target","a2-10-noun-14","A2","a2-10","Zug","der","masculine","der Zug","den Zug","dem Zug","","Züge","","a2-lexical-grammar-v1","[target/vocabulary] phrases[2].de: der Zug ist schneller || [registry/vocabulary] lexicalRegistry.a2-10-noun-14: der Zug","[context/entry] entry.dialogue[4].de: Dann nehmen wir den frühen Zug und buchen heute. || [context/vocabulary] flashcards[1].exampleDe: Der Bus ist günstiger als der Zug. || [context/vocabulary] flashcards[2].exampleDe: Das Auto ist so schnell wie der Zug.","","","","",""
"P0-98-original-1297-noun-target","a2-11-noun-1","A2","a2-11","Unterkunft","die","feminine","die Unterkunft","die Unterkunft","der Unterkunft","","Unterkünfte","","a2-lexical-grammar-v1","[target/vocabulary] flashcards[0].frontDe: die Unterkunft || [target/vocabulary] phrases[0].de: die Unterkunft || [target/reading] reading.glossary[0].lemma: Unterkunft || [registry/vocabulary] lexicalRegistry.a2-11-noun-1: die Unterkunft","[context/vocabulary] flashcards[0].exampleDe: Wir suchen eine Unterkunft. || [context/speaking] speaking.promptDe: Buchen Sie in 90 Sekunden eine Unterkunft. Fragen Sie nach sieben Buchungsdaten und wiederholen Sie die Vereinbarung.","","","","",""
"P0-98-original-1297-noun-target","a2-11-noun-2","A2","a2-11","Reservierung","die","feminine","die Reservierung","die Reservierung","der Reservierung","","Reservierungen","","a2-lexical-grammar-v1","[registry/vocabulary] lexicalRegistry.a2-11-noun-2: die Reservierung","","","","","",""
"P0-98-original-1297-noun-target","a2-11-noun-3","A2","a2-11","Rezeption","die","feminine","die Rezeption","die Rezeption","der Rezeption","","Rezeptionen","","a2-lexical-grammar-v1","[registry/vocabulary] lexicalRegistry.a2-11-noun-3: die Rezeption","","","","","",""
"P0-98-original-1297-noun-target","a2-11-noun-4","A2","a2-11","Frühstück","das","neuter","das Frühstück","das Frühstück","dem Frühstück","","Frühstücke","","a2-lexical-grammar-v1","[registry/vocabulary] lexicalRegistry.a2-11-noun-4: das Frühstück","","","","","",""
"P0-98-original-1297-noun-target","a2-11-noun-5","A2","a2-11","Anzahlung","die","feminine","die Anzahlung","die Anzahlung","der Anzahlung","","Anzahlungen","","a2-lexical-grammar-v1","[target/vocabulary] phrases[17].de: die Anzahlung || [registry/vocabulary] lexicalRegistry.a2-11-noun-5: die Anzahlung","","","","","",""
"P0-98-original-1297-noun-target","a2-11-noun-6","A2","a2-11","Bad","das","neuter","das Bad","das Bad","dem Bad","","Bäder","","a2-lexical-grammar-v1","[target/vocabulary] phrases[10].de: ein eigenes Bad || [registry/vocabulary] lexicalRegistry.a2-11-noun-6: das Bad","[context/entry] entry.dialogue[3].de: Mit Frühstück. Gibt es ein eigenes Bad? || [context/listening] listening.transcriptDe: Gast: Guten Tag. Ich würde gern ein Einzelzimmer vom 3. bis 6. August buchen. — Rezeption: Wir haben noch ein Zimmer für 72 Euro pro Nacht. — Gast: Ist Frühstück inklusive? — Rezeption: Nein, das kostet neun Euro pro Ta… || [context/writing] writing.modelDe: Sehr geehrte Damen und Herren, ich würde gern vom 12. bis 15. Juli ein Doppelzimmer für zwei Personen buchen. Können Sie mir bitte sagen, ob Frühstück und WLAN im Preis inklusive sind? Wir brauchen ein eigenes Bad und w…","","","","",""
"P0-98-original-1297-noun-target","a2-11-noun-7","A2","a2-11","Buchungsbestätigung","die","feminine","die Buchungsbestätigung","die Buchungsbestätigung","der Buchungsbestätigung","","Buchungsbestätigungen","","a2-lexical-grammar-v1","[target/vocabulary] flashcards[8].frontDe: die Buchungsbestätigung || [target/vocabulary] phrases[16].de: die Buchungsbestätigung || [registry/vocabulary] lexicalRegistry.a2-11-noun-7: die Buchungsbestätigung","[context/writing] writing.modelDe: Sehr geehrte Damen und Herren, ich würde gern vom 12. bis 15. Juli ein Doppelzimmer für zwei Personen buchen. Können Sie mir bitte sagen, ob Frühstück und WLAN im Preis inklusive sind? Wir brauchen ein eigenes Bad und w…","","","","",""
"P0-98-original-1297-noun-target","a2-11-noun-8","A2","a2-11","Doppelzimmer","das","neuter","das Doppelzimmer","das Doppelzimmer","dem Doppelzimmer","","Doppelzimmer","","a2-lexical-grammar-v1","[target/vocabulary] flashcards[1].frontDe: das Doppelzimmer || [target/vocabulary] phrases[2].de: das Doppelzimmer || [registry/vocabulary] lexicalRegistry.a2-11-noun-8: das Doppelzimmer","[context/entry] entry.dialogue[1].de: Guten Tag. Ich würde gern ein Doppelzimmer für zwei Nächte buchen. || [context/vocabulary] flashcards[1].exampleDe: Ich würde gern ein Doppelzimmer buchen. || [context/writing] writing.modelDe: Sehr geehrte Damen und Herren, ich würde gern vom 12. bis 15. Juli ein Doppelzimmer für zwei Personen buchen. Können Sie mir bitte sagen, ob Frühstück und WLAN im Preis inklusive sind? Wir brauchen ein eigenes Bad und w…","","","","",""
"P0-98-original-1297-noun-target","a2-11-noun-9","A2","a2-11","Einzelzimmer","das","neuter","das Einzelzimmer","das Einzelzimmer","dem Einzelzimmer","","Einzelzimmer","","a2-lexical-grammar-v1","[target/vocabulary] phrases[1].de: das Einzelzimmer || [registry/vocabulary] lexicalRegistry.a2-11-noun-9: das Einzelzimmer","[context/listening] listening.transcriptDe: Gast: Guten Tag. Ich würde gern ein Einzelzimmer vom 3. bis 6. August buchen. — Rezeption: Wir haben noch ein Zimmer für 72 Euro pro Nacht. — Gast: Ist Frühstück inklusive? — Rezeption: Nein, das kostet neun Euro pro Ta… || [context/rule] theory[0].examples[4].de: Ich würde lieber ein Einzelzimmer nehmen.","","","","",""
"P0-98-original-1297-noun-target","a2-11-noun-10","A2","a2-11","Ferienwohnung","die","feminine","die Ferienwohnung","die Ferienwohnung","der Ferienwohnung","","Ferienwohnungen","","a2-lexical-grammar-v1","[target/vocabulary] phrases[3].de: die Ferienwohnung || [registry/vocabulary] lexicalRegistry.a2-11-noun-10: die Ferienwohnung","[context/reading] reading.questions[1].promptDe: Was bietet die Ferienwohnung kostenlos? || [context/reading] reading.questions[2].promptDe: Warum kann die Ferienwohnung besser sein? || [context/reading] reading.textDe: Für ein Wochenende am Bodensee vergleicht Nora drei Unterkünfte. Das Hotel Hafenblick liegt zentral und bietet Doppelzimmer mit Frühstück für 118 Euro pro Nacht. WLAN ist inklusive, der Parkplatz kostet zwölf Euro extra…","","","","",""
"P0-98-original-1297-noun-target","a2-11-noun-11","A2","a2-11","Gesamtpreis","der","masculine","der Gesamtpreis","den Gesamtpreis","dem Gesamtpreis","","Gesamtpreise","","a2-lexical-grammar-v1","[target/vocabulary] flashcards[7].frontDe: der Gesamtpreis || [target/vocabulary] phrases[13].de: Wie hoch ist der Gesamtpreis? || [registry/vocabulary] lexicalRegistry.a2-11-noun-11: der Gesamtpreis","[context/vocabulary] flashcards[7].exampleDe: Wie hoch ist der Gesamtpreis? || [context/speaking] speaking.usefulPhrases[2]: Wie hoch ist der Gesamtpreis? || [context/writing] writing.modelDe: Sehr geehrte Damen und Herren, ich würde gern vom 12. bis 15. Juli ein Doppelzimmer für zwei Personen buchen. Können Sie mir bitte sagen, ob Frühstück und WLAN im Preis inklusive sind? Wir brauchen ein eigenes Bad und w…","","","","",""
"P0-98-original-1297-noun-target","a2-11-noun-12","A2","a2-11","Jugendherberge","die","feminine","die Jugendherberge","die Jugendherberge","der Jugendherberge","","Jugendherbergen","","a2-lexical-grammar-v1","[target/vocabulary] phrases[4].de: die Jugendherberge || [registry/vocabulary] lexicalRegistry.a2-11-noun-12: die Jugendherberge","","","","","",""
"P0-98-original-1297-noun-target","a2-11-noun-13","A2","a2-11","Stornobedingung","die","feminine","die Stornobedingung","die Stornobedingung","der Stornobedingung","","Stornobedingungen","","a2-lexical-grammar-v1","[target/reading] reading.glossary[7].lemma: Stornobedingung || [registry/vocabulary] lexicalRegistry.a2-11-noun-13: die Stornobedingung","[context/listening] listening.transcriptDe: Gast: Guten Tag. Ich würde gern ein Einzelzimmer vom 3. bis 6. August buchen. — Rezeption: Wir haben noch ein Zimmer für 72 Euro pro Nacht. — Gast: Ist Frühstück inklusive? — Rezeption: Nein, das kostet neun Euro pro Ta… || [context/reading] reading.textDe: Für ein Wochenende am Bodensee vergleicht Nora drei Unterkünfte. Das Hotel Hafenblick liegt zentral und bietet Doppelzimmer mit Frühstück für 118 Euro pro Nacht. WLAN ist inklusive, der Parkplatz kostet zwölf Euro extra…","","","","",""
"P0-98-original-1297-noun-target","a2-12-noun-1","A2","a2-12","Beschwerde","die","feminine","die Beschwerde","die Beschwerde","der Beschwerde","","Beschwerden","","a2-lexical-grammar-v1","[registry/vocabulary] lexicalRegistry.a2-12-noun-1: die Beschwerde","","","","","",""
"P0-98-original-1297-noun-target","a2-12-noun-2","A2","a2-12","Mangel","der","masculine","der Mangel","den Mangel","dem Mangel","","Mängel","","a2-lexical-grammar-v1","[registry/vocabulary] lexicalRegistry.a2-12-noun-2: der Mangel","","","","","",""
"P0-98-original-1297-noun-target","a2-12-noun-3","A2","a2-12","Erstattung","die","feminine","die Erstattung","die Erstattung","der Erstattung","","Erstattungen","","a2-lexical-grammar-v1","[target/vocabulary] flashcards[6].frontDe: eine Erstattung || [target/vocabulary] phrases[11].de: Ich möchte eine Erstattung. || [registry/vocabulary] lexicalRegistry.a2-12-noun-3: die Erstattung","[context/controlled] exercises[5].options[0]: Wenn kein Zimmer frei ist, möchte ich eine Erstattung. || [context/vocabulary] flashcards[6].exampleDe: Ich möchte eine Erstattung. || [context/errors] mistakes[3].correct: Wenn kein Zimmer frei ist, möchte ich eine Erstattung.","","","","",""
"P0-98-original-1297-noun-target","a2-12-noun-4","A2","a2-12","Lösung","die","feminine","die Lösung","die Lösung","der Lösung","","Lösungen","","a2-lexical-grammar-v1","[target/vocabulary] flashcards[4].frontDe: Ich brauche eine Lösung. || [target/vocabulary] phrases[9].de: Ich brauche eine Lösung. || [registry/vocabulary] lexicalRegistry.a2-12-noun-4: die Lösung","[context/vocabulary] flashcards[4].exampleDe: Ich brauche heute eine Lösung. || [context/test] miniTest[2].options[1]: Ich deshalb eine Lösung brauche. || [context/test] miniTest[2].options[2]: Deshalb brauche ich eine Lösung.","","","","",""
"P0-98-original-1297-noun-target","a2-12-noun-5","A2","a2-12","Alternative","die","feminine","die Alternative","die Alternative","der Alternative","","Alternativen","","a2-lexical-grammar-v1","[target/vocabulary] phrases[12].de: Gibt es eine Alternative? || [registry/vocabulary] lexicalRegistry.a2-12-noun-5: die Alternative","","","","","",""
"P0-98-original-1297-noun-target","a2-12-noun-6","A2","a2-12","Anhänger","der","masculine","der Anhänger","den Anhänger","dem Anhänger","","Anhänger","","a2-lexical-grammar-v1","[target/reading] reading.glossary[5].lemma: Anhänger || [registry/vocabulary] lexicalRegistry.a2-12-noun-6: der Anhänger","","","","","",""
"P0-98-original-1297-noun-target","a2-12-noun-7","A2","a2-12","Aufpreis","der","masculine","der Aufpreis","den Aufpreis","dem Aufpreis","","Aufpreise","","a2-lexical-grammar-v1","[target/reading] reading.glossary[2].lemma: Aufpreis || [registry/vocabulary] lexicalRegistry.a2-12-noun-7: der Aufpreis","[context/rule] theory[2].examples[4].de: Gilt das ohne Aufpreis?","","","","",""
"P0-98-original-1297-noun-target","a2-12-noun-8","A2","a2-12","Beleg","der","masculine","der Beleg","den Beleg","dem Beleg","","Belege","","a2-lexical-grammar-v1","[target/reading] reading.glossary[7].lemma: Beleg || [registry/vocabulary] lexicalRegistry.a2-12-noun-8: der Beleg","","","","","",""
"P0-98-original-1297-noun-target","a2-12-noun-9","A2","a2-12","Bestätigung","die","feminine","die Bestätigung","die Bestätigung","der Bestätigung","","Bestätigungen","","a2-lexical-grammar-v1","[target/vocabulary] flashcards[2].frontDe: Hier ist die Bestätigung. || [target/vocabulary] phrases[7].de: Hier ist die Bestätigung. || [registry/vocabulary] lexicalRegistry.a2-12-noun-9: die Bestätigung","[context/vocabulary] flashcards[1].exampleDe: Das Zimmer entspricht nicht der Bestätigung. || [context/pronunciation] pronunciation.items[3].de: Hier ist die BESTÄTIGUNG. || [context/rule] theory[0].examples[2].de: Hier ist die Bestätigung.","","","","",""
"P0-98-original-1297-noun-target","a2-12-noun-10","A2","a2-12","Buchung","die","feminine","die Buchung","die Buchung","der Buchung","","Buchungen","","a2-lexical-grammar-v1","[target/vocabulary] flashcards[1].frontDe: Das entspricht nicht der Buchung. || [target/vocabulary] phrases[1].de: Das entspricht nicht der Buchung. || [registry/vocabulary] lexicalRegistry.a2-12-noun-10: die Buchung","[context/listening] listening.transcriptDe: Gast: Entschuldigung, in meinem Zimmer funktioniert die Heizung nicht, und es ist sehr kalt. — Rezeption: Das tut mir leid. Ich kann sofort jemanden schicken. — Gast: Ich habe das Problem schon vor zwei Stunden gemeldet…","","","","",""
"P0-98-original-1297-noun-target","a2-12-noun-11","A2","a2-12","Gepäckstück","das","neuter","das Gepäckstück","das Gepäckstück","dem Gepäckstück","","Gepäckstücke","","a2-lexical-grammar-v1","[target/reading] reading.glossary[4].lemma: Gepäckstück || [registry/vocabulary] lexicalRegistry.a2-12-noun-11: das Gepäckstück","[context/reading] reading.textDe: Während einer Reise nach München erlebt eine Familie drei Probleme. Zuerst fällt ihr gebuchter Zug aus. Am Schalter zeigt der Vater die Fahrkarten, und die Mitarbeiterin bietet eine andere Verbindung ohne Aufpreis an. I…","","","","",""
"P0-98-original-1297-noun-target","a2-12-noun-12","A2","a2-12","Problem","das","neuter","das Problem","das Problem","dem Problem","","Probleme","","a2-lexical-grammar-v1","[target/vocabulary] flashcards[0].frontDe: Es gibt ein Problem mit … || [target/vocabulary] phrases[0].de: Es gibt ein Problem mit … || [registry/vocabulary] lexicalRegistry.a2-12-noun-12: das Problem","[context/entry] entry.dialogue[0].de: Entschuldigung, ich glaube, es gibt ein Problem mit meinem Zimmer. || [context/controlled] exercises[0].options[1]: Es gibt ein Problem mit meinem Zimmer. || [context/vocabulary] flashcards[0].exampleDe: Es gibt ein Problem mit meinem Zimmer.","","","","",""
"P0-98-original-1297-noun-target","a2-12-noun-13","A2","a2-12","Quittung","die","feminine","die Quittung","die Quittung","der Quittung","","Quittungen","","a2-lexical-grammar-v1","[target/vocabulary] phrases[17].de: eine Quittung aufbewahren || [registry/vocabulary] lexicalRegistry.a2-12-noun-13: die Quittung","","","","","",""
"P0-98-original-1297-noun-target","a2-12-noun-14","A2","a2-12","Zimmer","das","neuter","das Zimmer","das Zimmer","dem Zimmer","","Zimmer","","a2-lexical-grammar-v1","[target/vocabulary] flashcards[5].frontDe: ein anderes Zimmer || [target/vocabulary] phrases[10].de: Könnten Sie mir ein anderes Zimmer geben? || [registry/vocabulary] lexicalRegistry.a2-12-noun-14: das Zimmer","[context/entry] entry.dialogue[0].de: Entschuldigung, ich glaube, es gibt ein Problem mit meinem Zimmer. || [context/entry] entry.dialogue[2].de: Ich habe ein ruhiges Zimmer mit eigenem Bad gebucht, aber dieses Zimmer liegt an der Straße und hat kein eigenes Bad. || [context/entry] entry.dialogue[4].de: Könnten Sie mir bitte ein anderes Zimmer geben?","","","","",""
"P0-98-original-1297-noun-target","a2-13-noun-1","A2","a2-13","Gewohnheit","die","feminine","die Gewohnheit","die Gewohnheit","der Gewohnheit","","Gewohnheiten","","a2-lexical-grammar-v1","[target/reading] reading.glossary[0].lemma: Gewohnheit || [registry/vocabulary] lexicalRegistry.a2-13-noun-1: die Gewohnheit","[context/vocabulary] flashcards[8].exampleDe: Ich ändere die Gewohnheit Schritt für Schritt. || [context/reading] reading.textDe: Leila wollte eine Gewohnheit ändern und gesünder leben, aber ihre ersten Pläne waren zu groß. Sie wollte jeden Tag Sport machen, früh schlafen, nur gesund kochen und keinen Zucker essen. Nach drei Tagen war sie müde und… || [context/speaking] speaking.promptDe: Sprechen Sie 90 Sekunden über eine Gewohnheit: Problem, Rat, konkretes Ziel, Erinnerung, Kontrolle und Anpassung.","","","","",""
"P0-98-original-1297-noun-target","a2-13-noun-2","A2","a2-13","Ernährung","die","feminine","die Ernährung","die Ernährung","der Ernährung","","","","a2-lexical-grammar-v1","[registry/vocabulary] lexicalRegistry.a2-13-noun-2: die Ernährung","","","","","",""
"P0-98-original-1297-noun-target","a2-13-noun-3","A2","a2-13","Bewegung","die","feminine","die Bewegung","die Bewegung","der Bewegung","","Bewegungen","","a2-lexical-grammar-v1","[registry/vocabulary] lexicalRegistry.a2-13-noun-3: die Bewegung","","","","","",""
"P0-98-original-1297-noun-target","a2-13-noun-4","A2","a2-13","Gesundheit","die","feminine","die Gesundheit","die Gesundheit","der Gesundheit","","","","a2-lexical-grammar-v1","[registry/vocabulary] lexicalRegistry.a2-13-noun-4: die Gesundheit","","","","","",""
"P0-98-original-1297-noun-target","a2-13-noun-5","A2","a2-13","Ziel","das","neuter","das Ziel","das Ziel","dem Ziel","","Ziele","","a2-lexical-grammar-v1","[target/vocabulary] flashcards[9].frontDe: ein realistisches Ziel || [target/vocabulary] phrases[16].de: ein realistisches Ziel || [registry/vocabulary] lexicalRegistry.a2-13-noun-5: das Ziel","[context/vocabulary] flashcards[9].exampleDe: Das ist ein realistisches Ziel. || [context/listening] listening.transcriptDe: Coach: Was möchtest du ändern? — Amir: Ich sitze bei der Arbeit viel und bewege mich zu wenig. — Coach: Du solltest mit einem kleinen Ziel anfangen. Was ist realistisch? — Amir: Ich kann montags und donnerstags nach der… || [context/reading] reading.questions[2].options[1]: Sie reduziert das Ziel.","","","","",""
"P0-98-original-1297-noun-target","a2-14-noun-1","A2","a2-14","Krankmeldung","die","feminine","die Krankmeldung","die Krankmeldung","der Krankmeldung","","Krankmeldungen","","a2-lexical-grammar-v1","[target/vocabulary] flashcards[2].frontDe: die Krankmeldung || [target/vocabulary] phrases[8].de: die Krankmeldung || [registry/vocabulary] lexicalRegistry.a2-14-noun-1: die Krankmeldung","[context/vocabulary] flashcards[2].exampleDe: Ich schicke eine Krankmeldung.","","","","",""
"P0-98-original-1297-noun-target","a2-14-noun-2","A2","a2-14","Arbeitgeber","der","masculine","der Arbeitgeber","den Arbeitgeber","dem Arbeitgeber","","Arbeitgeber","","a2-lexical-grammar-v1","[registry/vocabulary] lexicalRegistry.a2-14-noun-2: der Arbeitgeber","","","","","",""
"P0-98-original-1297-noun-target","a2-14-noun-3","A2","a2-14","Bescheinigung","die","feminine","die Bescheinigung","die Bescheinigung","der Bescheinigung","","Bescheinigungen","","a2-lexical-grammar-v1","[target/vocabulary] flashcards[3].frontDe: die Bescheinigung || [registry/vocabulary] lexicalRegistry.a2-14-noun-3: die Bescheinigung","[context/discover] discovery.examples[2]: Wenn die Bescheinigung nötig ist, schicke ich sie. || [context/entry] entry.dialogue[3].de: Brauchen wir eine Bescheinigung? || [context/vocabulary] flashcards[3].exampleDe: Ist eine Bescheinigung nötig?","","","","",""
"P0-98-original-1297-noun-target","a2-14-noun-4","A2","a2-14","Arbeitsunfähigkeit","die","feminine","die Arbeitsunfähigkeit","die Arbeitsunfähigkeit","der Arbeitsunfähigkeit","","","","a2-lexical-grammar-v1","[registry/vocabulary] lexicalRegistry.a2-14-noun-4: die Arbeitsunfähigkeit","","","","","",""
"P0-98-original-1297-noun-target","a2-14-noun-5","A2","a2-14","Arbeitsbeginn","der","masculine","der Arbeitsbeginn","den Arbeitsbeginn","dem Arbeitsbeginn","","","","a2-lexical-grammar-v1","[target/reading] reading.glossary[0].lemma: Arbeitsbeginn || [registry/vocabulary] lexicalRegistry.a2-14-noun-5: der Arbeitsbeginn","","","","","",""
"P0-98-original-1297-noun-target","a2-14-noun-6","A2","a2-14","Arbeitsunfähigkeitsbescheinigung","die","feminine","die Arbeitsunfähigkeitsbescheinigung","die Arbeitsunfähigkeitsbescheinigung","der Arbeitsunfähigkeitsbescheinigung","","Arbeitsunfähigkeitsbescheinigungen","","a2-lexical-grammar-v1","[target/vocabulary] phrases[7].de: die Arbeitsunfähigkeitsbescheinigung || [registry/vocabulary] lexicalRegistry.a2-14-noun-6: die Arbeitsunfähigkeitsbescheinigung","","","","","",""
"P0-98-original-1297-noun-target","a2-14-noun-7","A2","a2-14","Arztbesuch","der","masculine","der Arztbesuch","den Arztbesuch","dem Arztbesuch","","Arztbesuche","","a2-lexical-grammar-v1","[target/reading] reading.glossary[6].lemma: Arztbesuch || [registry/vocabulary] lexicalRegistry.a2-14-noun-7: der Arztbesuch","[context/reading] reading.textDe: Am Dienstagmorgen wacht Nabil mit Fieber und starkem Husten auf. Er ruft vor Arbeitsbeginn seine Teamleiterin an und meldet sich krank. Er sagt, dass er heute nicht arbeiten kann und um elf Uhr einen Arzttermin hat. Die…","","","","",""
"P0-98-original-1297-noun-target","a2-14-noun-8","A2","a2-14","Arzttermin","der","masculine","der Arzttermin","den Arzttermin","dem Arzttermin","","Arzttermine","","a2-lexical-grammar-v1","[target/vocabulary] phrases[4].de: Ich habe einen Arzttermin. || [registry/vocabulary] lexicalRegistry.a2-14-noun-8: der Arzttermin","[context/entry] entry.dialogue[2].de: Heute auf jeden Fall. Nach dem Arzttermin sage ich Bescheid, ob ich morgen kommen kann. || [context/reading] reading.textDe: Am Dienstagmorgen wacht Nabil mit Fieber und starkem Husten auf. Er ruft vor Arbeitsbeginn seine Teamleiterin an und meldet sich krank. Er sagt, dass er heute nicht arbeiten kann und um elf Uhr einen Arzttermin hat. Die… || [context/rule] theory[0].examples[3].de: Ich habe um zehn einen Arzttermin.","","","","",""
"P0-98-original-1297-noun-target","a2-14-noun-9","A2","a2-14","Aufgabe","die","feminine","die Aufgabe","die Aufgabe","der Aufgabe","","Aufgaben","","a2-lexical-grammar-v1","[target/vocabulary] flashcards[5].frontDe: eine Aufgabe übergeben || [target/vocabulary] phrases[10].de: eine Aufgabe übergeben || [registry/vocabulary] lexicalRegistry.a2-14-noun-9: die Aufgabe","[context/vocabulary] flashcards[5].exampleDe: Ich übergebe die Aufgabe an Ben.","","","","",""
"P0-98-original-1297-noun-target","a2-14-noun-10","A2","a2-14","Dauer","die","feminine","die Dauer","die Dauer","der Dauer","","","","a2-lexical-grammar-v1","[target/reading] reading.glossary[1].lemma: Dauer || [registry/vocabulary] lexicalRegistry.a2-14-noun-10: die Dauer","[context/mediation] mediation.sourceDe: Bitte melden Sie sich vor Arbeitsbeginn. Teilen Sie die voraussichtliche Dauer mit. Fragen Sie, ob eine Bescheinigung nötig ist. Geben Sie keine sensiblen Details in den Gruppenchat. || [context/reading] reading.questions[0].options[1]: Er kennt die Dauer noch nicht.","","","","",""
"P0-98-original-1297-noun-target","a2-14-noun-11","A2","a2-14","Eingang","der","masculine","der Eingang","den Eingang","dem Eingang","","Eingänge","","a2-lexical-grammar-v1","[target/reading] reading.glossary[7].lemma: Eingang || [registry/vocabulary] lexicalRegistry.a2-14-noun-11: der Eingang","[context/reading] reading.textDe: Am Dienstagmorgen wacht Nabil mit Fieber und starkem Husten auf. Er ruft vor Arbeitsbeginn seine Teamleiterin an und meldet sich krank. Er sagt, dass er heute nicht arbeiten kann und um elf Uhr einen Arzttermin hat. Die…","","","","",""
"P0-98-original-1297-noun-target","a2-14-noun-12","A2","a2-14","Vertretung","die","feminine","die Vertretung","die Vertretung","der Vertretung","","Vertretungen","","a2-lexical-grammar-v1","[target/vocabulary] flashcards[6].frontDe: eine Vertretung || [target/vocabulary] phrases[11].de: eine Vertretung informieren || [registry/vocabulary] lexicalRegistry.a2-14-noun-12: die Vertretung","[context/vocabulary] flashcards[6].exampleDe: Mara ist meine Vertretung. || [context/rule] theory[1].examples[5].de: Wir prüfen, ob eine Vertretung nötig ist.","","","","",""
"P0-98-original-1297-noun-target","a2-15-noun-1","A2","a2-15","Apotheke","die","feminine","die Apotheke","die Apotheke","der Apotheke","","Apotheken","","a2-lexical-grammar-v1","[target/vocabulary] phrases[0].de: die Apotheke || [registry/vocabulary] lexicalRegistry.a2-15-noun-1: die Apotheke","[context/reading] reading.textDe: In einem Sprachkurs übt die Gruppe, Informationen auf einer fiktiven Medikamentenpackung zu lesen. Dort steht: Erwachsene nehmen eine Tablette zweimal täglich nach dem Essen mit einem Glas Wasser. Die Anwendung ist auf …","","","","",""
"P0-98-original-1297-noun-target","a2-15-noun-2","A2","a2-15","Medikament","das","neuter","das Medikament","das Medikament","dem Medikament","","Medikamente","","a2-lexical-grammar-v1","[target/vocabulary] flashcards[0].frontDe: das Medikament || [target/vocabulary] phrases[1].de: das Medikament || [registry/vocabulary] lexicalRegistry.a2-15-noun-2: das Medikament","[context/entry] entry.dialogue[3].de: Ich nehme ein Medikament regelmäßig. Können Sie bitte prüfen, ob sich das verträgt? || [context/controlled] exercises[5].options[0]: Verträgt sich das mit meinem Medikament? || [context/vocabulary] flashcards[0].exampleDe: Ich nehme bereits ein Medikament.","","","","",""
"P0-98-original-1297-noun-target","a2-15-noun-3","A2","a2-15","Packungsbeilage","die","feminine","die Packungsbeilage","die Packungsbeilage","der Packungsbeilage","","Packungsbeilagen","","a2-lexical-grammar-v1","[target/vocabulary] flashcards[2].frontDe: die Packungsbeilage || [target/vocabulary] phrases[5].de: die Packungsbeilage || [registry/vocabulary] lexicalRegistry.a2-15-noun-3: die Packungsbeilage","[context/vocabulary] flashcards[2].exampleDe: Lesen Sie die Packungsbeilage. || [context/reading] reading.textDe: In einem Sprachkurs übt die Gruppe, Informationen auf einer fiktiven Medikamentenpackung zu lesen. Dort steht: Erwachsene nehmen eine Tablette zweimal täglich nach dem Essen mit einem Glas Wasser. Die Anwendung ist auf … || [context/rule] theory[1].examples[1].de: Lesen Sie die Packungsbeilage.","","","","",""
"P0-98-original-1297-noun-target","a2-15-noun-4","A2","a2-15","Dosierung","die","feminine","die Dosierung","die Dosierung","der Dosierung","","Dosierungen","","a2-lexical-grammar-v1","[registry/vocabulary] lexicalRegistry.a2-15-noun-4: die Dosierung","","","","","",""
"P0-98-original-1297-noun-target","a2-15-noun-5","A2","a2-15","Allergie","die","feminine","die Allergie","die Allergie","der Allergie","","Allergien","","a2-lexical-grammar-v1","[target/vocabulary] flashcards[8].frontDe: Ich habe eine Allergie gegen … || [target/vocabulary] phrases[14].de: Ich habe eine Allergie gegen … || [registry/vocabulary] lexicalRegistry.a2-15-noun-5: die Allergie","[context/vocabulary] flashcards[8].exampleDe: Ich habe eine Allergie gegen Penicillin. || [context/reading] reading.textDe: In einem Sprachkurs übt die Gruppe, Informationen auf einer fiktiven Medikamentenpackung zu lesen. Dort steht: Erwachsene nehmen eine Tablette zweimal täglich nach dem Essen mit einem Glas Wasser. Die Anwendung ist auf … || [context/rule] theory[2].examples[1].de: Ich habe eine Allergie gegen Penicillin.","","","","",""
"P0-98-original-1297-noun-target","a2-15-noun-6","A2","a2-15","Anwendung","die","feminine","die Anwendung","die Anwendung","der Anwendung","","Anwendungen","","a2-lexical-grammar-v1","[target/reading] reading.glossary[1].lemma: Anwendung || [registry/vocabulary] lexicalRegistry.a2-15-noun-6: die Anwendung","[context/writing] writing.modelDe: Auf der fiktiven Packung steht: Erwachsene sollen eine Tablette zweimal täglich nach dem Essen mit Wasser nehmen. Die Anwendung dauert höchstens fünf Tage. Personen mit einer Allergie gegen einen Bestandteil dürfen das …","","","","",""
"P0-98-original-1297-noun-target","a2-15-noun-7","A2","a2-15","Bestandteil","der","masculine","der Bestandteil","den Bestandteil","dem Bestandteil","","Bestandteile","","a2-lexical-grammar-v1","[target/reading] reading.glossary[3].lemma: Bestandteil || [registry/vocabulary] lexicalRegistry.a2-15-noun-7: der Bestandteil","[context/reading] reading.textDe: In einem Sprachkurs übt die Gruppe, Informationen auf einer fiktiven Medikamentenpackung zu lesen. Dort steht: Erwachsene nehmen eine Tablette zweimal täglich nach dem Essen mit einem Glas Wasser. Die Anwendung ist auf … || [context/writing] writing.modelDe: Auf der fiktiven Packung steht: Erwachsene sollen eine Tablette zweimal täglich nach dem Essen mit Wasser nehmen. Die Anwendung dauert höchstens fünf Tage. Personen mit einer Allergie gegen einen Bestandteil dürfen das …","","","","",""
"P0-98-original-1297-noun-target","a2-15-noun-8","A2","a2-15","Essen","das","neuter","das Essen","das Essen","dem Essen","","","","a2-lexical-grammar-v1","[target/vocabulary] flashcards[4].frontDe: nach dem Essen || [target/vocabulary] phrases[8].de: vor dem Essen || [target/vocabulary] phrases[9].de: nach dem Essen || [registry/vocabulary] lexicalRegistry.a2-15-noun-8: das Essen","[context/discover] discovery.examples[2]: nach dem Essen || [context/controlled] exercises[0].options[2]: nach dem Essen || [context/controlled] exercises[1].template: Nehmen Sie das ___ dem Essen.","","","","",""
"P0-98-original-1297-noun-target","a2-15-noun-9","A2","a2-15","Saft","der","masculine","der Saft","den Saft","dem Saft","","Säfte","","a2-lexical-grammar-v1","[target/vocabulary] phrases[3].de: der Saft || [registry/vocabulary] lexicalRegistry.a2-15-noun-9: der Saft","","","","","",""
"P0-98-original-1297-noun-target","a2-15-noun-10","A2","a2-15","Salbe","die","feminine","die Salbe","die Salbe","der Salbe","","Salben","","a2-lexical-grammar-v1","[target/vocabulary] phrases[4].de: die Salbe || [registry/vocabulary] lexicalRegistry.a2-15-noun-10: die Salbe","[context/rule] theory[1].examples[4].de: Ich soll die Salbe zweimal benutzen.","","","","",""
"P0-98-original-1297-noun-target","a2-15-noun-11","A2","a2-15","Tablette","die","feminine","die Tablette","die Tablette","der Tablette","","Tabletten","","a2-lexical-grammar-v1","[target/vocabulary] flashcards[1].frontDe: die Tablette || [target/vocabulary] phrases[2].de: die Tablette || [registry/vocabulary] lexicalRegistry.a2-15-noun-11: die Tablette","[context/controlled] exercises[0].options[0]: eine Tablette || [context/controlled] exercises[2].acceptedAnswers[0]: Ich soll die Tablette mit Wasser nehmen || [context/controlled] exercises[2].acceptedAnswers[1]: Mit Wasser soll ich die Tablette nehmen","","","","",""
"P0-98-original-1297-noun-target","a2-15-noun-12","A2","a2-15","Verschlechterung","die","feminine","die Verschlechterung","die Verschlechterung","der Verschlechterung","","Verschlechterungen","","a2-lexical-grammar-v1","[target/reading] reading.glossary[5].lemma: Verschlechterung || [registry/vocabulary] lexicalRegistry.a2-15-noun-12: die Verschlechterung","[context/reading] reading.textDe: In einem Sprachkurs übt die Gruppe, Informationen auf einer fiktiven Medikamentenpackung zu lesen. Dort steht: Erwachsene nehmen eine Tablette zweimal täglich nach dem Essen mit einem Glas Wasser. Die Anwendung ist auf …","","","","",""
"P0-98-original-1297-noun-target","a2-16-noun-1","A2","a2-16","Nachricht","die","feminine","die Nachricht","die Nachricht","der Nachricht","","Nachrichten","","a2-lexical-grammar-v1","[target/vocabulary] phrases[0].de: die Nachricht || [registry/vocabulary] lexicalRegistry.a2-16-noun-1: die Nachricht","[context/entry] entry.dialogue[4].de: Dann war die Überschrift zu allgemein. Ich korrigiere meine Nachricht.","","","","",""
"P0-98-original-1297-noun-target","a2-16-noun-2","A2","a2-16","Quelle","die","feminine","die Quelle","die Quelle","der Quelle","","Quellen","","a2-lexical-grammar-v1","[target/vocabulary] flashcards[1].frontDe: die Quelle || [target/vocabulary] phrases[3].de: die Quelle || [registry/vocabulary] lexicalRegistry.a2-16-noun-2: die Quelle","[context/vocabulary] flashcards[1].exampleDe: Ist die Quelle klar? || [context/errors] mistakes[0].correct: Die Überschrift allein bestätigt die Information nicht; ich prüfe die Quelle.","","","","",""
"P0-98-original-1297-noun-target","a2-16-noun-3","A2","a2-16","Meldung","die","feminine","die Meldung","die Meldung","der Meldung","","Meldungen","","a2-lexical-grammar-v1","[target/vocabulary] flashcards[2].frontDe: laut der Meldung || [target/vocabulary] phrases[4].de: laut der Meldung || [registry/vocabulary] lexicalRegistry.a2-16-noun-3: die Meldung","[context/controlled] exercises[1].template: ___ der Meldung bleibt die Straße geschlossen. || [context/vocabulary] flashcards[2].exampleDe: Laut der Meldung beginnt die Arbeit am Montag. || [context/vocabulary] flashcards[6].exampleDe: Der Grund fehlt in der Meldung.","","","","",""
"P0-98-original-1297-noun-target","a2-16-noun-4","A2","a2-16","Tatsache","die","feminine","die Tatsache","die Tatsache","der Tatsache","","Tatsachen","","a2-lexical-grammar-v1","[target/vocabulary] flashcards[4].frontDe: die Tatsache || [target/vocabulary] phrases[8].de: Das ist eine Tatsache. || [registry/vocabulary] lexicalRegistry.a2-16-noun-4: die Tatsache","[context/vocabulary] flashcards[4].exampleDe: Die Uhrzeit ist eine prüfbare Tatsache.","","","","",""
"P0-98-original-1297-noun-target","a2-16-noun-5","A2","a2-16","Angabe","die","feminine","die Angabe","die Angabe","der Angabe","","Angaben","","a2-lexical-grammar-v1","[target/reading] reading.glossary[0].lemma: Angabe || [registry/vocabulary] lexicalRegistry.a2-16-noun-5: die Angabe","","","","","",""
"P0-98-original-1297-noun-target","a2-16-noun-6","A2","a2-16","Artikel","der","masculine","der Artikel","den Artikel","dem Artikel","","Artikel","","a2-lexical-grammar-v1","[target/vocabulary] phrases[2].de: der Artikel || [registry/vocabulary] lexicalRegistry.a2-16-noun-6: der Artikel","[context/entry] entry.dialogue[1].de: Hast du den ganzen Artikel gelesen?","","","","",""
"P0-98-original-1297-noun-target","a2-16-noun-7","A2","a2-16","Fahrspur","die","feminine","die Fahrspur","die Fahrspur","der Fahrspur","","Fahrspuren","","a2-lexical-grammar-v1","[target/reading] reading.glossary[1].lemma: Fahrspur || [registry/vocabulary] lexicalRegistry.a2-16-noun-7: die Fahrspur","","","","","",""
"P0-98-original-1297-noun-target","a2-16-noun-8","A2","a2-16","Meinung","die","feminine","die Meinung","die Meinung","der Meinung","","Meinungen","","a2-lexical-grammar-v1","[target/vocabulary] flashcards[5].frontDe: die Meinung || [target/vocabulary] phrases[9].de: Das ist eine Meinung. || [registry/vocabulary] lexicalRegistry.a2-16-noun-8: die Meinung","[context/controlled] exercises[5].options[0]: meiner Meinung nach || [context/vocabulary] flashcards[5].exampleDe: Das ist meine Meinung. || [context/test] miniTest[1].options[3]: meiner Meinung nach","","","","",""
"P0-98-original-1297-noun-target","a2-16-noun-9","A2","a2-16","Überschrift","die","feminine","die Überschrift","die Überschrift","der Überschrift","","Überschriften","","a2-lexical-grammar-v1","[target/vocabulary] flashcards[0].frontDe: die Überschrift || [target/vocabulary] phrases[1].de: die Überschrift || [registry/vocabulary] lexicalRegistry.a2-16-noun-9: die Überschrift","[context/entry] entry.dialogue[2].de: Noch nicht. Nur die Überschrift. || [context/entry] entry.dialogue[4].de: Dann war die Überschrift zu allgemein. Ich korrigiere meine Nachricht. || [context/errors] mistakes[0].wrong: Der Artikel ist wahr, weil die Überschrift stark ist.","","","","",""
"P0-98-original-1297-noun-target","a2-17-noun-1","A2","a2-17","Konto","das","neuter","das Konto","das Konto","dem Konto","","Konten","","a2-lexical-grammar-v1","[target/vocabulary] phrases[3].de: ein Konto erstellen || [registry/vocabulary] lexicalRegistry.a2-17-noun-1: das Konto","[context/discover] discovery.examples[2]: Ich ändere mein Passwort, um mein Konto zu schützen. || [context/controlled] exercises[2].acceptedAnswers[0]: um mein Konto zu schützen || [context/controlled] exercises[2].words[1]: mein Konto","","","","",""
"P0-98-original-1297-noun-target","a2-17-noun-2","A2","a2-17","Passwort","das","neuter","das Passwort","das Passwort","dem Passwort","","Passwörter","","a2-lexical-grammar-v1","[target/vocabulary] flashcards[7].frontDe: ein Passwort ändern || [target/vocabulary] phrases[4].de: ein Passwort ändern || [registry/vocabulary] lexicalRegistry.a2-17-noun-2: das Passwort","[context/discover] discovery.examples[2]: Ich ändere mein Passwort, um mein Konto zu schützen. || [context/vocabulary] flashcards[7].exampleDe: Ich ändere mein Passwort. || [context/listening] listening.questions[1].options[3]: Sie gibt das Passwort ein","","","","",""
"P0-98-original-1297-noun-target","a2-17-noun-3","A2","a2-17","Datenschutz","der","masculine","der Datenschutz","den Datenschutz","dem Datenschutz","","","","a2-lexical-grammar-v1","[registry/vocabulary] lexicalRegistry.a2-17-noun-3: der Datenschutz","","","","","",""
"P0-98-original-1297-noun-target","a2-17-noun-4","A2","a2-17","Bildschirm","der","masculine","der Bildschirm","den Bildschirm","dem Bildschirm","","Bildschirme","","a2-lexical-grammar-v1","[registry/vocabulary] lexicalRegistry.a2-17-noun-4: der Bildschirm","","","","","",""
"P0-98-original-1297-noun-target","a2-17-noun-5","A2","a2-17","Ablenkung","die","feminine","die Ablenkung","die Ablenkung","der Ablenkung","","Ablenkungen","","a2-lexical-grammar-v1","[target/reading] reading.glossary[0].lemma: Ablenkung || [registry/vocabulary] lexicalRegistry.a2-17-noun-5: die Ablenkung","","","","","",""
"P0-98-original-1297-noun-target","a2-17-noun-6","A2","a2-17","Benachrichtigung","die","feminine","die Benachrichtigung","die Benachrichtigung","der Benachrichtigung","","Benachrichtigungen","","a2-lexical-grammar-v1","[target/reading] reading.glossary[3].lemma: Benachrichtigung || [registry/vocabulary] lexicalRegistry.a2-17-noun-6: die Benachrichtigung","","","","","",""
"P0-98-original-1297-noun-target","a2-17-noun-7","A2","a2-17","Beobachtungswoche","die","feminine","die Beobachtungswoche","die Beobachtungswoche","der Beobachtungswoche","","Beobachtungswochen","","a2-lexical-grammar-v1","[target/reading] reading.glossary[1].lemma: Beobachtungswoche || [registry/vocabulary] lexicalRegistry.a2-17-noun-7: die Beobachtungswoche","[context/reading] reading.textDe: Jonas möchte digitale Ablenkung reduzieren und hat gemerkt, dass er sein Handy sehr oft ohne konkreten Grund öffnet. Deshalb macht er eine kleine Beobachtungswoche. Er deaktiviert unwichtige Benachrichtigungen, um sich …","","","","",""
"P0-98-original-1297-noun-target","a2-17-noun-8","A2","a2-17","Bildschirmzeit","die","feminine","die Bildschirmzeit","die Bildschirmzeit","der Bildschirmzeit","","Bildschirmzeiten","","a2-lexical-grammar-v1","[target/reading] reading.glossary[5].lemma: Bildschirmzeit || [registry/vocabulary] lexicalRegistry.a2-17-noun-8: die Bildschirmzeit","","","","","",""
"P0-98-original-1297-noun-target","a2-17-noun-9","A2","a2-17","Foto","das","neuter","das Foto","das Foto","dem Foto","","Fotos","","a2-lexical-grammar-v1","[target/vocabulary] phrases[2].de: ein Foto teilen || [registry/vocabulary] lexicalRegistry.a2-17-noun-9: das Foto","[context/discover] discovery.examples[1]: Lina schickt das Foto privat, damit alle entscheiden können. || [context/entry] entry.dialogue[1].de: Bitte frag zuerst alle. Ich möchte nicht öffentlich auf dem Foto sein. || [context/controlled] exercises[3].acceptedAnswers[0]: Ich schicke das Foto privat, damit alle entscheiden können","","","","",""
"P0-98-original-1297-noun-target","a2-17-noun-10","A2","a2-17","Link","der","masculine","der Link","den Link","dem Link","","Links","","a2-lexical-grammar-v1","[target/vocabulary] flashcards[6].frontDe: einen Link prüfen || [target/vocabulary] phrases[13].de: einen Link prüfen || [registry/vocabulary] lexicalRegistry.a2-17-noun-10: der Link","[context/discover] discovery.examples[3]: Die Lehrerin teilt den Link, damit wir den Text lesen können. || [context/controlled] exercises[1].template: Die Lehrerin schickt den Link, ___ wir üben können. || [context/vocabulary] flashcards[1].exampleDe: Ich sende den Link, damit du übst.","","","","",""
"P0-98-original-1297-noun-target","a2-17-noun-11","A2","a2-17","Meldung","die","feminine","die Meldung","die Meldung","der Meldung","","Meldungen","","a2-lexical-grammar-v1","[target/vocabulary] phrases[17].de: eine Meldung blockieren || [registry/vocabulary] lexicalRegistry.a2-17-noun-11: die Meldung","","","","","",""
"P0-98-original-1297-noun-target","a2-17-noun-12","A2","a2-17","Nachricht","die","feminine","die Nachricht","die Nachricht","der Nachricht","","Nachrichten","","a2-lexical-grammar-v1","[target/vocabulary] phrases[1].de: eine Nachricht posten || [registry/vocabulary] lexicalRegistry.a2-17-noun-12: die Nachricht","[context/listening] listening.questions[0].promptDe: Warum ist die Nachricht verdächtig? || [context/listening] listening.questions[1].options[2]: Mit einer Antwort auf die Nachricht || [context/listening] listening.transcriptDe: Mara: Ich habe eine Nachricht bekommen: „Ihr Konto wird heute geschlossen. Klicken Sie sofort hier.“ — Ben: Hast du auf den Link geklickt? — Mara: Nein. Die Adresse sieht komisch aus. — Ben: Gut. Öffne die offizielle Ap…","","","","",""
"P0-98-original-1297-noun-target","a2-17-noun-13","A2","a2-17","Privatsphäre","die","feminine","die Privatsphäre","die Privatsphäre","der Privatsphäre","","","","a2-lexical-grammar-v1","[target/vocabulary] flashcards[2].frontDe: die Privatsphäre || [target/vocabulary] phrases[5].de: die Privatsphäre schützen || [registry/vocabulary] lexicalRegistry.a2-17-noun-13: die Privatsphäre","[context/vocabulary] flashcards[2].exampleDe: Ich schütze meine Privatsphäre.","","","","",""
"P0-98-original-1297-noun-target","a2-17-noun-14","A2","a2-17","Quelle","die","feminine","die Quelle","die Quelle","der Quelle","","Quellen","","a2-lexical-grammar-v1","[target/vocabulary] phrases[14].de: eine Quelle kontrollieren || [registry/vocabulary] lexicalRegistry.a2-17-noun-14: die Quelle","[context/reading] reading.questions[1].options[2]: Er prüft die Quelle. || [context/reading] reading.textDe: Jonas möchte digitale Ablenkung reduzieren und hat gemerkt, dass er sein Handy sehr oft ohne konkreten Grund öffnet. Deshalb macht er eine kleine Beobachtungswoche. Er deaktiviert unwichtige Benachrichtigungen, um sich …","","","","",""
"P0-98-original-1297-noun-target","a2-17-noun-15","A2","a2-17","Zustimmung","die","feminine","die Zustimmung","die Zustimmung","der Zustimmung","","Zustimmungen","","a2-lexical-grammar-v1","[target/vocabulary] flashcards[3].frontDe: die Zustimmung || [target/vocabulary] phrases[9].de: die Zustimmung || [registry/vocabulary] lexicalRegistry.a2-17-noun-15: die Zustimmung","","","","","",""
"P0-98-original-1297-noun-target","a2-17-noun-16","A2","a2-17","Zwei-Faktor-Anmeldung","die","feminine","die Zwei-Faktor-Anmeldung","die Zwei-Faktor-Anmeldung","der Zwei-Faktor-Anmeldung","","Zwei-Faktor-Anmeldungen","","a2-lexical-grammar-v1","[target/vocabulary] phrases[15].de: die Zwei-Faktor-Anmeldung || [registry/vocabulary] lexicalRegistry.a2-17-noun-16: die Zwei-Faktor-Anmeldung","[context/vocabulary] flashcards[8].exampleDe: Aktiviere die Zwei-Faktor-Anmeldung. || [context/listening] listening.transcriptDe: Mara: Ich habe eine Nachricht bekommen: „Ihr Konto wird heute geschlossen. Klicken Sie sofort hier.“ — Ben: Hast du auf den Link geklickt? — Mara: Nein. Die Adresse sieht komisch aus. — Ben: Gut. Öffne die offizielle Ap… || [context/writing] writing.modelDe: Ich bin täglich online, um Nachrichten zu lesen und Deutsch zu üben. Manchmal öffne ich soziale Apps jedoch ohne Ziel. Deshalb deaktiviere ich unwichtige Benachrichtigungen, um mich besser zu konzentrieren. Ich lege das…","","","","",""
"P0-98-original-1297-noun-target","a2-18-noun-1","A2","a2-18","Meinung","die","feminine","die Meinung","die Meinung","der Meinung","","Meinungen","","a2-lexical-grammar-v1","[registry/vocabulary] lexicalRegistry.a2-18-noun-1: die Meinung","[context/writing] writing.modelDe: Ich finde, dass Smartphones im Sprachkurs nützlich sein können. Der wichtigste Grund ist der schnelle Zugang zu Wörterbüchern und Audio. Zum Beispiel höre ich die Aussprache eines neuen Wortes sofort. Außerdem kann man …","","","","",""
"P0-98-original-1297-noun-target","a2-18-noun-2","A2","a2-18","Begründung","die","feminine","die Begründung","die Begründung","der Begründung","","Begründungen","","a2-lexical-grammar-v1","[registry/vocabulary] lexicalRegistry.a2-18-noun-2: die Begründung","","","","","",""
"P0-98-original-1297-noun-target","a2-18-noun-3","A2","a2-18","Vorteil","der","masculine","der Vorteil","den Vorteil","dem Vorteil","","Vorteile","","a2-lexical-grammar-v1","[registry/vocabulary] lexicalRegistry.a2-18-noun-3: der Vorteil","","","","","",""
"P0-98-original-1297-noun-target","a2-18-noun-4","A2","a2-18","Nachteil","der","masculine","der Nachteil","den Nachteil","dem Nachteil","","Nachteile","","a2-lexical-grammar-v1","[registry/vocabulary] lexicalRegistry.a2-18-noun-4: der Nachteil","","","","","",""
"P0-98-original-1297-noun-target","a2-18-noun-5","A2","a2-18","Argument","das","neuter","das Argument","das Argument","dem Argument","","Argumente","","a2-lexical-grammar-v1","[target/vocabulary] flashcards[9].frontDe: Ich verstehe dein Argument. || [target/vocabulary] phrases[15].de: Ich verstehe dein Argument. || [registry/vocabulary] lexicalRegistry.a2-18-noun-5: das Argument","[context/vocabulary] flashcards[9].exampleDe: Ich verstehe dein Argument, trotzdem …","","","","",""
"P0-98-original-1297-noun-target","a2-18-noun-6","A2","a2-18","Vorschlag","der","masculine","der Vorschlag","den Vorschlag","dem Vorschlag","","Vorschläge","","a2-lexical-grammar-v1","[target/reading] reading.glossary[7].lemma: Vorschlag || [registry/vocabulary] lexicalRegistry.a2-18-noun-6: der Vorschlag","","","","","",""
"P0-98-original-1297-noun-target","a2-19-noun-1","A2","a2-19","Lernziel","das","neuter","das Lernziel","das Lernziel","dem Lernziel","","Lernziele","","a2-lexical-grammar-v1","[registry/vocabulary] lexicalRegistry.a2-19-noun-1: das Lernziel","","","","","",""
"P0-98-original-1297-noun-target","a2-19-noun-2","A2","a2-19","Methode","die","feminine","die Methode","die Methode","der Methode","","Methoden","","a2-lexical-grammar-v1","[registry/vocabulary] lexicalRegistry.a2-19-noun-2: die Methode","[context/vocabulary] flashcards[7].exampleDe: Ich probiere die Methode eine Woche aus. || [context/reading] reading.questions[1].promptDe: Wie viele Wörter kann er nach der zweiten Methode benutzen? || [context/reading] reading.textDe: In einem Selbstversuch lernt Amir jeden Tag zehn neue Wörter. In der ersten Woche liest er die deutsche Liste und die arabische Übersetzung fünfmal. Direkt danach erkennt er fast alle Wörter, aber zwei Tage später kann …","","","","",""
"P0-98-original-1297-noun-target","a2-19-noun-3","A2","a2-19","Fortschritt","der","masculine","der Fortschritt","den Fortschritt","dem Fortschritt","","Fortschritte","","a2-lexical-grammar-v1","[target/vocabulary] phrases[15].de: Ich messe meinen Fortschritt. || [registry/vocabulary] lexicalRegistry.a2-19-noun-3: der Fortschritt","[context/vocabulary] flashcards[8].exampleDe: Wie kann ich den Fortschritt messen? || [context/listening] listening.transcriptDe: Beraterin: Was ist im Moment schwierig? — Lernende: Beim Lesen verstehe ich viel, aber beim Sprechen fehlen mir die Wörter. — Beraterin: Dann brauchst du mehr aktiven Abruf und Produktion. Nimm jeden Tag fünf Wörter aus…","","","","",""
"P0-98-original-1297-noun-target","a2-19-noun-4","A2","a2-19","Wiederholung","die","feminine","die Wiederholung","die Wiederholung","der Wiederholung","","Wiederholungen","","a2-lexical-grammar-v1","[registry/vocabulary] lexicalRegistry.a2-19-noun-4: die Wiederholung","","","","","",""
"P0-98-original-1297-noun-target","a2-19-noun-5","A2","a2-19","Antwort","die","feminine","die Antwort","die Antwort","der Antwort","","Antworten","","a2-lexical-grammar-v1","[target/vocabulary] flashcards[1].frontDe: eine Antwort verdecken || [target/vocabulary] phrases[2].de: eine Antwort verdecken || [registry/vocabulary] lexicalRegistry.a2-19-noun-5: die Antwort","[context/entry] entry.dialogue[1].de: Testest du dich auch, ohne die Antworten zu sehen? || [context/vocabulary] flashcards[1].exampleDe: Verdecke zuerst die Antwort. || [context/listening] listening.transcriptDe: Beraterin: Was ist im Moment schwierig? — Lernende: Beim Lesen verstehe ich viel, aber beim Sprechen fehlen mir die Wörter. — Beraterin: Dann brauchst du mehr aktiven Abruf und Produktion. Nimm jeden Tag fünf Wörter aus…","","","","",""
"P0-98-original-1297-noun-target","a2-19-noun-6","A2","a2-19","Beispiel","das","neuter","das Beispiel","das Beispiel","dem Beispiel","","Beispiele","","a2-lexical-grammar-v1","[target/vocabulary] phrases[5].de: ein Beispiel bilden || [registry/vocabulary] lexicalRegistry.a2-19-noun-6: das Beispiel","[context/speaking] speaking.promptDe: Erklären Sie 90 Sekunden lang Problem, Strategie, Messung und geplante Anpassung. Geben Sie ein konkretes Beispiel.","","","","",""
"P0-98-original-1297-noun-target","a2-19-noun-7","A2","a2-19","Lerngewohnheit","die","feminine","die Lerngewohnheit","die Lerngewohnheit","der Lerngewohnheit","","Lerngewohnheiten","","a2-lexical-grammar-v1","[target/vocabulary] phrases[0].de: eine Lerngewohnheit || [registry/vocabulary] lexicalRegistry.a2-19-noun-7: die Lerngewohnheit","","","","","",""
"P0-98-original-1297-noun-target","a2-19-noun-8","A2","a2-19","Lücke","die","feminine","die Lücke","die Lücke","der Lücke","","Lücken","","a2-lexical-grammar-v1","[target/reading] reading.glossary[6].lemma: Lücke || [registry/vocabulary] lexicalRegistry.a2-19-noun-8: die Lücke","[context/reading] reading.textDe: In einem Selbstversuch lernt Amir jeden Tag zehn neue Wörter. In der ersten Woche liest er die deutsche Liste und die arabische Übersetzung fünfmal. Direkt danach erkennt er fast alle Wörter, aber zwei Tage später kann …","","","","",""
"P0-98-original-1297-noun-target","a2-19-noun-9","A2","a2-19","Satz","der","masculine","der Satz","den Satz","dem Satz","","Sätze","","a2-lexical-grammar-v1","[target/vocabulary] flashcards[3].frontDe: einen Satz bilden || [registry/vocabulary] lexicalRegistry.a2-19-noun-9: der Satz","[context/vocabulary] flashcards[3].exampleDe: Bilde mit jedem Wort einen Satz. || [context/pronunciation] pronunciation.items[2].de: einen Satz BILDEN || [context/reading] reading.textDe: In einem Selbstversuch lernt Amir jeden Tag zehn neue Wörter. In der ersten Woche liest er die deutsche Liste und die arabische Übersetzung fünfmal. Direkt danach erkennt er fast alle Wörter, aber zwei Tage später kann …","","","","",""
"P0-98-original-1297-noun-target","a2-19-noun-10","A2","a2-19","Selbstversuch","der","masculine","der Selbstversuch","den Selbstversuch","dem Selbstversuch","","Selbstversuche","","a2-lexical-grammar-v1","[target/reading] reading.glossary[0].lemma: Selbstversuch || [registry/vocabulary] lexicalRegistry.a2-19-noun-10: der Selbstversuch","[context/reading] reading.textDe: In einem Selbstversuch lernt Amir jeden Tag zehn neue Wörter. In der ersten Woche liest er die deutsche Liste und die arabische Übersetzung fünfmal. Direkt danach erkennt er fast alle Wörter, aber zwei Tage später kann …","","","","",""
"P0-98-original-1297-noun-target","a2-19-noun-11","A2","a2-19","Stapel","der","masculine","der Stapel","den Stapel","dem Stapel","","Stapel","","a2-lexical-grammar-v1","[target/reading] reading.glossary[4].lemma: Stapel || [registry/vocabulary] lexicalRegistry.a2-19-noun-11: der Stapel","","","","","",""
"P0-98-original-1297-noun-target","a2-19-noun-12","A2","a2-19","Woche","die","feminine","die Woche","die Woche","der Woche","","Wochen","","a2-lexical-grammar-v1","[target/vocabulary] phrases[14].de: Ich probiere es eine Woche aus. || [registry/vocabulary] lexicalRegistry.a2-19-noun-12: die Woche","[context/vocabulary] flashcards[7].exampleDe: Ich probiere die Methode eine Woche aus. || [context/reading] reading.questions[0].promptDe: Was macht Amir in der ersten Woche? || [context/reading] reading.textDe: In einem Selbstversuch lernt Amir jeden Tag zehn neue Wörter. In der ersten Woche liest er die deutsche Liste und die arabische Übersetzung fünfmal. Direkt danach erkennt er fast alle Wörter, aber zwei Tage später kann …","","","","",""
"P0-98-original-1297-noun-target","a2-20-noun-1","A2","a2-20","Prüfung","die","feminine","die Prüfung","die Prüfung","der Prüfung","","Prüfungen","","a2-lexical-grammar-v1","[target/vocabulary] phrases[13].de: Gibt es eine Prüfung? || [target/vocabulary] phrases[14].de: Wie wird die Prüfung bewertet? || [registry/vocabulary] lexicalRegistry.a2-20-noun-1: die Prüfung","[context/discover] discovery.examples[2]: Bevor ich bezahle, frage ich nach der Prüfung. || [context/entry] entry.dialogue[2].de: Ich möchte wissen, ob es am Ende eine Prüfung gibt. || [context/controlled] exercises[2].acceptedAnswers[0]: ob es eine Prüfung gibt","","","","",""
"P0-98-original-1297-noun-target","a2-20-noun-2","A2","a2-20","Anmeldung","die","feminine","die Anmeldung","die Anmeldung","der Anmeldung","","Anmeldungen","","a2-lexical-grammar-v1","[target/vocabulary] phrases[6].de: die Anmeldung || [registry/vocabulary] lexicalRegistry.a2-20-noun-2: die Anmeldung","[context/reading] reading.questions[1].promptDe: Was müssen alle vor der Anmeldung machen? || [context/reading] reading.textDe: Ein Bildungszentrum bietet drei A2-Kurse an. Kurs A findet montags und mittwochs am Abend statt, umfasst sechs Stunden pro Woche und dauert fünf Monate. Die Gebühr beträgt 290 Euro. Kurs B ist ein Intensivkurs mit zwanz…","","","","",""
"P0-98-original-1297-noun-target","a2-20-noun-3","A2","a2-20","Teilnahme","die","feminine","die Teilnahme","die Teilnahme","der Teilnahme","","Teilnahmen","","a2-lexical-grammar-v1","[registry/vocabulary] lexicalRegistry.a2-20-noun-3: die Teilnahme","","","","","",""
"P0-98-original-1297-noun-target","a2-20-noun-4","A2","a2-20","Zertifikat","das","neuter","das Zertifikat","das Zertifikat","dem Zertifikat","","Zertifikate","","a2-lexical-grammar-v1","[target/vocabulary] flashcards[6].frontDe: das offizielle Zertifikat || [target/vocabulary] phrases[10].de: das offizielle Zertifikat || [registry/vocabulary] lexicalRegistry.a2-20-noun-4: das Zertifikat","[context/entry] entry.dialogue[3].de: Es gibt einen internen Abschlusstest, aber kein offizielles Zertifikat. || [context/vocabulary] flashcards[6].exampleDe: Ist das ein offizielles Zertifikat? || [context/listening] listening.questions[1].promptDe: Wo meldet man sich für ein offizielles Zertifikat an?","","","","",""
"P0-98-original-1297-noun-target","a2-20-noun-5","A2","a2-20","Abendkurs","der","masculine","der Abendkurs","den Abendkurs","dem Abendkurs","","Abendkurse","","a2-lexical-grammar-v1","[target/vocabulary] flashcards[0].frontDe: der Abendkurs || [target/vocabulary] phrases[0].de: der Abendkurs || [registry/vocabulary] lexicalRegistry.a2-20-noun-5: der Abendkurs","","","","","",""
"P0-98-original-1297-noun-target","a2-20-noun-6","A2","a2-20","Abschlusstest","der","masculine","der Abschlusstest","den Abschlusstest","dem Abschlusstest","","Abschlusstests","","a2-lexical-grammar-v1","[target/vocabulary] flashcards[5].frontDe: der Abschlusstest || [target/vocabulary] phrases[9].de: der Abschlusstest || [registry/vocabulary] lexicalRegistry.a2-20-noun-6: der Abschlusstest","[context/entry] entry.dialogue[3].de: Es gibt einen internen Abschlusstest, aber kein offizielles Zertifikat. || [context/reading] reading.questions[2].promptDe: Was ist der Abschlusstest nicht? || [context/reading] reading.textDe: Ein Bildungszentrum bietet drei A2-Kurse an. Kurs A findet montags und mittwochs am Abend statt, umfasst sechs Stunden pro Woche und dauert fünf Monate. Die Gebühr beträgt 290 Euro. Kurs B ist ein Intensivkurs mit zwanz…","","","","",""
"P0-98-original-1297-noun-target","a2-20-noun-7","A2","a2-20","Beratungsgespräch","das","neuter","das Beratungsgespräch","das Beratungsgespräch","dem Beratungsgespräch","","Beratungsgespräche","","a2-lexical-grammar-v1","[target/reading] reading.glossary[7].lemma: Beratungsgespräch || [registry/vocabulary] lexicalRegistry.a2-20-noun-7: das Beratungsgespräch","[context/reading] reading.textDe: Ein Bildungszentrum bietet drei A2-Kurse an. Kurs A findet montags und mittwochs am Abend statt, umfasst sechs Stunden pro Woche und dauert fünf Monate. Die Gebühr beträgt 290 Euro. Kurs B ist ein Intensivkurs mit zwanz…","","","","",""
"P0-98-original-1297-noun-target","a2-20-noun-8","A2","a2-20","Bildungszentrum","das","neuter","das Bildungszentrum","das Bildungszentrum","dem Bildungszentrum","","Bildungszentren","","a2-lexical-grammar-v1","[target/reading] reading.glossary[0].lemma: Bildungszentrum || [registry/vocabulary] lexicalRegistry.a2-20-noun-8: das Bildungszentrum","","","","","",""
"P0-98-original-1297-noun-target","a2-20-noun-9","A2","a2-20","Einstufungstest","der","masculine","der Einstufungstest","den Einstufungstest","dem Einstufungstest","","Einstufungstests","","a2-lexical-grammar-v1","[target/vocabulary] flashcards[4].frontDe: der Einstufungstest || [target/vocabulary] phrases[8].de: der Einstufungstest || [registry/vocabulary] lexicalRegistry.a2-20-noun-9: der Einstufungstest","[context/discover] discovery.examples[1]: Ich mache einen Einstufungstest, bevor der Kurs beginnt. || [context/vocabulary] flashcards[4].exampleDe: Vor dem Kurs gibt es einen Einstufungstest. || [context/reading] reading.textDe: Ein Bildungszentrum bietet drei A2-Kurse an. Kurs A findet montags und mittwochs am Abend statt, umfasst sechs Stunden pro Woche und dauert fünf Monate. Die Gebühr beträgt 290 Euro. Kurs B ist ein Intensivkurs mit zwanz…","","","","",""
"P0-98-original-1297-noun-target","a2-20-noun-10","A2","a2-20","Frist","die","feminine","die Frist","die Frist","der Frist","","Fristen","","a2-lexical-grammar-v1","[target/vocabulary] flashcards[8].frontDe: eine Frist beachten || [target/vocabulary] phrases[17].de: eine Frist beachten || [registry/vocabulary] lexicalRegistry.a2-20-noun-10: die Frist","","","","","",""
"P0-98-original-1297-noun-target","a2-20-noun-11","A2","a2-20","Gebühr","die","feminine","die Gebühr","die Gebühr","der Gebühr","","Gebühren","","a2-lexical-grammar-v1","[target/reading] reading.glossary[2].lemma: Gebühr || [registry/vocabulary] lexicalRegistry.a2-20-noun-11: die Gebühr","","","","","",""
"P0-98-original-1297-noun-target","a2-20-noun-12","A2","a2-20","Intensivkurs","der","masculine","der Intensivkurs","den Intensivkurs","dem Intensivkurs","","Intensivkurse","","a2-lexical-grammar-v1","[target/vocabulary] flashcards[1].frontDe: der Intensivkurs || [target/vocabulary] phrases[1].de: der Intensivkurs || [registry/vocabulary] lexicalRegistry.a2-20-noun-12: der Intensivkurs","[context/reading] reading.textDe: Ein Bildungszentrum bietet drei A2-Kurse an. Kurs A findet montags und mittwochs am Abend statt, umfasst sechs Stunden pro Woche und dauert fünf Monate. Die Gebühr beträgt 290 Euro. Kurs B ist ein Intensivkurs mit zwanz…","","","","",""
"P0-98-original-1297-noun-target","a2-20-noun-13","A2","a2-20","Kurs","der","masculine","der Kurs","den Kurs","dem Kurs","","Kurse","","a2-lexical-grammar-v1","[target/vocabulary] phrases[11].de: Welche Ziele hat der Kurs? || [registry/vocabulary] lexicalRegistry.a2-20-noun-13: der Kurs","[context/discover] discovery.examples[1]: Ich mache einen Einstufungstest, bevor der Kurs beginnt. || [context/controlled] exercises[3].acceptedAnswers[0]: Bevor der Kurs beginnt, mache ich einen Test || [context/controlled] exercises[3].sentence: Bevor der Kurs beginnt, ich mache einen Test.","","","","",""
"P0-98-original-1297-noun-target","a2-20-noun-14","A2","a2-20","Kursdauer","die","feminine","die Kursdauer","die Kursdauer","der Kursdauer","","Kursdauern","","a2-lexical-grammar-v1","[target/vocabulary] flashcards[2].frontDe: die Kursdauer || [target/vocabulary] phrases[3].de: die Kursdauer || [registry/vocabulary] lexicalRegistry.a2-20-noun-14: die Kursdauer","[context/vocabulary] flashcards[2].exampleDe: Wie lang ist die Kursdauer?","","","","",""
"P0-98-original-1297-noun-target","a2-20-noun-15","A2","a2-20","Kursgebühr","die","feminine","die Kursgebühr","die Kursgebühr","der Kursgebühr","","Kursgebühren","","a2-lexical-grammar-v1","[target/vocabulary] flashcards[3].frontDe: die Kursgebühr || [target/vocabulary] phrases[5].de: die Kursgebühr || [registry/vocabulary] lexicalRegistry.a2-20-noun-15: die Kursgebühr","[context/vocabulary] flashcards[3].exampleDe: Wie hoch ist die Kursgebühr? || [context/writing] writing.modelDe: Sehr geehrte Damen und Herren, ich interessiere mich für Ihren A2-Abendkurs, weil ich neben der Arbeit Deutsch lerne. Bevor ich mich anmelde, möchte ich einige Informationen prüfen. Wie viele Unterrichtsstunden und wie …","","","","",""
"P0-98-original-1297-noun-target","a2-20-noun-16","A2","a2-20","Onlinekurs","der","masculine","der Onlinekurs","den Onlinekurs","dem Onlinekurs","","Onlinekurse","","a2-lexical-grammar-v1","[target/vocabulary] phrases[2].de: der Onlinekurs || [registry/vocabulary] lexicalRegistry.a2-20-noun-16: der Onlinekurs","","","","","",""
"P0-98-original-1297-noun-target","a2-20-noun-17","A2","a2-20","Probestunde","die","feminine","die Probestunde","die Probestunde","der Probestunde","","Probestunden","","a2-lexical-grammar-v1","[target/vocabulary] flashcards[9].frontDe: eine Probestunde || [registry/vocabulary] lexicalRegistry.a2-20-noun-17: die Probestunde","[context/vocabulary] flashcards[9].exampleDe: Kann ich eine Probestunde besuchen? || [context/listening] listening.questions[1].options[1]: In der Probestunde || [context/listening] listening.transcriptDe: Interessentin: Guten Tag. Ich interessiere mich für den A2-Abendkurs. Bevor ich mich anmelde, habe ich einige Fragen. — Berater: Gern. — Interessentin: Wie viele Stunden pro Woche gibt es? — Berater: Sechs Unterrichtsst…","","","","",""
"P0-98-original-1297-noun-target","a2-20-noun-18","A2","a2-20","Sprachzertifikat","das","neuter","das Sprachzertifikat","das Sprachzertifikat","dem Sprachzertifikat","","Sprachzertifikate","","a2-lexical-grammar-v1","[target/reading] reading.glossary[5].lemma: Sprachzertifikat || [registry/vocabulary] lexicalRegistry.a2-20-noun-18: das Sprachzertifikat","[context/mediation] mediation.sourceDe: Der Kurs endet mit einem internen A2-Test. Dieser Test dokumentiert den Lernstand im Kurs, ist aber kein offizielles Sprachzertifikat. || [context/reading] reading.textDe: Ein Bildungszentrum bietet drei A2-Kurse an. Kurs A findet montags und mittwochs am Abend statt, umfasst sechs Stunden pro Woche und dauert fünf Monate. Die Gebühr beträgt 290 Euro. Kurs B ist ein Intensivkurs mit zwanz…","","","","",""
"P0-98-original-1297-noun-target","a2-20-noun-19","A2","a2-20","Teilnahmebedingung","die","feminine","die Teilnahmebedingung","die Teilnahmebedingung","der Teilnahmebedingung","","Teilnahmebedingungen","","a2-lexical-grammar-v1","[target/vocabulary] phrases[7].de: die Teilnahmebedingungen || [registry/vocabulary] lexicalRegistry.a2-20-noun-19: die Teilnahmebedingung","","","","","",""
"P0-98-original-1297-noun-target","a2-20-noun-20","A2","a2-20","Unterrichtsstunde","die","feminine","die Unterrichtsstunde","die Unterrichtsstunde","der Unterrichtsstunde","","Unterrichtsstunden","","a2-lexical-grammar-v1","[target/vocabulary] phrases[4].de: die Unterrichtsstunden || [registry/vocabulary] lexicalRegistry.a2-20-noun-20: die Unterrichtsstunde","","","","","",""
"P0-98-original-1297-noun-target","a2-21-noun-1","A2","a2-21","Plan","der","masculine","der Plan","den Plan","dem Plan","","Pläne","","a2-lexical-grammar-v1","[target/vocabulary] flashcards[8].frontDe: den Plan anpassen || [target/vocabulary] phrases[9].de: den Plan anpassen || [registry/vocabulary] lexicalRegistry.a2-21-noun-1: der Plan","[context/discover] discovery.examples[3]: Ich werde den Plan am Sonntag prüfen. || [context/controlled] exercises[2].acceptedAnswers[0]: Ich werde den Plan prüfen || [context/controlled] exercises[2].words[0]: den Plan","","","","",""
"P0-98-original-1297-noun-target","a2-21-noun-2","A2","a2-21","Ziel","das","neuter","das Ziel","das Ziel","dem Ziel","","Ziele","","a2-lexical-grammar-v1","[target/vocabulary] flashcards[0].frontDe: ein Ziel erreichen || [target/vocabulary] phrases[0].de: ein Ziel erreichen || [target/vocabulary] phrases[14].de: Wenn ich mein Ziel nicht erreiche, … || [registry/vocabulary] lexicalRegistry.a2-21-noun-2: das Ziel","[context/vocabulary] flashcards[0].exampleDe: Ich möchte mein Ziel erreichen. || [context/rule] theory[0].examples[5].de: Wir planen, das Ziel zu prüfen.","","","","",""
"P0-98-original-1297-noun-target","a2-21-noun-3","A2","a2-21","Schritt","der","masculine","der Schritt","den Schritt","dem Schritt","","Schritte","","a2-lexical-grammar-v1","[target/vocabulary] phrases[5].de: einen Schritt festlegen || [registry/vocabulary] lexicalRegistry.a2-21-noun-3: der Schritt","","","","","",""
"P0-98-original-1297-noun-target","a2-21-noun-4","A2","a2-21","Zukunft","die","feminine","die Zukunft","die Zukunft","der Zukunft","","","","a2-lexical-grammar-v1","[registry/vocabulary] lexicalRegistry.a2-21-noun-4: die Zukunft","","","","","",""
"P0-98-original-1297-noun-target","a2-21-noun-5","A2","a2-21","Fortschritt","der","masculine","der Fortschritt","den Fortschritt","dem Fortschritt","","Fortschritte","","a2-lexical-grammar-v1","[target/vocabulary] phrases[8].de: den Fortschritt prüfen || [registry/vocabulary] lexicalRegistry.a2-21-noun-5: der Fortschritt","[context/vocabulary] flashcards[7].exampleDe: Sonntags prüfe ich den Fortschritt. || [context/listening] listening.transcriptDe: Beraterin: Was haben Sie für die nächsten Monate vor? — Leila: Ich plane, meinen A2-Kurs im Oktober abzuschließen. Danach möchte ich zwei Monate selbstständig wiederholen. — Beraterin: Woran messen Sie den Fortschritt? …","","","","",""
"P0-98-original-1297-noun-target","a2-21-noun-6","A2","a2-21","Frist","die","feminine","die Frist","die Frist","der Frist","","Fristen","","a2-lexical-grammar-v1","[target/vocabulary] flashcards[6].frontDe: eine Frist setzen || [target/vocabulary] phrases[6].de: eine Frist setzen || [registry/vocabulary] lexicalRegistry.a2-21-noun-6: die Frist","[context/vocabulary] flashcards[6].exampleDe: Ich setze eine realistische Frist.","","","","",""
"P0-98-original-1297-noun-target","a2-21-noun-7","A2","a2-21","Woche","die","feminine","die Woche","die Woche","der Woche","","Wochen","","a2-lexical-grammar-v1","[target/vocabulary] phrases[13].de: in den nächsten acht Wochen || [registry/vocabulary] lexicalRegistry.a2-21-noun-7: die Woche","[context/controlled] exercises[3].acceptedAnswers[1]: In der nächsten Woche beginne ich den Kurs || [context/reading] reading.textDe: Omar möchte seine A2-Kenntnisse stabilisieren, bevor er einen B1-Kurs beginnt. Zuerst hat er nur gesagt: „Ich werde mehr Deutsch lernen.“ Gemeinsam mit seiner Lernpartnerin macht er den Plan genauer. In den nächsten ach…","","","","",""
"P0-98-original-1297-noun-target","a2-21-noun-8","A2","a2-21","Zwischentest","der","masculine","der Zwischentest","den Zwischentest","dem Zwischentest","","Zwischentests","","a2-lexical-grammar-v1","[target/reading] reading.glossary[4].lemma: Zwischentest || [registry/vocabulary] lexicalRegistry.a2-21-noun-8: der Zwischentest","[context/reading] reading.textDe: Omar möchte seine A2-Kenntnisse stabilisieren, bevor er einen B1-Kurs beginnt. Zuerst hat er nur gesagt: „Ich werde mehr Deutsch lernen.“ Gemeinsam mit seiner Lernpartnerin macht er den Plan genauer. In den nächsten ach… || [context/writing] writing.modelDe: Ich habe vor, meine A2-Kenntnisse in acht Wochen zu stabilisieren. Mein Ziel ist, sicherer zu schreiben und länger zu sprechen. Ich werde viermal pro Woche jeweils 45 Minuten lernen. Montags schreibe ich einen Text, die…","","","","",""
"P0-98-original-1297-noun-target","a2-21-noun-9","A2","a2-21","Zwischenziel","das","neuter","das Zwischenziel","das Zwischenziel","dem Zwischenziel","","Zwischenziele","","a2-lexical-grammar-v1","[target/vocabulary] flashcards[5].frontDe: ein Zwischenziel || [target/vocabulary] phrases[7].de: ein Zwischenziel || [registry/vocabulary] lexicalRegistry.a2-21-noun-9: das Zwischenziel","[context/vocabulary] flashcards[5].exampleDe: Nach vier Wochen gibt es ein Zwischenziel.","","","","",""
"P0-98-original-1297-noun-target","a2-22-noun-1","A2","a2-22","Fest","das","neuter","das Fest","das Fest","dem Fest","","Feste","","a2-lexical-grammar-v1","[registry/vocabulary] lexicalRegistry.a2-22-noun-1: das Fest","","","","","",""
"P0-98-original-1297-noun-target","a2-22-noun-2","A2","a2-22","Einladung","die","feminine","die Einladung","die Einladung","der Einladung","","Einladungen","","a2-lexical-grammar-v1","[target/vocabulary] flashcards[1].frontDe: eine Einladung annehmen || [target/vocabulary] flashcards[2].frontDe: eine Einladung absagen || [target/vocabulary] phrases[1].de: eine Einladung annehmen || [target/vocabulary] phrases[2].de: eine Einladung absagen || [registry/vocabulary] lexicalRegistry.a2-22-noun-2: die Einladung","[context/vocabulary] flashcards[1].exampleDe: Ich würde die Einladung gern annehmen. || [context/listening] listening.transcriptDe: Nora: Hallo Sami, wir feiern am Freitag den Abschluss unseres Kurses. Hast du Zeit? — Sami: Danke für die Einladung. Wann beginnt die Feier? — Nora: Um 18:30 Uhr im Gemeinschaftsraum. — Sami: Leider kann ich erst ab ach… || [context/reading] reading.questions[0].promptDe: Welche Information steht in der Einladung?","","","","",""
"P0-98-original-1297-noun-target","a2-22-noun-3","A2","a2-22","Brauch","der","masculine","der Brauch","den Brauch","dem Brauch","","Bräuche","","a2-lexical-grammar-v1","[registry/vocabulary] lexicalRegistry.a2-22-noun-3: der Brauch","","","","","",""
"P0-98-original-1297-noun-target","a2-22-noun-4","A2","a2-22","Gast","der","masculine","der Gast","den Gast","dem Gast","","Gäste","","a2-lexical-grammar-v1","[registry/vocabulary] lexicalRegistry.a2-22-noun-4: der Gast","[context/reading] reading.textDe: Leila plant eine kleine Geburtstagsfeier für zwölf Personen. In der Einladung nennt sie Datum, Uhrzeit, Adresse und bittet bis Mittwoch um eine Antwort. Sie fragt außerdem nach Wünschen beim Essen. Zwei Gäste essen vege…","","","","",""
"P0-98-original-1297-noun-target","a2-22-noun-5","A2","a2-22","Bedürfnis","das","neuter","das Bedürfnis","das Bedürfnis","dem Bedürfnis","","Bedürfnisse","","a2-lexical-grammar-v1","[target/reading] reading.glossary[7].lemma: Bedürfnis || [registry/vocabulary] lexicalRegistry.a2-22-noun-5: das Bedürfnis","[context/reading] reading.textDe: Leila plant eine kleine Geburtstagsfeier für zwölf Personen. In der Einladung nennt sie Datum, Uhrzeit, Adresse und bittet bis Mittwoch um eine Antwort. Sie fragt außerdem nach Wünschen beim Essen. Zwei Gäste essen vege…","","","","",""
"P0-98-original-1297-noun-target","a2-22-noun-6","A2","a2-22","Familie","die","feminine","die Familie","die Familie","der Familie","","Familien","","a2-lexical-grammar-v1","[target/vocabulary] phrases[15].de: In meiner Familie … || [registry/vocabulary] lexicalRegistry.a2-22-noun-6: die Familie","[context/test] miniTest[4].options[2]: In meiner Familie … || [context/errors] mistakes[2].correct: In meiner Familie ist es oft so. || [context/reading] reading.textDe: Leila plant eine kleine Geburtstagsfeier für zwölf Personen. In der Einladung nennt sie Datum, Uhrzeit, Adresse und bittet bis Mittwoch um eine Antwort. Sie fragt außerdem nach Wünschen beim Essen. Zwei Gäste essen vege…","","","","",""
"P0-98-original-1297-noun-target","a2-22-noun-7","A2","a2-22","Feier","die","feminine","die Feier","die Feier","der Feier","","Feiern","","a2-lexical-grammar-v1","[target/vocabulary] phrases[5].de: Wann beginnt die Feier? || [registry/vocabulary] lexicalRegistry.a2-22-noun-7: die Feier","[context/entry] entry.dialogue[1].de: Sehr gern. Wann beginnt die Feier? || [context/listening] listening.transcriptDe: Nora: Hallo Sami, wir feiern am Freitag den Abschluss unseres Kurses. Hast du Zeit? — Sami: Danke für die Einladung. Wann beginnt die Feier? — Nora: Um 18:30 Uhr im Gemeinschaftsraum. — Sami: Leider kann ich erst ab ach… || [context/reading] reading.textDe: Leila plant eine kleine Geburtstagsfeier für zwölf Personen. In der Einladung nennt sie Datum, Uhrzeit, Adresse und bittet bis Mittwoch um eine Antwort. Sie fragt außerdem nach Wünschen beim Essen. Zwei Gäste essen vege…","","","","",""
"P0-98-original-1297-noun-target","a2-22-noun-8","A2","a2-22","Geschenk","das","neuter","das Geschenk","das Geschenk","dem Geschenk","","Geschenke","","a2-lexical-grammar-v1","[target/vocabulary] phrases[10].de: ein Geschenk überreichen || [registry/vocabulary] lexicalRegistry.a2-22-noun-8: das Geschenk","","","","","",""
"P0-98-original-1297-noun-target","a2-22-noun-9","A2","a2-22","Menge","die","feminine","die Menge","die Menge","der Menge","","Mengen","","a2-lexical-grammar-v1","[target/reading] reading.glossary[5].lemma: Menge || [registry/vocabulary] lexicalRegistry.a2-22-noun-9: die Menge","","","","","",""
"P0-98-original-1297-noun-target","a2-22-noun-10","A2","a2-22","Nussallergie","die","feminine","die Nussallergie","die Nussallergie","der Nussallergie","","Nussallergien","","a2-lexical-grammar-v1","[target/reading] reading.glossary[0].lemma: Nussallergie || [registry/vocabulary] lexicalRegistry.a2-22-noun-10: die Nussallergie","[context/reading] reading.textDe: Leila plant eine kleine Geburtstagsfeier für zwölf Personen. In der Einladung nennt sie Datum, Uhrzeit, Adresse und bittet bis Mittwoch um eine Antwort. Sie fragt außerdem nach Wünschen beim Essen. Zwei Gäste essen vege…","","","","",""
"P0-98-original-1297-noun-target","a2-23-noun-1","A2","a2-23","Ehrenamt","das","neuter","das Ehrenamt","das Ehrenamt","dem Ehrenamt","","Ehrenämter","","a2-lexical-grammar-v1","[target/vocabulary] flashcards[1].frontDe: das Ehrenamt || [target/vocabulary] phrases[2].de: das Ehrenamt || [registry/vocabulary] lexicalRegistry.a2-23-noun-1: das Ehrenamt","","","","","",""
"P0-98-original-1297-noun-target","a2-23-noun-2","A2","a2-23","Verein","der","masculine","der Verein","den Verein","dem Verein","","Vereine","","a2-lexical-grammar-v1","[registry/vocabulary] lexicalRegistry.a2-23-noun-2: der Verein","[context/rule] theory[0].examples[4].de: ein Verein, der Hilfe anbietet","","","","",""
"P0-98-original-1297-noun-target","a2-23-noun-3","A2","a2-23","Unterstützung","die","feminine","die Unterstützung","die Unterstützung","der Unterstützung","","","","a2-lexical-grammar-v1","[registry/vocabulary] lexicalRegistry.a2-23-noun-3: die Unterstützung","","","","","",""
"P0-98-original-1297-noun-target","a2-23-noun-4","A2","a2-23","Aufgabe","die","feminine","die Aufgabe","die Aufgabe","der Aufgabe","","Aufgaben","","a2-lexical-grammar-v1","[registry/vocabulary] lexicalRegistry.a2-23-noun-4: die Aufgabe","[context/entry] entry.dialogue[2].de: Was sind die Aufgaben? || [context/speaking] speaking.usefulPhrases[1]: Ich suche eine Aufgabe, die … || [context/writing] writing.modelDe: Sehr geehrte Frau Sommer, ich interessiere mich für das Sprachcafé, das jeden Samstag stattfindet. Ich möchte mich engagieren, weil ich gern mit Menschen arbeite. Außerdem möchte ich mitmachen, um mein Deutsch zu üben. …","","","","",""
"P0-98-original-1297-noun-target","a2-23-noun-5","A2","a2-23","Einführung","die","feminine","die Einführung","die Einführung","der Einführung","","Einführungen","","a2-lexical-grammar-v1","[target/vocabulary] flashcards[7].frontDe: eine Einführung || [registry/vocabulary] lexicalRegistry.a2-23-noun-5: die Einführung","[context/vocabulary] flashcards[7].exampleDe: Vor dem Einsatz gibt es eine Einführung. || [context/listening] listening.transcriptDe: Koordinatorin: Warum möchten Sie bei uns mitmachen? — Amir: Ich möchte Menschen unterstützen und gleichzeitig Deutsch sprechen. — Koordinatorin: Wir suchen Helfer, die samstags Lebensmittel sortieren und verteilen. Könn… || [context/reading] reading.textDe: In einem Stadtteilzentrum findet jeden Samstag ein Sprachcafé statt, das neue Bewohnerinnen und Bewohner unterstützt. Freiwillige, die regelmäßig mitmachen, begrüßen Gäste und organisieren kleine Gesprächsgruppen. Niema…","","","","",""
"P0-98-original-1297-noun-target","a2-23-noun-6","A2","a2-23","Einsatz","der","masculine","der Einsatz","den Einsatz","dem Einsatz","","Einsätze","","a2-lexical-grammar-v1","[target/reading] reading.glossary[1].lemma: Einsatz || [registry/vocabulary] lexicalRegistry.a2-23-noun-6: der Einsatz","[context/vocabulary] flashcards[7].exampleDe: Vor dem Einsatz gibt es eine Einführung. || [context/listening] listening.transcriptDe: Koordinatorin: Warum möchten Sie bei uns mitmachen? — Amir: Ich möchte Menschen unterstützen und gleichzeitig Deutsch sprechen. — Koordinatorin: Wir suchen Helfer, die samstags Lebensmittel sortieren und verteilen. Könn… || [context/reading] reading.textDe: In einem Stadtteilzentrum findet jeden Samstag ein Sprachcafé statt, das neue Bewohnerinnen und Bewohner unterstützt. Freiwillige, die regelmäßig mitmachen, begrüßen Gäste und organisieren kleine Gesprächsgruppen. Niema…","","","","",""
"P0-98-original-1297-noun-target","a2-23-noun-7","A2","a2-23","Gruppe","die","feminine","die Gruppe","die Gruppe","der Gruppe","","Gruppen","","a2-lexical-grammar-v1","[target/vocabulary] flashcards[5].frontDe: die Gruppe, die … || [target/vocabulary] phrases[13].de: eine Gruppe, die sich trifft || [registry/vocabulary] lexicalRegistry.a2-23-noun-7: die Gruppe","[context/pronunciation] pronunciation.items[4].de: eine Gruppe, die sich trifft","","","","",""
"P0-98-original-1297-noun-target","a2-23-noun-8","A2","a2-23","Helfer","der","masculine","der Helfer","den Helfer","dem Helfer","","Helfer","","a2-lexical-grammar-v1","[target/vocabulary] flashcards[4].frontDe: der Helfer, der … || [registry/vocabulary] lexicalRegistry.a2-23-noun-8: der Helfer","[context/discover] discovery.examples[0]: der Helfer, der Gäste begrüßt || [context/test] miniTest[0].promptDe: der Helfer || [context/pronunciation] pronunciation.items[0].de: der Helfer, der Gäste begrüßt","","","","",""
"P0-98-original-1297-noun-target","a2-23-noun-9","A2","a2-23","Initiative","die","feminine","die Initiative","die Initiative","der Initiative","","Initiativen","","a2-lexical-grammar-v1","[target/vocabulary] flashcards[3].frontDe: die Initiative || [target/vocabulary] phrases[3].de: eine Initiative || [registry/vocabulary] lexicalRegistry.a2-23-noun-9: die Initiative","[context/test] miniTest[1].promptDe: die Initiative || [context/rule] theory[0].examples[5].de: eine Initiative, die Lebensmittel verteilt","","","","",""
"P0-98-original-1297-noun-target","a2-23-noun-10","A2","a2-23","Nachbarschaft","die","feminine","die Nachbarschaft","die Nachbarschaft","der Nachbarschaft","","Nachbarschaften","","a2-lexical-grammar-v1","[target/vocabulary] phrases[4].de: die Nachbarschaft || [registry/vocabulary] lexicalRegistry.a2-23-noun-10: die Nachbarschaft","","","","","",""
"P0-98-original-1297-noun-target","a2-23-noun-11","A2","a2-23","Probephase","die","feminine","die Probephase","die Probephase","der Probephase","","Probephasen","","a2-lexical-grammar-v1","[target/vocabulary] flashcards[9].frontDe: eine Probephase || [registry/vocabulary] lexicalRegistry.a2-23-noun-11: die Probephase","","","","","",""
"P0-98-original-1297-noun-target","a2-23-noun-12","A2","a2-23","Projekt","das","neuter","das Projekt","das Projekt","dem Projekt","","Projekte","","a2-lexical-grammar-v1","[target/vocabulary] flashcards[6].frontDe: das Projekt, das … || [target/vocabulary] phrases[12].de: ein Projekt, das gut organisiert ist || [registry/vocabulary] lexicalRegistry.a2-23-noun-12: das Projekt","[context/discover] discovery.examples[2]: das Projekt, das Familien unterstützt || [context/test] miniTest[2].promptDe: das Projekt || [context/pronunciation] pronunciation.items[2].de: das Projekt, das hilft","","","","",""
"P0-98-original-1297-noun-target","a2-23-noun-13","A2","a2-23","Sprachcafé","das","neuter","das Sprachcafé","das Sprachcafé","dem Sprachcafé","","Sprachcafés","","a2-lexical-grammar-v1","[target/vocabulary] phrases[8].de: ein Sprachcafé organisieren || [registry/vocabulary] lexicalRegistry.a2-23-noun-13: das Sprachcafé","[context/reading] reading.textDe: In einem Stadtteilzentrum findet jeden Samstag ein Sprachcafé statt, das neue Bewohnerinnen und Bewohner unterstützt. Freiwillige, die regelmäßig mitmachen, begrüßen Gäste und organisieren kleine Gesprächsgruppen. Niema… || [context/writing] writing.modelDe: Sehr geehrte Frau Sommer, ich interessiere mich für das Sprachcafé, das jeden Samstag stattfindet. Ich möchte mich engagieren, weil ich gern mit Menschen arbeite. Außerdem möchte ich mitmachen, um mein Deutsch zu üben. …","","","","",""
"P0-98-original-1297-noun-target","a2-23-noun-14","A2","a2-23","Stadtteilzentrum","das","neuter","das Stadtteilzentrum","das Stadtteilzentrum","dem Stadtteilzentrum","","Stadtteilzentren","","a2-lexical-grammar-v1","[target/reading] reading.glossary[0].lemma: Stadtteilzentrum || [registry/vocabulary] lexicalRegistry.a2-23-noun-14: das Stadtteilzentrum","[context/reading] reading.textDe: In einem Stadtteilzentrum findet jeden Samstag ein Sprachcafé statt, das neue Bewohnerinnen und Bewohner unterstützt. Freiwillige, die regelmäßig mitmachen, begrüßen Gäste und organisieren kleine Gesprächsgruppen. Niema…","","","","",""
"P0-98-original-1297-noun-target","a2-23-noun-15","A2","a2-23","Umgang","der","masculine","der Umgang","den Umgang","dem Umgang","","","","a2-lexical-grammar-v1","[target/reading] reading.glossary[2].lemma: Umgang || [registry/vocabulary] lexicalRegistry.a2-23-noun-15: der Umgang","","","","","",""
"P0-98-original-1297-noun-target","a2-24-noun-1","A2","a2-24","Entscheidung","die","feminine","die Entscheidung","die Entscheidung","der Entscheidung","","Entscheidungen","","a2-lexical-grammar-v1","[target/vocabulary] flashcards[0].frontDe: eine Entscheidung treffen || [target/vocabulary] phrases[0].de: eine Entscheidung treffen || [target/vocabulary] phrases[16].de: eine Entscheidung überprüfen || [registry/vocabulary] lexicalRegistry.a2-24-noun-1: die Entscheidung","[context/vocabulary] flashcards[0].exampleDe: Wir müssen heute eine Entscheidung treffen.","","","","",""
"P0-98-original-1297-noun-target","a2-24-noun-2","A2","a2-24","Kriterium","das","neuter","das Kriterium","das Kriterium","dem Kriterium","","Kriterien","","a2-lexical-grammar-v1","[target/vocabulary] phrases[12].de: Das erfüllt die meisten Kriterien. || [registry/vocabulary] lexicalRegistry.a2-24-noun-2: das Kriterium","[context/speaking] speaking.usefulPhrases[2]: Das erfüllt die Kriterien. || [context/rule] theory[2].examples[1].de: Es erfüllt die meisten Kriterien.","","","","",""
"P0-98-original-1297-noun-target","a2-24-noun-3","A2","a2-24","Alternative","die","feminine","die Alternative","die Alternative","der Alternative","","Alternativen","","a2-lexical-grammar-v1","[registry/vocabulary] lexicalRegistry.a2-24-noun-3: die Alternative","","","","","",""
"P0-98-original-1297-noun-target","a2-24-noun-4","A2","a2-24","Mehrheit","die","feminine","die Mehrheit","die Mehrheit","der Mehrheit","","Mehrheiten","","a2-lexical-grammar-v1","[registry/vocabulary] lexicalRegistry.a2-24-noun-4: die Mehrheit","","","","","",""
"P0-98-original-1297-noun-target","a2-24-noun-5","A2","a2-24","Minderheit","die","feminine","die Minderheit","die Minderheit","der Minderheit","","Minderheiten","","a2-lexical-grammar-v1","[target/vocabulary] flashcards[9].frontDe: eine Minderheit berücksichtigen || [target/vocabulary] phrases[17].de: eine Minderheit berücksichtigen || [registry/vocabulary] lexicalRegistry.a2-24-noun-5: die Minderheit","[context/vocabulary] flashcards[9].exampleDe: Wir berücksichtigen auch die Minderheit.","","","","",""
"P0-98-original-1297-noun-target","a2-24-noun-6","A2","a2-24","Protokoll","das","neuter","das Protokoll","das Protokoll","dem Protokoll","","Protokolle","","a2-lexical-grammar-v1","[target/reading] reading.glossary[5].lemma: Protokoll || [registry/vocabulary] lexicalRegistry.a2-24-noun-6: das Protokoll","","","","","",""
"P0-98-original-1297-noun-target","a2-24-noun-7","A2","a2-24","Vorschlag","der","masculine","der Vorschlag","den Vorschlag","dem Vorschlag","","Vorschläge","","a2-lexical-grammar-v1","[target/vocabulary] phrases[11].de: Ich kann dem Vorschlag zustimmen. || [registry/vocabulary] lexicalRegistry.a2-24-noun-7: der Vorschlag","[context/vocabulary] flashcards[6].exampleDe: Was spricht für den Vorschlag?","","","","",""
"P0-98-original-1297-noun-target","b1-01-noun-1","B1","b1-01","Lebensweg","der","masculine","der Lebensweg","den Lebensweg","dem Lebensweg","","Lebenswege","","b1-lexical-grammar-v1","[target/reading] reading.glossary[0].lemma: Lebensweg || [registry/vocabulary] lexicalRegistry.b1-01-noun-1: der Lebensweg","[context/speaking] speaking.promptDe: Erzählen Sie zwei Minuten lang einen Lebensweg mit mindestens fünf Zeitankern, einem Wendepunkt und einer rückblickenden Bewertung. || [context/writing] writing.promptDe: Schreiben Sie 150–180 Wörter über einen realen oder erfundenen Lebensweg: Herkunft, Ausbildung, Erfahrungen, Wendepunkt, heutige Situation und Rückblick.","","","","",""
"P0-98-original-1297-noun-target","b1-01-noun-2","B1","b1-01","Ausbildung","die","feminine","die Ausbildung","die Ausbildung","der Ausbildung","","Ausbildungen","","b1-lexical-grammar-v1","[target/vocabulary] flashcards[2].frontDe: eine Ausbildung machen || [target/vocabulary] phrases[3].de: eine Ausbildung machen || [registry/vocabulary] lexicalRegistry.b1-01-noun-2: die Ausbildung","[context/vocabulary] flashcards[2].exampleDe: Nach der Schule machte sie eine Ausbildung. || [context/listening] listening.transcriptDe: Interviewer: Herr Yilmaz, wie sind Sie zu Ihrem heutigen Beruf gekommen? — Yilmaz: Ich wollte als Jugendlicher eigentlich Koch werden. Nach der Schule machte ich ein Praktikum in einem Restaurant. Die Arbeit gefiel mir,… || [context/reading] reading.textDe: Nadia Ben Salem wurde 1988 in Monastir geboren und wuchs in einer großen Familie auf. Schon in der Schule interessierte sie sich für Technik, doch nach dem Abschluss begann sie zunächst eine kaufmännische Ausbildung. Wä…","","","","",""
"P0-98-original-1297-noun-target","b1-01-noun-3","B1","b1-01","Umzug","der","masculine","der Umzug","den Umzug","dem Umzug","","Umzüge","","b1-lexical-grammar-v1","[registry/vocabulary] lexicalRegistry.b1-01-noun-3: der Umzug","[context/reading] reading.questions[0].options[0]: Nur der Umzug","","","","",""
"P0-98-original-1297-noun-target","b1-01-noun-4","B1","b1-01","Station","die","feminine","die Station","die Station","der Station","","Stationen","","b1-lexical-grammar-v1","[registry/vocabulary] lexicalRegistry.b1-01-noun-4: die Station","","","","","",""
"P0-98-original-1297-noun-target","b1-01-noun-5","B1","b1-01","Abendkurs","der","masculine","der Abendkurs","den Abendkurs","dem Abendkurs","","Abendkurse","","b1-lexical-grammar-v1","[target/reading] reading.glossary[9].lemma: Abendkurs || [registry/vocabulary] lexicalRegistry.b1-01-noun-5: der Abendkurs","","","","","",""
"P0-98-original-1297-noun-target","b1-01-noun-6","B1","b1-01","Büro","das","neuter","das Büro","das Büro","dem Büro","","Büros","","b1-lexical-grammar-v1","[target/reading] reading.glossary[18].lemma: Büro || [registry/vocabulary] lexicalRegistry.b1-01-noun-6: das Büro","","","","","",""
"P0-98-original-1297-noun-target","b1-01-noun-7","B1","b1-01","Erwachsene","die","feminine","die Erwachsene","die Erwachsenen","der Erwachsenen","","Erwachsenen","","b1-lexical-grammar-v1","[target/reading] reading.glossary[12].lemma: Erwachsene || [registry/vocabulary] lexicalRegistry.b1-01-noun-7: die Erwachsene","","","","","",""
"P0-98-original-1297-noun-target","b1-01-noun-8","B1","b1-01","Fähigkeit","die","feminine","die Fähigkeit","die Fähigkeit","der Fähigkeit","","Fähigkeiten","","b1-lexical-grammar-v1","[target/reading] reading.glossary[13].lemma: Fähigkeit || [registry/vocabulary] lexicalRegistry.b1-01-noun-8: die Fähigkeit","[context/test] miniTest[4].options[1]: Rückblickend brachte jede Phase eine wichtige Fähigkeit. || [context/reading] reading.textDe: Nadia Ben Salem wurde 1988 in Monastir geboren und wuchs in einer großen Familie auf. Schon in der Schule interessierte sie sich für Technik, doch nach dem Abschluss begann sie zunächst eine kaufmännische Ausbildung. Wä… || [context/writing] writing.modelDe: Nadia wurde 1988 in Monastir geboren und wuchs dort auf. Nach der Schule begann sie eine kaufmännische Ausbildung, obwohl sie sich schon früh für Technik interessierte. Während der Ausbildung musste sie häufig Computerp…","","","","",""
"P0-98-original-1297-noun-target","b1-01-noun-9","B1","b1-01","Grundkenntnisse","die","plural-only","die Grundkenntnisse","die Grundkenntnisse","den Grundkenntnisse","","Grundkenntnisse","","b1-lexical-grammar-v1","[target/reading] reading.glossary[14].lemma: Grundkenntnisse || [registry/vocabulary] lexicalRegistry.b1-01-noun-9: die Grundkenntnisse","[context/reading] reading.textDe: Nadia Ben Salem wurde 1988 in Monastir geboren und wuchs in einer großen Familie auf. Schon in der Schule interessierte sie sich für Technik, doch nach dem Abschluss begann sie zunächst eine kaufmännische Ausbildung. Wä…","","","","",""
"P0-98-original-1297-noun-target","b1-01-noun-10","B1","b1-01","Informatik","die","feminine","die Informatik","die Informatik","der Informatik","","","","b1-lexical-grammar-v1","[target/reading] reading.glossary[15].lemma: Informatik || [registry/vocabulary] lexicalRegistry.b1-01-noun-10: die Informatik","","","","","",""
"P0-98-original-1297-noun-target","b1-01-noun-11","B1","b1-01","Initiative","die","feminine","die Initiative","die Initiative","der Initiative","","Initiativen","","b1-lexical-grammar-v1","[target/reading] reading.glossary[25].lemma: Initiative || [registry/vocabulary] lexicalRegistry.b1-01-noun-11: die Initiative","[context/reading] reading.textDe: Nadia Ben Salem wurde 1988 in Monastir geboren und wuchs in einer großen Familie auf. Schon in der Schule interessierte sie sich für Technik, doch nach dem Abschluss begann sie zunächst eine kaufmännische Ausbildung. Wä… || [context/writing] writing.modelDe: Nadia wurde 1988 in Monastir geboren und wuchs dort auf. Nach der Schule begann sie eine kaufmännische Ausbildung, obwohl sie sich schon früh für Technik interessierte. Während der Ausbildung musste sie häufig Computerp…","","","","",""
"P0-98-original-1297-noun-target","b1-01-noun-12","B1","b1-01","Kollege","der","masculine","der Kollege","den Kollegen","dem Kollegen","","Kollegen","","b1-lexical-grammar-v1","[target/reading] reading.glossary[16].lemma: Kollege || [registry/vocabulary] lexicalRegistry.b1-01-noun-12: der Kollege","","","","","",""
"P0-98-original-1297-noun-target","b1-01-noun-13","B1","b1-01","Phase","die","feminine","die Phase","die Phase","der Phase","","Phasen","","b1-lexical-grammar-v1","[target/reading] reading.glossary[27].lemma: Phase || [registry/vocabulary] lexicalRegistry.b1-01-noun-13: die Phase","[context/controlled] exercises[4].pairs[1].left: nach einer Phase","","","","",""
"P0-98-original-1297-noun-target","b1-01-noun-14","B1","b1-01","Problem","das","neuter","das Problem","das Problem","dem Problem","","Probleme","","b1-lexical-grammar-v1","[target/reading] reading.glossary[17].lemma: Problem || [registry/vocabulary] lexicalRegistry.b1-01-noun-14: das Problem","","","","","",""
"P0-98-original-1297-noun-target","b1-01-noun-15","B1","b1-01","Support","der","masculine","der Support","den Support","dem Support","","","","b1-lexical-grammar-v1","[target/reading] reading.glossary[26].lemma: Support || [registry/vocabulary] lexicalRegistry.b1-01-noun-15: der Support","","","","","",""
"P0-98-original-1297-noun-target","b1-01-noun-16","B1","b1-01","Technik","die","feminine","die Technik","die Technik","der Technik","","Techniken","","b1-lexical-grammar-v1","[target/reading] reading.glossary[8].lemma: Technik || [registry/vocabulary] lexicalRegistry.b1-01-noun-16: die Technik","[context/writing] writing.modelDe: Nadia wurde 1988 in Monastir geboren und wuchs dort auf. Nach der Schule begann sie eine kaufmännische Ausbildung, obwohl sie sich schon früh für Technik interessierte. Während der Ausbildung musste sie häufig Computerp…","","","","",""
"P0-98-original-1297-noun-target","b1-01-noun-17","B1","b1-01","Unternehmen","das","neuter","das Unternehmen","das Unternehmen","dem Unternehmen","","Unternehmen","","b1-lexical-grammar-v1","[target/reading] reading.glossary[10].lemma: Unternehmen || [registry/vocabulary] lexicalRegistry.b1-01-noun-17: das Unternehmen","[context/reading] reading.textDe: Nadia Ben Salem wurde 1988 in Monastir geboren und wuchs in einer großen Familie auf. Schon in der Schule interessierte sie sich für Technik, doch nach dem Abschluss begann sie zunächst eine kaufmännische Ausbildung. Wä… || [context/writing] writing.modelDe: Nadia wurde 1988 in Monastir geboren und wuchs dort auf. Nach der Schule begann sie eine kaufmännische Ausbildung, obwohl sie sich schon früh für Technik interessierte. Während der Ausbildung musste sie häufig Computerp…","","","","",""
"P0-98-original-1297-noun-target","b1-01-noun-18","B1","b1-01","Abschluss","der","masculine","der Abschluss","den Abschluss","dem Abschluss","","Abschlüsse","","b1-lexical-grammar-v1","[target/vocabulary] flashcards[5].frontDe: nach dem Abschluss || [target/vocabulary] phrases[15].de: nach dem Abschluss || [registry/vocabulary] lexicalRegistry.b1-01-noun-18: der Abschluss","[context/controlled] exercises[4].pairs[1].right: nach dem Abschluss || [context/vocabulary] flashcards[5].exampleDe: Nach dem Abschluss fand er eine Stelle. || [context/reading] reading.textDe: Nadia Ben Salem wurde 1988 in Monastir geboren und wuchs in einer großen Familie auf. Schon in der Schule interessierte sie sich für Technik, doch nach dem Abschluss begann sie zunächst eine kaufmännische Ausbildung. Wä…","","","","",""
"P0-98-original-1297-noun-target","b1-01-noun-19","B1","b1-01","Entscheidung","die","feminine","die Entscheidung","die Entscheidung","der Entscheidung","","Entscheidungen","","b1-lexical-grammar-v1","[target/vocabulary] phrases[11].de: eine Entscheidung bereuen || [registry/vocabulary] lexicalRegistry.b1-01-noun-19: die Entscheidung","[context/vocabulary] flashcards[9].exampleDe: Rückblickend war die Entscheidung wichtig.","","","","",""
"P0-98-original-1297-noun-target","b1-01-noun-20","B1","b1-01","Familie","die","feminine","die Familie","die Familie","der Familie","","Familien","","b1-lexical-grammar-v1","[target/vocabulary] phrases[10].de: eine Familie gründen || [registry/vocabulary] lexicalRegistry.b1-01-noun-20: die Familie","[context/reading] reading.textDe: Nadia Ben Salem wurde 1988 in Monastir geboren und wuchs in einer großen Familie auf. Schon in der Schule interessierte sie sich für Technik, doch nach dem Abschluss begann sie zunächst eine kaufmännische Ausbildung. Wä…","","","","",""
"P0-98-original-1297-noun-target","b1-01-noun-21","B1","b1-01","Schule","die","feminine","die Schule","die Schule","der Schule","","Schulen","","b1-lexical-grammar-v1","[target/vocabulary] phrases[2].de: die Schule abschließen || [registry/vocabulary] lexicalRegistry.b1-01-noun-21: die Schule","[context/entry] entry.dialogue[1].de: Was hat er nach der Schule gemacht? || [context/controlled] exercises[5].options[1]: Er wurde 1995 geboren. Nach der Schule studierte er Informatik, weil ihn Technik interessierte. || [context/vocabulary] flashcards[2].exampleDe: Nach der Schule machte sie eine Ausbildung.","","","","",""
"P0-98-original-1297-noun-target","b1-01-noun-22","B1","b1-01","Schulung","die","feminine","die Schulung","die Schulung","der Schulung","","Schulungen","","b1-lexical-grammar-v1","[target/reading] reading.glossary[3].lemma: Schulung || [registry/vocabulary] lexicalRegistry.b1-01-noun-22: die Schulung","[context/reading] reading.questions[1].promptDe: Was entdeckte sie bei den Schulungen?","","","","",""
"P0-98-original-1297-noun-target","b1-01-noun-23","B1","b1-01","Stelle","die","feminine","die Stelle","die Stelle","der Stelle","","Stellen","","b1-lexical-grammar-v1","[target/vocabulary] phrases[8].de: eine Stelle finden || [registry/vocabulary] lexicalRegistry.b1-01-noun-23: die Stelle","[context/vocabulary] flashcards[5].exampleDe: Nach dem Abschluss fand er eine Stelle. || [context/rule] theory[2].examples[2].de: Nach dem Abschluss fand er eine Stelle.","","","","",""
"P0-98-original-1297-noun-target","b1-01-noun-24","B1","b1-01","Studium","das","neuter","das Studium","das Studium","dem Studium","des Studiums","Studien","","b1-lexical-grammar-v1","[target/vocabulary] flashcards[4].frontDe: während des Studiums || [target/vocabulary] phrases[14].de: während des Studiums || [target/vocabulary] phrases[4].de: ein Studium beginnen || [registry/vocabulary] lexicalRegistry.b1-01-noun-24: das Studium","[context/entry] entry.dialogue[2].de: Zuerst studierte er Informatik. Während des Studiums arbeitete er nebenbei in einem kleinen Laden. || [context/controlled] exercises[1].template: Während des Studiums ___ er wenig Zeit. (haben) || [context/controlled] exercises[2].acceptedAnswers[0]: Während des Studiums arbeitete er nebenbei","","","","",""
"P0-98-original-1297-noun-target","b1-01-noun-25","B1","b1-01","Wendepunkt","der","masculine","der Wendepunkt","den Wendepunkt","dem Wendepunkt","","Wendepunkte","","b1-lexical-grammar-v1","[target/vocabulary] flashcards[8].frontDe: ein Wendepunkt || [registry/vocabulary] lexicalRegistry.b1-01-noun-25: der Wendepunkt","[context/vocabulary] flashcards[8].exampleDe: Das Praktikum war ein Wendepunkt. || [context/speaking] speaking.promptDe: Erzählen Sie zwei Minuten lang einen Lebensweg mit mindestens fünf Zeitankern, einem Wendepunkt und einer rückblickenden Bewertung.","","","","",""
"P0-98-original-1297-noun-target","b1-02-noun-1","B1","b1-02","Entscheidung","die","feminine","die Entscheidung","die Entscheidung","der Entscheidung","","Entscheidungen","","b1-lexical-grammar-v1","[target/vocabulary] flashcards[9].frontDe: die Entscheidung überprüfen || [target/vocabulary] phrases[0].de: eine Entscheidung abwägen || [registry/vocabulary] lexicalRegistry.b1-02-noun-1: die Entscheidung","[context/vocabulary] flashcards[9].exampleDe: Nach drei Monaten überprüfe ich die Entscheidung. || [context/listening] listening.questions[2].promptDe: Was prüft Mara vor der Entscheidung? || [context/reading] reading.questions[2].options[1]: Um die Entscheidung mit neuen Erfahrungen zu prüfen.","","","","",""
"P0-98-original-1297-noun-target","b1-02-noun-2","B1","b1-02","Folge","die","feminine","die Folge","die Folge","der Folge","","Folgen","","b1-lexical-grammar-v1","[registry/vocabulary] lexicalRegistry.b1-02-noun-2: die Folge","","","","","",""
"P0-98-original-1297-noun-target","b1-02-noun-3","B1","b1-02","Möglichkeit","die","feminine","die Möglichkeit","die Möglichkeit","der Möglichkeit","","Möglichkeiten","","b1-lexical-grammar-v1","[registry/vocabulary] lexicalRegistry.b1-02-noun-3: die Möglichkeit","","","","","",""
"P0-98-original-1297-noun-target","b1-02-noun-4","B1","b1-02","Risiko","das","neuter","das Risiko","das Risiko","dem Risiko","","Risiken","","b1-lexical-grammar-v1","[target/vocabulary] phrases[5].de: ein Risiko einschätzen || [registry/vocabulary] lexicalRegistry.b1-02-noun-4: das Risiko","[context/vocabulary] flashcards[3].exampleDe: Wir müssen das Risiko einschätzen. || [context/listening] listening.transcriptDe: Mara: Ich habe Zusagen aus Köln und Leipzig. Köln ist näher bei meiner Familie, aber die Miete ist deutlich höher. — Ben: Und der Studiengang? — Mara: In Leipzig gibt es mehr Praxisprojekte. Einerseits möchte ich in der… || [context/reading] reading.questions[1].promptDe: Wie reduzierte Samir das Risiko?","","","","",""
"P0-98-original-1297-noun-target","b1-02-noun-5","B1","b1-02","Alternative","die","feminine","die Alternative","die Alternative","der Alternative","","Alternativen","","b1-lexical-grammar-v1","[target/vocabulary] phrases[3].de: eine Alternative prüfen || [registry/vocabulary] lexicalRegistry.b1-02-noun-5: die Alternative","","","","","",""
"P0-98-original-1297-noun-target","b1-02-noun-6","B1","b1-02","Perspektive","die","feminine","die Perspektive","die Perspektive","der Perspektive","","Perspektiven","","b1-lexical-grammar-v1","[target/reading] reading.glossary[5].lemma: Perspektive || [registry/vocabulary] lexicalRegistry.b1-02-noun-6: die Perspektive","[context/reading] reading.textDe: Nach fünf Jahren im gleichen Unternehmen bekam Samir ein Angebot von einer jungen Technikfirma. Die neue Stelle versprach interessantere Aufgaben und ein höheres Gehalt, war aber zunächst auf ein Jahr befristet. Seine b…","","","","",""
"P0-98-original-1297-noun-target","b1-02-noun-7","B1","b1-02","Zielvereinbarung","die","feminine","die Zielvereinbarung","die Zielvereinbarung","der Zielvereinbarung","","Zielvereinbarungen","","b1-lexical-grammar-v1","[target/reading] reading.glossary[6].lemma: Zielvereinbarung || [registry/vocabulary] lexicalRegistry.b1-02-noun-7: die Zielvereinbarung","[context/reading] reading.textDe: Nach fünf Jahren im gleichen Unternehmen bekam Samir ein Angebot von einer jungen Technikfirma. Die neue Stelle versprach interessantere Aufgaben und ein höheres Gehalt, war aber zunächst auf ein Jahr befristet. Seine b…","","","","",""
"P0-98-original-1297-noun-target","b1-03-noun-1","B1","b1-03","Wendepunkt","der","masculine","der Wendepunkt","den Wendepunkt","dem Wendepunkt","","Wendepunkte","","b1-lexical-grammar-v1","[target/vocabulary] flashcards[0].frontDe: ein Wendepunkt || [target/vocabulary] phrases[0].de: ein Wendepunkt || [registry/vocabulary] lexicalRegistry.b1-03-noun-1: der Wendepunkt","[context/entry] entry.dialogue[1].de: War das der Wendepunkt? || [context/vocabulary] flashcards[0].exampleDe: Das Praktikum war ein Wendepunkt. || [context/reading] reading.questions[1].promptDe: Was war der Wendepunkt?","","","","",""
"P0-98-original-1297-noun-target","b1-03-noun-2","B1","b1-03","Veränderung","die","feminine","die Veränderung","die Veränderung","der Veränderung","","Veränderungen","","b1-lexical-grammar-v1","[registry/vocabulary] lexicalRegistry.b1-03-noun-2: die Veränderung","","","","","",""
"P0-98-original-1297-noun-target","b1-03-noun-3","B1","b1-03","Gelegenheit","die","feminine","die Gelegenheit","die Gelegenheit","der Gelegenheit","","Gelegenheiten","","b1-lexical-grammar-v1","[registry/vocabulary] lexicalRegistry.b1-03-noun-3: die Gelegenheit","[context/writing] writing.modelDe: Vor zwei Jahren arbeitete ich in einem Bereich, der mir wenig Entwicklung bot. Nebenbei hatte ich mehrere Onlinekurse abgeschlossen und ein kleines Portfolio erstellt. Nachdem ich ein Projekt für einen Freund vorbereite…","","","","",""
"P0-98-original-1297-noun-target","b1-03-noun-4","B1","b1-03","Erfahrung","die","feminine","die Erfahrung","die Erfahrung","der Erfahrung","","Erfahrungen","","b1-lexical-grammar-v1","[target/vocabulary] phrases[13].de: aus einer Erfahrung lernen || [registry/vocabulary] lexicalRegistry.b1-03-noun-4: die Erfahrung","[context/vocabulary] flashcards[8].exampleDe: Im Nachhinein war die Erfahrung wichtig. || [context/reading] reading.textDe: Als Rania nach Deutschland kam, arbeitete sie zunächst in Teilzeit in einem Café. In Tunesien hatte sie bereits Grafikdesign gelernt, aber sie kannte den deutschen Arbeitsmarkt kaum und zeigte ihre Arbeiten nur selten. …","","","","",""
"P0-98-original-1297-noun-target","b1-03-noun-5","B1","b1-03","Auftrag","der","masculine","der Auftrag","den Auftrag","dem Auftrag","","Aufträge","","b1-lexical-grammar-v1","[target/reading] reading.glossary[5].lemma: Auftrag || [registry/vocabulary] lexicalRegistry.b1-03-noun-5: der Auftrag","[context/writing] writing.modelDe: Vor zwei Jahren arbeitete ich in einem Bereich, der mir wenig Entwicklung bot. Nebenbei hatte ich mehrere Onlinekurse abgeschlossen und ein kleines Portfolio erstellt. Nachdem ich ein Projekt für einen Freund vorbereite…","","","","",""
"P0-98-original-1297-noun-target","b1-03-noun-6","B1","b1-03","Chance","die","feminine","die Chance","die Chance","der Chance","","Chancen","","b1-lexical-grammar-v1","[target/vocabulary] phrases[10].de: eine Chance erkennen || [registry/vocabulary] lexicalRegistry.b1-03-noun-6: die Chance","[context/writing] writing.modelDe: Vor zwei Jahren arbeitete ich in einem Bereich, der mir wenig Entwicklung bot. Nebenbei hatte ich mehrere Onlinekurse abgeschlossen und ein kleines Portfolio erstellt. Nachdem ich ein Projekt für einen Freund vorbereite…","","","","",""
"P0-98-original-1297-noun-target","b1-03-noun-7","B1","b1-03","Entwurf","der","masculine","der Entwurf","den Entwurf","dem Entwurf","","Entwürfe","","b1-lexical-grammar-v1","[target/reading] reading.glossary[6].lemma: Entwurf || [registry/vocabulary] lexicalRegistry.b1-03-noun-7: der Entwurf","","","","","",""
"P0-98-original-1297-noun-target","b1-03-noun-8","B1","b1-03","Gewohnheit","die","feminine","die Gewohnheit","die Gewohnheit","der Gewohnheit","","Gewohnheiten","","b1-lexical-grammar-v1","[target/vocabulary] phrases[11].de: eine Gewohnheit verändern || [registry/vocabulary] lexicalRegistry.b1-03-noun-8: die Gewohnheit","","","","","",""
"P0-98-original-1297-noun-target","b1-03-noun-9","B1","b1-03","Plusquamperfekt","das","neuter","das Plusquamperfekt","das Plusquamperfekt","dem Plusquamperfekt","","","","b1-lexical-grammar-v1","[target/vocabulary] phrases[4].de: das Plusquamperfekt || [registry/vocabulary] lexicalRegistry.b1-03-noun-9: das Plusquamperfekt","","","","","",""
"P0-98-original-1297-noun-target","b1-03-noun-10","B1","b1-03","Portfolio","das","neuter","das Portfolio","das Portfolio","dem Portfolio","","Portfolios","","b1-lexical-grammar-v1","[target/reading] reading.glossary[11].lemma: Portfolio || [registry/vocabulary] lexicalRegistry.b1-03-noun-10: das Portfolio","[context/reading] reading.questions[2].options[3]: Sie versteckt ihr Portfolio. || [context/reading] reading.textDe: Als Rania nach Deutschland kam, arbeitete sie zunächst in Teilzeit in einem Café. In Tunesien hatte sie bereits Grafikdesign gelernt, aber sie kannte den deutschen Arbeitsmarkt kaum und zeigte ihre Arbeiten nur selten. … || [context/writing] writing.modelDe: Vor zwei Jahren arbeitete ich in einem Bereich, der mir wenig Entwicklung bot. Nebenbei hatte ich mehrere Onlinekurse abgeschlossen und ein kleines Portfolio erstellt. Nachdem ich ein Projekt für einen Freund vorbereite…","","","","",""
"P0-98-original-1297-noun-target","b1-04-noun-1","B1","b1-04","Team","das","neuter","das Team","das Team","dem Team","","Teams","","b1-lexical-grammar-v1","[registry/vocabulary] lexicalRegistry.b1-04-noun-1: das Team","[context/vocabulary] flashcards[7].exampleDe: Dadurch musste das Team warten. || [context/test] miniTest[4].options[2]: Die Datei war spät; dadurch wartete das Team. Bitte informiere früher. || [context/errors] mistakes[3].correct: Die Datei kam zweimal spät; dadurch musste das Team warten.","","","","",""
"P0-98-original-1297-noun-target","b1-04-noun-2","B1","b1-04","Aufgabe","die","feminine","die Aufgabe","die Aufgabe","der Aufgabe","","Aufgaben","","b1-lexical-grammar-v1","[target/vocabulary] phrases[7].de: eine Aufgabe abschließen || [registry/vocabulary] lexicalRegistry.b1-04-noun-2: die Aufgabe","[context/controlled] exercises[2].acceptedAnswers[1]: Bis Mittwoch werden die Aufgaben abgeschlossen || [context/vocabulary] flashcards[0].exampleDe: Wir verteilen die Aufgaben klar. || [context/reading] reading.textDe: Ein Team sollte in sechs Wochen eine Informationsveranstaltung organisieren. Am Anfang waren alle motiviert, aber die Aufgaben wurden nur allgemein verteilt. Drei Personen fühlten sich für die Einladung zuständig, währe…","","","","",""
"P0-98-original-1297-noun-target","b1-04-noun-3","B1","b1-04","Zuständigkeit","die","feminine","die Zuständigkeit","die Zuständigkeit","der Zuständigkeit","","Zuständigkeiten","","b1-lexical-grammar-v1","[registry/vocabulary] lexicalRegistry.b1-04-noun-3: die Zuständigkeit","","","","","",""
"P0-98-original-1297-noun-target","b1-04-noun-4","B1","b1-04","Abgabe","die","feminine","die Abgabe","die Abgabe","der Abgabe","","Abgaben","","b1-lexical-grammar-v1","[registry/vocabulary] lexicalRegistry.b1-04-noun-4: die Abgabe","","","","","",""
"P0-98-original-1297-noun-target","b1-04-noun-5","B1","b1-04","Abhängigkeit","die","feminine","die Abhängigkeit","die Abhängigkeit","der Abhängigkeit","","Abhängigkeiten","","b1-lexical-grammar-v1","[target/vocabulary] flashcards[3].frontDe: eine Abhängigkeit || [target/vocabulary] phrases[5].de: eine Abhängigkeit klären || [target/reading] reading.glossary[10].lemma: Abhängigkeit || [registry/vocabulary] lexicalRegistry.b1-04-noun-5: die Abhängigkeit","","","","","",""
"P0-98-original-1297-noun-target","b1-04-noun-6","B1","b1-04","Entscheidung","die","feminine","die Entscheidung","die Entscheidung","der Entscheidung","","Entscheidungen","","b1-lexical-grammar-v1","[target/vocabulary] phrases[9].de: eine Entscheidung dokumentieren || [registry/vocabulary] lexicalRegistry.b1-04-noun-6: die Entscheidung","","","","","",""
"P0-98-original-1297-noun-target","b1-04-noun-7","B1","b1-04","Ergebnis","das","neuter","das Ergebnis","das Ergebnis","dem Ergebnis","","Ergebnisse","","b1-lexical-grammar-v1","[target/vocabulary] phrases[3].de: für ein Ergebnis zuständig sein || [registry/vocabulary] lexicalRegistry.b1-04-noun-7: das Ergebnis","[context/errors] mistakes[2].correct: Mara ist für das Ergebnis verantwortlich; Ben unterstützt sie. || [context/reading] reading.textDe: Ein Team sollte in sechs Wochen eine Informationsveranstaltung organisieren. Am Anfang waren alle motiviert, aber die Aufgaben wurden nur allgemein verteilt. Drei Personen fühlten sich für die Einladung zuständig, währe…","","","","",""
"P0-98-original-1297-noun-target","b1-04-noun-8","B1","b1-04","Frist","die","feminine","die Frist","die Frist","der Frist","","Fristen","","b1-lexical-grammar-v1","[target/vocabulary] flashcards[2].frontDe: eine Frist vereinbaren || [target/vocabulary] phrases[4].de: eine Frist vereinbaren || [registry/vocabulary] lexicalRegistry.b1-04-noun-8: die Frist","[context/reading] reading.textDe: Ein Team sollte in sechs Wochen eine Informationsveranstaltung organisieren. Am Anfang waren alle motiviert, aber die Aufgaben wurden nur allgemein verteilt. Drei Personen fühlten sich für die Einladung zuständig, währe… || [context/writing] writing.modelDe: Unser Team organisiert in vier Wochen eine Informationsveranstaltung. Mara ist für den Zeitplan zuständig und liefert ihn bis Dienstag. Die Einladung wird von Sara geschrieben und bis Mittwoch geprüft. Danach wird sie v…","","","","",""
"P0-98-original-1297-noun-target","b1-04-noun-9","B1","b1-04","Informationsveranstaltung","die","feminine","die Informationsveranstaltung","die Informationsveranstaltung","der Informationsveranstaltung","","Informationsveranstaltungen","","b1-lexical-grammar-v1","[target/reading] reading.glossary[5].lemma: Informationsveranstaltung || [registry/vocabulary] lexicalRegistry.b1-04-noun-9: die Informationsveranstaltung","[context/reading] reading.textDe: Ein Team sollte in sechs Wochen eine Informationsveranstaltung organisieren. Am Anfang waren alle motiviert, aber die Aufgaben wurden nur allgemein verteilt. Drei Personen fühlten sich für die Einladung zuständig, währe… || [context/writing] writing.modelDe: Unser Team organisiert in vier Wochen eine Informationsveranstaltung. Mara ist für den Zeitplan zuständig und liefert ihn bis Dienstag. Die Einladung wird von Sara geschrieben und bis Mittwoch geprüft. Danach wird sie v…","","","","",""
"P0-98-original-1297-noun-target","b1-04-noun-10","B1","b1-04","Stand","der","masculine","der Stand","den Stand","dem Stand","","Stände","","b1-lexical-grammar-v1","[target/vocabulary] flashcards[9].frontDe: den Stand aktualisieren || [target/vocabulary] phrases[6].de: den Stand aktualisieren || [registry/vocabulary] lexicalRegistry.b1-04-noun-10: der Stand","[context/vocabulary] flashcards[9].exampleDe: Freitags wird der Stand aktualisiert.","","","","",""
"P0-98-original-1297-noun-target","b1-04-noun-11","B1","b1-04","Ziel","das","neuter","das Ziel","das Ziel","dem Ziel","","Ziele","","b1-lexical-grammar-v1","[target/vocabulary] phrases[0].de: ein gemeinsames Ziel || [registry/vocabulary] lexicalRegistry.b1-04-noun-11: das Ziel","[context/reading] reading.questions[0].options[0]: Das Team hatte kein Ziel.","","","","",""
"P0-98-original-1297-noun-target","b1-05-noun-1","B1","b1-05","Konflikt","der","masculine","der Konflikt","den Konflikt","dem Konflikt","","Konflikte","","b1-lexical-grammar-v1","[target/vocabulary] flashcards[0].frontDe: einen Konflikt ansprechen || [target/vocabulary] phrases[0].de: einen Konflikt ansprechen || [target/vocabulary] phrases[17].de: den Konflikt später überprüfen || [registry/vocabulary] lexicalRegistry.b1-05-noun-1: der Konflikt","[context/vocabulary] flashcards[0].exampleDe: Wir müssen den Konflikt ruhig ansprechen. || [context/reading] reading.textDe: In einem kleinen Team entstand ein Konflikt über kurzfristige Terminänderungen. Mara sagte zunächst: „Du informierst uns nie rechtzeitig.“ Dieser Satz klang wie ein Vorwurf. Ben verteidigte sich sofort und erklärte, das…","","","","",""
"P0-98-original-1297-noun-target","b1-05-noun-2","B1","b1-05","Missverständnis","das","neuter","das Missverständnis","das Missverständnis","dem Missverständnis","","Missverständnisse","","b1-lexical-grammar-v1","[registry/vocabulary] lexicalRegistry.b1-05-noun-2: das Missverständnis","[context/reading] reading.textDe: In einem kleinen Team entstand ein Konflikt über kurzfristige Terminänderungen. Mara sagte zunächst: „Du informierst uns nie rechtzeitig.“ Dieser Satz klang wie ein Vorwurf. Ben verteidigte sich sofort und erklärte, das… || [context/rule] theory[1].examples[3].de: Die Regel war klar. Trotzdem gab es ein Missverständnis.","","","","",""
"P0-98-original-1297-noun-target","b1-05-noun-3","B1","b1-05","Kompromiss","der","masculine","der Kompromiss","den Kompromiss","dem Kompromiss","","Kompromisse","","b1-lexical-grammar-v1","[registry/vocabulary] lexicalRegistry.b1-05-noun-3: der Kompromiss","","","","","",""
"P0-98-original-1297-noun-target","b1-05-noun-4","B1","b1-05","Lösung","die","feminine","die Lösung","die Lösung","der Lösung","","Lösungen","","b1-lexical-grammar-v1","[target/vocabulary] flashcards[9].frontDe: die Lösung überprüfen || [registry/vocabulary] lexicalRegistry.b1-05-noun-4: die Lösung","[context/discover] discovery.examples[4]: Obwohl er schrieb, sah ich es nicht. Trotzdem fanden wir eine Lösung. || [context/controlled] exercises[2].acceptedAnswers[0]: Trotzdem fanden wir eine Lösung || [context/controlled] exercises[2].acceptedAnswers[1]: Wir fanden trotzdem eine Lösung","","","","",""
"P0-98-original-1297-noun-target","b1-05-noun-5","B1","b1-05","Beobachtung","die","feminine","die Beobachtung","die Beobachtung","der Beobachtung","","Beobachtungen","","b1-lexical-grammar-v1","[target/vocabulary] flashcards[1].frontDe: eine Beobachtung || [target/vocabulary] phrases[1].de: eine Beobachtung beschreiben || [registry/vocabulary] lexicalRegistry.b1-05-noun-5: die Beobachtung","","","","","",""
"P0-98-original-1297-noun-target","b1-05-noun-6","B1","b1-05","Fristrisiko","das","neuter","das Fristrisiko","das Fristrisiko","dem Fristrisiko","","Fristrisiken","","b1-lexical-grammar-v1","[target/reading] reading.glossary[6].lemma: Fristrisiko || [registry/vocabulary] lexicalRegistry.b1-05-noun-6: das Fristrisiko","","","","","",""
"P0-98-original-1297-noun-target","b1-05-noun-7","B1","b1-05","Grenze","die","feminine","die Grenze","die Grenze","der Grenze","","Grenzen","","b1-lexical-grammar-v1","[target/vocabulary] phrases[16].de: eine Grenze respektieren || [target/reading] reading.glossary[5].lemma: Grenze || [registry/vocabulary] lexicalRegistry.b1-05-noun-7: die Grenze","[context/reading] reading.textDe: In einem kleinen Team entstand ein Konflikt über kurzfristige Terminänderungen. Mara sagte zunächst: „Du informierst uns nie rechtzeitig.“ Dieser Satz klang wie ein Vorwurf. Ben verteidigte sich sofort und erklärte, das… || [context/writing] writing.modelDe: Hallo Tom, mir ist in den letzten zwei Wochen aufgefallen, dass mehrere Aufgaben nach 17 Uhr als dringend markiert wurden. Ich war dadurch unsicher, ob ich sofort antworten sollte, obwohl meine Arbeitszeit schon beendet…","","","","",""
"P0-98-original-1297-noun-target","b1-05-noun-8","B1","b1-05","Interpretation","die","feminine","die Interpretation","die Interpretation","der Interpretation","","Interpretationen","","b1-lexical-grammar-v1","[target/vocabulary] phrases[2].de: eine Interpretation prüfen || [registry/vocabulary] lexicalRegistry.b1-05-noun-8: die Interpretation","","","","","",""
"P0-98-original-1297-noun-target","b1-05-noun-9","B1","b1-05","Punkt","der","masculine","der Punkt","den Punkt","dem Punkt","","Punkte","","b1-lexical-grammar-v1","[target/vocabulary] phrases[8].de: Ich verstehe deinen Punkt. || [registry/vocabulary] lexicalRegistry.b1-05-noun-9: der Punkt","","","","","",""
"P0-98-original-1297-noun-target","b1-05-noun-10","B1","b1-05","Situation","die","feminine","die Situation","die Situation","der Situation","","Situationen","","b1-lexical-grammar-v1","[target/vocabulary] phrases[7].de: Wie hast du die Situation gesehen? || [registry/vocabulary] lexicalRegistry.b1-05-noun-10: die Situation","[context/reading] reading.textDe: In einem kleinen Team entstand ein Konflikt über kurzfristige Terminänderungen. Mara sagte zunächst: „Du informierst uns nie rechtzeitig.“ Dieser Satz klang wie ein Vorwurf. Ben verteidigte sich sofort und erklärte, das… || [context/rule] theory[0].examples[4].de: Wie hast du die Situation gesehen?","","","","",""
"P0-98-original-1297-noun-target","b1-05-noun-11","B1","b1-05","Vereinbarung","die","feminine","die Vereinbarung","die Vereinbarung","der Vereinbarung","","Vereinbarungen","","b1-lexical-grammar-v1","[target/vocabulary] flashcards[8].frontDe: eine Vereinbarung treffen || [target/vocabulary] phrases[14].de: eine Vereinbarung treffen || [registry/vocabulary] lexicalRegistry.b1-05-noun-11: die Vereinbarung","[context/vocabulary] flashcards[8].exampleDe: Wir treffen eine klare Vereinbarung. || [context/listening] listening.questions[2].promptDe: Wie lautet die Vereinbarung?","","","","",""
"P0-98-original-1297-noun-target","b1-05-noun-12","B1","b1-05","Vorwurf","der","masculine","der Vorwurf","den Vorwurf","dem Vorwurf","","Vorwürfe","","b1-lexical-grammar-v1","[target/reading] reading.glossary[0].lemma: Vorwurf || [registry/vocabulary] lexicalRegistry.b1-05-noun-12: der Vorwurf","[context/reading] reading.questions[0].options[2]: Mara formulierte einen allgemeinen Vorwurf. || [context/reading] reading.textDe: In einem kleinen Team entstand ein Konflikt über kurzfristige Terminänderungen. Mara sagte zunächst: „Du informierst uns nie rechtzeitig.“ Dieser Satz klang wie ein Vorwurf. Ben verteidigte sich sofort und erklärte, das…","","","","",""
"P0-98-original-1297-noun-target","b1-06-noun-1","B1","b1-06","Bewerbungsgespräch","das","neuter","das Bewerbungsgespräch","das Bewerbungsgespräch","dem Bewerbungsgespräch","","Bewerbungsgespräche","","b1-lexical-grammar-v1","[registry/vocabulary] lexicalRegistry.b1-06-noun-1: das Bewerbungsgespräch","","","","","",""
"P0-98-original-1297-noun-target","b1-06-noun-2","B1","b1-06","Qualifikation","die","feminine","die Qualifikation","die Qualifikation","der Qualifikation","","Qualifikationen","","b1-lexical-grammar-v1","[registry/vocabulary] lexicalRegistry.b1-06-noun-2: die Qualifikation","","","","","",""
"P0-98-original-1297-noun-target","b1-06-noun-3","B1","b1-06","Stärke","die","feminine","die Stärke","die Stärke","der Stärke","","Stärken","","b1-lexical-grammar-v1","[registry/vocabulary] lexicalRegistry.b1-06-noun-3: die Stärke","[context/speaking] speaking.promptDe: Antworten Sie zwei Minuten nach STAR, erklären Sie eine Stärke und ein Entwicklungsfeld und stellen Sie zwei Rückfragen. || [context/writing] writing.promptDe: Schreiben Sie 170–200 Wörter: eine STAR-Antwort, eine belegte Stärke, ein Entwicklungsfeld mit Maßnahme und drei Rückfragen.","","","","",""
"P0-98-original-1297-noun-target","b1-06-noun-4","B1","b1-06","Arbeitgeber","der","masculine","der Arbeitgeber","den Arbeitgeber","dem Arbeitgeber","","Arbeitgeber","","b1-lexical-grammar-v1","[registry/vocabulary] lexicalRegistry.b1-06-noun-4: der Arbeitgeber","","","","","",""
"P0-98-original-1297-noun-target","b1-06-noun-5","B1","b1-06","Aufgabe","die","feminine","die Aufgabe","die Aufgabe","der Aufgabe","","Aufgaben","","b1-lexical-grammar-v1","[target/vocabulary] flashcards[1].frontDe: meine Aufgabe bestand darin … || [target/vocabulary] phrases[2].de: meine Aufgabe war … || [registry/vocabulary] lexicalRegistry.b1-06-noun-5: die Aufgabe","[context/listening] listening.transcriptDe: Interviewer: Erzählen Sie von einer Situation, in der die Zusammenarbeit schwierig war. — Bewerberin: In einem Projekt waren die Rollen zunächst unklar, und zwei Aufgaben wurden doppelt gemacht. Meine Aufgabe war, den A…","","","","",""
"P0-98-original-1297-noun-target","b1-06-noun-6","B1","b1-06","Ergebnis","das","neuter","das Ergebnis","das Ergebnis","dem Ergebnis","","Ergebnisse","","b1-lexical-grammar-v1","[target/vocabulary] flashcards[3].frontDe: das Ergebnis || [target/vocabulary] phrases[5].de: das Ergebnis war … || [registry/vocabulary] lexicalRegistry.b1-06-noun-6: das Ergebnis","[context/entry] entry.dialogue[4].de: Was war das Ergebnis?","","","","",""
"P0-98-original-1297-noun-target","b1-06-noun-7","B1","b1-06","Fehler","der","masculine","der Fehler","den Fehler","dem Fehler","","Fehler","","b1-lexical-grammar-v1","[target/vocabulary] phrases[10].de: aus einem Fehler lernen || [registry/vocabulary] lexicalRegistry.b1-06-noun-7: der Fehler","","","","","",""
"P0-98-original-1297-noun-target","b1-06-noun-8","B1","b1-06","Handlung","die","feminine","die Handlung","die Handlung","der Handlung","","Handlungen","","b1-lexical-grammar-v1","[target/vocabulary] flashcards[2].frontDe: eine Handlung || [registry/vocabulary] lexicalRegistry.b1-06-noun-8: die Handlung","","","","","",""
"P0-98-original-1297-noun-target","b1-06-noun-9","B1","b1-06","Herausforderung","die","feminine","die Herausforderung","die Herausforderung","der Herausforderung","","Herausforderungen","","b1-lexical-grammar-v1","[target/vocabulary] phrases[6].de: eine Herausforderung bewältigen || [registry/vocabulary] lexicalRegistry.b1-06-noun-9: die Herausforderung","","","","","",""
"P0-98-original-1297-noun-target","b1-06-noun-10","B1","b1-06","Situation","die","feminine","die Situation","die Situation","der Situation","","Situationen","","b1-lexical-grammar-v1","[target/vocabulary] flashcards[0].frontDe: eine konkrete Situation || [target/vocabulary] phrases[1].de: eine konkrete Situation || [registry/vocabulary] lexicalRegistry.b1-06-noun-10: die Situation","[context/entry] entry.dialogue[0].de: Nennen Sie bitte eine Situation, in der Sie ein Problem gelöst haben. || [context/vocabulary] flashcards[0].exampleDe: Ich beschreibe eine konkrete Situation. || [context/listening] listening.transcriptDe: Interviewer: Erzählen Sie von einer Situation, in der die Zusammenarbeit schwierig war. — Bewerberin: In einem Projekt waren die Rollen zunächst unklar, und zwei Aufgaben wurden doppelt gemacht. Meine Aufgabe war, den A…","","","","",""
"P0-98-original-1297-noun-target","b1-06-noun-11","B1","b1-06","Team","das","neuter","das Team","das Team","dem Team","","Teams","","b1-lexical-grammar-v1","[target/vocabulary] phrases[15].de: Wie ist das Team organisiert? || [registry/vocabulary] lexicalRegistry.b1-06-noun-11: das Team","[context/pronunciation] pronunciation.items[3].de: Ich INFORMIERTE das Team. || [context/reading] reading.textDe: In einem Bewerbungstraining beantworteten zwei Personen dieselbe Frage: „Wie gehen Sie mit Zeitdruck um?“ Die erste Person sagte nur, dass sie belastbar und organisiert sei. Die zweite Person beschrieb ein konkretes Bei… || [context/rule] theory[2].examples[1].de: Wie ist das Team organisiert?","","","","",""
"P0-98-original-1297-noun-target","b1-07-noun-1","B1","b1-07","Stadtleben","das","neuter","das Stadtleben","das Stadtleben","dem Stadtleben","","","","b1-lexical-grammar-v1","[target/vocabulary] flashcards[0].frontDe: das Stadtleben || [target/vocabulary] phrases[0].de: das Stadtleben || [registry/vocabulary] lexicalRegistry.b1-07-noun-1: das Stadtleben","[context/reading] reading.questions[2].options[0]: Weil sie nur das Stadtleben mochte und nichts anderes","","","","",""
"P0-98-original-1297-noun-target","b1-07-noun-2","B1","b1-07","Landleben","das","neuter","das Landleben","das Landleben","dem Landleben","","","","b1-lexical-grammar-v1","[target/vocabulary] flashcards[1].frontDe: das Landleben || [target/vocabulary] phrases[1].de: das Landleben || [registry/vocabulary] lexicalRegistry.b1-07-noun-2: das Landleben","","","","","",""
"P0-98-original-1297-noun-target","b1-07-noun-3","B1","b1-07","Infrastruktur","die","feminine","die Infrastruktur","die Infrastruktur","der Infrastruktur","","Infrastrukturen","","b1-lexical-grammar-v1","[target/vocabulary] phrases[3].de: die Infrastruktur || [registry/vocabulary] lexicalRegistry.b1-07-noun-3: die Infrastruktur","","","","","",""
"P0-98-original-1297-noun-target","b1-07-noun-4","B1","b1-07","Umgebung","die","feminine","die Umgebung","die Umgebung","der Umgebung","","Umgebungen","","b1-lexical-grammar-v1","[registry/vocabulary] lexicalRegistry.b1-07-noun-4: die Umgebung","","","","","",""
"P0-98-original-1297-noun-target","b1-07-noun-5","B1","b1-07","Angebot","das","neuter","das Angebot","das Angebot","dem Angebot","","Angebote","","b1-lexical-grammar-v1","[target/vocabulary] phrases[6].de: das kulturelle Angebot || [registry/vocabulary] lexicalRegistry.b1-07-noun-5: das Angebot","","","","","",""
"P0-98-original-1297-noun-target","b1-07-noun-6","B1","b1-07","Bahnanschluss","der","masculine","der Bahnanschluss","den Bahnanschluss","dem Bahnanschluss","","Bahnanschlüsse","","b1-lexical-grammar-v1","[target/reading] reading.glossary[5].lemma: Bahnanschluss || [registry/vocabulary] lexicalRegistry.b1-07-noun-6: der Bahnanschluss","[context/writing] writing.modelDe: Ob Stadt oder Land besser passt, hängt von der Lebensphase ab. In der Stadt sind Arbeitsplätze, Kultur und öffentlicher Verkehr leichter erreichbar, während das Land oft mehr Ruhe und Wohnraum bietet. Je weiter eine Woh…","","","","",""
"P0-98-original-1297-noun-target","b1-07-noun-7","B1","b1-07","Bedingung","die","feminine","die Bedingung","die Bedingung","der Bedingung","","Bedingungen","","b1-lexical-grammar-v1","[target/vocabulary] flashcards[8].frontDe: unter der Bedingung, dass … || [registry/vocabulary] lexicalRegistry.b1-07-noun-7: die Bedingung","[context/vocabulary] flashcards[8].exampleDe: Unter der Bedingung, dass Züge fahren … || [context/rule] theory[2].examples[1].de: Unter der Bedingung, dass der Zug regelmäßig fährt, würde ich aufs Land ziehen. || [context/writing] writing.modelDe: Ob Stadt oder Land besser passt, hängt von der Lebensphase ab. In der Stadt sind Arbeitsplätze, Kultur und öffentlicher Verkehr leichter erreichbar, während das Land oft mehr Ruhe und Wohnraum bietet. Je weiter eine Woh…","","","","",""
"P0-98-original-1297-noun-target","b1-07-noun-8","B1","b1-07","Großstadt","die","feminine","die Großstadt","die Großstadt","der Großstadt","","Großstädte","","b1-lexical-grammar-v1","[target/reading] reading.glossary[0].lemma: Großstadt || [registry/vocabulary] lexicalRegistry.b1-07-noun-8: die Großstadt","[context/reading] reading.textDe: Nach zehn Jahren in einer Großstadt zog Jana für ein Jahr in ein Dorf, weil sie ruhiger leben und von zu Hause arbeiten wollte. Die Miete war deutlich niedriger, und sie hatte einen Garten. Während sie die Natur und die…","","","","",""
"P0-98-original-1297-noun-target","b1-07-noun-9","B1","b1-07","Kompromiss","der","masculine","der Kompromiss","den Kompromiss","dem Kompromiss","","Kompromisse","","b1-lexical-grammar-v1","[target/reading] reading.glossary[4].lemma: Kompromiss || [registry/vocabulary] lexicalRegistry.b1-07-noun-9: der Kompromiss","[context/writing] writing.modelDe: Ob Stadt oder Land besser passt, hängt von der Lebensphase ab. In der Stadt sind Arbeitsplätze, Kultur und öffentlicher Verkehr leichter erreichbar, während das Land oft mehr Ruhe und Wohnraum bietet. Je weiter eine Woh…","","","","",""
"P0-98-original-1297-noun-target","b1-07-noun-10","B1","b1-07","Lebensphase","die","feminine","die Lebensphase","die Lebensphase","der Lebensphase","","Lebensphasen","","b1-lexical-grammar-v1","[target/vocabulary] flashcards[7].frontDe: von der Lebensphase abhängen || [target/vocabulary] phrases[14].de: von der Lebensphase abhängen || [target/reading] reading.glossary[7].lemma: Lebensphase || [registry/vocabulary] lexicalRegistry.b1-07-noun-10: die Lebensphase","[context/entry] entry.dialogue[4].de: Also hängt die Entscheidung von der Lebensphase ab. || [context/vocabulary] flashcards[7].exampleDe: Die Entscheidung hängt von der Lebensphase ab. || [context/reading] reading.textDe: Nach zehn Jahren in einer Großstadt zog Jana für ein Jahr in ein Dorf, weil sie ruhiger leben und von zu Hause arbeiten wollte. Die Miete war deutlich niedriger, und sie hatte einen Garten. Während sie die Natur und die…","","","","",""
"P0-98-original-1297-noun-target","b1-07-noun-11","B1","b1-07","Lebensqualität","die","feminine","die Lebensqualität","die Lebensqualität","der Lebensqualität","","Lebensqualitäten","","b1-lexical-grammar-v1","[target/vocabulary] flashcards[2].frontDe: die Lebensqualität || [target/vocabulary] phrases[2].de: die Lebensqualität || [registry/vocabulary] lexicalRegistry.b1-07-noun-11: die Lebensqualität","","","","","",""
"P0-98-original-1297-noun-target","b1-07-noun-12","B1","b1-07","Verkehr","der","masculine","der Verkehr","den Verkehr","dem Verkehr","","","","b1-lexical-grammar-v1","[target/vocabulary] phrases[4].de: der öffentliche Verkehr || [registry/vocabulary] lexicalRegistry.b1-07-noun-12: der Verkehr","[context/reading] reading.textDe: Nach zehn Jahren in einer Großstadt zog Jana für ein Jahr in ein Dorf, weil sie ruhiger leben und von zu Hause arbeiten wollte. Die Miete war deutlich niedriger, und sie hatte einen Garten. Während sie die Natur und die…","","","","",""
"P0-98-original-1297-noun-target","b1-07-noun-13","B1","b1-07","Verkehrsanbindung","die","feminine","die Verkehrsanbindung","die Verkehrsanbindung","der Verkehrsanbindung","","Verkehrsanbindungen","","b1-lexical-grammar-v1","[target/vocabulary] flashcards[3].frontDe: die Verkehrsanbindung || [registry/vocabulary] lexicalRegistry.b1-07-noun-13: die Verkehrsanbindung","[context/writing] writing.modelDe: Ob Stadt oder Land besser passt, hängt von der Lebensphase ab. In der Stadt sind Arbeitsplätze, Kultur und öffentlicher Verkehr leichter erreichbar, während das Land oft mehr Ruhe und Wohnraum bietet. Je weiter eine Woh…","","","","",""
"P0-98-original-1297-noun-target","b1-07-noun-14","B1","b1-07","Wohnkosten","die","plural-only","die Wohnkosten","die Wohnkosten","den Wohnkosten","","Wohnkosten","","b1-lexical-grammar-v1","[target/vocabulary] phrases[5].de: die Wohnkosten || [registry/vocabulary] lexicalRegistry.b1-07-noun-14: die Wohnkosten","","","","","",""
"P0-98-original-1297-noun-target","b1-08-noun-1","B1","b1-08","Mietvertrag","der","masculine","der Mietvertrag","den Mietvertrag","dem Mietvertrag","","Mietverträge","","b1-lexical-grammar-v1","[registry/vocabulary] lexicalRegistry.b1-08-noun-1: der Mietvertrag","","","","","",""
"P0-98-original-1297-noun-target","b1-08-noun-2","B1","b1-08","Mangel","der","masculine","der Mangel","den Mangel","dem Mangel","","Mängel","","b1-lexical-grammar-v1","[target/vocabulary] flashcards[0].frontDe: der Mangel || [target/vocabulary] phrases[0].de: der Mangel || [registry/vocabulary] lexicalRegistry.b1-08-noun-2: der Mangel","[context/vocabulary] flashcards[0].exampleDe: Ich melde einen Mangel. || [context/reading] reading.textDe: In Saras Wohnung fällt die Heizung innerhalb von zehn Tagen zum zweiten Mal aus. Beim ersten Mal meldete sie den Mangel telefonisch, und eine Firma reparierte ein Ventil. Drei Tage später wurde die Wohnung erneut kalt. … || [context/writing] writing.modelDe: Sehr geehrte Frau Berger, die Heizung in meiner Wohnung, die bereits letzte Woche repariert wurde, funktioniert seit Montag erneut nicht. Morgens lag die Temperatur zweimal bei 15 Grad. Fotos der Anzeige und eine Liste …","","","","",""
"P0-98-original-1297-noun-target","b1-08-noun-3","B1","b1-08","Vermieter","der","masculine","der Vermieter","den Vermieter","dem Vermieter","","Vermieter","","b1-lexical-grammar-v1","[registry/vocabulary] lexicalRegistry.b1-08-noun-3: der Vermieter","","","","","",""
"P0-98-original-1297-noun-target","b1-08-noun-4","B1","b1-08","Frist","die","feminine","die Frist","die Frist","der Frist","","Fristen","","b1-lexical-grammar-v1","[target/vocabulary] flashcards[4].frontDe: eine Frist setzen || [target/vocabulary] phrases[9].de: eine Frist setzen || [registry/vocabulary] lexicalRegistry.b1-08-noun-4: die Frist","[context/vocabulary] flashcards[4].exampleDe: Ich setze eine Frist bis Freitag.","","","","",""
"P0-98-original-1297-noun-target","b1-08-noun-5","B1","b1-08","Anzeige","die","feminine","die Anzeige","die Anzeige","der Anzeige","","Anzeigen","","b1-lexical-grammar-v1","[target/reading] reading.glossary[2].lemma: Anzeige || [registry/vocabulary] lexicalRegistry.b1-08-noun-5: die Anzeige","[context/reading] reading.textDe: In Saras Wohnung fällt die Heizung innerhalb von zehn Tagen zum zweiten Mal aus. Beim ersten Mal meldete sie den Mangel telefonisch, und eine Firma reparierte ein Ventil. Drei Tage später wurde die Wohnung erneut kalt. … || [context/writing] writing.modelDe: Sehr geehrte Frau Berger, die Heizung in meiner Wohnung, die bereits letzte Woche repariert wurde, funktioniert seit Montag erneut nicht. Morgens lag die Temperatur zweimal bei 15 Grad. Fotos der Anzeige und eine Liste …","","","","",""
"P0-98-original-1297-noun-target","b1-08-noun-6","B1","b1-08","Eingang","der","masculine","der Eingang","den Eingang","dem Eingang","","Eingänge","","b1-lexical-grammar-v1","[target/vocabulary] flashcards[9].frontDe: den Eingang bestätigen || [target/vocabulary] phrases[12].de: den Eingang bestätigen || [target/reading] reading.glossary[7].lemma: Eingang || [registry/vocabulary] lexicalRegistry.b1-08-noun-6: der Eingang","[context/vocabulary] flashcards[9].exampleDe: Bitte bestätigen Sie den Eingang. || [context/reading] reading.textDe: In Saras Wohnung fällt die Heizung innerhalb von zehn Tagen zum zweiten Mal aus. Beim ersten Mal meldete sie den Mangel telefonisch, und eine Firma reparierte ein Ventil. Drei Tage später wurde die Wohnung erneut kalt. … || [context/rule] theory[1].examples[5].de: Bitte bestätigen Sie den Eingang.","","","","",""
"P0-98-original-1297-noun-target","b1-08-noun-7","B1","b1-08","Fachbetrieb","der","masculine","der Fachbetrieb","den Fachbetrieb","dem Fachbetrieb","","Fachbetriebe","","b1-lexical-grammar-v1","[target/reading] reading.glossary[6].lemma: Fachbetrieb || [registry/vocabulary] lexicalRegistry.b1-08-noun-7: der Fachbetrieb","[context/reading] reading.textDe: In Saras Wohnung fällt die Heizung innerhalb von zehn Tagen zum zweiten Mal aus. Beim ersten Mal meldete sie den Mangel telefonisch, und eine Firma reparierte ein Ventil. Drei Tage später wurde die Wohnung erneut kalt. …","","","","",""
"P0-98-original-1297-noun-target","b1-08-noun-8","B1","b1-08","Firma","die","feminine","die Firma","die Firma","der Firma","","Firmen","","b1-lexical-grammar-v1","[target/vocabulary] flashcards[8].frontDe: die Firma, der … || [target/vocabulary] phrases[16].de: die Firma, der … || [registry/vocabulary] lexicalRegistry.b1-08-noun-8: die Firma","[context/entry] entry.dialogue[1].de: Hast du die Firma angerufen? || [context/test] miniTest[2].options[0]: die Firma, die ich schreibe || [context/test] miniTest[2].options[1]: die Firma, der ich schreibe","","","","",""
"P0-98-original-1297-noun-target","b1-08-noun-9","B1","b1-08","Forderung","die","feminine","die Forderung","die Forderung","der Forderung","","Forderungen","","b1-lexical-grammar-v1","[target/reading] reading.glossary[5].lemma: Forderung || [registry/vocabulary] lexicalRegistry.b1-08-noun-9: die Forderung","","","","","",""
"P0-98-original-1297-noun-target","b1-08-noun-10","B1","b1-08","Heizung","die","feminine","die Heizung","die Heizung","der Heizung","","Heizungen","","b1-lexical-grammar-v1","[target/vocabulary] phrases[1].de: die Heizung fällt aus || [target/vocabulary] phrases[14].de: die Heizung, die … || [registry/vocabulary] lexicalRegistry.b1-08-noun-10: die Heizung","[context/controlled] exercises[5].options[3]: Bitte lassen Sie die Heizung prüfen und teilen Sie mir bis Freitag einen Termin mit. || [context/pronunciation] pronunciation.items[5].de: die Heizung, DIE repariert wurde || [context/reading] reading.textDe: In Saras Wohnung fällt die Heizung innerhalb von zehn Tagen zum zweiten Mal aus. Beim ersten Mal meldete sie den Mangel telefonisch, und eine Firma reparierte ein Ventil. Drei Tage später wurde die Wohnung erneut kalt. …","","","","",""
"P0-98-original-1297-noun-target","b1-08-noun-11","B1","b1-08","Rechtsberatung","die","feminine","die Rechtsberatung","die Rechtsberatung","der Rechtsberatung","","Rechtsberatungen","","b1-lexical-grammar-v1","[target/vocabulary] phrases[17].de: keine Rechtsberatung || [registry/vocabulary] lexicalRegistry.b1-08-noun-11: die Rechtsberatung","","","","","",""
"P0-98-original-1297-noun-target","b1-08-noun-12","B1","b1-08","Schaden","der","masculine","der Schaden","den Schaden","dem Schaden","","Schäden","","b1-lexical-grammar-v1","[target/vocabulary] flashcards[1].frontDe: den Schaden dokumentieren || [target/vocabulary] phrases[5].de: den Schaden melden || [registry/vocabulary] lexicalRegistry.b1-08-noun-12: der Schaden","[context/vocabulary] flashcards[1].exampleDe: Bitte dokumentieren Sie den Schaden.","","","","",""
"P0-98-original-1297-noun-target","b1-08-noun-13","B1","b1-08","Techniker","der","masculine","der Techniker","den Techniker","dem Techniker","","Techniker","","b1-lexical-grammar-v1","[target/vocabulary] flashcards[6].frontDe: der Techniker, der … || [target/vocabulary] flashcards[7].frontDe: der Techniker, den … || [target/vocabulary] phrases[15].de: der Techniker, den … || [registry/vocabulary] lexicalRegistry.b1-08-noun-13: der Techniker","[context/test] miniTest[0].options[0]: der Techniker, den kommt || [context/test] miniTest[0].options[1]: der Techniker, der kommt || [context/test] miniTest[0].options[2]: der Techniker, dem kommt","","","","",""
"P0-98-original-1297-noun-target","b1-08-noun-14","B1","b1-08","Übergangslösung","die","feminine","die Übergangslösung","die Übergangslösung","der Übergangslösung","","Übergangslösungen","","b1-lexical-grammar-v1","[target/vocabulary] flashcards[5].frontDe: eine Übergangslösung || [target/vocabulary] phrases[11].de: eine Übergangslösung || [registry/vocabulary] lexicalRegistry.b1-08-noun-14: die Übergangslösung","[context/entry] entry.dialogue[4].de: Ich schreibe ihr jetzt mit Fotos und bitte um eine Übergangslösung. || [context/vocabulary] flashcards[5].exampleDe: Wir brauchen eine Übergangslösung. || [context/rule] theory[2].examples[2].de: Ich bitte um eine Übergangslösung.","","","","",""
"P0-98-original-1297-noun-target","b1-08-noun-15","B1","b1-08","Ventil","das","neuter","das Ventil","das Ventil","dem Ventil","","Ventile","","b1-lexical-grammar-v1","[target/reading] reading.glossary[1].lemma: Ventil || [registry/vocabulary] lexicalRegistry.b1-08-noun-15: das Ventil","[context/reading] reading.textDe: In Saras Wohnung fällt die Heizung innerhalb von zehn Tagen zum zweiten Mal aus. Beim ersten Mal meldete sie den Mangel telefonisch, und eine Firma reparierte ein Ventil. Drei Tage später wurde die Wohnung erneut kalt. …","","","","",""
"P0-98-original-1297-noun-target","b1-08-noun-16","B1","b1-08","Verlauf","der","masculine","der Verlauf","den Verlauf","dem Verlauf","","Verläufe","","b1-lexical-grammar-v1","[target/reading] reading.glossary[0].lemma: Verlauf || [registry/vocabulary] lexicalRegistry.b1-08-noun-16: der Verlauf","[context/reading] reading.textDe: In Saras Wohnung fällt die Heizung innerhalb von zehn Tagen zum zweiten Mal aus. Beim ersten Mal meldete sie den Mangel telefonisch, und eine Firma reparierte ein Ventil. Drei Tage später wurde die Wohnung erneut kalt. …","","","","",""
"P0-98-original-1297-noun-target","b1-08-noun-17","B1","b1-08","Wasserrohr","das","neuter","das Wasserrohr","das Wasserrohr","dem Wasserrohr","","Wasserrohre","","b1-lexical-grammar-v1","[target/vocabulary] phrases[2].de: ein Wasserrohr ist undicht || [registry/vocabulary] lexicalRegistry.b1-08-noun-17: das Wasserrohr","","","","","",""
"P0-98-original-1297-noun-target","b1-09-noun-1","B1","b1-09","Stadtentwicklung","die","feminine","die Stadtentwicklung","die Stadtentwicklung","der Stadtentwicklung","","","","b1-lexical-grammar-v1","[target/vocabulary] flashcards[0].frontDe: die Stadtentwicklung || [target/vocabulary] phrases[0].de: die Stadtentwicklung || [registry/vocabulary] lexicalRegistry.b1-09-noun-1: die Stadtentwicklung","","","","","",""
"P0-98-original-1297-noun-target","b1-09-noun-2","B1","b1-09","Bauprojekt","das","neuter","das Bauprojekt","das Bauprojekt","dem Bauprojekt","","Bauprojekte","","b1-lexical-grammar-v1","[registry/vocabulary] lexicalRegistry.b1-09-noun-2: das Bauprojekt","","","","","",""
"P0-98-original-1297-noun-target","b1-09-noun-3","B1","b1-09","Bürger","der","masculine","der Bürger","den Bürger","dem Bürger","","Bürger","","b1-lexical-grammar-v1","[registry/vocabulary] lexicalRegistry.b1-09-noun-3: der Bürger","","","","","",""
"P0-98-original-1297-noun-target","b1-09-noun-4","B1","b1-09","Beteiligung","die","feminine","die Beteiligung","die Beteiligung","der Beteiligung","","Beteiligungen","","b1-lexical-grammar-v1","[registry/vocabulary] lexicalRegistry.b1-09-noun-4: die Beteiligung","","","","","",""
"P0-98-original-1297-noun-target","b1-09-noun-5","B1","b1-09","Barrierefreiheit","die","feminine","die Barrierefreiheit","die Barrierefreiheit","der Barrierefreiheit","","","","b1-lexical-grammar-v1","[target/vocabulary] flashcards[3].frontDe: die Barrierefreiheit || [target/vocabulary] phrases[5].de: die Barrierefreiheit || [registry/vocabulary] lexicalRegistry.b1-09-noun-5: die Barrierefreiheit","","","","","",""
"P0-98-original-1297-noun-target","b1-09-noun-6","B1","b1-09","Einzelhandel","der","masculine","der Einzelhandel","den Einzelhandel","dem Einzelhandel","","","","b1-lexical-grammar-v1","[target/vocabulary] phrases[7].de: der Einzelhandel || [registry/vocabulary] lexicalRegistry.b1-09-noun-6: der Einzelhandel","","","","","",""
"P0-98-original-1297-noun-target","b1-09-noun-7","B1","b1-09","Grünfläche","die","feminine","die Grünfläche","die Grünfläche","der Grünfläche","","Grünflächen","","b1-lexical-grammar-v1","[target/vocabulary] phrases[4].de: die Grünfläche || [registry/vocabulary] lexicalRegistry.b1-09-noun-7: die Grünfläche","[context/listening] listening.transcriptDe: Moderatorin: Die Stadt möchte einen Parkplatz teilweise in eine Grünfläche umwandeln. Welche Bedürfnisse gibt es? — Bewohner: Wir brauchen Bäume und Sitzplätze, weil es im Sommer sehr heiß wird. — Geschäftsinhaberin: Gl…","","","","",""
"P0-98-original-1297-noun-target","b1-09-noun-8","B1","b1-09","Kundenfrequenz","die","feminine","die Kundenfrequenz","die Kundenfrequenz","der Kundenfrequenz","","Kundenfrequenzen","","b1-lexical-grammar-v1","[target/reading] reading.glossary[4].lemma: Kundenfrequenz || [registry/vocabulary] lexicalRegistry.b1-09-noun-8: die Kundenfrequenz","","","","","",""
"P0-98-original-1297-noun-target","b1-09-noun-9","B1","b1-09","Lärmbelastung","die","feminine","die Lärmbelastung","die Lärmbelastung","der Lärmbelastung","","Lärmbelastungen","","b1-lexical-grammar-v1","[target/vocabulary] phrases[6].de: die Lärmbelastung || [registry/vocabulary] lexicalRegistry.b1-09-noun-9: die Lärmbelastung","","","","","",""
"P0-98-original-1297-noun-target","b1-09-noun-10","B1","b1-09","Lieferfläche","die","feminine","die Lieferfläche","die Lieferfläche","der Lieferfläche","","Lieferflächen","","b1-lexical-grammar-v1","[target/reading] reading.glossary[1].lemma: Lieferfläche || [registry/vocabulary] lexicalRegistry.b1-09-noun-10: die Lieferfläche","","","","","",""
"P0-98-original-1297-noun-target","b1-09-noun-11","B1","b1-09","Maßnahme","die","feminine","die Maßnahme","die Maßnahme","der Maßnahme","","Maßnahmen","","b1-lexical-grammar-v1","[target/vocabulary] flashcards[9].frontDe: eine Maßnahme anpassen || [target/vocabulary] phrases[17].de: eine Maßnahme anpassen || [registry/vocabulary] lexicalRegistry.b1-09-noun-11: die Maßnahme","[context/vocabulary] flashcards[9].exampleDe: Bei Problemen wird die Maßnahme angepasst. || [context/rule] theory[2].examples[5].de: Bei Problemen wird die Maßnahme angepasst.","","","","",""
"P0-98-original-1297-noun-target","b1-09-noun-12","B1","b1-09","Nebenwirkung","die","feminine","die Nebenwirkung","die Nebenwirkung","der Nebenwirkung","","Nebenwirkungen","","b1-lexical-grammar-v1","[target/reading] reading.glossary[7].lemma: Nebenwirkung || [registry/vocabulary] lexicalRegistry.b1-09-noun-12: die Nebenwirkung","","","","","",""
"P0-98-original-1297-noun-target","b1-09-noun-13","B1","b1-09","Pilotprojekt","das","neuter","das Pilotprojekt","das Pilotprojekt","dem Pilotprojekt","","Pilotprojekte","","b1-lexical-grammar-v1","[target/vocabulary] flashcards[7].frontDe: ein Pilotprojekt || [target/vocabulary] phrases[14].de: ein Pilotprojekt durchführen || [registry/vocabulary] lexicalRegistry.b1-09-noun-13: das Pilotprojekt","","","","","",""
"P0-98-original-1297-noun-target","b1-09-noun-14","B1","b1-09","Radweg","der","masculine","der Radweg","den Radweg","dem Radweg","","Radwege","","b1-lexical-grammar-v1","[target/vocabulary] phrases[3].de: der Radweg || [registry/vocabulary] lexicalRegistry.b1-09-noun-14: der Radweg","[context/discover] discovery.examples[0]: Wir erhöhen die Sicherheit, indem wir den Radweg schützen. || [context/entry] entry.dialogue[0].de: Wir können die Sicherheit erhöhen, indem wir einen geschützten Radweg testen. || [context/controlled] exercises[0].options[0]: Wir erhöhen, indem schützen wir den Radweg.","","","","",""
"P0-98-original-1297-noun-target","b1-09-noun-15","B1","b1-09","Raum","der","masculine","der Raum","den Raum","dem Raum","","Räume","","b1-lexical-grammar-v1","[target/vocabulary] flashcards[1].frontDe: der öffentliche Raum || [target/vocabulary] phrases[1].de: der öffentliche Raum || [registry/vocabulary] lexicalRegistry.b1-09-noun-15: der Raum","[context/vocabulary] flashcards[1].exampleDe: Wie nutzen wir den öffentlichen Raum?","","","","",""
"P0-98-original-1297-noun-target","b1-09-noun-16","B1","b1-09","Verkehrssicherheit","die","feminine","die Verkehrssicherheit","die Verkehrssicherheit","der Verkehrssicherheit","","","","b1-lexical-grammar-v1","[target/vocabulary] flashcards[2].frontDe: die Verkehrssicherheit || [target/vocabulary] phrases[2].de: die Verkehrssicherheit || [registry/vocabulary] lexicalRegistry.b1-09-noun-16: die Verkehrssicherheit","","","","","",""
"P0-98-original-1297-noun-target","b1-10-noun-1","B1","b1-10","Konsum","der","masculine","der Konsum","den Konsum","dem Konsum","","","","b1-lexical-grammar-v1","[registry/vocabulary] lexicalRegistry.b1-10-noun-1: der Konsum","","","","","",""
"P0-98-original-1297-noun-target","b1-10-noun-2","B1","b1-10","Produkt","das","neuter","das Produkt","das Produkt","dem Produkt","","Produkte","","b1-lexical-grammar-v1","[registry/vocabulary] lexicalRegistry.b1-10-noun-2: das Produkt","[context/reading] reading.questions[2].options[0]: Es kauft immer das teuerste Produkt. || [context/rule] theory[2].examples[0].de: Brauche ich das Produkt wirklich?","","","","",""
"P0-98-original-1297-noun-target","b1-10-noun-3","B1","b1-10","Verpackung","die","feminine","die Verpackung","die Verpackung","der Verpackung","","Verpackungen","","b1-lexical-grammar-v1","[registry/vocabulary] lexicalRegistry.b1-10-noun-3: die Verpackung","","","","","",""
"P0-98-original-1297-noun-target","b1-10-noun-4","B1","b1-10","Gewohnheit","die","feminine","die Gewohnheit","die Gewohnheit","der Gewohnheit","","Gewohnheiten","","b1-lexical-grammar-v1","[registry/vocabulary] lexicalRegistry.b1-10-noun-4: die Gewohnheit","","","","","",""
"P0-98-original-1297-noun-target","b1-10-noun-5","B1","b1-10","Anschaffung","die","feminine","die Anschaffung","die Anschaffung","der Anschaffung","","Anschaffungen","","b1-lexical-grammar-v1","[target/reading] reading.glossary[4].lemma: Anschaffung || [registry/vocabulary] lexicalRegistry.b1-10-noun-5: die Anschaffung","","","","","",""
"P0-98-original-1297-noun-target","b1-10-noun-6","B1","b1-10","Entscheidung","die","feminine","die Entscheidung","die Entscheidung","der Entscheidung","","Entscheidungen","","b1-lexical-grammar-v1","[target/vocabulary] phrases[17].de: eine informierte Entscheidung || [registry/vocabulary] lexicalRegistry.b1-10-noun-6: die Entscheidung","[context/writing] writing.modelDe: Mein vier Jahre alter Laptop funktioniert noch, wird aber langsam. Statt sofort ein neues Gerät zu kaufen, möchte ich zuerst die Ursache prüfen lassen. Ich vergleiche drei Optionen: Akku austauschen, Speicher erweitern …","","","","",""
"P0-98-original-1297-noun-target","b1-10-noun-7","B1","b1-10","Garantie","die","feminine","die Garantie","die Garantie","der Garantie","","Garantien","","b1-lexical-grammar-v1","[target/vocabulary] phrases[8].de: eine Garantie prüfen || [registry/vocabulary] lexicalRegistry.b1-10-noun-7: die Garantie","[context/discover] discovery.examples[1]: Sie bestellt, ohne die Garantie zu prüfen. || [context/controlled] exercises[3].acceptedAnswers[0]: Ohne die Garantie zu prüfen, kauft er das Gerät || [context/controlled] exercises[3].sentence: Ohne zu die Garantie prüfen, kauft er das Gerät.","","","","",""
"P0-98-original-1297-noun-target","b1-10-noun-8","B1","b1-10","Gesamtpreis","der","masculine","der Gesamtpreis","den Gesamtpreis","dem Gesamtpreis","","Gesamtpreise","","b1-lexical-grammar-v1","[target/vocabulary] flashcards[3].frontDe: der Gesamtpreis || [target/vocabulary] phrases[4].de: der Gesamtpreis || [registry/vocabulary] lexicalRegistry.b1-10-noun-8: der Gesamtpreis","","","","","",""
"P0-98-original-1297-noun-target","b1-10-noun-9","B1","b1-10","Kaufentscheidung","die","feminine","die Kaufentscheidung","die Kaufentscheidung","der Kaufentscheidung","","Kaufentscheidungen","","b1-lexical-grammar-v1","[target/vocabulary] flashcards[0].frontDe: die Kaufentscheidung || [target/vocabulary] phrases[0].de: eine Kaufentscheidung || [registry/vocabulary] lexicalRegistry.b1-10-noun-9: die Kaufentscheidung","[context/vocabulary] flashcards[0].exampleDe: Ich prüfe die Kaufentscheidung.","","","","",""
"P0-98-original-1297-noun-target","b1-10-noun-10","B1","b1-10","Lebensdauer","die","feminine","die Lebensdauer","die Lebensdauer","der Lebensdauer","","Lebensdauern","","b1-lexical-grammar-v1","[target/vocabulary] flashcards[1].frontDe: die Lebensdauer || [target/vocabulary] phrases[2].de: die Lebensdauer || [registry/vocabulary] lexicalRegistry.b1-10-noun-10: die Lebensdauer","[context/vocabulary] flashcards[1].exampleDe: Wie lang ist die Lebensdauer?","","","","",""
"P0-98-original-1297-noun-target","b1-10-noun-11","B1","b1-10","Lebenszyklus","der","masculine","der Lebenszyklus","den Lebenszyklus","dem Lebenszyklus","","Lebenszyklen","","b1-lexical-grammar-v1","[target/reading] reading.glossary[5].lemma: Lebenszyklus || [registry/vocabulary] lexicalRegistry.b1-10-noun-11: der Lebenszyklus","[context/reading] reading.questions[2].options[2]: Es prüft den Lebenszyklus größerer Käufe.","","","","",""
"P0-98-original-1297-noun-target","b1-10-noun-12","B1","b1-10","Patrone","die","feminine","die Patrone","die Patrone","der Patrone","","Patronen","","b1-lexical-grammar-v1","[target/reading] reading.glossary[0].lemma: Patrone || [registry/vocabulary] lexicalRegistry.b1-10-noun-12: die Patrone","[context/reading] reading.textDe: Ein kleines Büro brauchte einen neuen Drucker. Zuerst wollte das Team das günstigste Modell kaufen, weil es 80 Euro weniger kostete. Eine Mitarbeiterin schlug jedoch vor, die Gesamtkosten für drei Jahre zu vergleichen. …","","","","",""
"P0-98-original-1297-noun-target","b1-10-noun-13","B1","b1-10","Reparaturkosten","die","plural-only","die Reparaturkosten","die Reparaturkosten","den Reparaturkosten","","Reparaturkosten","","b1-lexical-grammar-v1","[target/vocabulary] flashcards[2].frontDe: die Reparaturkosten || [target/vocabulary] phrases[3].de: die Reparaturkosten || [registry/vocabulary] lexicalRegistry.b1-10-noun-13: die Reparaturkosten","","","","","",""
"P0-98-original-1297-noun-target","b1-10-noun-14","B1","b1-10","Wartung","die","feminine","die Wartung","die Wartung","der Wartung","","Wartungen","","b1-lexical-grammar-v1","[target/reading] reading.glossary[3].lemma: Wartung || [registry/vocabulary] lexicalRegistry.b1-10-noun-14: die Wartung","","","","","",""
"P0-98-original-1297-noun-target","b1-10-noun-15","B1","b1-10","Werbeaussage","die","feminine","die Werbeaussage","die Werbeaussage","der Werbeaussage","","Werbeaussagen","","b1-lexical-grammar-v1","[target/reading] reading.glossary[6].lemma: Werbeaussage || [registry/vocabulary] lexicalRegistry.b1-10-noun-15: die Werbeaussage","","","","","",""
"P0-98-original-1297-noun-target","b1-11-noun-1","B1","b1-11","Mobilität","die","feminine","die Mobilität","die Mobilität","der Mobilität","","","","b1-lexical-grammar-v1","[registry/vocabulary] lexicalRegistry.b1-11-noun-1: die Mobilität","","","","","",""
"P0-98-original-1297-noun-target","b1-11-noun-2","B1","b1-11","Verkehr","der","masculine","der Verkehr","den Verkehr","dem Verkehr","","","","b1-lexical-grammar-v1","[registry/vocabulary] lexicalRegistry.b1-11-noun-2: der Verkehr","","","","","",""
"P0-98-original-1297-noun-target","b1-11-noun-3","B1","b1-11","Verbindung","die","feminine","die Verbindung","die Verbindung","der Verbindung","","Verbindungen","","b1-lexical-grammar-v1","[registry/vocabulary] lexicalRegistry.b1-11-noun-3: die Verbindung","","","","","",""
"P0-98-original-1297-noun-target","b1-11-noun-4","B1","b1-11","Strecke","die","feminine","die Strecke","die Strecke","der Strecke","","Strecken","","b1-lexical-grammar-v1","[registry/vocabulary] lexicalRegistry.b1-11-noun-4: die Strecke","","","","","",""
"P0-98-original-1297-noun-target","b1-11-noun-5","B1","b1-11","Arbeitsweg","der","masculine","der Arbeitsweg","den Arbeitsweg","dem Arbeitsweg","","Arbeitswege","","b1-lexical-grammar-v1","[target/vocabulary] flashcards[1].frontDe: der Arbeitsweg || [target/vocabulary] phrases[1].de: der Arbeitsweg || [registry/vocabulary] lexicalRegistry.b1-11-noun-5: der Arbeitsweg","","","","","",""
"P0-98-original-1297-noun-target","b1-11-noun-6","B1","b1-11","Autonutzung","die","feminine","die Autonutzung","die Autonutzung","der Autonutzung","","","","b1-lexical-grammar-v1","[target/reading] reading.glossary[4].lemma: Autonutzung || [registry/vocabulary] lexicalRegistry.b1-11-noun-6: die Autonutzung","[context/reading] reading.questions[0].promptDe: Wie sank die Autonutzung hauptsächlich?","","","","",""
"P0-98-original-1297-noun-target","b1-11-noun-7","B1","b1-11","Durchschnitt","der","masculine","der Durchschnitt","den Durchschnitt","dem Durchschnitt","","Durchschnitte","","b1-lexical-grammar-v1","[target/reading] reading.glossary[5].lemma: Durchschnitt || [registry/vocabulary] lexicalRegistry.b1-11-noun-7: der Durchschnitt","[context/listening] listening.questions[1].promptDe: Warum reicht der Durchschnitt nicht? || [context/listening] listening.transcriptDe: Projektleiterin: Unsere Testwoche zeigt, dass die durchschnittliche Fahrtzeit um acht Minuten gesunken ist. — Mitarbeiter: Gilt das für alle Gruppen? — Projektleiterin: Nein. Personen mit direkter Bahnverbindung sparen … || [context/test] miniTest[3].options[0]: Nur der Durchschnitt","","","","",""
"P0-98-original-1297-noun-target","b1-11-noun-8","B1","b1-11","Fahrgemeinschaft","die","feminine","die Fahrgemeinschaft","die Fahrgemeinschaft","der Fahrgemeinschaft","","Fahrgemeinschaften","","b1-lexical-grammar-v1","[target/vocabulary] flashcards[2].frontDe: die Fahrgemeinschaft || [target/vocabulary] phrases[2].de: die Fahrgemeinschaft || [registry/vocabulary] lexicalRegistry.b1-11-noun-8: die Fahrgemeinschaft","[context/vocabulary] flashcards[2].exampleDe: Wir bilden eine Fahrgemeinschaft.","","","","",""
"P0-98-original-1297-noun-target","b1-11-noun-9","B1","b1-11","Jobticket","das","neuter","das Jobticket","das Jobticket","dem Jobticket","","Jobtickets","","b1-lexical-grammar-v1","[target/vocabulary] flashcards[3].frontDe: das Jobticket || [target/vocabulary] phrases[3].de: das Jobticket || [registry/vocabulary] lexicalRegistry.b1-11-noun-9: das Jobticket","[context/vocabulary] flashcards[3].exampleDe: Die Firma bietet ein Jobticket. || [context/reading] reading.textDe: Ein Unternehmen startete einen vierwöchigen Mobilitätsversuch. Die Beschäftigten sollten nicht alle dasselbe Verkehrsmittel nutzen, sondern eine passende Alternative testen. Für kurze Wege wurden sichere Fahrradplätze e… || [context/writing] writing.modelDe: Unser Unternehmen hat vier Wochen lang verschiedene Mobilitätsangebote getestet. Ziel war, Autonutzung, Kosten und Stress zu reduzieren. Für kurze Wege gab es sichere Fahrradplätze, für längere Wege Jobtickets und für e…","","","","",""
"P0-98-original-1297-noun-target","b1-11-noun-10","B1","b1-11","Mobilitätseinschränkung","die","feminine","die Mobilitätseinschränkung","die Mobilitätseinschränkung","der Mobilitätseinschränkung","","Mobilitätseinschränkungen","","b1-lexical-grammar-v1","[target/reading] reading.glossary[6].lemma: Mobilitätseinschränkung || [registry/vocabulary] lexicalRegistry.b1-11-noun-10: die Mobilitätseinschränkung","","","","","",""
"P0-98-original-1297-noun-target","b1-11-noun-11","B1","b1-11","Testwoche","die","feminine","die Testwoche","die Testwoche","der Testwoche","","Testwochen","","b1-lexical-grammar-v1","[target/vocabulary] phrases[14].de: eine Testwoche || [registry/vocabulary] lexicalRegistry.b1-11-noun-11: die Testwoche","","","","","",""
"P0-98-original-1297-noun-target","b1-11-noun-12","B1","b1-11","Zuverlässigkeit","die","feminine","die Zuverlässigkeit","die Zuverlässigkeit","der Zuverlässigkeit","","","","b1-lexical-grammar-v1","[target/reading] reading.glossary[3].lemma: Zuverlässigkeit || [registry/vocabulary] lexicalRegistry.b1-11-noun-12: die Zuverlässigkeit","[context/vocabulary] flashcards[6].exampleDe: Wir messen die Zuverlässigkeit.","","","","",""
"P0-98-original-1297-noun-target","b1-12-noun-1","B1","b1-12","Initiative","die","feminine","die Initiative","die Initiative","der Initiative","","Initiativen","","b1-lexical-grammar-v1","[target/vocabulary] flashcards[0].frontDe: eine Initiative gründen || [target/vocabulary] phrases[0].de: eine Initiative gründen || [registry/vocabulary] lexicalRegistry.b1-12-noun-1: die Initiative","[context/vocabulary] flashcards[0].exampleDe: Wir gründen eine Initiative. || [context/reading] reading.questions[2].promptDe: Was ändert die Initiative beim nächsten Mal?","","","","",""
"P0-98-original-1297-noun-target","b1-12-noun-2","B1","b1-12","Maßnahme","die","feminine","die Maßnahme","die Maßnahme","der Maßnahme","","Maßnahmen","","b1-lexical-grammar-v1","[registry/vocabulary] lexicalRegistry.b1-12-noun-2: die Maßnahme","","","","","",""
"P0-98-original-1297-noun-target","b1-12-noun-3","B1","b1-12","Mitglied","das","neuter","das Mitglied","das Mitglied","dem Mitglied","","Mitglieder","","b1-lexical-grammar-v1","[registry/vocabulary] lexicalRegistry.b1-12-noun-3: das Mitglied","","","","","",""
"P0-98-original-1297-noun-target","b1-12-noun-4","B1","b1-12","Finanzierung","die","feminine","die Finanzierung","die Finanzierung","der Finanzierung","","Finanzierungen","","b1-lexical-grammar-v1","[registry/vocabulary] lexicalRegistry.b1-12-noun-4: die Finanzierung","","","","","",""
"P0-98-original-1297-noun-target","b1-12-noun-5","B1","b1-12","Abtransport","der","masculine","der Abtransport","den Abtransport","dem Abtransport","","Abtransporte","","b1-lexical-grammar-v1","[target/reading] reading.glossary[6].lemma: Abtransport || [registry/vocabulary] lexicalRegistry.b1-12-noun-5: der Abtransport","[context/reading] reading.questions[2].options[3]: Sie begrenzt die Menge und plant den Abtransport. || [context/reading] reading.textDe: Eine Nachbarschaftsinitiative wollte verhindern, dass gut erhaltene Gegenstände im Müll landen. Ihr Ziel war, bei einem Tauschmarkt mindestens 150 Dinge weiterzugeben. Vor der Veranstaltung wurden Kategorien, Annahmereg…","","","","",""
"P0-98-original-1297-noun-target","b1-12-noun-6","B1","b1-12","Alternative","die","feminine","die Alternative","die Alternative","der Alternative","","Alternativen","","b1-lexical-grammar-v1","[target/vocabulary] flashcards[7].frontDe: eine Alternative vorbereiten || [target/vocabulary] phrases[13].de: eine Alternative vorbereiten || [registry/vocabulary] lexicalRegistry.b1-12-noun-6: die Alternative","[context/vocabulary] flashcards[7].exampleDe: Für den Raum gibt es eine Alternative.","","","","",""
"P0-98-original-1297-noun-target","b1-12-noun-7","B1","b1-12","Annahmeregel","die","feminine","die Annahmeregel","die Annahmeregel","der Annahmeregel","","Annahmeregeln","","b1-lexical-grammar-v1","[target/reading] reading.glossary[2].lemma: Annahmeregel || [registry/vocabulary] lexicalRegistry.b1-12-noun-7: die Annahmeregel","","","","","",""
"P0-98-original-1297-noun-target","b1-12-noun-8","B1","b1-12","Besitzer","der","masculine","der Besitzer","den Besitzer","dem Besitzer","","Besitzer","","b1-lexical-grammar-v1","[target/reading] reading.glossary[4].lemma: Besitzer || [registry/vocabulary] lexicalRegistry.b1-12-noun-8: der Besitzer","[context/reading] reading.textDe: Eine Nachbarschaftsinitiative wollte verhindern, dass gut erhaltene Gegenstände im Müll landen. Ihr Ziel war, bei einem Tauschmarkt mindestens 150 Dinge weiterzugeben. Vor der Veranstaltung wurden Kategorien, Annahmereg…","","","","",""
"P0-98-original-1297-noun-target","b1-12-noun-9","B1","b1-12","Bilanz","die","feminine","die Bilanz","die Bilanz","der Bilanz","","Bilanzen","","b1-lexical-grammar-v1","[target/vocabulary] flashcards[9].frontDe: eine ehrliche Bilanz || [target/reading] reading.glossary[0].lemma: Bilanz || [registry/vocabulary] lexicalRegistry.b1-12-noun-9: die Bilanz","[context/vocabulary] flashcards[9].exampleDe: Der Bericht zeigt eine ehrliche Bilanz. || [context/reading] reading.textDe: Eine Nachbarschaftsinitiative wollte verhindern, dass gut erhaltene Gegenstände im Müll landen. Ihr Ziel war, bei einem Tauschmarkt mindestens 150 Dinge weiterzugeben. Vor der Veranstaltung wurden Kategorien, Annahmereg… || [context/writing] writing.modelDe: Unsere Initiative möchte verhindern, dass gut erhaltene Haushaltsgegenstände weggeworfen werden. Zielgruppe sind Bewohnerinnen und Bewohner des Viertels. Unser messbares Ziel ist, an einem Samstag mindestens 150 Gegenst…","","","","",""
"P0-98-original-1297-noun-target","b1-12-noun-10","B1","b1-12","Grenze","die","feminine","die Grenze","die Grenze","der Grenze","","Grenzen","","b1-lexical-grammar-v1","[target/reading] reading.glossary[7].lemma: Grenze || [registry/vocabulary] lexicalRegistry.b1-12-noun-10: die Grenze","","","","","",""
"P0-98-original-1297-noun-target","b1-12-noun-11","B1","b1-12","Problem","das","neuter","das Problem","das Problem","dem Problem","","Probleme","","b1-lexical-grammar-v1","[target/vocabulary] phrases[1].de: ein Problem definieren || [registry/vocabulary] lexicalRegistry.b1-12-noun-11: das Problem","","","","","",""
"P0-98-original-1297-noun-target","b1-12-noun-12","B1","b1-12","Projekt","das","neuter","das Projekt","das Projekt","dem Projekt","","Projekte","","b1-lexical-grammar-v1","[target/vocabulary] flashcards[8].frontDe: das Projekt auswerten || [target/vocabulary] phrases[17].de: das Projekt auswerten || [registry/vocabulary] lexicalRegistry.b1-12-noun-12: das Projekt","[context/controlled] exercises[6].template: Nach dem Projekt werden die Ergebnisse ___. || [context/vocabulary] flashcards[8].exampleDe: Am Montag werten wir das Projekt aus. || [context/rule] theory[2].examples[5].de: Am Montag wird das Projekt ausgewertet.","","","","",""
"P0-98-original-1297-noun-target","b1-12-noun-13","B1","b1-12","Raum","der","masculine","der Raum","den Raum","dem Raum","","Räume","","b1-lexical-grammar-v1","[target/vocabulary] phrases[12].de: falls der Raum nicht frei ist || [registry/vocabulary] lexicalRegistry.b1-12-noun-13: der Raum","[context/controlled] exercises[2].acceptedAnswers[0]: Falls der Raum nicht frei ist, verschieben wir den Termin || [context/controlled] exercises[2].acceptedAnswers[1]: Wir verschieben den Termin, falls der Raum nicht frei ist || [context/controlled] exercises[2].words[0]: Falls der Raum","","","","",""
"P0-98-original-1297-noun-target","b1-12-noun-14","B1","b1-12","Schicht","die","feminine","die Schicht","die Schicht","der Schicht","","Schichten","","b1-lexical-grammar-v1","[target/reading] reading.glossary[3].lemma: Schicht || [registry/vocabulary] lexicalRegistry.b1-12-noun-14: die Schicht","","","","","",""
"P0-98-original-1297-noun-target","b1-12-noun-15","B1","b1-12","Ziel","das","neuter","das Ziel","das Ziel","dem Ziel","","Ziele","","b1-lexical-grammar-v1","[target/vocabulary] flashcards[2].frontDe: ein messbares Ziel || [target/vocabulary] phrases[3].de: ein messbares Ziel setzen || [registry/vocabulary] lexicalRegistry.b1-12-noun-15: das Ziel","[context/reading] reading.questions[0].promptDe: Wurde das Ziel von 150 Dingen erreicht?","","","","",""
"P0-98-original-1297-noun-target","b1-12-noun-16","B1","b1-12","Zielgruppe","die","feminine","die Zielgruppe","die Zielgruppe","der Zielgruppe","","Zielgruppen","","b1-lexical-grammar-v1","[target/vocabulary] flashcards[1].frontDe: eine Zielgruppe bestimmen || [target/vocabulary] phrases[2].de: eine Zielgruppe bestimmen || [registry/vocabulary] lexicalRegistry.b1-12-noun-16: die Zielgruppe","[context/entry] entry.dialogue[1].de: Wer ist die Zielgruppe, und wie messen wir den Erfolg? || [context/listening] listening.transcriptDe: Koordinatorin: Unser Ziel ist, in einer Woche mindestens 60 kleine Geräte zu prüfen und 30 davon zu reparieren. — Ben: Wer ist die Zielgruppe? — Koordinatorin: Bewohner des Viertels, besonders Personen, die sich eine Re…","","","","",""
"P0-98-original-1297-noun-target","b1-13-noun-1","B1","b1-13","Lernweg","der","masculine","der Lernweg","den Lernweg","dem Lernweg","","Lernwege","","b1-lexical-grammar-v1","[target/vocabulary] flashcards[0].frontDe: der Lernweg || [target/vocabulary] phrases[0].de: der Lernweg || [registry/vocabulary] lexicalRegistry.b1-13-noun-1: der Lernweg","","","","","",""
"P0-98-original-1297-noun-target","b1-13-noun-2","B1","b1-13","Strategie","die","feminine","die Strategie","die Strategie","der Strategie","","Strategien","","b1-lexical-grammar-v1","[target/vocabulary] phrases[12].de: eine Strategie anpassen || [registry/vocabulary] lexicalRegistry.b1-13-noun-2: die Strategie","[context/writing] writing.modelDe: Am Anfang lernte ich vor allem Regeln und Wortlisten. Beim Lesen erkannte ich viele Formen, aber beim Sprechen konnte ich sie kaum aktiv benutzen. Vor drei Monaten änderte ich meine Strategie. Durch regelmäßige Aufnahme…","","","","",""
"P0-98-original-1297-noun-target","b1-13-noun-3","B1","b1-13","Fortschritt","der","masculine","der Fortschritt","den Fortschritt","dem Fortschritt","","Fortschritte","","b1-lexical-grammar-v1","[registry/vocabulary] lexicalRegistry.b1-13-noun-3: der Fortschritt","[context/controlled] exercises[6].template: ___ erkennst du den Fortschritt? || [context/reading] reading.questions[2].options[0]: Es gab keinen Fortschritt.","","","","",""
"P0-98-original-1297-noun-target","b1-13-noun-4","B1","b1-13","Hindernis","das","neuter","das Hindernis","das Hindernis","dem Hindernis","","Hindernisse","","b1-lexical-grammar-v1","[registry/vocabulary] lexicalRegistry.b1-13-noun-4: das Hindernis","","","","","",""
"P0-98-original-1297-noun-target","b1-13-noun-5","B1","b1-13","Aufnahme","die","feminine","die Aufnahme","die Aufnahme","der Aufnahme","","Aufnahmen","","b1-lexical-grammar-v1","[target/vocabulary] flashcards[6].frontDe: eine Aufnahme vergleichen || [target/vocabulary] phrases[9].de: eine Aufnahme vergleichen || [registry/vocabulary] lexicalRegistry.b1-13-noun-5: die Aufnahme","[context/entry] entry.dialogue[4].de: Ja. Wahrscheinlich haben sowohl die App als auch die regelmäßigen Aufnahmen geholfen. || [context/reading] reading.questions[1].promptDe: Wie halfen die Aufnahmen? || [context/reading] reading.textDe: Amals Lernweg hatte einige Umwege. Als sie mit Deutsch begann, lernte sie vor allem Grammatikregeln und lange Wortlisten. Beim Lesen erkannte sie viele Strukturen, doch beim Sprechen konnte sie sie kaum benutzen. Nach e…","","","","",""
"P0-98-original-1297-noun-target","b1-13-noun-6","B1","b1-13","Kategorie","die","feminine","die Kategorie","die Kategorie","der Kategorie","","Kategorien","","b1-lexical-grammar-v1","[target/reading] reading.glossary[8].lemma: Kategorie || [registry/vocabulary] lexicalRegistry.b1-13-noun-6: die Kategorie","","","","","",""
"P0-98-original-1297-noun-target","b1-13-noun-7","B1","b1-13","Lernbiografie","die","feminine","die Lernbiografie","die Lernbiografie","der Lernbiografie","","Lernbiografien","","b1-lexical-grammar-v1","[target/vocabulary] phrases[1].de: eine Lernbiografie || [registry/vocabulary] lexicalRegistry.b1-13-noun-7: die Lernbiografie","","","","","",""
"P0-98-original-1297-noun-target","b1-13-noun-8","B1","b1-13","Talent","das","neuter","das Talent","das Talent","dem Talent","","Talente","","b1-lexical-grammar-v1","[target/reading] reading.glossary[7].lemma: Talent || [registry/vocabulary] lexicalRegistry.b1-13-noun-8: das Talent","[context/reading] reading.textDe: Amals Lernweg hatte einige Umwege. Als sie mit Deutsch begann, lernte sie vor allem Grammatikregeln und lange Wortlisten. Beim Lesen erkannte sie viele Strukturen, doch beim Sprechen konnte sie sie kaum benutzen. Nach e…","","","","",""
"P0-98-original-1297-noun-target","b1-13-noun-9","B1","b1-13","Umweg","der","masculine","der Umweg","den Umweg","dem Umweg","","Umwege","","b1-lexical-grammar-v1","[target/reading] reading.glossary[5].lemma: Umweg || [registry/vocabulary] lexicalRegistry.b1-13-noun-9: der Umweg","","","","","",""
"P0-98-original-1297-noun-target","b1-13-noun-10","B1","b1-13","Ursache","die","feminine","die Ursache","die Ursache","der Ursache","","Ursachen","","b1-lexical-grammar-v1","[target/vocabulary] flashcards[9].frontDe: keine eindeutige Ursache || [target/vocabulary] phrases[17].de: keine eindeutige Ursache || [registry/vocabulary] lexicalRegistry.b1-13-noun-10: die Ursache","[context/reading] reading.questions[2].promptDe: Warum nennt Amal keine einzelne Ursache? || [context/speaking] speaking.promptDe: Reflektieren Sie zwei Minuten lang Ausgangslage, Strategiewechsel, Belege, Unsicherheit der Ursache und nächsten Test.","","","","",""
"P0-98-original-1297-noun-target","b1-14-noun-1","B1","b1-14","Weiterbildung","die","feminine","die Weiterbildung","die Weiterbildung","der Weiterbildung","","Weiterbildungen","","b1-lexical-grammar-v1","[target/vocabulary] flashcards[0].frontDe: die Weiterbildung || [target/vocabulary] phrases[0].de: die Weiterbildung || [registry/vocabulary] lexicalRegistry.b1-14-noun-1: die Weiterbildung","[context/vocabulary] flashcards[0].exampleDe: Ich plane eine berufliche Weiterbildung. || [context/listening] listening.transcriptDe: Berater: Wofür brauchen Sie die Weiterbildung? — Karim: Ich möchte mich intern auf eine technische Stelle bewerben. — Berater: Dann fragen Sie zuerst die Personalabteilung, welche Nachweise sie akzeptiert. — Karim: Der … || [context/reading] reading.textDe: Nadia interessierte sich für eine sechsmonatige Weiterbildung im Projektmanagement. Die Werbung versprach ein anerkanntes Zertifikat und gute Berufschancen. Bevor sie sich anmeldete, ließ sie sich bei einer unabhängigen…","","","","",""
"P0-98-original-1297-noun-target","b1-14-noun-2","B1","b1-14","Voraussetzung","die","feminine","die Voraussetzung","die Voraussetzung","der Voraussetzung","","Voraussetzungen","","b1-lexical-grammar-v1","[target/vocabulary] phrases[5].de: die Voraussetzungen || [registry/vocabulary] lexicalRegistry.b1-14-noun-2: die Voraussetzung","","","","","",""
"P0-98-original-1297-noun-target","b1-14-noun-3","B1","b1-14","Teilnahmegebühr","die","feminine","die Teilnahmegebühr","die Teilnahmegebühr","der Teilnahmegebühr","","Teilnahmegebühren","","b1-lexical-grammar-v1","[registry/vocabulary] lexicalRegistry.b1-14-noun-3: die Teilnahmegebühr","","","","","",""
"P0-98-original-1297-noun-target","b1-14-noun-4","B1","b1-14","Zertifikat","das","neuter","das Zertifikat","das Zertifikat","dem Zertifikat","","Zertifikate","","b1-lexical-grammar-v1","[registry/vocabulary] lexicalRegistry.b1-14-noun-4: das Zertifikat","[context/discover] discovery.examples[3]: Er lässt sein Zertifikat anerkennen. || [context/entry] entry.dialogue[0].de: Der Kurs verspricht ein Zertifikat nach sechs Wochen. || [context/controlled] exercises[4].pairs[0].right: Wer gibt das Zertifikat?","","","","",""
"P0-98-original-1297-noun-target","b1-14-noun-5","B1","b1-14","Abschluss","der","masculine","der Abschluss","den Abschluss","dem Abschluss","","Abschlüsse","","b1-lexical-grammar-v1","[target/vocabulary] phrases[11].de: einen Abschluss anerkennen lassen || [target/vocabulary] phrases[14].de: Wird der Abschluss anerkannt? || [target/vocabulary] phrases[2].de: der Abschluss || [registry/vocabulary] lexicalRegistry.b1-14-noun-5: der Abschluss","[context/discover] discovery.examples[1]: Sie lässt den Abschluss prüfen. || [context/entry] entry.dialogue[2].de: Für eine berufliche Bewerbung. Ich möchte prüfen lassen, ob der Abschluss anerkannt wird. || [context/controlled] exercises[2].acceptedAnswers[0]: Ich habe den Abschluss prüfen lassen","","","","",""
"P0-98-original-1297-noun-target","b1-14-noun-6","B1","b1-14","Anerkennung","die","feminine","die Anerkennung","die Anerkennung","der Anerkennung","","Anerkennungen","","b1-lexical-grammar-v1","[target/vocabulary] flashcards[1].frontDe: die Anerkennung || [target/vocabulary] phrases[4].de: die Anerkennung || [registry/vocabulary] lexicalRegistry.b1-14-noun-6: die Anerkennung","[context/reading] reading.questions[0].promptDe: Was erfuhr Nadia über die Anerkennung?","","","","",""
"P0-98-original-1297-noun-target","b1-14-noun-7","B1","b1-14","Beratung","die","feminine","die Beratung","die Beratung","der Beratung","","Beratungen","","b1-lexical-grammar-v1","[target/vocabulary] phrases[17].de: eine unabhängige Beratung || [registry/vocabulary] lexicalRegistry.b1-14-noun-7: die Beratung","","","","","",""
"P0-98-original-1297-noun-target","b1-14-noun-8","B1","b1-14","Branchenverband","der","masculine","der Branchenverband","den Branchenverband","dem Branchenverband","","Branchenverbände","","b1-lexical-grammar-v1","[target/reading] reading.glossary[0].lemma: Branchenverband || [registry/vocabulary] lexicalRegistry.b1-14-noun-8: der Branchenverband","[context/reading] reading.textDe: Nadia interessierte sich für eine sechsmonatige Weiterbildung im Projektmanagement. Die Werbung versprach ein anerkanntes Zertifikat und gute Berufschancen. Bevor sie sich anmeldete, ließ sie sich bei einer unabhängigen…","","","","",""
"P0-98-original-1297-noun-target","b1-14-noun-9","B1","b1-14","Förderung","die","feminine","die Förderung","die Förderung","der Förderung","","Förderungen","","b1-lexical-grammar-v1","[target/reading] reading.glossary[5].lemma: Förderung || [registry/vocabulary] lexicalRegistry.b1-14-noun-9: die Förderung","[context/reading] reading.textDe: Nadia interessierte sich für eine sechsmonatige Weiterbildung im Projektmanagement. Die Werbung versprach ein anerkanntes Zertifikat und gute Berufschancen. Bevor sie sich anmeldete, ließ sie sich bei einer unabhängigen…","","","","",""
"P0-98-original-1297-noun-target","b1-14-noun-10","B1","b1-14","Gesamtaufwand","der","masculine","der Gesamtaufwand","den Gesamtaufwand","dem Gesamtaufwand","","Gesamtaufwände","","b1-lexical-grammar-v1","[target/vocabulary] flashcards[4].frontDe: der Gesamtaufwand || [target/vocabulary] phrases[7].de: der Gesamtaufwand || [registry/vocabulary] lexicalRegistry.b1-14-noun-10: der Gesamtaufwand","[context/reading] reading.textDe: Nadia interessierte sich für eine sechsmonatige Weiterbildung im Projektmanagement. Die Werbung versprach ein anerkanntes Zertifikat und gute Berufschancen. Bevor sie sich anmeldete, ließ sie sich bei einer unabhängigen…","","","","",""
"P0-98-original-1297-noun-target","b1-14-noun-11","B1","b1-14","Nachweis","der","masculine","der Nachweis","den Nachweis","dem Nachweis","","Nachweise","","b1-lexical-grammar-v1","[target/vocabulary] flashcards[2].frontDe: der Nachweis || [target/vocabulary] phrases[3].de: der Nachweis || [registry/vocabulary] lexicalRegistry.b1-14-noun-11: der Nachweis","[context/entry] entry.dialogue[1].de: Wofür brauchen Sie den Nachweis? || [context/rule] theory[1].examples[0].de: Wer stellt den Nachweis aus?","","","","",""
"P0-98-original-1297-noun-target","b1-14-noun-12","B1","b1-14","Praxisanteil","der","masculine","der Praxisanteil","den Praxisanteil","dem Praxisanteil","","Praxisanteile","","b1-lexical-grammar-v1","[target/vocabulary] flashcards[3].frontDe: der Praxisanteil || [target/vocabulary] phrases[6].de: der Praxisanteil || [registry/vocabulary] lexicalRegistry.b1-14-noun-12: der Praxisanteil","[context/writing] writing.modelDe: Sehr geehrte Damen und Herren, ich interessiere mich für eine sechsmonatige Weiterbildung im Projektmanagement. Mein Ziel ist eine interne Bewerbung auf eine koordinierende Stelle. Bevor ich mich anmelde, möchte ich mic…","","","","",""
"P0-98-original-1297-noun-target","b1-14-noun-13","B1","b1-14","Qualifikation","die","feminine","die Qualifikation","die Qualifikation","der Qualifikation","","Qualifikationen","","b1-lexical-grammar-v1","[target/vocabulary] phrases[1].de: die Qualifikation || [registry/vocabulary] lexicalRegistry.b1-14-noun-13: die Qualifikation","","","","","",""
"P0-98-original-1297-noun-target","b1-15-noun-1","B1","b1-15","Präsentation","die","feminine","die Präsentation","die Präsentation","der Präsentation","","Präsentationen","","b1-lexical-grammar-v1","[registry/vocabulary] lexicalRegistry.b1-15-noun-1: die Präsentation","[context/reading] reading.questions[2].options[0]: Er erfand eine Antwort und beendete die Präsentation. || [context/reading] reading.textDe: Ben bereitete eine Präsentation über zwei Lernmethoden vor. Seine erste Version hatte zwölf Folien mit vielen Definitionen, aber keine zentrale Frage. Bei einem Probelauf konnten die Zuhörer zwar einzelne Informationen … || [context/speaking] speaking.promptDe: Halten Sie eine zweiminütige Präsentation mit zentraler Frage, Struktur, Belegen, Grenzen, Fazit und kurzer Fragerunde.","","","","",""
"P0-98-original-1297-noun-target","b1-15-noun-2","B1","b1-15","Einleitung","die","feminine","die Einleitung","die Einleitung","der Einleitung","","Einleitungen","","b1-lexical-grammar-v1","[registry/vocabulary] lexicalRegistry.b1-15-noun-2: die Einleitung","","","","","",""
"P0-98-original-1297-noun-target","b1-15-noun-3","B1","b1-15","Hauptteil","der","masculine","der Hauptteil","den Hauptteil","dem Hauptteil","","Hauptteile","","b1-lexical-grammar-v1","[registry/vocabulary] lexicalRegistry.b1-15-noun-3: der Hauptteil","","","","","",""
"P0-98-original-1297-noun-target","b1-15-noun-4","B1","b1-15","Schluss","der","masculine","der Schluss","den Schluss","dem Schluss","","Schlüsse","","b1-lexical-grammar-v1","[registry/vocabulary] lexicalRegistry.b1-15-noun-4: der Schluss","","","","","",""
"P0-98-original-1297-noun-target","b1-15-noun-5","B1","b1-15","Aufbau","der","masculine","der Aufbau","den Aufbau","dem Aufbau","","Aufbauten","","b1-lexical-grammar-v1","[target/vocabulary] flashcards[1].frontDe: den Aufbau erklären || [target/vocabulary] phrases[2].de: den Aufbau erklären || [registry/vocabulary] lexicalRegistry.b1-15-noun-5: der Aufbau","[context/vocabulary] flashcards[1].exampleDe: Zunächst erkläre ich den Aufbau. || [context/reading] reading.textDe: Ben bereitete eine Präsentation über zwei Lernmethoden vor. Seine erste Version hatte zwölf Folien mit vielen Definitionen, aber keine zentrale Frage. Bei einem Probelauf konnten die Zuhörer zwar einzelne Informationen … || [context/writing] writing.modelDe: Guten Tag. Meine zentrale Frage lautet: Welche Lernmethode führte nach zwei Wochen zu mehr aktivem Wortschatz? Das Thema ist wichtig, weil Lernende oft viel wiedererkennen, aber wenig produzieren können. Zunächst erklär…","","","","",""
"P0-98-original-1297-noun-target","b1-15-noun-6","B1","b1-15","Beleg","der","masculine","der Beleg","den Beleg","dem Beleg","","Belege","","b1-lexical-grammar-v1","[target/reading] reading.glossary[10].lemma: Beleg || [registry/vocabulary] lexicalRegistry.b1-15-noun-6: der Beleg","[context/test] miniTest[4].options[3]: Eine Aussage und ein Beleg || [context/reading] reading.textDe: Ben bereitete eine Präsentation über zwei Lernmethoden vor. Seine erste Version hatte zwölf Folien mit vielen Definitionen, aber keine zentrale Frage. Bei einem Probelauf konnten die Zuhörer zwar einzelne Informationen …","","","","",""
"P0-98-original-1297-noun-target","b1-15-noun-7","B1","b1-15","Daten","die","plural-only","die Daten","die Daten","den Daten","","Daten","","b1-lexical-grammar-v1","[target/vocabulary] flashcards[4].frontDe: Wie die Daten zeigen … || [target/vocabulary] flashcards[7].frontDe: Dazu liegen mir keine Daten vor. || [target/vocabulary] phrases[14].de: Dazu liegen mir keine Daten vor. || [target/vocabulary] phrases[6].de: Wie die Daten zeigen … || [registry/vocabulary] lexicalRegistry.b1-15-noun-7: die Daten","[context/discover] discovery.examples[2]: Wie die Daten zeigen … || [context/controlled] exercises[3].acceptedAnswers[0]: Anschließend zeige ich die Daten || [context/controlled] exercises[3].acceptedAnswers[1]: Danach zeige ich die Daten","","","","",""
"P0-98-original-1297-noun-target","b1-15-noun-8","B1","b1-15","Einschränkung","die","feminine","die Einschränkung","die Einschränkung","der Einschränkung","","Einschränkungen","","b1-lexical-grammar-v1","[target/vocabulary] flashcards[5].frontDe: eine Einschränkung || [target/reading] reading.glossary[9].lemma: Einschränkung || [registry/vocabulary] lexicalRegistry.b1-15-noun-8: die Einschränkung","","","","","",""
"P0-98-original-1297-noun-target","b1-15-noun-9","B1","b1-15","Frage","die","feminine","die Frage","die Frage","der Frage","","Fragen","","b1-lexical-grammar-v1","[target/vocabulary] flashcards[0].frontDe: eine zentrale Frage || [target/vocabulary] phrases[1].de: eine zentrale Frage || [target/vocabulary] phrases[16].de: auf eine Frage eingehen || [registry/vocabulary] lexicalRegistry.b1-15-noun-9: die Frage","[context/controlled] exercises[5].options[2]: Ich übergehe die Frage und fahre mit der nächsten Folie fort. || [context/listening] listening.questions[1].options[2]: Von den offenen Fragen am Anfang zur Begrüßung || [context/listening] listening.transcriptDe: Trainerin: Der Einstieg war klar, und die zentrale Frage wurde sofort verständlich. Besonders gut war, dass jede Grafik nur eine Aussage unterstützt hat. Beim Übergang zur Methode fehlte mir allerdings eine Orientierung…","","","","",""
"P0-98-original-1297-noun-target","b1-15-noun-10","B1","b1-15","Probelauf","der","masculine","der Probelauf","den Probelauf","dem Probelauf","","Probeläufe","","b1-lexical-grammar-v1","[target/reading] reading.glossary[5].lemma: Probelauf || [registry/vocabulary] lexicalRegistry.b1-15-noun-10: der Probelauf","[context/reading] reading.textDe: Ben bereitete eine Präsentation über zwei Lernmethoden vor. Seine erste Version hatte zwölf Folien mit vielen Definitionen, aber keine zentrale Frage. Bei einem Probelauf konnten die Zuhörer zwar einzelne Informationen …","","","","",""
"P0-98-original-1297-noun-target","b1-15-noun-11","B1","b1-15","Thema","das","neuter","das Thema","das Thema","dem Thema","","Themen","","b1-lexical-grammar-v1","[target/vocabulary] phrases[0].de: das Thema vorstellen || [registry/vocabulary] lexicalRegistry.b1-15-noun-11: das Thema","[context/controlled] exercises[5].options[3]: Ich wechsle ohne Hinweis sofort zu einem anderen Thema.","","","","",""
"P0-98-original-1297-noun-target","b1-15-noun-12","B1","b1-15","Zuhörer","der","masculine","der Zuhörer","den Zuhörer","dem Zuhörer","","Zuhörer","","b1-lexical-grammar-v1","[target/reading] reading.glossary[6].lemma: Zuhörer || [registry/vocabulary] lexicalRegistry.b1-15-noun-12: der Zuhörer","[context/reading] reading.textDe: Ben bereitete eine Präsentation über zwei Lernmethoden vor. Seine erste Version hatte zwölf Folien mit vielen Definitionen, aber keine zentrale Frage. Bei einem Probelauf konnten die Zuhörer zwar einzelne Informationen …","","","","",""
"P0-98-original-1297-noun-target","b1-16-noun-1","B1","b1-16","Mediennutzung","die","feminine","die Mediennutzung","die Mediennutzung","der Mediennutzung","","","","b1-lexical-grammar-v1","[target/vocabulary] flashcards[0].frontDe: die Mediennutzung || [target/vocabulary] phrases[0].de: die Mediennutzung || [registry/vocabulary] lexicalRegistry.b1-16-noun-1: die Mediennutzung","[context/vocabulary] flashcards[0].exampleDe: Ich analysiere meine Mediennutzung.","","","","",""
"P0-98-original-1297-noun-target","b1-16-noun-2","B1","b1-16","Bildschirmzeit","die","feminine","die Bildschirmzeit","die Bildschirmzeit","der Bildschirmzeit","","Bildschirmzeiten","","b1-lexical-grammar-v1","[target/vocabulary] flashcards[1].frontDe: die Bildschirmzeit || [target/vocabulary] phrases[1].de: die Bildschirmzeit || [registry/vocabulary] lexicalRegistry.b1-16-noun-2: die Bildschirmzeit","[context/reading] reading.textDe: Lina glaubte, dass ihre tägliche Bildschirmzeit von zwei Stunden unproblematisch war. Eine Woche lang protokollierte sie jedoch nicht nur die Minuten, sondern auch Zeitpunkt, Inhalt und Unterbrechungen. Dabei stellte si…","","","","",""
"P0-98-original-1297-noun-target","b1-16-noun-3","B1","b1-16","Quelle","die","feminine","die Quelle","die Quelle","der Quelle","","Quellen","","b1-lexical-grammar-v1","[registry/vocabulary] lexicalRegistry.b1-16-noun-3: die Quelle","","","","","",""
"P0-98-original-1297-noun-target","b1-16-noun-4","B1","b1-16","Gewohnheit","die","feminine","die Gewohnheit","die Gewohnheit","der Gewohnheit","","Gewohnheiten","","b1-lexical-grammar-v1","[registry/vocabulary] lexicalRegistry.b1-16-noun-4: die Gewohnheit","","","","","",""
"P0-98-original-1297-noun-target","b1-16-noun-5","B1","b1-16","Benachrichtigung","die","feminine","die Benachrichtigung","die Benachrichtigung","der Benachrichtigung","","Benachrichtigungen","","b1-lexical-grammar-v1","[target/vocabulary] phrases[2].de: eine Benachrichtigung || [registry/vocabulary] lexicalRegistry.b1-16-noun-5: die Benachrichtigung","","","","","",""
"P0-98-original-1297-noun-target","b1-16-noun-6","B1","b1-16","Konzentration","die","feminine","die Konzentration","die Konzentration","der Konzentration","","Konzentrationen","","b1-lexical-grammar-v1","[target/vocabulary] phrases[15].de: die Konzentration bewerten || [registry/vocabulary] lexicalRegistry.b1-16-noun-6: die Konzentration","[context/controlled] exercises[4].pairs[2].right: Wie war die Konzentration danach? || [context/reading] reading.textDe: Lina glaubte, dass ihre tägliche Bildschirmzeit von zwei Stunden unproblematisch war. Eine Woche lang protokollierte sie jedoch nicht nur die Minuten, sondern auch Zeitpunkt, Inhalt und Unterbrechungen. Dabei stellte si… || [context/writing] writing.modelDe: Ich dachte zunächst, dass zwei Stunden Bildschirmzeit kein Problem sind. Eine Woche lang protokollierte ich deshalb Dauer, Zeitpunkt, Inhalt und Unterbrechungen. Dabei fiel mir auf, dass ich während der Arbeit durchschn…","","","","",""
"P0-98-original-1297-noun-target","b1-16-noun-7","B1","b1-16","Medienprotokoll","das","neuter","das Medienprotokoll","das Medienprotokoll","dem Medienprotokoll","","Medienprotokolle","","b1-lexical-grammar-v1","[target/reading] reading.glossary[0].lemma: Medienprotokoll || [registry/vocabulary] lexicalRegistry.b1-16-noun-7: das Medienprotokoll","","","","","",""
"P0-98-original-1297-noun-target","b1-16-noun-8","B1","b1-16","Nutzungszeit","die","feminine","die Nutzungszeit","die Nutzungszeit","der Nutzungszeit","","Nutzungszeiten","","b1-lexical-grammar-v1","[target/vocabulary] phrases[8].de: eine Nutzungszeit festlegen || [registry/vocabulary] lexicalRegistry.b1-16-noun-8: die Nutzungszeit","","","","","",""
"P0-98-original-1297-noun-target","b1-16-noun-9","B1","b1-16","Regel","die","feminine","die Regel","die Regel","der Regel","","Regeln","","b1-lexical-grammar-v1","[target/vocabulary] phrases[17].de: eine Regel testen || [registry/vocabulary] lexicalRegistry.b1-16-noun-9: die Regel","[context/listening] listening.transcriptDe: Moderator: Viele Menschen hören Podcasts beim Arbeiten. Hilft das? — Forscherin: Das hängt von Aufgabe und Inhalt ab. Bei einfachen Routineaufgaben kann Sprache im Hintergrund angenehm sein. Beim Schreiben oder Lesen ko… || [context/rule] theory[2].formula: Problem → eine Regel → Zeitraum → Indikatoren → Review || [context/writing] writing.modelDe: Ich dachte zunächst, dass zwei Stunden Bildschirmzeit kein Problem sind. Eine Woche lang protokollierte ich deshalb Dauer, Zeitpunkt, Inhalt und Unterbrechungen. Dabei fiel mir auf, dass ich während der Arbeit durchschn…","","","","",""
"P0-98-original-1297-noun-target","b1-16-noun-10","B1","b1-16","Schlaf","der","masculine","der Schlaf","den Schlaf","dem Schlaf","","","","b1-lexical-grammar-v1","[target/vocabulary] phrases[14].de: den Schlaf beobachten || [registry/vocabulary] lexicalRegistry.b1-16-noun-10: der Schlaf","","","","","",""
"P0-98-original-1297-noun-target","b1-16-noun-11","B1","b1-16","Unterbrechung","die","feminine","die Unterbrechung","die Unterbrechung","der Unterbrechung","","Unterbrechungen","","b1-lexical-grammar-v1","[target/vocabulary] flashcards[2].frontDe: eine Unterbrechung || [target/vocabulary] phrases[3].de: eine Unterbrechung || [target/reading] reading.glossary[2].lemma: Unterbrechung || [registry/vocabulary] lexicalRegistry.b1-16-noun-11: die Unterbrechung","[context/controlled] exercises[6].template: Ich messe nicht nur die Zeit, ___ auch die Unterbrechungen. || [context/reading] reading.textDe: Lina glaubte, dass ihre tägliche Bildschirmzeit von zwei Stunden unproblematisch war. Eine Woche lang protokollierte sie jedoch nicht nur die Minuten, sondern auch Zeitpunkt, Inhalt und Unterbrechungen. Dabei stellte si… || [context/rule] theory[2].examples[3].de: Indikator: Zahl der Unterbrechungen.","","","","",""
"P0-98-original-1297-noun-target","b1-16-noun-12","B1","b1-16","Ursache","die","feminine","die Ursache","die Ursache","der Ursache","","Ursachen","","b1-lexical-grammar-v1","[target/vocabulary] flashcards[9].frontDe: Korrelation ist keine Ursache || [target/vocabulary] phrases[16].de: Korrelation ist keine Ursache || [registry/vocabulary] lexicalRegistry.b1-16-noun-12: die Ursache","[context/vocabulary] flashcards[9].exampleDe: Gleichzeitigkeit beweist keine Ursache.","","","","",""
"P0-98-original-1297-noun-target","b1-16-noun-13","B1","b1-16","Wiedergabe","die","feminine","die Wiedergabe","die Wiedergabe","der Wiedergabe","","Wiedergaben","","b1-lexical-grammar-v1","[target/reading] reading.glossary[4].lemma: Wiedergabe || [registry/vocabulary] lexicalRegistry.b1-16-noun-13: die Wiedergabe","[context/reading] reading.textDe: Lina glaubte, dass ihre tägliche Bildschirmzeit von zwei Stunden unproblematisch war. Eine Woche lang protokollierte sie jedoch nicht nur die Minuten, sondern auch Zeitpunkt, Inhalt und Unterbrechungen. Dabei stellte si… || [context/writing] writing.modelDe: Ich dachte zunächst, dass zwei Stunden Bildschirmzeit kein Problem sind. Eine Woche lang protokollierte ich deshalb Dauer, Zeitpunkt, Inhalt und Unterbrechungen. Dabei fiel mir auf, dass ich während der Arbeit durchschn…","","","","",""
"P0-98-original-1297-noun-target","b1-16-noun-14","B1","b1-16","Woche","die","feminine","die Woche","die Woche","der Woche","","Wochen","","b1-lexical-grammar-v1","[target/vocabulary] flashcards[8].frontDe: eine Woche protokollieren || [target/vocabulary] phrases[13].de: eine Woche protokollieren || [registry/vocabulary] lexicalRegistry.b1-16-noun-14: die Woche","[context/reading] reading.textDe: Lina glaubte, dass ihre tägliche Bildschirmzeit von zwei Stunden unproblematisch war. Eine Woche lang protokollierte sie jedoch nicht nur die Minuten, sondern auch Zeitpunkt, Inhalt und Unterbrechungen. Dabei stellte si… || [context/writing] writing.modelDe: Ich dachte zunächst, dass zwei Stunden Bildschirmzeit kein Problem sind. Eine Woche lang protokollierte ich deshalb Dauer, Zeitpunkt, Inhalt und Unterbrechungen. Dabei fiel mir auf, dass ich während der Arbeit durchschn…","","","","",""
"P0-98-original-1297-noun-target","b1-17-noun-1","B1","b1-17","Film","der","masculine","der Film","den Film","dem Film","","Filme","","b1-lexical-grammar-v1","[registry/vocabulary] lexicalRegistry.b1-17-noun-1: der Film","[context/discover] discovery.examples[3]: nachdenken → ein nachdenklich machender Film || [context/entry] entry.dialogue[3].de: Für wen würdest du den Film empfehlen? || [context/reading] reading.questions[0].promptDe: Worauf konzentriert sich der Film?","","","","",""
"P0-98-original-1297-noun-target","b1-17-noun-2","B1","b1-17","Roman","der","masculine","der Roman","den Roman","dem Roman","","Romane","","b1-lexical-grammar-v1","[registry/vocabulary] lexicalRegistry.b1-17-noun-2: der Roman","[context/listening] listening.transcriptDe: Moderatorin: Wie hat Ihnen der Roman gefallen? — Lea: Besonders beeindruckend fand ich die wechselnde Erzählperspektive. Dieselbe Situation wird von drei Figuren beschrieben, wodurch man ihre Missverständnisse besser ve…","","","","",""
"P0-98-original-1297-noun-target","b1-17-noun-3","B1","b1-17","Handlung","die","feminine","die Handlung","die Handlung","der Handlung","","Handlungen","","b1-lexical-grammar-v1","[target/vocabulary] flashcards[0].frontDe: die Handlung || [target/vocabulary] phrases[0].de: die Handlung || [registry/vocabulary] lexicalRegistry.b1-17-noun-3: die Handlung","[context/reading] reading.questions[2].options[3]: Für Menschen, die schnelle Handlung erwarten || [context/reading] reading.textDe: Der Film „Der letzte Bus“ handelt von drei Personen, die wegen eines Unwetters eine Nacht an einem kleinen Bahnhof verbringen müssen. Im Mittelpunkt steht keine große äußere Handlung, sondern die langsam entstehende Bez… || [context/rule] theory[1].examples[2].de: eine spannende Handlung","","","","",""
"P0-98-original-1297-noun-target","b1-17-noun-4","B1","b1-17","Bewertung","die","feminine","die Bewertung","die Bewertung","der Bewertung","","Bewertungen","","b1-lexical-grammar-v1","[registry/vocabulary] lexicalRegistry.b1-17-noun-4: die Bewertung","[context/writing] writing.modelDe: Der Film „Der letzte Bus“ handelt von drei Personen, die wegen eines Unwetters eine Nacht an einem Bahnhof verbringen. Ohne das Ende zu verraten, steht vor allem die langsam entstehende Beziehung im Mittelpunkt. Besonde…","","","","",""
"P0-98-original-1297-noun-target","b1-17-noun-5","B1","b1-17","Atmosphäre","die","feminine","die Atmosphäre","die Atmosphäre","der Atmosphäre","","Atmosphären","","b1-lexical-grammar-v1","[target/vocabulary] flashcards[2].frontDe: die Atmosphäre || [target/vocabulary] phrases[4].de: die Atmosphäre || [registry/vocabulary] lexicalRegistry.b1-17-noun-5: die Atmosphäre","[context/vocabulary] flashcards[2].exampleDe: Die Musik schafft eine ruhige Atmosphäre. || [context/test] miniTest[3].options[1]: Die langen stillen Einstellungen erzeugen eine angespannte Atmosphäre. || [context/writing] writing.modelDe: Der Film „Der letzte Bus“ handelt von drei Personen, die wegen eines Unwetters eine Nacht an einem Bahnhof verbringen. Ohne das Ende zu verraten, steht vor allem die langsam entstehende Beziehung im Mittelpunkt. Besonde…","","","","",""
"P0-98-original-1297-noun-target","b1-17-noun-6","B1","b1-17","Darstellung","die","feminine","die Darstellung","die Darstellung","der Darstellung","","Darstellungen","","b1-lexical-grammar-v1","[target/vocabulary] phrases[6].de: die Darstellung || [registry/vocabulary] lexicalRegistry.b1-17-noun-6: die Darstellung","","","","","",""
"P0-98-original-1297-noun-target","b1-17-noun-7","B1","b1-17","Einstellung","die","feminine","die Einstellung","die Einstellung","der Einstellung","","Einstellungen","","b1-lexical-grammar-v1","[target/reading] reading.glossary[7].lemma: Einstellung || [registry/vocabulary] lexicalRegistry.b1-17-noun-7: die Einstellung","","","","","",""
"P0-98-original-1297-noun-target","b1-17-noun-8","B1","b1-17","Erzählperspektive","die","feminine","die Erzählperspektive","die Erzählperspektive","der Erzählperspektive","","Erzählperspektiven","","b1-lexical-grammar-v1","[target/vocabulary] phrases[3].de: die Erzählperspektive || [registry/vocabulary] lexicalRegistry.b1-17-noun-8: die Erzählperspektive","[context/listening] listening.transcriptDe: Moderatorin: Wie hat Ihnen der Roman gefallen? — Lea: Besonders beeindruckend fand ich die wechselnde Erzählperspektive. Dieselbe Situation wird von drei Figuren beschrieben, wodurch man ihre Missverständnisse besser ve…","","","","",""
"P0-98-original-1297-noun-target","b1-17-noun-9","B1","b1-17","Geste","die","feminine","die Geste","die Geste","der Geste","","Gesten","","b1-lexical-grammar-v1","[target/reading] reading.glossary[8].lemma: Geste || [registry/vocabulary] lexicalRegistry.b1-17-noun-9: die Geste","","","","","",""
"P0-98-original-1297-noun-target","b1-17-noun-10","B1","b1-17","Hauptfigur","die","feminine","die Hauptfigur","die Hauptfigur","der Hauptfigur","","Hauptfiguren","","b1-lexical-grammar-v1","[target/vocabulary] flashcards[1].frontDe: die Hauptfigur || [target/vocabulary] phrases[1].de: die Hauptfigur || [registry/vocabulary] lexicalRegistry.b1-17-noun-10: die Hauptfigur","[context/entry] entry.dialogue[2].de: Die ruhig erzählte Geschichte und die überzeugend gespielte Hauptfigur. || [context/controlled] exercises[2].acceptedAnswers[0]: eine gut gespielte Hauptfigur || [context/writing] writing.modelDe: Der Film „Der letzte Bus“ handelt von drei Personen, die wegen eines Unwetters eine Nacht an einem Bahnhof verbringen. Ohne das Ende zu verraten, steht vor allem die langsam entstehende Beziehung im Mittelpunkt. Besonde…","","","","",""
"P0-98-original-1297-noun-target","b1-17-noun-11","B1","b1-17","Nebenfigur","die","feminine","die Nebenfigur","die Nebenfigur","der Nebenfigur","","Nebenfiguren","","b1-lexical-grammar-v1","[target/vocabulary] phrases[2].de: die Nebenfigur || [registry/vocabulary] lexicalRegistry.b1-17-noun-11: die Nebenfigur","[context/listening] listening.questions[0].options[3]: Nur die Nebenfigur || [context/writing] writing.modelDe: Der Film „Der letzte Bus“ handelt von drei Personen, die wegen eines Unwetters eine Nacht an einem Bahnhof verbringen. Ohne das Ende zu verraten, steht vor allem die langsam entstehende Beziehung im Mittelpunkt. Besonde…","","","","",""
"P0-98-original-1297-noun-target","b1-17-noun-12","B1","b1-17","Szene","die","feminine","die Szene","die Szene","der Szene","","Szenen","","b1-lexical-grammar-v1","[target/vocabulary] flashcards[6].frontDe: eine berührende Szene || [registry/vocabulary] lexicalRegistry.b1-17-noun-12: die Szene","[context/controlled] exercises[4].pairs[2].right: Länge und Rhythmus der Szenen || [context/vocabulary] flashcards[6].exampleDe: Das ist eine berührende Szene. || [context/test] miniTest[1].options[0]: eine berührt Szene","","","","",""
"P0-98-original-1297-noun-target","b1-17-noun-13","B1","b1-17","Tempo","das","neuter","das Tempo","das Tempo","dem Tempo","","Tempi","","b1-lexical-grammar-v1","[target/vocabulary] phrases[5].de: das Tempo || [registry/vocabulary] lexicalRegistry.b1-17-noun-13: das Tempo","[context/vocabulary] flashcards[8].exampleDe: Eine Einschränkung ist das langsame Tempo. || [context/pronunciation] pronunciation.items[4].de: Eine EINSCHRÄNKUNG ist das Tempo. || [context/reading] reading.questions[1].promptDe: Warum passt das langsame Tempo laut Rezension?","","","","",""
"P0-98-original-1297-noun-target","b1-17-noun-14","B1","b1-17","Unwetter","das","neuter","das Unwetter","das Unwetter","dem Unwetter","","Unwetter","","b1-lexical-grammar-v1","[target/reading] reading.glossary[5].lemma: Unwetter || [registry/vocabulary] lexicalRegistry.b1-17-noun-14: das Unwetter","","","","","",""
"P0-98-original-1297-noun-target","b1-18-noun-1","B1","b1-18","Information","die","feminine","die Information","die Information","der Information","","Informationen","","b1-lexical-grammar-v1","[registry/vocabulary] lexicalRegistry.b1-18-noun-1: die Information","","","","","",""
"P0-98-original-1297-noun-target","b1-18-noun-2","B1","b1-18","Behauptung","die","feminine","die Behauptung","die Behauptung","der Behauptung","","Behauptungen","","b1-lexical-grammar-v1","[target/vocabulary] flashcards[0].frontDe: die Behauptung || [target/vocabulary] phrases[0].de: eine Behauptung || [registry/vocabulary] lexicalRegistry.b1-18-noun-2: die Behauptung","[context/vocabulary] flashcards[0].exampleDe: Wir prüfen die Behauptung. || [context/listening] listening.transcriptDe: Moderator: Im Netz heißt es, ein bestimmtes Getränk soll Erkältungen in 24 Stunden heilen. Was wissen wir? — Faktenprüferin: Der Beitrag nennt keine medizinische Studie, sondern nur Aussagen eines Herstellers. Die verli… || [context/writing] writing.modelDe: In einem häufig geteilten Beitrag heißt es, ruhige Musik solle den Lernerfolg verdoppeln. Der Beitrag verlinkt jedoch nur auf einen Blog. Die ursprüngliche Studie untersuchte 28 Studierende bei einer Wortschatzaufgabe. …","","","","",""
"P0-98-original-1297-noun-target","b1-18-noun-3","B1","b1-18","Beleg","der","masculine","der Beleg","den Beleg","dem Beleg","","Belege","","b1-lexical-grammar-v1","[target/vocabulary] phrases[15].de: keine ausreichenden Belege || [target/vocabulary] phrases[2].de: ein Beleg || [registry/vocabulary] lexicalRegistry.b1-18-noun-3: der Beleg","","","","","",""
"P0-98-original-1297-noun-target","b1-18-noun-4","B1","b1-18","Quelle","die","feminine","die Quelle","die Quelle","der Quelle","","Quellen","","b1-lexical-grammar-v1","[target/vocabulary] phrases[1].de: eine Quelle || [registry/vocabulary] lexicalRegistry.b1-18-noun-4: die Quelle","[context/listening] listening.transcriptDe: Moderator: Im Netz heißt es, ein bestimmtes Getränk soll Erkältungen in 24 Stunden heilen. Was wissen wir? — Faktenprüferin: Der Beitrag nennt keine medizinische Studie, sondern nur Aussagen eines Herstellers. Die verli… || [context/reading] reading.questions[2].options[3]: Nicht prüfbar, weil keine Quelle existiert || [context/speaking] speaking.usefulPhrases[1]: Laut der Quelle …","","","","",""
"P0-98-original-1297-noun-target","b1-18-noun-5","B1","b1-18","Ergebnis","das","neuter","das Ergebnis","das Ergebnis","dem Ergebnis","","Ergebnisse","","b1-lexical-grammar-v1","[target/vocabulary] phrases[8].de: ein Ergebnis messen || [registry/vocabulary] lexicalRegistry.b1-18-noun-5: das Ergebnis","[context/controlled] exercises[5].options[2]: Mag ich das Ergebnis? || [context/test] miniTest[4].options[3]: Mag ich das Ergebnis?","","","","",""
"P0-98-original-1297-noun-target","b1-18-noun-6","B1","b1-18","Methode","die","feminine","die Methode","die Methode","der Methode","","Methoden","","b1-lexical-grammar-v1","[target/vocabulary] phrases[7].de: die Methode || [registry/vocabulary] lexicalRegistry.b1-18-noun-6: die Methode","[context/discover] discovery.examples[2]: Angeblich hilft die Methode. = Distanz || [context/entry] entry.dialogue[0].de: Dieser Beitrag sagt, die Methode soll das Lernen doppelt so schnell machen. || [context/test] miniTest[0].options[2]: Ich muss die Methode.","","","","",""
"P0-98-original-1297-noun-target","b1-18-noun-7","B1","b1-18","Primärquelle","die","feminine","die Primärquelle","die Primärquelle","der Primärquelle","","Primärquellen","","b1-lexical-grammar-v1","[target/vocabulary] flashcards[1].frontDe: die Primärquelle || [target/vocabulary] phrases[3].de: eine Primärquelle || [registry/vocabulary] lexicalRegistry.b1-18-noun-7: die Primärquelle","[context/vocabulary] flashcards[1].exampleDe: Suche die ursprüngliche Primärquelle.","","","","",""
"P0-98-original-1297-noun-target","b1-18-noun-8","B1","b1-18","Sekundärquelle","die","feminine","die Sekundärquelle","die Sekundärquelle","der Sekundärquelle","","Sekundärquellen","","b1-lexical-grammar-v1","[target/vocabulary] flashcards[2].frontDe: die Sekundärquelle || [target/vocabulary] phrases[4].de: eine Sekundärquelle || [registry/vocabulary] lexicalRegistry.b1-18-noun-8: die Sekundärquelle","[context/vocabulary] flashcards[2].exampleDe: Der Artikel ist eine Sekundärquelle.","","","","",""
"P0-98-original-1297-noun-target","b1-18-noun-9","B1","b1-18","Stichprobe","die","feminine","die Stichprobe","die Stichprobe","der Stichprobe","","Stichproben","","b1-lexical-grammar-v1","[target/vocabulary] flashcards[3].frontDe: die Stichprobe || [target/vocabulary] phrases[6].de: eine Stichprobe || [registry/vocabulary] lexicalRegistry.b1-18-noun-9: die Stichprobe","","","","","",""
"P0-98-original-1297-noun-target","b1-18-noun-10","B1","b1-18","Studie","die","feminine","die Studie","die Studie","der Studie","","Studien","","b1-lexical-grammar-v1","[target/vocabulary] flashcards[6].frontDe: laut der Studie || [target/vocabulary] phrases[11].de: laut der Studie || [target/vocabulary] phrases[5].de: die ursprüngliche Studie || [registry/vocabulary] lexicalRegistry.b1-18-noun-10: die Studie","[context/discover] discovery.examples[3]: Laut der Studie verbesserte sich ein Soforttest. || [context/entry] entry.dialogue[3].de: Dann suchen wir die ursprüngliche Studie und prüfen Teilnehmer, Aufgabe und Ergebnis. || [context/controlled] exercises[2].acceptedAnswers[0]: Laut der Studie nahmen 24 Personen teil","","","","",""
"P0-98-original-1297-noun-target","b1-18-noun-11","B1","b1-18","Untersuchung","die","feminine","die Untersuchung","die Untersuchung","der Untersuchung","","Untersuchungen","","b1-lexical-grammar-v1","[target/reading] reading.glossary[6].lemma: Untersuchung || [registry/vocabulary] lexicalRegistry.b1-18-noun-11: die Untersuchung","[context/listening] listening.questions[1].promptDe: Was hat die Untersuchung gemessen? || [context/reading] reading.textDe: Ein häufig geteilter Beitrag behauptet, dass ruhige Musik den Lernerfolg verdoppelt. Als Quelle nennt er einen Blog, der wiederum auf eine kleine Studie verweist. In der ursprünglichen Untersuchung nahmen 28 Studierende…","","","","",""
"P0-98-original-1297-noun-target","b1-18-noun-12","B1","b1-18","Zusammenhang","der","masculine","der Zusammenhang","den Zusammenhang","dem Zusammenhang","","Zusammenhänge","","b1-lexical-grammar-v1","[target/vocabulary] flashcards[9].frontDe: aus dem Zusammenhang gerissen || [target/vocabulary] phrases[14].de: aus dem Zusammenhang gerissen || [target/reading] reading.glossary[12].lemma: Zusammenhang || [registry/vocabulary] lexicalRegistry.b1-18-noun-12: der Zusammenhang","[context/vocabulary] flashcards[9].exampleDe: Die Zahl wurde aus dem Zusammenhang gerissen. || [context/reading] reading.textDe: Ein häufig geteilter Beitrag behauptet, dass ruhige Musik den Lernerfolg verdoppelt. Als Quelle nennt er einen Blog, der wiederum auf eine kleine Studie verweist. In der ursprünglichen Untersuchung nahmen 28 Studierende…","","","","",""
"P0-98-original-1297-noun-target","b1-19-noun-1","B1","b1-19","Missverständnis","das","neuter","das Missverständnis","das Missverständnis","dem Missverständnis","","Missverständnisse","","b1-lexical-grammar-v1","[target/vocabulary] flashcards[0].frontDe: ein Missverständnis || [target/vocabulary] phrases[0].de: ein Missverständnis entstehen || [registry/vocabulary] lexicalRegistry.b1-19-noun-1: das Missverständnis","[context/vocabulary] flashcards[0].exampleDe: Es ist ein Missverständnis entstanden. || [context/reading] reading.questions[1].promptDe: Wie wurde das Missverständnis geklärt? || [context/writing] writing.modelDe: Hallo Mara, ich möchte unser Missverständnis zur Frist kurz klären. In deiner Nachricht stand, dass die Datei „bis Freitag“ fertig sein soll. Ich habe das so verstanden, dass ich sie am Freitagabend schicken kann. Im Ge…","","","","",""
"P0-98-original-1297-noun-target","b1-19-noun-2","B1","b1-19","Absicht","die","feminine","die Absicht","die Absicht","der Absicht","","Absichten","","b1-lexical-grammar-v1","[target/vocabulary] phrases[13].de: die Absicht klären || [registry/vocabulary] lexicalRegistry.b1-19-noun-2: die Absicht","","","","","",""
"P0-98-original-1297-noun-target","b1-19-noun-3","B1","b1-19","Reaktion","die","feminine","die Reaktion","die Reaktion","der Reaktion","","Reaktionen","","b1-lexical-grammar-v1","[registry/vocabulary] lexicalRegistry.b1-19-noun-3: die Reaktion","","","","","",""
"P0-98-original-1297-noun-target","b1-19-noun-4","B1","b1-19","Erklärung","die","feminine","die Erklärung","die Erklärung","der Erklärung","","Erklärungen","","b1-lexical-grammar-v1","[registry/vocabulary] lexicalRegistry.b1-19-noun-4: die Erklärung","","","","","",""
"P0-98-original-1297-noun-target","b1-19-noun-5","B1","b1-19","Annahme","die","feminine","die Annahme","die Annahme","der Annahme","","Annahmen","","b1-lexical-grammar-v1","[target/vocabulary] flashcards[9].frontDe: eine Annahme prüfen || [target/vocabulary] phrases[12].de: eine Annahme prüfen || [registry/vocabulary] lexicalRegistry.b1-19-noun-5: die Annahme","[context/vocabulary] flashcards[9].exampleDe: Wir prüfen unsere Annahmen.","","","","",""
"P0-98-original-1297-noun-target","b1-19-noun-6","B1","b1-19","Beispiel","das","neuter","das Beispiel","das Beispiel","dem Beispiel","","Beispiele","","b1-lexical-grammar-v1","[target/vocabulary] phrases[9].de: Kannst du ein Beispiel geben? || [registry/vocabulary] lexicalRegistry.b1-19-noun-6: das Beispiel","[context/rule] theory[1].examples[4].de: Kannst du ein konkretes Beispiel geben?","","","","",""
"P0-98-original-1297-noun-target","b1-19-noun-7","B1","b1-19","Erwartung","die","feminine","die Erwartung","die Erwartung","der Erwartung","","Erwartungen","","b1-lexical-grammar-v1","[target/reading] reading.glossary[5].lemma: Erwartung || [registry/vocabulary] lexicalRegistry.b1-19-noun-7: die Erwartung","[context/reading] reading.textDe: In einem Projekt bat die Teamleiterin drei Personen, eine Präsentation „kurz“ vorzubereiten. Sara erstellte fünf Folien für zehn Minuten. Ben verstand unter „kurz“ nur zwei Minuten und bereitete eine mündliche Zusammenf…","","","","",""
"P0-98-original-1297-noun-target","b1-19-noun-8","B1","b1-19","Zusammenfassung","die","feminine","die Zusammenfassung","die Zusammenfassung","der Zusammenfassung","","Zusammenfassungen","","b1-lexical-grammar-v1","[target/vocabulary] phrases[15].de: eine Zusammenfassung bestätigen || [registry/vocabulary] lexicalRegistry.b1-19-noun-8: die Zusammenfassung","[context/reading] reading.textDe: In einem Projekt bat die Teamleiterin drei Personen, eine Präsentation „kurz“ vorzubereiten. Sara erstellte fünf Folien für zehn Minuten. Ben verstand unter „kurz“ nur zwei Minuten und bereitete eine mündliche Zusammenf…","","","","",""
"P0-98-original-1297-noun-target","b1-20-noun-1","B1","b1-20","Ratschlag","der","masculine","der Ratschlag","den Ratschlag","dem Ratschlag","","Ratschläge","","b1-lexical-grammar-v1","[registry/vocabulary] lexicalRegistry.b1-20-noun-1: der Ratschlag","","","","","",""
"P0-98-original-1297-noun-target","b1-20-noun-2","B1","b1-20","Situation","die","feminine","die Situation","die Situation","der Situation","","Situationen","","b1-lexical-grammar-v1","[registry/vocabulary] lexicalRegistry.b1-20-noun-2: die Situation","","","","","",""
"P0-98-original-1297-noun-target","b1-20-noun-3","B1","b1-20","Möglichkeit","die","feminine","die Möglichkeit","die Möglichkeit","der Möglichkeit","","Möglichkeiten","","b1-lexical-grammar-v1","[registry/vocabulary] lexicalRegistry.b1-20-noun-3: die Möglichkeit","","","","","",""
"P0-98-original-1297-noun-target","b1-20-noun-4","B1","b1-20","Empfehlung","die","feminine","die Empfehlung","die Empfehlung","der Empfehlung","","Empfehlungen","","b1-lexical-grammar-v1","[registry/vocabulary] lexicalRegistry.b1-20-noun-4: die Empfehlung","","","","","",""
"P0-98-original-1297-noun-target","b1-20-noun-5","B1","b1-20","Erholungstag","der","masculine","der Erholungstag","den Erholungstag","dem Erholungstag","","Erholungstage","","b1-lexical-grammar-v1","[target/reading] reading.glossary[6].lemma: Erholungstag || [registry/vocabulary] lexicalRegistry.b1-20-noun-5: der Erholungstag","[context/reading] reading.textDe: Amal wollte ihren Abendkurs abbrechen, weil sie nach der Arbeit ständig erschöpft war. Ihre Freundin Sara riet ihr nicht sofort zum Aufhören. Zuerst fragte sie, welches Ziel der Kurs erfüllt, welche Aufgaben besonders v… || [context/writing] writing.modelDe: Bevor ich dir einen Rat gebe, würde ich gern dein wichtigstes Ziel und deine Grenzen verstehen. Du möchtest den Abendkurs behalten, weil dir die Struktur hilft, aber zwei lange Hausaufgaben pro Woche überfordern dich. A…","","","","",""
"P0-98-original-1297-noun-target","b1-20-noun-6","B1","b1-20","Kurswechsel","der","masculine","der Kurswechsel","den Kurswechsel","dem Kurswechsel","","Kurswechsel","","b1-lexical-grammar-v1","[target/reading] reading.glossary[4].lemma: Kurswechsel || [registry/vocabulary] lexicalRegistry.b1-20-noun-6: der Kurswechsel","[context/vocabulary] flashcards[4].exampleDe: Eine Möglichkeit wäre ein Kurswechsel. || [context/reading] reading.textDe: Amal wollte ihren Abendkurs abbrechen, weil sie nach der Arbeit ständig erschöpft war. Ihre Freundin Sara riet ihr nicht sofort zum Aufhören. Zuerst fragte sie, welches Ziel der Kurs erfüllt, welche Aufgaben besonders v… || [context/writing] writing.modelDe: Bevor ich dir einen Rat gebe, würde ich gern dein wichtigstes Ziel und deine Grenzen verstehen. Du möchtest den Abendkurs behalten, weil dir die Struktur hilft, aber zwei lange Hausaufgaben pro Woche überfordern dich. A…","","","","",""
"P0-98-original-1297-noun-target","b1-20-noun-7","B1","b1-20","Probephase","die","feminine","die Probephase","die Probephase","der Probephase","","Probephasen","","b1-lexical-grammar-v1","[target/vocabulary] flashcards[8].frontDe: eine Probephase || [target/vocabulary] phrases[15].de: eine kleine Probephase || [target/reading] reading.glossary[5].lemma: Probephase || [registry/vocabulary] lexicalRegistry.b1-20-noun-7: die Probephase","[context/controlled] exercises[4].pairs[1].right: Du könntest eine Probephase machen. || [context/vocabulary] flashcards[8].exampleDe: Teste die Lösung in einer Probephase. || [context/reading] reading.textDe: Amal wollte ihren Abendkurs abbrechen, weil sie nach der Arbeit ständig erschöpft war. Ihre Freundin Sara riet ihr nicht sofort zum Aufhören. Zuerst fragte sie, welches Ziel der Kurs erfüllt, welche Aufgaben besonders v…","","","","",""
"P0-98-original-1297-noun-target","b1-20-noun-8","B1","b1-20","Rat","der","masculine","der Rat","den Rat","dem Rat","","Ratschläge","","b1-lexical-grammar-v1","[target/vocabulary] phrases[1].de: einen Rat geben || [registry/vocabulary] lexicalRegistry.b1-20-noun-8: der Rat","[context/test] miniTest[2].promptDe: Vor dem Rat || [context/reading] reading.questions[0].promptDe: Warum gab Sara nicht sofort einen Rat? || [context/reading] reading.textDe: Amal wollte ihren Abendkurs abbrechen, weil sie nach der Arbeit ständig erschöpft war. Ihre Freundin Sara riet ihr nicht sofort zum Aufhören. Zuerst fragte sie, welches Ziel der Kurs erfüllt, welche Aufgaben besonders v…","","","","",""
"P0-98-original-1297-noun-target","b1-20-noun-9","B1","b1-20","Stelle","die","feminine","die Stelle","die Stelle","der Stelle","","Stellen","","b1-lexical-grammar-v1","[target/vocabulary] flashcards[1].frontDe: An deiner Stelle würde ich … || [target/vocabulary] phrases[5].de: An deiner Stelle würde ich … || [registry/vocabulary] lexicalRegistry.b1-20-noun-9: die Stelle","[context/entry] entry.dialogue[3].de: An deiner Stelle würde ich zuerst mit der Lehrkraft über eine reduzierte Aufgabe sprechen. || [context/controlled] exercises[1].template: An deiner Stelle ___ ich zuerst nachfragen. || [context/controlled] exercises[3].acceptedAnswers[1]: An deiner Stelle würde ich zuerst mit der Lehrkraft sprechen","","","","",""
"P0-98-original-1297-noun-target","b1-21-noun-1","B1","b1-21","Verhandlung","die","feminine","die Verhandlung","die Verhandlung","der Verhandlung","","Verhandlungen","","b1-lexical-grammar-v1","[registry/vocabulary] lexicalRegistry.b1-21-noun-1: die Verhandlung","","","","","",""
"P0-98-original-1297-noun-target","b1-21-noun-2","B1","b1-21","Interesse","das","neuter","das Interesse","das Interesse","dem Interesse","","Interessen","","b1-lexical-grammar-v1","[registry/vocabulary] lexicalRegistry.b1-21-noun-2: das Interesse","","","","","",""
"P0-98-original-1297-noun-target","b1-21-noun-3","B1","b1-21","Vorschlag","der","masculine","der Vorschlag","den Vorschlag","dem Vorschlag","","Vorschläge","","b1-lexical-grammar-v1","[registry/vocabulary] lexicalRegistry.b1-21-noun-3: der Vorschlag","","","","","",""
"P0-98-original-1297-noun-target","b1-21-noun-4","B1","b1-21","Vereinbarung","die","feminine","die Vereinbarung","die Vereinbarung","der Vereinbarung","","Vereinbarungen","","b1-lexical-grammar-v1","[registry/vocabulary] lexicalRegistry.b1-21-noun-4: die Vereinbarung","","","","","",""
"P0-98-original-1297-noun-target","b1-21-noun-5","B1","b1-21","Abhängigkeit","die","feminine","die Abhängigkeit","die Abhängigkeit","der Abhängigkeit","","Abhängigkeiten","","b1-lexical-grammar-v1","[target/vocabulary] phrases[4].de: eine Abhängigkeit sichtbar machen || [registry/vocabulary] lexicalRegistry.b1-21-noun-5: die Abhängigkeit","","","","","",""
"P0-98-original-1297-noun-target","b1-21-noun-6","B1","b1-21","Auswertung","die","feminine","die Auswertung","die Auswertung","der Auswertung","","Auswertungen","","b1-lexical-grammar-v1","[target/reading] reading.glossary[4].lemma: Auswertung || [registry/vocabulary] lexicalRegistry.b1-21-noun-6: die Auswertung","[context/reading] reading.textDe: Eine Lerngruppe beschloss, neue Teilnehmende in den ersten zwei Kurswochen zu unterstützen. Zunächst war die Idee allgemein: „Wir helfen allen.“ Nach einer Woche war jedoch unklar, wer Fragen beantwortet und wo wichtige…","","","","",""
"P0-98-original-1297-noun-target","b1-21-noun-7","B1","b1-21","Beschluss","der","masculine","der Beschluss","den Beschluss","dem Beschluss","","Beschlüsse","","b1-lexical-grammar-v1","[target/vocabulary] flashcards[1].frontDe: einen Beschluss umsetzen || [target/vocabulary] phrases[1].de: einen Beschluss umsetzen || [target/reading] reading.glossary[0].lemma: Beschluss || [registry/vocabulary] lexicalRegistry.b1-21-noun-7: der Beschluss","[context/vocabulary] flashcards[1].exampleDe: Jetzt setzen wir den Beschluss um.","","","","",""
"P0-98-original-1297-noun-target","b1-21-noun-8","B1","b1-21","Eskalation","die","feminine","die Eskalation","die Eskalation","der Eskalation","","Eskalationen","","b1-lexical-grammar-v1","[target/vocabulary] phrases[16].de: eine Eskalation vereinbaren || [registry/vocabulary] lexicalRegistry.b1-21-noun-8: die Eskalation","[context/writing] writing.modelDe: Unsere Gruppe hat beschlossen, neue Teilnehmende zwei Wochen lang zu unterstützen. Wer die Begrüßung übernimmt, der erhält am Vortag die aktuelle Liste. Sara erstellt die Liste bis Donnerstag, und Ben bereitet eine Date…","","","","",""
"P0-98-original-1297-noun-target","b1-21-noun-9","B1","b1-21","Eskalationsregel","die","feminine","die Eskalationsregel","die Eskalationsregel","der Eskalationsregel","","Eskalationsregeln","","b1-lexical-grammar-v1","[target/vocabulary] flashcards[8].frontDe: eine Eskalationsregel || [target/reading] reading.glossary[6].lemma: Eskalationsregel || [registry/vocabulary] lexicalRegistry.b1-21-noun-9: die Eskalationsregel","[context/vocabulary] flashcards[8].exampleDe: Das Team hat eine Eskalationsregel. || [context/reading] reading.textDe: Eine Lerngruppe beschloss, neue Teilnehmende in den ersten zwei Kurswochen zu unterstützen. Zunächst war die Idee allgemein: „Wir helfen allen.“ Nach einer Woche war jedoch unklar, wer Fragen beantwortet und wo wichtige…","","","","",""
"P0-98-original-1297-noun-target","b1-21-noun-10","B1","b1-21","Hindernis","das","neuter","das Hindernis","das Hindernis","dem Hindernis","","Hindernisse","","b1-lexical-grammar-v1","[target/vocabulary] flashcards[6].frontDe: ein Hindernis benennen || [target/vocabulary] phrases[7].de: ein Hindernis benennen || [registry/vocabulary] lexicalRegistry.b1-21-noun-10: das Hindernis","[context/vocabulary] flashcards[6].exampleDe: Bitte benenne das Hindernis früh.","","","","",""
"P0-98-original-1297-noun-target","b1-21-noun-11","B1","b1-21","Plan","der","masculine","der Plan","den Plan","dem Plan","","Pläne","","b1-lexical-grammar-v1","[target/vocabulary] flashcards[9].frontDe: den Plan nachsteuern || [target/vocabulary] phrases[17].de: den Plan nachsteuern || [registry/vocabulary] lexicalRegistry.b1-21-noun-11: der Plan","[context/vocabulary] flashcards[9].exampleDe: Bei Problemen steuern wir den Plan nach.","","","","",""
"P0-98-original-1297-noun-target","b1-21-noun-12","B1","b1-21","Schritt","der","masculine","der Schritt","den Schritt","dem Schritt","","Schritte","","b1-lexical-grammar-v1","[target/vocabulary] phrases[5].de: einen nächsten Schritt festlegen || [registry/vocabulary] lexicalRegistry.b1-21-noun-12: der Schritt","[context/entry] entry.dialogue[4].de: Jeden Freitag melden wir Fortschritt, Hindernisse und den nächsten Schritt.","","","","",""
"P0-98-original-1297-noun-target","b1-21-noun-13","B1","b1-21","Status","der","masculine","der Status","den Status","dem Status","","Status","","b1-lexical-grammar-v1","[target/vocabulary] phrases[15].de: einen Status veröffentlichen || [registry/vocabulary] lexicalRegistry.b1-21-noun-13: der Status","[context/reading] reading.textDe: Eine Lerngruppe beschloss, neue Teilnehmende in den ersten zwei Kurswochen zu unterstützen. Zunächst war die Idee allgemein: „Wir helfen allen.“ Nach einer Woche war jedoch unklar, wer Fragen beantwortet und wo wichtige… || [context/rule] theory[0].examples[3].de: Wer den Status schreibt, nutzt die Vorlage. || [context/writing] writing.modelDe: Unsere Gruppe hat beschlossen, neue Teilnehmende zwei Wochen lang zu unterstützen. Wer die Begrüßung übernimmt, der erhält am Vortag die aktuelle Liste. Sara erstellt die Liste bis Donnerstag, und Ben bereitet eine Date…","","","","",""
"P0-98-original-1297-noun-target","b1-22-noun-1","B1","b1-22","Ziel","das","neuter","das Ziel","das Ziel","dem Ziel","","Ziele","","b1-lexical-grammar-v1","[target/vocabulary] flashcards[0].frontDe: ein übergeordnetes Ziel || [target/vocabulary] phrases[0].de: ein übergeordnetes Ziel || [registry/vocabulary] lexicalRegistry.b1-22-noun-1: das Ziel","[context/vocabulary] flashcards[5].exampleDe: Ich kürze, ohne dass das Ziel verloren geht. || [context/pronunciation] pronunciation.items[5].de: ohne dass das ZIEL verloren geht || [context/rule] theory[0].examples[2].de: Wir reduzieren Aufgaben, ohne dass das Ziel verloren geht.","","","","",""
"P0-98-original-1297-noun-target","b1-22-noun-2","B1","b1-22","Etappe","die","feminine","die Etappe","die Etappe","der Etappe","","Etappen","","b1-lexical-grammar-v1","[registry/vocabulary] lexicalRegistry.b1-22-noun-2: die Etappe","","","","","",""
"P0-98-original-1297-noun-target","b1-22-noun-3","B1","b1-22","Priorität","die","feminine","die Priorität","die Priorität","der Priorität","","Prioritäten","","b1-lexical-grammar-v1","[target/vocabulary] phrases[10].de: eine Priorität schützen || [registry/vocabulary] lexicalRegistry.b1-22-noun-3: die Priorität","","","","","",""
"P0-98-original-1297-noun-target","b1-22-noun-4","B1","b1-22","Zeitplan","der","masculine","der Zeitplan","den Zeitplan","dem Zeitplan","","Zeitpläne","","b1-lexical-grammar-v1","[registry/vocabulary] lexicalRegistry.b1-22-noun-4: der Zeitplan","","","","","",""
"P0-98-original-1297-noun-target","b1-22-noun-5","B1","b1-22","Annahme","die","feminine","die Annahme","die Annahme","der Annahme","","Annahmen","","b1-lexical-grammar-v1","[target/vocabulary] phrases[13].de: eine Annahme überprüfen || [registry/vocabulary] lexicalRegistry.b1-22-noun-5: die Annahme","","","","","",""
"P0-98-original-1297-noun-target","b1-22-noun-6","B1","b1-22","Anpassungsregel","die","feminine","die Anpassungsregel","die Anpassungsregel","der Anpassungsregel","","Anpassungsregeln","","b1-lexical-grammar-v1","[target/vocabulary] flashcards[8].frontDe: eine Anpassungsregel || [target/vocabulary] phrases[7].de: eine Anpassungsregel || [registry/vocabulary] lexicalRegistry.b1-22-noun-6: die Anpassungsregel","","","","","",""
"P0-98-original-1297-noun-target","b1-22-noun-7","B1","b1-22","Ausgangswert","der","masculine","der Ausgangswert","den Ausgangswert","dem Ausgangswert","","Ausgangswerte","","b1-lexical-grammar-v1","[target/vocabulary] phrases[4].de: einen Ausgangswert erfassen || [registry/vocabulary] lexicalRegistry.b1-22-noun-7: der Ausgangswert","","","","","",""
"P0-98-original-1297-noun-target","b1-22-noun-8","B1","b1-22","Ergebnisindikator","der","masculine","der Ergebnisindikator","den Ergebnisindikator","dem Ergebnisindikator","","Ergebnisindikatoren","","b1-lexical-grammar-v1","[target/vocabulary] flashcards[3].frontDe: ein Ergebnisindikator || [target/vocabulary] phrases[3].de: ein Ergebnisindikator || [registry/vocabulary] lexicalRegistry.b1-22-noun-8: der Ergebnisindikator","[context/vocabulary] flashcards[3].exampleDe: Ein unbekannter Test ist ein Ergebnisindikator. || [context/reading] reading.textDe: Salma möchte in einem Jahr eine B2-Prüfung ablegen. Ihr früherer Plan ähnelte eher einem Wunschzettel. Früher bestand ihr Plan nur aus dem Satz: „Ich lerne jeden Tag.“ Nach mehreren unregelmäßigen Wochen entwickelte sie…","","","","",""
"P0-98-original-1297-noun-target","b1-22-noun-9","B1","b1-22","Fertigkeit","die","feminine","die Fertigkeit","die Fertigkeit","der Fertigkeit","","Fertigkeiten","","b1-lexical-grammar-v1","[target/reading] reading.glossary[2].lemma: Fertigkeit || [registry/vocabulary] lexicalRegistry.b1-22-noun-9: die Fertigkeit","[context/listening] listening.transcriptDe: Coach: Welche Daten hast du nach vier Wochen? — Lernender: Ich habe sieben von acht geplanten Sitzungen gemacht. Beim Lesen ist die Punktzahl gestiegen, beim Schreiben bleiben dieselben Satzbaufehler. — Coach: Welcher F… || [context/reading] reading.questions[2].options[1]: Weil es in diesem Kurs gar keine Fertigkeiten gibt oder gab","","","","",""
"P0-98-original-1297-noun-target","b1-22-noun-10","B1","b1-22","Frühindikator","der","masculine","der Frühindikator","den Frühindikator","dem Frühindikator","","Frühindikatoren","","b1-lexical-grammar-v1","[target/vocabulary] flashcards[2].frontDe: ein Frühindikator || [target/vocabulary] phrases[2].de: ein Frühindikator || [target/reading] reading.glossary[3].lemma: Frühindikator || [registry/vocabulary] lexicalRegistry.b1-22-noun-10: der Frühindikator","[context/vocabulary] flashcards[2].exampleDe: Zwei Texte sind ein Frühindikator. || [context/reading] reading.textDe: Salma möchte in einem Jahr eine B2-Prüfung ablegen. Ihr früherer Plan ähnelte eher einem Wunschzettel. Früher bestand ihr Plan nur aus dem Satz: „Ich lerne jeden Tag.“ Nach mehreren unregelmäßigen Wochen entwickelte sie…","","","","",""
"P0-98-original-1297-noun-target","b1-22-noun-11","B1","b1-22","Plan","der","masculine","der Plan","den Plan","dem Plan","","Pläne","","b1-lexical-grammar-v1","[target/vocabulary] phrases[9].de: ohne dass der Plan zu voll wird || [registry/vocabulary] lexicalRegistry.b1-22-noun-11: der Plan","[context/discover] discovery.examples[3]: Der Coach ändert den Plan, ohne dass die Lernende Daten verliert. || [context/controlled] exercises[3].acceptedAnswers[0]: Ich prüfe den Plan, ohne alles zu ändern || [context/controlled] exercises[3].sentence: Ich prüfe den Plan, ohne dass alles zu ändern.","","","","",""
"P0-98-original-1297-noun-target","b1-22-noun-12","B1","b1-22","Prozess","der","masculine","der Prozess","den Prozess","dem Prozess","","Prozesse","","b1-lexical-grammar-v1","[target/vocabulary] phrases[8].de: ohne den Prozess zu messen || [registry/vocabulary] lexicalRegistry.b1-22-noun-12: der Prozess","[context/entry] entry.dialogue[3].de: Gut. Plane nicht nur Ergebnisse, ohne dass du den Prozess misst.","","","","",""
"P0-98-original-1297-noun-target","b1-22-noun-13","B1","b1-22","Puffer","der","masculine","der Puffer","den Puffer","dem Puffer","","Puffer","","b1-lexical-grammar-v1","[target/vocabulary] flashcards[6].frontDe: einen Puffer einplanen || [registry/vocabulary] lexicalRegistry.b1-22-noun-13: der Puffer","","","","","",""
"P0-98-original-1297-noun-target","b1-22-noun-14","B1","b1-22","Schritt","der","masculine","der Schritt","den Schritt","dem Schritt","","Schritte","","b1-lexical-grammar-v1","[target/vocabulary] phrases[17].de: den nächsten Schritt ableiten || [registry/vocabulary] lexicalRegistry.b1-22-noun-14: der Schritt","","","","","",""
"P0-98-original-1297-noun-target","b1-22-noun-15","B1","b1-22","Warnsignal","das","neuter","das Warnsignal","das Warnsignal","dem Warnsignal","","Warnsignale","","b1-lexical-grammar-v1","[target/vocabulary] flashcards[7].frontDe: ein Warnsignal || [target/vocabulary] phrases[16].de: ein Warnsignal definieren || [registry/vocabulary] lexicalRegistry.b1-22-noun-15: das Warnsignal","[context/vocabulary] flashcards[7].exampleDe: Drei Wochen Stillstand sind ein Warnsignal.","","","","",""
"P0-98-original-1297-noun-target","b1-22-noun-16","B1","b1-22","Wunschzettel","der","masculine","der Wunschzettel","den Wunschzettel","dem Wunschzettel","","Wunschzettel","","b1-lexical-grammar-v1","[target/reading] reading.glossary[0].lemma: Wunschzettel || [registry/vocabulary] lexicalRegistry.b1-22-noun-16: der Wunschzettel","[context/reading] reading.textDe: Salma möchte in einem Jahr eine B2-Prüfung ablegen. Ihr früherer Plan ähnelte eher einem Wunschzettel. Früher bestand ihr Plan nur aus dem Satz: „Ich lerne jeden Tag.“ Nach mehreren unregelmäßigen Wochen entwickelte sie…","","","","",""
"P0-98-original-1297-noun-target","b1-22-noun-17","B1","b1-22","Zielwert","der","masculine","der Zielwert","den Zielwert","dem Zielwert","","Zielwerte","","b1-lexical-grammar-v1","[target/vocabulary] phrases[5].de: einen Zielwert festlegen || [registry/vocabulary] lexicalRegistry.b1-22-noun-17: der Zielwert","","","","","",""
"P0-98-original-1297-noun-target","b1-22-noun-18","B1","b1-22","Zwischenziel","das","neuter","das Zwischenziel","das Zwischenziel","dem Zwischenziel","","Zwischenziele","","b1-lexical-grammar-v1","[target/vocabulary] flashcards[1].frontDe: ein Zwischenziel || [target/vocabulary] phrases[1].de: ein Zwischenziel || [registry/vocabulary] lexicalRegistry.b1-22-noun-18: das Zwischenziel","[context/vocabulary] flashcards[1].exampleDe: Nach vier Wochen prüfe ich das Zwischenziel.","","","","",""
"P0-98-original-1297-noun-target","b1-23-noun-1","B1","b1-23","Gerät","das","neuter","das Gerät","das Gerät","dem Gerät","","Geräte","","b1-lexical-grammar-v1","[registry/vocabulary] lexicalRegistry.b1-23-noun-1: das Gerät","[context/listening] listening.questions[2].options[2]: Die Zahl der Geräte im Pilot","","","","",""
"P0-98-original-1297-noun-target","b1-23-noun-2","B1","b1-23","Anwendung","die","feminine","die Anwendung","die Anwendung","der Anwendung","","Anwendungen","","b1-lexical-grammar-v1","[registry/vocabulary] lexicalRegistry.b1-23-noun-2: die Anwendung","","","","","",""
"P0-98-original-1297-noun-target","b1-23-noun-3","B1","b1-23","Datenschutz","der","masculine","der Datenschutz","den Datenschutz","dem Datenschutz","","","","b1-lexical-grammar-v1","[registry/vocabulary] lexicalRegistry.b1-23-noun-3: der Datenschutz","[context/controlled] exercises[6].template: ___ sprecht ihr? — Über den Datenschutz.","","","","",""
"P0-98-original-1297-noun-target","b1-23-noun-4","B1","b1-23","Nutzen","der","masculine","der Nutzen","den Nutzen","dem Nutzen","","","","b1-lexical-grammar-v1","[registry/vocabulary] lexicalRegistry.b1-23-noun-4: der Nutzen","","","","","",""
"P0-98-original-1297-noun-target","b1-23-noun-5","B1","b1-23","Angabe","die","feminine","die Angabe","die Angabe","der Angabe","","Angaben","","b1-lexical-grammar-v1","[target/vocabulary] phrases[15].de: Darüber liegen keine Angaben vor. || [registry/vocabulary] lexicalRegistry.b1-23-noun-5: die Angabe","","","","","",""
"P0-98-original-1297-noun-target","b1-23-noun-6","B1","b1-23","Datenfluss","der","masculine","der Datenfluss","den Datenfluss","dem Datenfluss","","Datenflüsse","","b1-lexical-grammar-v1","[target/vocabulary] flashcards[1].frontDe: der Datenfluss || [target/vocabulary] phrases[2].de: der Datenfluss || [registry/vocabulary] lexicalRegistry.b1-23-noun-6: der Datenfluss","","","","","",""
"P0-98-original-1297-noun-target","b1-23-noun-7","B1","b1-23","Erfolg","der","masculine","der Erfolg","den Erfolg","dem Erfolg","","Erfolge","","b1-lexical-grammar-v1","[target/vocabulary] phrases[12].de: Woran erkenne ich den Erfolg? || [registry/vocabulary] lexicalRegistry.b1-23-noun-7: der Erfolg","[context/controlled] exercises[2].acceptedAnswers[0]: Daran messen wir den Erfolg || [context/controlled] exercises[2].words[2]: den Erfolg","","","","",""
"P0-98-original-1297-noun-target","b1-23-noun-8","B1","b1-23","Exportfunktion","die","feminine","die Exportfunktion","die Exportfunktion","der Exportfunktion","","Exportfunktionen","","b1-lexical-grammar-v1","[target/vocabulary] flashcards[8].frontDe: die Exportfunktion || [target/vocabulary] phrases[5].de: eine Exportfunktion || [registry/vocabulary] lexicalRegistry.b1-23-noun-8: die Exportfunktion","","","","","",""
"P0-98-original-1297-noun-target","b1-23-noun-9","B1","b1-23","Geräteunterstützung","die","feminine","die Geräteunterstützung","die Geräteunterstützung","der Geräteunterstützung","","","","b1-lexical-grammar-v1","[target/reading] reading.glossary[6].lemma: Geräteunterstützung || [registry/vocabulary] lexicalRegistry.b1-23-noun-9: die Geräteunterstützung","","","","","",""
"P0-98-original-1297-noun-target","b1-23-noun-10","B1","b1-23","Lösung","die","feminine","die Lösung","die Lösung","der Lösung","","Lösungen","","b1-lexical-grammar-v1","[target/vocabulary] flashcards[0].frontDe: die technische Lösung || [target/vocabulary] phrases[0].de: eine technische Lösung || [registry/vocabulary] lexicalRegistry.b1-23-noun-10: die Lösung","[context/vocabulary] flashcards[0].exampleDe: Wir prüfen eine technische Lösung.","","","","",""
"P0-98-original-1297-noun-target","b1-23-noun-11","B1","b1-23","Offline-Funktion","die","feminine","die Offline-Funktion","die Offline-Funktion","der Offline-Funktion","","Offline-Funktionen","","b1-lexical-grammar-v1","[target/vocabulary] flashcards[7].frontDe: die Offline-Funktion || [target/vocabulary] phrases[4].de: eine Offline-Funktion || [registry/vocabulary] lexicalRegistry.b1-23-noun-11: die Offline-Funktion","","","","","",""
"P0-98-original-1297-noun-target","b1-23-noun-12","B1","b1-23","Pilot","der","masculine","der Pilot","den Piloten","dem Piloten","","Piloten","","b1-lexical-grammar-v1","[target/vocabulary] phrases[16].de: einen Pilot testen || [registry/vocabulary] lexicalRegistry.b1-23-noun-12: der Pilot","[context/writing] writing.modelDe: Unser Team prüft eine App für digitale Anwesenheitslisten. Wofür brauchen wir sie? Dafür, doppelte Dateneingabe zu vermeiden. Womit melden sich Beschäftigte an? Mit persönlichen Konten. Darüber hinaus müssen wir klären,…","","","","",""
"P0-98-original-1297-noun-target","b1-23-noun-13","B1","b1-23","Praxistest","der","masculine","der Praxistest","den Praxistest","dem Praxistest","","Praxistests","","b1-lexical-grammar-v1","[target/reading] reading.glossary[0].lemma: Praxistest || [registry/vocabulary] lexicalRegistry.b1-23-noun-13: der Praxistest","","","","","",""
"P0-98-original-1297-noun-target","b1-23-noun-14","B1","b1-23","Problem","das","neuter","das Problem","das Problem","dem Problem","","Probleme","","b1-lexical-grammar-v1","[target/vocabulary] phrases[1].de: ein konkretes Problem || [registry/vocabulary] lexicalRegistry.b1-23-noun-14: das Problem","[context/controlled] exercises[3].acceptedAnswers[0]: Mit wem sprichst du über das Problem? — Mit Sara || [context/controlled] exercises[3].acceptedAnswers[1]: Mit wem sprichst du über das Problem? Mit Sara. || [context/controlled] exercises[3].sentence: Womit sprichst du über das Problem? — Mit Sara.","","","","",""
"P0-98-original-1297-noun-target","b1-23-noun-15","B1","b1-23","Rückfalllösung","die","feminine","die Rückfalllösung","die Rückfalllösung","der Rückfalllösung","","Rückfalllösungen","","b1-lexical-grammar-v1","[target/vocabulary] flashcards[9].frontDe: eine Rückfalllösung || [target/vocabulary] phrases[17].de: eine Rückfalllösung || [target/reading] reading.glossary[7].lemma: Rückfalllösung || [registry/vocabulary] lexicalRegistry.b1-23-noun-15: die Rückfalllösung","","","","","",""
"P0-98-original-1297-noun-target","b1-23-noun-16","B1","b1-23","Synchronisation","die","feminine","die Synchronisation","die Synchronisation","der Synchronisation","","Synchronisationen","","b1-lexical-grammar-v1","[target/reading] reading.glossary[5].lemma: Synchronisation || [registry/vocabulary] lexicalRegistry.b1-23-noun-16: die Synchronisation","[context/reading] reading.textDe: Ein Verein wollte seine Anwesenheitslisten digitalisieren. Ein Anbieter präsentierte eine App mit vielen Funktionen. Bevor der Verein einen Jahresvertrag abschloss, definierte das Team das konkrete Problem: Die Papierli…","","","","",""
"P0-98-original-1297-noun-target","b1-23-noun-17","B1","b1-23","Übertragungsfehler","der","masculine","der Übertragungsfehler","den Übertragungsfehler","dem Übertragungsfehler","","Übertragungsfehler","","b1-lexical-grammar-v1","[target/reading] reading.glossary[3].lemma: Übertragungsfehler || [registry/vocabulary] lexicalRegistry.b1-23-noun-17: der Übertragungsfehler","","","","","",""
"P0-98-original-1297-noun-target","b1-24-noun-1","B1","b1-24","Projekt","das","neuter","das Projekt","das Projekt","dem Projekt","","Projekte","","b1-lexical-grammar-v1","[registry/vocabulary] lexicalRegistry.b1-24-noun-1: das Projekt","[context/listening] listening.questions[0].promptDe: Worauf konzentrierte sich das Projekt? || [context/reading] reading.textDe: Eine Lerngruppe untersuchte, wie neue Teilnehmende wichtige Kursinformationen finden. Vor dem Projekt brauchten 20 Testpersonen durchschnittlich 18 Minuten, um Stundenplan, Hausaufgaben und Kontaktperson zu finden. Häuf…","","","","",""
"P0-98-original-1297-noun-target","b1-24-noun-2","B1","b1-24","Ergebnis","das","neuter","das Ergebnis","das Ergebnis","dem Ergebnis","","Ergebnisse","","b1-lexical-grammar-v1","[target/vocabulary] flashcards[7].frontDe: ein Ergebnis einordnen || [target/vocabulary] phrases[13].de: ein Ergebnis einordnen || [registry/vocabulary] lexicalRegistry.b1-24-noun-2: das Ergebnis","[context/vocabulary] flashcards[7].exampleDe: Wir ordnen das Ergebnis vorsichtig ein.","","","","",""
"P0-98-original-1297-noun-target","b1-24-noun-3","B1","b1-24","Bericht","der","masculine","der Bericht","den Bericht","dem Bericht","","Berichte","","b1-lexical-grammar-v1","[registry/vocabulary] lexicalRegistry.b1-24-noun-3: der Bericht","[context/reading] reading.questions[2].promptDe: Welche Grenze nennt der Bericht?","","","","",""
"P0-98-original-1297-noun-target","b1-24-noun-4","B1","b1-24","Präsentation","die","feminine","die Präsentation","die Präsentation","der Präsentation","","Präsentationen","","b1-lexical-grammar-v1","[registry/vocabulary] lexicalRegistry.b1-24-noun-4: die Präsentation","","","","","",""
"P0-98-original-1297-noun-target","b1-24-noun-5","B1","b1-24","Ausgangslage","die","feminine","die Ausgangslage","die Ausgangslage","der Ausgangslage","","Ausgangslagen","","b1-lexical-grammar-v1","[target/vocabulary] flashcards[4].frontDe: eine Ausgangslage || [target/vocabulary] phrases[9].de: eine Ausgangslage erfassen || [registry/vocabulary] lexicalRegistry.b1-24-noun-5: die Ausgangslage","[context/vocabulary] flashcards[4].exampleDe: Wir erfassen zuerst die Ausgangslage. || [context/reading] reading.questions[0].promptDe: Was war die Ausgangslage?","","","","",""
"P0-98-original-1297-noun-target","b1-24-noun-6","B1","b1-24","Empfehlung","die","feminine","die Empfehlung","die Empfehlung","der Empfehlung","","Empfehlungen","","b1-lexical-grammar-v1","[target/vocabulary] phrases[15].de: eine Empfehlung ableiten || [registry/vocabulary] lexicalRegistry.b1-24-noun-6: die Empfehlung","","","","","",""
"P0-98-original-1297-noun-target","b1-24-noun-7","B1","b1-24","Fehlklick","der","masculine","der Fehlklick","den Fehlklick","dem Fehlklick","","Fehlklicks","","b1-lexical-grammar-v1","[target/reading] reading.glossary[7].lemma: Fehlklick || [registry/vocabulary] lexicalRegistry.b1-24-noun-7: der Fehlklick","","","","","",""
"P0-98-original-1297-noun-target","b1-24-noun-8","B1","b1-24","Leitfrage","die","feminine","die Leitfrage","die Leitfrage","der Leitfrage","","Leitfragen","","b1-lexical-grammar-v1","[target/vocabulary] flashcards[0].frontDe: eine Leitfrage || [target/vocabulary] phrases[0].de: eine Leitfrage formulieren || [registry/vocabulary] lexicalRegistry.b1-24-noun-8: die Leitfrage","[context/vocabulary] flashcards[0].exampleDe: Wir formulieren eine Leitfrage.","","","","",""
"P0-98-original-1297-noun-target","b1-24-noun-9","B1","b1-24","Pilot","der","masculine","der Pilot","den Piloten","dem Piloten","","Piloten","","b1-lexical-grammar-v1","[target/vocabulary] phrases[10].de: einen Pilot durchführen || [registry/vocabulary] lexicalRegistry.b1-24-noun-9: der Pilot","[context/reading] reading.textDe: Eine Lerngruppe untersuchte, wie neue Teilnehmende wichtige Kursinformationen finden. Vor dem Projekt brauchten 20 Testpersonen durchschnittlich 18 Minuten, um Stundenplan, Hausaufgaben und Kontaktperson zu finden. Häuf… || [context/writing] writing.modelDe: Unser Projekt untersuchte die Frage, worauf sich eine gute Informationsseite für neue Kursteilnehmende konzentrieren sollte. Vor dem Pilot brauchten 20 Personen durchschnittlich 18 Minuten, um Stundenplan, Aufgaben und …","","","","",""
"P0-98-original-1297-noun-target","b1-24-noun-10","B1","b1-24","Rückfrage","die","feminine","die Rückfrage","die Rückfrage","der Rückfrage","","Rückfragen","","b1-lexical-grammar-v1","[target/reading] reading.glossary[13].lemma: Rückfrage || [registry/vocabulary] lexicalRegistry.b1-24-noun-10: die Rückfrage","","","","","",""
"P0-98-original-1297-noun-target","b1-24-noun-11","B1","b1-24","Testperson","die","feminine","die Testperson","die Testperson","der Testperson","","Testpersonen","","b1-lexical-grammar-v1","[target/reading] reading.glossary[6].lemma: Testperson || [registry/vocabulary] lexicalRegistry.b1-24-noun-11: die Testperson","","","","","",""
"P0-98-original-1297-noun-target","b1-24-noun-12","B1","b1-24","Zuständigkeit","die","feminine","die Zuständigkeit","die Zuständigkeit","der Zuständigkeit","","Zuständigkeiten","","b1-lexical-grammar-v1","[target/reading] reading.glossary[8].lemma: Zuständigkeit || [registry/vocabulary] lexicalRegistry.b1-24-noun-12: die Zuständigkeit","","","","","",""
"P0-98-original-1297-noun-target","b1-24-noun-13","B1","b1-24","Zyklus","der","masculine","der Zyklus","den Zyklus","dem Zyklus","","Zyklen","","b1-lexical-grammar-v1","[target/reading] reading.glossary[12].lemma: Zyklus || [registry/vocabulary] lexicalRegistry.b1-24-noun-13: der Zyklus","","","","","",""
"P0-98-original-1297-noun-target","b1-11-noun-13","B1","b1-11","Beschäftigte","die","plural-only","die Beschäftigten","die Beschäftigten","den Beschäftigten","der Beschäftigten","Beschäftigten","","b1-lexical-grammar-v1","[target/reading] reading.glossary[0].lemma: Beschäftigte || [registry/vocabulary] lexicalRegistry.b1-11-noun-13: die Beschäftigte","","","","","",""
"P0-98-original-1297-noun-target","b1-21-noun-14","B1","b1-21","Teilnehmende","die","plural-only","die Teilnehmenden","die Teilnehmenden","den Teilnehmenden","der Teilnehmenden","Teilnehmenden","","b1-lexical-grammar-v1","[target/reading] reading.glossary[1].lemma: Teilnehmende || [registry/vocabulary] lexicalRegistry.b1-21-noun-14: die Teilnehmende","","","","","",""
"P0-98-original-1297-noun-target","b2-01-noun-1","B2","b2-01","Standpunkt","der","masculine","der Standpunkt","den Standpunkt","dem Standpunkt","","Standpunkte","","b2-lexical-grammar-v1","[target/vocabulary] flashcards[0].frontDe: einen Standpunkt vertreten || [target/vocabulary] phrases[0].de: einen Standpunkt vertreten || [registry/vocabulary] lexicalRegistry.b2-01-noun-1: der Standpunkt","[context/vocabulary] flashcards[0].exampleDe: Ich vertrete einen differenzierten Standpunkt. || [context/speaking] speaking.promptDe: Vertreten Sie drei Minuten lang einen Standpunkt: These, zwei Argumente, Belege, Gegenargument, Konzession, Grenze und Vorschlag.","","","","",""
"P0-98-original-1297-noun-target","b2-01-noun-2","B2","b2-01","Argument","das","neuter","das Argument","das Argument","dem Argument","","Argumente","","b2-lexical-grammar-v1","[target/vocabulary] phrases[2].de: ein Argument entwickeln || [registry/vocabulary] lexicalRegistry.b2-01-noun-2: das Argument","","","","","",""
"P0-98-original-1297-noun-target","b2-01-noun-3","B2","b2-01","Beleg","der","masculine","der Beleg","den Beleg","dem Beleg","","Belege","","b2-lexical-grammar-v1","[target/vocabulary] flashcards[2].frontDe: einen Beleg anführen || [target/vocabulary] phrases[3].de: einen Beleg anführen || [registry/vocabulary] lexicalRegistry.b2-01-noun-3: der Beleg","","","","","",""
"P0-98-original-1297-noun-target","b2-01-noun-4","B2","b2-01","Schlussfolgerung","die","feminine","die Schlussfolgerung","die Schlussfolgerung","der Schlussfolgerung","","Schlussfolgerungen","","b2-lexical-grammar-v1","[target/vocabulary] phrases[16].de: eine Schlussfolgerung begrenzen || [registry/vocabulary] lexicalRegistry.b2-01-noun-4: die Schlussfolgerung","","","","","",""
"P0-98-original-1297-noun-target","b2-01-noun-5","B2","b2-01","Beispiel","das","neuter","das Beispiel","das Beispiel","dem Beispiel","","Beispiele","","b2-lexical-grammar-v1","[target/vocabulary] phrases[4].de: ein Beispiel veranschaulicht … || [registry/vocabulary] lexicalRegistry.b2-01-noun-5: das Beispiel","","","","","",""
"P0-98-original-1297-noun-target","b2-01-noun-6","B2","b2-01","Einwand","der","masculine","der Einwand","den Einwand","dem Einwand","","Einwände","","b2-lexical-grammar-v1","[target/vocabulary] flashcards[4].frontDe: ein berechtigter Einwand || [registry/vocabulary] lexicalRegistry.b2-01-noun-6: der Einwand","[context/entry] entry.dialogue[2].de: Das ist ein berechtigter Einwand. Allerdings lösen Lern-Apps und Audio konkrete Aufgaben.","","","","",""
"P0-98-original-1297-noun-target","b2-01-noun-7","B2","b2-01","Maßnahme","die","feminine","die Maßnahme","die Maßnahme","der Maßnahme","","Maßnahmen","","b2-lexical-grammar-v1","[target/vocabulary] flashcards[9].frontDe: eine Maßnahme überprüfen || [target/vocabulary] phrases[17].de: eine Maßnahme überprüfen || [registry/vocabulary] lexicalRegistry.b2-01-noun-7: die Maßnahme","[context/vocabulary] flashcards[9].exampleDe: Nach vier Wochen wird die Maßnahme überprüft.","","","","",""
"P0-98-original-1297-noun-target","b2-01-noun-8","B2","b2-01","These","die","feminine","die These","die These","der These","","Thesen","","b2-lexical-grammar-v1","[target/vocabulary] flashcards[1].frontDe: eine These formulieren || [target/vocabulary] phrases[1].de: eine These formulieren || [registry/vocabulary] lexicalRegistry.b2-01-noun-8: die These","","","","","",""
"P0-98-original-1297-noun-target","b2-01-noun-9","B2","b2-01","Voraussetzung","die","feminine","die Voraussetzung","die Voraussetzung","der Voraussetzung","","Voraussetzungen","","b2-lexical-grammar-v1","[target/vocabulary] flashcards[7].frontDe: unter der Voraussetzung, dass … || [target/vocabulary] phrases[13].de: Unter der Voraussetzung, dass … || [registry/vocabulary] lexicalRegistry.b2-01-noun-9: die Voraussetzung","[context/vocabulary] flashcards[7].exampleDe: Unter der Voraussetzung, dass Aufgaben klar sind … || [context/rule] theory[2].examples[4].de: Unter der Voraussetzung klarer Aufgaben könnte die Regel funktionieren. || [context/writing] writing.modelDe: Ein vollständiges Verbot von Smartphones in Sprachkursen halte ich für zu pauschal. Zum einen können private Nachrichten und häufige App-Wechsel die Konzentration deutlich stören. Beobachtungen aus mehreren Kursen sprec…","","","","",""
"P0-98-original-1297-noun-target","b2-02-noun-1","B2","b2-02","Debatte","die","feminine","die Debatte","die Debatte","der Debatte","","Debatten","","b2-lexical-grammar-v1","[target/vocabulary] flashcards[0].frontDe: eine Debatte führen || [target/vocabulary] phrases[0].de: eine Debatte führen || [registry/vocabulary] lexicalRegistry.b2-02-noun-1: die Debatte","[context/vocabulary] flashcards[0].exampleDe: Wir führen eine sachliche Debatte. || [context/listening] listening.questions[0].options[2]: Der Arbeitsweg spielt für die Debatte keine Rolle. || [context/reading] reading.textDe: In der Debatte über die Vier-Tage-Woche treffen häufig zwei berechtigte Anliegen aufeinander. Befürworter betonen, dass kürzere Arbeitswochen Motivation, Gesundheit und Bindung an Unternehmen verbessern können. Sie verw…","","","","",""
"P0-98-original-1297-noun-target","b2-02-noun-2","B2","b2-02","Einwand","der","masculine","der Einwand","den Einwand","dem Einwand","","Einwände","","b2-lexical-grammar-v1","[registry/vocabulary] lexicalRegistry.b2-02-noun-2: der Einwand","","","","","",""
"P0-98-original-1297-noun-target","b2-02-noun-3","B2","b2-02","Gegenargument","das","neuter","das Gegenargument","das Gegenargument","dem Gegenargument","","Gegenargumente","","b2-lexical-grammar-v1","[registry/vocabulary] lexicalRegistry.b2-02-noun-3: das Gegenargument","","","","","",""
"P0-98-original-1297-noun-target","b2-02-noun-4","B2","b2-02","Kompromiss","der","masculine","der Kompromiss","den Kompromiss","dem Kompromiss","","Kompromisse","","b2-lexical-grammar-v1","[registry/vocabulary] lexicalRegistry.b2-02-noun-4: der Kompromiss","","","","","",""
"P0-98-original-1297-noun-target","b2-02-noun-5","B2","b2-02","Anliegen","das","neuter","das Anliegen","das Anliegen","dem Anliegen","","Anliegen","","b2-lexical-grammar-v1","[target/reading] reading.glossary[0].lemma: Anliegen || [registry/vocabulary] lexicalRegistry.b2-02-noun-5: das Anliegen","","","","","",""
"P0-98-original-1297-noun-target","b2-02-noun-6","B2","b2-02","Bindung","die","feminine","die Bindung","die Bindung","der Bindung","","Bindungen","","b2-lexical-grammar-v1","[target/reading] reading.glossary[1].lemma: Bindung || [registry/vocabulary] lexicalRegistry.b2-02-noun-6: die Bindung","","","","","",""
"P0-98-original-1297-noun-target","b2-02-noun-7","B2","b2-02","Hauptargument","das","neuter","das Hauptargument","das Hauptargument","dem Hauptargument","","Hauptargumente","","b2-lexical-grammar-v1","[target/vocabulary] flashcards[1].frontDe: das Hauptargument zusammenfassen || [target/vocabulary] phrases[1].de: das Hauptargument zusammenfassen || [registry/vocabulary] lexicalRegistry.b2-02-noun-7: das Hauptargument","[context/vocabulary] flashcards[1].exampleDe: Fassen Sie das Hauptargument zusammen.","","","","",""
"P0-98-original-1297-noun-target","b2-02-noun-8","B2","b2-02","Krankenstand","der","masculine","der Krankenstand","den Krankenstand","dem Krankenstand","","Krankenstände","","b2-lexical-grammar-v1","[target/reading] reading.glossary[5].lemma: Krankenstand || [registry/vocabulary] lexicalRegistry.b2-02-noun-8: der Krankenstand","","","","","",""
"P0-98-original-1297-noun-target","b2-02-noun-9","B2","b2-02","Punkt","der","masculine","der Punkt","den Punkt","dem Punkt","","Punkte","","b2-lexical-grammar-v1","[target/vocabulary] phrases[14].de: Lassen Sie mich den Punkt beenden. || [registry/vocabulary] lexicalRegistry.b2-02-noun-9: der Punkt","[context/vocabulary] flashcards[7].exampleDe: Bitte notieren Sie den Punkt; darauf gehe ich ein. || [context/errors] mistakes[3].correct: Lassen Sie mich den Punkt beenden; darauf gehe ich gleich ein.","","","","",""
"P0-98-original-1297-noun-target","b2-02-noun-10","B2","b2-02","Verkürzung","die","feminine","die Verkürzung","die Verkürzung","der Verkürzung","","Verkürzungen","","b2-lexical-grammar-v1","[target/reading] reading.glossary[4].lemma: Verkürzung || [registry/vocabulary] lexicalRegistry.b2-02-noun-10: die Verkürzung","","","","","",""
"P0-98-original-1297-noun-target","b2-03-noun-1","B2","b2-03","Arbeitsmodell","das","neuter","das Arbeitsmodell","das Arbeitsmodell","dem Arbeitsmodell","","Arbeitsmodelle","","b2-lexical-grammar-v1","[target/vocabulary] flashcards[0].frontDe: ein Arbeitsmodell || [target/vocabulary] phrases[0].de: ein Arbeitsmodell einführen || [registry/vocabulary] lexicalRegistry.b2-03-noun-1: das Arbeitsmodell","[context/vocabulary] flashcards[0].exampleDe: Wir testen ein hybrides Arbeitsmodell.","","","","",""
"P0-98-original-1297-noun-target","b2-03-noun-2","B2","b2-03","Arbeitszeit","die","feminine","die Arbeitszeit","die Arbeitszeit","der Arbeitszeit","","Arbeitszeiten","","b2-lexical-grammar-v1","[registry/vocabulary] lexicalRegistry.b2-03-noun-2: die Arbeitszeit","","","","","",""
"P0-98-original-1297-noun-target","b2-03-noun-3","B2","b2-03","Produktivität","die","feminine","die Produktivität","die Produktivität","der Produktivität","","","","b2-lexical-grammar-v1","[registry/vocabulary] lexicalRegistry.b2-03-noun-3: die Produktivität","[context/reading] reading.textDe: Ein Dienstleistungsunternehmen führte zwei feste Homeoffice-Tage pro Woche für alle Beschäftigten ein. Nach drei Monaten blieb die durchschnittliche Produktivität stabil, und viele Mitarbeitende berichteten von kürzeren…","","","","",""
"P0-98-original-1297-noun-target","b2-03-noun-4","B2","b2-03","Vereinbarkeit","die","feminine","die Vereinbarkeit","die Vereinbarkeit","der Vereinbarkeit","","","","b2-lexical-grammar-v1","[registry/vocabulary] lexicalRegistry.b2-03-noun-4: die Vereinbarkeit","","","","","",""
"P0-98-original-1297-noun-target","b2-03-noun-5","B2","b2-03","Arbeitsverdichtung","die","feminine","die Arbeitsverdichtung","die Arbeitsverdichtung","der Arbeitsverdichtung","","Arbeitsverdichtungen","","b2-lexical-grammar-v1","[target/vocabulary] flashcards[1].frontDe: die Arbeitsverdichtung || [target/vocabulary] phrases[6].de: die Arbeitsverdichtung || [registry/vocabulary] lexicalRegistry.b2-03-noun-5: die Arbeitsverdichtung","[context/pronunciation] pronunciation.items[4].de: die ARBEITSVERDICHTUNG","","","","",""
"P0-98-original-1297-noun-target","b2-03-noun-6","B2","b2-03","Ausnahme","die","feminine","die Ausnahme","die Ausnahme","der Ausnahme","","Ausnahmen","","b2-lexical-grammar-v1","[target/vocabulary] flashcards[7].frontDe: eine Ausnahme begründen || [target/vocabulary] phrases[16].de: eine Ausnahme begründen || [registry/vocabulary] lexicalRegistry.b2-03-noun-6: die Ausnahme","","","","","",""
"P0-98-original-1297-noun-target","b2-03-noun-7","B2","b2-03","Ausstattung","die","feminine","die Ausstattung","die Ausstattung","der Ausstattung","","Ausstattungen","","b2-lexical-grammar-v1","[target/vocabulary] phrases[8].de: die technische Ausstattung || [registry/vocabulary] lexicalRegistry.b2-03-noun-7: die Ausstattung","","","","","",""
"P0-98-original-1297-noun-target","b2-03-noun-8","B2","b2-03","Auswertung","die","feminine","die Auswertung","die Auswertung","der Auswertung","","Auswertungen","","b2-lexical-grammar-v1","[target/reading] reading.glossary[12].lemma: Auswertung || [registry/vocabulary] lexicalRegistry.b2-03-noun-8: die Auswertung","[context/writing] writing.modelDe: Ein hybrides Arbeitsmodell kann Wege verkürzen und konzentriertes Arbeiten erleichtern. Eine einheitliche Regel von zwei Homeoffice-Tagen wäre jedoch nicht zwangsläufig gerecht, weil sie sehr unterschiedliche Ausgangsla…","","","","",""
"P0-98-original-1297-noun-target","b2-03-noun-9","B2","b2-03","Betreuungspflicht","die","feminine","die Betreuungspflicht","die Betreuungspflicht","der Betreuungspflicht","","Betreuungspflichten","","b2-lexical-grammar-v1","[target/vocabulary] phrases[9].de: die Betreuungspflicht || [registry/vocabulary] lexicalRegistry.b2-03-noun-9: die Betreuungspflicht","","","","","",""
"P0-98-original-1297-noun-target","b2-03-noun-10","B2","b2-03","Dienstleistungsunternehmen","das","neuter","das Dienstleistungsunternehmen","das Dienstleistungsunternehmen","dem Dienstleistungsunternehmen","","Dienstleistungsunternehmen","","b2-lexical-grammar-v1","[target/reading] reading.glossary[5].lemma: Dienstleistungsunternehmen || [registry/vocabulary] lexicalRegistry.b2-03-noun-10: das Dienstleistungsunternehmen","","","","","",""
"P0-98-original-1297-noun-target","b2-03-noun-11","B2","b2-03","Erreichbarkeit","die","feminine","die Erreichbarkeit","die Erreichbarkeit","der Erreichbarkeit","","Erreichbarkeiten","","b2-lexical-grammar-v1","[target/vocabulary] phrases[5].de: die Erreichbarkeit || [registry/vocabulary] lexicalRegistry.b2-03-noun-11: die Erreichbarkeit","[context/discover] discovery.examples[0]: Das Modell funktioniert, sofern die Erreichbarkeit geklärt ist.","","","","",""
"P0-98-original-1297-noun-target","b2-03-noun-12","B2","b2-03","Kernarbeitszeit","die","feminine","die Kernarbeitszeit","die Kernarbeitszeit","der Kernarbeitszeit","","Kernarbeitszeiten","","b2-lexical-grammar-v1","[target/vocabulary] phrases[4].de: die Kernarbeitszeit || [registry/vocabulary] lexicalRegistry.b2-03-noun-12: die Kernarbeitszeit","","","","","",""
"P0-98-original-1297-noun-target","b2-03-noun-13","B2","b2-03","Leistungsstatistik","die","feminine","die Leistungsstatistik","die Leistungsstatistik","der Leistungsstatistik","","Leistungsstatistiken","","b2-lexical-grammar-v1","[target/reading] reading.glossary[8].lemma: Leistungsstatistik || [registry/vocabulary] lexicalRegistry.b2-03-noun-13: die Leistungsstatistik","[context/reading] reading.textDe: Ein Dienstleistungsunternehmen führte zwei feste Homeoffice-Tage pro Woche für alle Beschäftigten ein. Nach drei Monaten blieb die durchschnittliche Produktivität stabil, und viele Mitarbeitende berichteten von kürzeren…","","","","",""
"P0-98-original-1297-noun-target","b2-03-noun-14","B2","b2-03","Modell","das","neuter","das Modell","das Modell","dem Modell","","Modelle","","b2-lexical-grammar-v1","[target/vocabulary] flashcards[9].frontDe: ein Modell nachjustieren || [target/vocabulary] phrases[17].de: ein Modell nachjustieren || [registry/vocabulary] lexicalRegistry.b2-03-noun-14: das Modell","[context/vocabulary] flashcards[9].exampleDe: Nach dem Pilot wird das Modell nachjustiert. || [context/listening] listening.questions[2].promptDe: Unter welcher Bedingung soll das Modell weitergehen? || [context/reading] reading.questions[2].options[1]: Es führt ein rollenbasiertes Modell und breitere Messung ein.","","","","",""
"P0-98-original-1297-noun-target","b2-03-noun-15","B2","b2-03","Personalabdeckung","die","feminine","die Personalabdeckung","die Personalabdeckung","der Personalabdeckung","","Personalabdeckungen","","b2-lexical-grammar-v1","[target/vocabulary] flashcards[2].frontDe: die Personalabdeckung || [target/vocabulary] phrases[7].de: die Personalabdeckung || [registry/vocabulary] lexicalRegistry.b2-03-noun-15: die Personalabdeckung","","","","","",""
"P0-98-original-1297-noun-target","b2-03-noun-16","B2","b2-03","Voraussetzung","die","feminine","die Voraussetzung","die Voraussetzung","der Voraussetzung","","Voraussetzungen","","b2-lexical-grammar-v1","[target/vocabulary] phrases[13].de: unter der Voraussetzung, dass … || [registry/vocabulary] lexicalRegistry.b2-03-noun-16: die Voraussetzung","","","","","",""
"P0-98-original-1297-noun-target","b2-03-noun-17","B2","b2-03","Zusatzaufgabe","die","feminine","die Zusatzaufgabe","die Zusatzaufgabe","der Zusatzaufgabe","","Zusatzaufgaben","","b2-lexical-grammar-v1","[target/reading] reading.glossary[11].lemma: Zusatzaufgabe || [registry/vocabulary] lexicalRegistry.b2-03-noun-17: die Zusatzaufgabe","","","","","",""
"P0-98-original-1297-noun-target","b2-04-noun-1","B2","b2-04","Verhandlung","die","feminine","die Verhandlung","die Verhandlung","der Verhandlung","","Verhandlungen","","b2-lexical-grammar-v1","[registry/vocabulary] lexicalRegistry.b2-04-noun-1: die Verhandlung","[context/speaking] speaking.promptDe: Führen Sie drei Minuten lang eine Verhandlung: Anfrage, Grenze, zwei Optionen, Auswirkungen, Empfehlung, Entscheidung und Eskalationsweg.","","","","",""
"P0-98-original-1297-noun-target","b2-04-noun-2","B2","b2-04","Register","das","neuter","das Register","das Register","dem Register","","Register","","b2-lexical-grammar-v1","[registry/vocabulary] lexicalRegistry.b2-04-noun-2: das Register","","","","","",""
"P0-98-original-1297-noun-target","b2-04-noun-3","B2","b2-04","Formulierung","die","feminine","die Formulierung","die Formulierung","der Formulierung","","Formulierungen","","b2-lexical-grammar-v1","[registry/vocabulary] lexicalRegistry.b2-04-noun-3: die Formulierung","","","","","",""
"P0-98-original-1297-noun-target","b2-04-noun-4","B2","b2-04","Missverständnis","das","neuter","das Missverständnis","das Missverständnis","dem Missverständnis","","Missverständnisse","","b2-lexical-grammar-v1","[registry/vocabulary] lexicalRegistry.b2-04-noun-4: das Missverständnis","","","","","",""
"P0-98-original-1297-noun-target","b2-04-noun-5","B2","b2-04","Abhängigkeit","die","feminine","die Abhängigkeit","die Abhängigkeit","der Abhängigkeit","","Abhängigkeiten","","b2-lexical-grammar-v1","[target/reading] reading.glossary[5].lemma: Abhängigkeit || [registry/vocabulary] lexicalRegistry.b2-04-noun-5: die Abhängigkeit","","","","","",""
"P0-98-original-1297-noun-target","b2-04-noun-6","B2","b2-04","Alternative","die","feminine","die Alternative","die Alternative","der Alternative","","Alternativen","","b2-lexical-grammar-v1","[target/vocabulary] phrases[9].de: eine Alternative anbieten || [registry/vocabulary] lexicalRegistry.b2-04-noun-6: die Alternative","[context/controlled] exercises[5].options[3]: Wir bieten keine Alternativen an.","","","","",""
"P0-98-original-1297-noun-target","b2-04-noun-7","B2","b2-04","Einigung","die","feminine","die Einigung","die Einigung","der Einigung","","Einigungen","","b2-lexical-grammar-v1","[target/vocabulary] phrases[15].de: falls keine Einigung möglich ist || [registry/vocabulary] lexicalRegistry.b2-04-noun-7: die Einigung","[context/controlled] exercises[5].options[2]: Falls bis Dienstag keine Einigung möglich ist, legen wir beide Optionen mit Kosten und Risiken der Leitung vor. || [context/errors] mistakes[3].correct: Falls bis Dienstag keine Einigung möglich ist, legen wir beide Optionen der Leitung vor. || [context/reading] reading.textDe: Eine Kundin bat eine Agentur, eine ursprünglich für Donnerstag geplante Lieferung bereits am Montag vollständig bereitzustellen. Das Projektteam prüfte die Anfrage, statt sofort zuzusagen oder sie pauschal abzulehnen. A…","","","","",""
"P0-98-original-1297-noun-target","b2-04-noun-8","B2","b2-04","Entscheidung","die","feminine","die Entscheidung","die Entscheidung","der Entscheidung","","Entscheidungen","","b2-lexical-grammar-v1","[target/vocabulary] phrases[13].de: eine Entscheidung bestätigen || [registry/vocabulary] lexicalRegistry.b2-04-noun-8: die Entscheidung","[context/vocabulary] flashcards[9].exampleDe: Wir halten die Entscheidung schriftlich fest. || [context/pronunciation] pronunciation.items[5].de: Wir halten die Entscheidung SCHRIFTLICH fest. || [context/reading] reading.questions[2].promptDe: Was machte die Entscheidung belastbar?","","","","",""
"P0-98-original-1297-noun-target","b2-04-noun-9","B2","b2-04","Eskalationsstufe","die","feminine","die Eskalationsstufe","die Eskalationsstufe","der Eskalationsstufe","","Eskalationsstufen","","b2-lexical-grammar-v1","[target/vocabulary] flashcards[8].frontDe: eine Eskalationsstufe || [target/vocabulary] phrases[14].de: eine Eskalationsstufe || [registry/vocabulary] lexicalRegistry.b2-04-noun-9: die Eskalationsstufe","","","","","",""
"P0-98-original-1297-noun-target","b2-04-noun-10","B2","b2-04","Frist","die","feminine","die Frist","die Frist","der Frist","","Fristen","","b2-lexical-grammar-v1","[target/vocabulary] flashcards[0].frontDe: hinsichtlich der Frist || [target/vocabulary] phrases[0].de: hinsichtlich der Frist || [target/vocabulary] phrases[12].de: eine Frist verschieben || [registry/vocabulary] lexicalRegistry.b2-04-noun-10: die Frist","[context/discover] discovery.examples[0]: hinsichtlich der Frist = Thema || [context/discover] discovery.examples[1]: angesichts der verkürzten Frist = Grund/Lage || [context/entry] entry.dialogue[1].de: Angesichts der verkürzten Frist können wir den vollständigen Umfang nicht bei gleicher Qualität garantieren.","","","","",""
"P0-98-original-1297-noun-target","b2-04-noun-11","B2","b2-04","Kapazitätsgrenze","die","feminine","die Kapazitätsgrenze","die Kapazitätsgrenze","der Kapazitätsgrenze","","Kapazitätsgrenzen","","b2-lexical-grammar-v1","[target/vocabulary] phrases[5].de: die Kapazitätsgrenze || [registry/vocabulary] lexicalRegistry.b2-04-noun-11: die Kapazitätsgrenze","","","","","",""
"P0-98-original-1297-noun-target","b2-04-noun-12","B2","b2-04","Kernumfang","der","masculine","der Kernumfang","den Kernumfang","dem Kernumfang","","Kernumfänge","","b2-lexical-grammar-v1","[target/vocabulary] flashcards[6].frontDe: den Kernumfang liefern || [target/vocabulary] phrases[10].de: den Kernumfang liefern || [registry/vocabulary] lexicalRegistry.b2-04-noun-12: der Kernumfang","[context/entry] entry.dialogue[3].de: Unter Berücksichtigung Ihrer Prioritäten könnten wir entweder den Kernumfang am Montag und den Rest am Donnerstag liefern oder den Gesamtumfang reduzieren. || [context/controlled] exercises[3].acceptedAnswers[0]: Angesichts der Frist liefern wir den Kernumfang am Montag || [context/controlled] exercises[3].acceptedAnswers[1]: Wegen der Frist liefern wir den Kernumfang am Montag","","","","",""
"P0-98-original-1297-noun-target","b2-04-noun-13","B2","b2-04","Lage","die","feminine","die Lage","die Lage","der Lage","","Lagen","","b2-lexical-grammar-v1","[target/vocabulary] flashcards[1].frontDe: angesichts der Lage || [target/vocabulary] phrases[1].de: angesichts der aktuellen Lage || [registry/vocabulary] lexicalRegistry.b2-04-noun-13: die Lage","[context/vocabulary] flashcards[1].exampleDe: Angesichts der Lage müssen wir priorisieren.","","","","",""
"P0-98-original-1297-noun-target","b2-04-noun-14","B2","b2-04","Leistungsumfang","der","masculine","der Leistungsumfang","den Leistungsumfang","dem Leistungsumfang","","Leistungsumfänge","","b2-lexical-grammar-v1","[target/vocabulary] flashcards[4].frontDe: der Leistungsumfang || [target/vocabulary] phrases[4].de: der Leistungsumfang || [registry/vocabulary] lexicalRegistry.b2-04-noun-14: der Leistungsumfang","[context/writing] writing.modelDe: Sehr geehrte Frau Keller, hinsichtlich Ihrer Anfrage, die vollständige Lieferung bereits am Montag bereitzustellen, haben wir Umfang, Kapazität und Qualitätssicherung geprüft. Angesichts der verkürzten Frist können wir …","","","","",""
"P0-98-original-1297-noun-target","b2-04-noun-15","B2","b2-04","Priorität","die","feminine","die Priorität","die Priorität","der Priorität","","Prioritäten","","b2-lexical-grammar-v1","[target/vocabulary] phrases[6].de: eine Priorität klären || [registry/vocabulary] lexicalRegistry.b2-04-noun-15: die Priorität","[context/discover] discovery.examples[2]: unter Berücksichtigung der Prioritäten = Abwägung || [context/reading] reading.textDe: Eine Kundin bat eine Agentur, eine ursprünglich für Donnerstag geplante Lieferung bereits am Montag vollständig bereitzustellen. Das Projektteam prüfte die Anfrage, statt sofort zuzusagen oder sie pauschal abzulehnen. A… || [context/rule] theory[2].examples[3].de: Bitte bestätigen Sie die Priorität bis Dienstag.","","","","",""
"P0-98-original-1297-noun-target","b2-04-noun-16","B2","b2-04","Prüfkriterium","das","neuter","das Prüfkriterium","das Prüfkriterium","dem Prüfkriterium","","Prüfkriterien","","b2-lexical-grammar-v1","[target/reading] reading.glossary[7].lemma: Prüfkriterium || [registry/vocabulary] lexicalRegistry.b2-04-noun-16: das Prüfkriterium","","","","","",""
"P0-98-original-1297-noun-target","b2-04-noun-17","B2","b2-04","Umfang","der","masculine","der Umfang","den Umfang","dem Umfang","","Umfänge","","b2-lexical-grammar-v1","[target/vocabulary] phrases[11].de: den Umfang reduzieren || [registry/vocabulary] lexicalRegistry.b2-04-noun-17: der Umfang","[context/entry] entry.dialogue[1].de: Angesichts der verkürzten Frist können wir den vollständigen Umfang nicht bei gleicher Qualität garantieren. || [context/reading] reading.textDe: Eine Kundin bat eine Agentur, eine ursprünglich für Donnerstag geplante Lieferung bereits am Montag vollständig bereitzustellen. Das Projektteam prüfte die Anfrage, statt sofort zuzusagen oder sie pauschal abzulehnen. A… || [context/rule] theory[2].examples[1].de: Option B reduziert den Umfang.","","","","",""
"P0-98-original-1297-noun-target","b2-04-noun-18","B2","b2-04","Zusage","die","feminine","die Zusage","die Zusage","der Zusage","","Zusagen","","b2-lexical-grammar-v1","[target/vocabulary] flashcards[5].frontDe: eine belastbare Zusage || [target/vocabulary] phrases[8].de: eine belastbare Zusage || [target/reading] reading.glossary[0].lemma: Zusage || [registry/vocabulary] lexicalRegistry.b2-04-noun-18: die Zusage","[context/vocabulary] flashcards[5].exampleDe: Dafür ist keine belastbare Zusage möglich. || [context/reading] reading.questions[0].promptDe: Warum war eine vollständige Zusage problematisch? || [context/rule] theory[1].examples[5].de: Ohne Priorisierung ist keine belastbare Zusage möglich.","","","","",""
"P0-98-original-1297-noun-target","b2-05-noun-1","B2","b2-05","Datensatz","der","masculine","der Datensatz","den Datensatz","dem Datensatz","","Datensätze","","b2-lexical-grammar-v1","[registry/vocabulary] lexicalRegistry.b2-05-noun-1: der Datensatz","","","","","",""
"P0-98-original-1297-noun-target","b2-05-noun-2","B2","b2-05","Durchschnitt","der","masculine","der Durchschnitt","den Durchschnitt","dem Durchschnitt","","Durchschnitte","","b2-lexical-grammar-v1","[registry/vocabulary] lexicalRegistry.b2-05-noun-2: der Durchschnitt","","","","","",""
"P0-98-original-1297-noun-target","b2-05-noun-3","B2","b2-05","Anteil","der","masculine","der Anteil","den Anteil","dem Anteil","","Anteile","","b2-lexical-grammar-v1","[target/vocabulary] phrases[4].de: einen Anteil ausmachen || [registry/vocabulary] lexicalRegistry.b2-05-noun-3: der Anteil","[context/discover] discovery.examples[1]: Relativ sank der Anteil um 25 Prozent.","","","","",""
"P0-98-original-1297-noun-target","b2-05-noun-4","B2","b2-05","Tendenz","die","feminine","die Tendenz","die Tendenz","der Tendenz","","Tendenzen","","b2-lexical-grammar-v1","[registry/vocabulary] lexicalRegistry.b2-05-noun-4: die Tendenz","","","","","",""
"P0-98-original-1297-noun-target","b2-05-noun-5","B2","b2-05","Ausgangswert","der","masculine","der Ausgangswert","den Ausgangswert","dem Ausgangswert","","Ausgangswerte","","b2-lexical-grammar-v1","[target/vocabulary] flashcards[0].frontDe: der Ausgangswert || [target/vocabulary] phrases[0].de: der Ausgangswert || [registry/vocabulary] lexicalRegistry.b2-05-noun-5: der Ausgangswert","[context/listening] listening.questions[2].options[1]: Nur die relative Zahl veröffentlichen und den Ausgangswert weglassen.","","","","",""
"P0-98-original-1297-noun-target","b2-05-noun-6","B2","b2-05","Aussagekraft","die","feminine","die Aussagekraft","die Aussagekraft","der Aussagekraft","","Aussagekräfte","","b2-lexical-grammar-v1","[target/vocabulary] flashcards[8].frontDe: die Aussagekraft || [target/vocabulary] phrases[17].de: die Aussagekraft begrenzen || [target/reading] reading.glossary[2].lemma: Aussagekraft || [registry/vocabulary] lexicalRegistry.b2-05-noun-6: die Aussagekraft","[context/vocabulary] flashcards[8].exampleDe: Die kleine Stichprobe begrenzt die Aussagekraft. || [context/reading] reading.textDe: Ein Weiterbildungszentrum testete acht Wochen lang eine freiwillige Lernbegleitung. Von 240 eingeladenen Personen nahmen 96 teil; 48 nutzten die Begleitung regelmäßig, 48 nur selten. Bei den regelmäßigen Nutzern stieg d… || [context/writing] writing.modelDe: Die Ergebnisse zeigen einen positiven, aber begrenzt interpretierbaren Trend. Bei regelmäßigen Nutzern stieg der Mittelwert von 62 auf 71 Punkte, also um neun Punkte. In der Vergleichsgruppe betrug der Zuwachs drei Punk…","","","","",""
"P0-98-original-1297-noun-target","b2-05-noun-7","B2","b2-05","Lernbegleitung","die","feminine","die Lernbegleitung","die Lernbegleitung","der Lernbegleitung","","Lernbegleitungen","","b2-lexical-grammar-v1","[target/reading] reading.glossary[0].lemma: Lernbegleitung || [registry/vocabulary] lexicalRegistry.b2-05-noun-7: die Lernbegleitung","[context/reading] reading.textDe: Ein Weiterbildungszentrum testete acht Wochen lang eine freiwillige Lernbegleitung. Von 240 eingeladenen Personen nahmen 96 teil; 48 nutzten die Begleitung regelmäßig, 48 nur selten. Bei den regelmäßigen Nutzern stieg d…","","","","",""
"P0-98-original-1297-noun-target","b2-05-noun-8","B2","b2-05","Nachweis","der","masculine","der Nachweis","den Nachweis","dem Nachweis","","Nachweise","","b2-lexical-grammar-v1","[target/reading] reading.glossary[6].lemma: Nachweis || [registry/vocabulary] lexicalRegistry.b2-05-noun-8: der Nachweis","[context/reading] reading.textDe: Ein Weiterbildungszentrum testete acht Wochen lang eine freiwillige Lernbegleitung. Von 240 eingeladenen Personen nahmen 96 teil; 48 nutzten die Begleitung regelmäßig, 48 nur selten. Bei den regelmäßigen Nutzern stieg d…","","","","",""
"P0-98-original-1297-noun-target","b2-05-noun-9","B2","b2-05","Prozentpunkt","der","masculine","der Prozentpunkt","den Prozentpunkt","dem Prozentpunkt","","Prozentpunkte","","b2-lexical-grammar-v1","[target/vocabulary] flashcards[1].frontDe: der Prozentpunkt || [registry/vocabulary] lexicalRegistry.b2-05-noun-9: der Prozentpunkt","","","","","",""
"P0-98-original-1297-noun-target","b2-05-noun-10","B2","b2-05","Stichprobe","die","feminine","die Stichprobe","die Stichprobe","der Stichprobe","","Stichproben","","b2-lexical-grammar-v1","[target/vocabulary] flashcards[4].frontDe: eine Stichprobe umfassen || [target/vocabulary] phrases[8].de: eine Stichprobe umfassen || [registry/vocabulary] lexicalRegistry.b2-05-noun-10: die Stichprobe","[context/reading] reading.textDe: Ein Weiterbildungszentrum testete acht Wochen lang eine freiwillige Lernbegleitung. Von 240 eingeladenen Personen nahmen 96 teil; 48 nutzten die Begleitung regelmäßig, 48 nur selten. Bei den regelmäßigen Nutzern stieg d…","","","","",""
"P0-98-original-1297-noun-target","b2-05-noun-11","B2","b2-05","Übertragbarkeit","die","feminine","die Übertragbarkeit","die Übertragbarkeit","der Übertragbarkeit","","Übertragbarkeiten","","b2-lexical-grammar-v1","[target/reading] reading.glossary[5].lemma: Übertragbarkeit || [registry/vocabulary] lexicalRegistry.b2-05-noun-11: die Übertragbarkeit","[context/errors] mistakes[3].correct: Die freiwillige Stichprobe begrenzt die Übertragbarkeit. || [context/reading] reading.textDe: Ein Weiterbildungszentrum testete acht Wochen lang eine freiwillige Lernbegleitung. Von 240 eingeladenen Personen nahmen 96 teil; 48 nutzten die Begleitung regelmäßig, 48 nur selten. Bei den regelmäßigen Nutzern stieg d…","","","","",""
"P0-98-original-1297-noun-target","b2-05-noun-12","B2","b2-05","Unsicherheit","die","feminine","die Unsicherheit","die Unsicherheit","der Unsicherheit","","Unsicherheiten","","b2-lexical-grammar-v1","[target/vocabulary] phrases[16].de: die Unsicherheit berücksichtigen || [registry/vocabulary] lexicalRegistry.b2-05-noun-12: die Unsicherheit","","","","","",""
"P0-98-original-1297-noun-target","b2-05-noun-13","B2","b2-05","Ursache","die","feminine","die Ursache","die Ursache","der Ursache","","Ursachen","","b2-lexical-grammar-v1","[target/vocabulary] phrases[14].de: eine Ursache nachweisen || [registry/vocabulary] lexicalRegistry.b2-05-noun-13: die Ursache","[context/controlled] exercises[1].template: Daraus lässt sich nicht ___, dass das Programm die Ursache ist. || [context/test] miniTest[1].options[3]: X ist die einzige Ursache. || [context/errors] mistakes[1].correct: X ging mit Y einher; eine Ursache ist damit nicht nachgewiesen.","","","","",""
"P0-98-original-1297-noun-target","b2-05-noun-14","B2","b2-05","Veränderung","die","feminine","die Veränderung","die Veränderung","der Veränderung","","Veränderungen","","b2-lexical-grammar-v1","[target/vocabulary] flashcards[2].frontDe: die relative Veränderung || [registry/vocabulary] lexicalRegistry.b2-05-noun-14: die Veränderung","[context/entry] entry.dialogue[4].de: Das Ergebnis ist interessant. Daraus lässt sich jedoch noch nicht schließen, dass allein das Programm die Veränderung verursacht hat. || [context/controlled] exercises[0].options[2]: plus fünf Prozent und relativ keine Veränderung || [context/listening] listening.questions[0].promptDe: Wie groß war die absolute Veränderung?","","","","",""
"P0-98-original-1297-noun-target","b2-05-noun-15","B2","b2-05","Zusammenhang","der","masculine","der Zusammenhang","den Zusammenhang","dem Zusammenhang","","Zusammenhänge","","b2-lexical-grammar-v1","[target/vocabulary] flashcards[6].frontDe: ein Zusammenhang || [target/vocabulary] phrases[12].de: ein Zusammenhang besteht || [registry/vocabulary] lexicalRegistry.b2-05-noun-15: der Zusammenhang","[context/controlled] exercises[5].options[0]: In dieser Stichprobe zeigen die Daten einen Zusammenhang, aber keinen Beweis. || [context/vocabulary] flashcards[6].exampleDe: Zwischen den Variablen bestand ein Zusammenhang. || [context/test] miniTest[4].options[0]: Die Daten zeigen in dieser freiwilligen Stichprobe einen Zusammenhang.","","","","",""
"P0-98-original-1297-noun-target","b2-05-noun-16","B2","b2-05","Zuwachs","der","masculine","der Zuwachs","den Zuwachs","dem Zuwachs","","Zuwächse","","b2-lexical-grammar-v1","[target/reading] reading.glossary[7].lemma: Zuwachs || [registry/vocabulary] lexicalRegistry.b2-05-noun-16: der Zuwachs","[context/vocabulary] flashcards[3].exampleDe: Im Vergleich zur Kontrollgruppe war der Zuwachs höher. || [context/reading] reading.textDe: Ein Weiterbildungszentrum testete acht Wochen lang eine freiwillige Lernbegleitung. Von 240 eingeladenen Personen nahmen 96 teil; 48 nutzten die Begleitung regelmäßig, 48 nur selten. Bei den regelmäßigen Nutzern stieg d… || [context/writing] writing.modelDe: Die Ergebnisse zeigen einen positiven, aber begrenzt interpretierbaren Trend. Bei regelmäßigen Nutzern stieg der Mittelwert von 62 auf 71 Punkte, also um neun Punkte. In der Vergleichsgruppe betrug der Zuwachs drei Punk…","","","","",""
"P0-98-original-1297-noun-target","b2-06-noun-1","B2","b2-06","Forschung","die","feminine","die Forschung","die Forschung","der Forschung","","Forschungen","","b2-lexical-grammar-v1","[registry/vocabulary] lexicalRegistry.b2-06-noun-1: die Forschung","","","","","",""
"P0-98-original-1297-noun-target","b2-06-noun-2","B2","b2-06","Studie","die","feminine","die Studie","die Studie","der Studie","","Studien","","b2-lexical-grammar-v1","[registry/vocabulary] lexicalRegistry.b2-06-noun-2: die Studie","","","","","",""
"P0-98-original-1297-noun-target","b2-06-noun-3","B2","b2-06","Ergebnis","das","neuter","das Ergebnis","das Ergebnis","dem Ergebnis","","Ergebnisse","","b2-lexical-grammar-v1","[target/vocabulary] phrases[14].de: das zentrale Ergebnis || [registry/vocabulary] lexicalRegistry.b2-06-noun-3: das Ergebnis","[context/vocabulary] flashcards[0].exampleDe: Wir erklären das Ergebnis adressatengerecht. || [context/reading] reading.textDe: Eine Hochschule untersuchte, wie stark sich beschattete und unbeschattete Straßenoberflächen an heißen Tagen erwärmen. Der interne Bericht begann mit dem Satz: „Die Erfassung thermischer Oberflächenunterschiede erfolgte…","","","","",""
"P0-98-original-1297-noun-target","b2-06-noun-4","B2","b2-06","Öffentlichkeit","die","feminine","die Öffentlichkeit","die Öffentlichkeit","der Öffentlichkeit","","","","b2-lexical-grammar-v1","[registry/vocabulary] lexicalRegistry.b2-06-noun-4: die Öffentlichkeit","[context/entry] entry.dialogue[1].de: Für die Öffentlichkeit würde ich zuerst sagen: Satelliten haben gemessen, wie warm Dächer und Straßenoberflächen waren.","","","","",""
"P0-98-original-1297-noun-target","b2-06-noun-5","B2","b2-06","Bodenmaterial","das","neuter","das Bodenmaterial","das Bodenmaterial","dem Bodenmaterial","","Bodenmaterialien","","b2-lexical-grammar-v1","[target/reading] reading.glossary[18].lemma: Bodenmaterial || [registry/vocabulary] lexicalRegistry.b2-06-noun-5: das Bodenmaterial","","","","","",""
"P0-98-original-1297-noun-target","b2-06-noun-6","B2","b2-06","Fachbericht","der","masculine","der Fachbericht","den Fachbericht","dem Fachbericht","","Fachberichte","","b2-lexical-grammar-v1","[target/reading] reading.glossary[27].lemma: Fachbericht || [registry/vocabulary] lexicalRegistry.b2-06-noun-6: der Fachbericht","[context/reading] reading.textDe: Eine Hochschule untersuchte, wie stark sich beschattete und unbeschattete Straßenoberflächen an heißen Tagen erwärmen. Der interne Bericht begann mit dem Satz: „Die Erfassung thermischer Oberflächenunterschiede erfolgte…","","","","",""
"P0-98-original-1297-noun-target","b2-06-noun-7","B2","b2-06","Fassung","die","feminine","die Fassung","die Fassung","der Fassung","","Fassungen","","b2-lexical-grammar-v1","[target/reading] reading.glossary[26].lemma: Fassung || [registry/vocabulary] lexicalRegistry.b2-06-noun-7: die Fassung","","","","","",""
"P0-98-original-1297-noun-target","b2-06-noun-8","B2","b2-06","Lufttemperatur","die","feminine","die Lufttemperatur","die Lufttemperatur","der Lufttemperatur","","Lufttemperaturen","","b2-lexical-grammar-v1","[target/reading] reading.glossary[28].lemma: Lufttemperatur || [registry/vocabulary] lexicalRegistry.b2-06-noun-8: die Lufttemperatur","[context/reading] reading.textDe: Eine Hochschule untersuchte, wie stark sich beschattete und unbeschattete Straßenoberflächen an heißen Tagen erwärmen. Der interne Bericht begann mit dem Satz: „Die Erfassung thermischer Oberflächenunterschiede erfolgte… || [context/rule] theory[2].examples[2].de: Dabei wurde nicht die Lufttemperatur gemessen. || [context/writing] writing.modelDe: Wie stark erwärmen sich Straßen mit und ohne Schatten? Diese Frage untersuchte ein Hochschulteam an 24 Orten. Es nutzte mobile Sensoren und Fernerkundung. Unter Fernerkundung versteht man, Informationen aus der Entfernu…","","","","",""
"P0-98-original-1297-noun-target","b2-06-noun-9","B2","b2-06","Mittel","das","neuter","das Mittel","das Mittel","dem Mittel","","Mittel","","b2-lexical-grammar-v1","[target/reading] reading.glossary[16].lemma: Mittel || [registry/vocabulary] lexicalRegistry.b2-06-noun-9: das Mittel","","","","","",""
"P0-98-original-1297-noun-target","b2-06-noun-10","B2","b2-06","Oberflächentemperatur","die","feminine","die Oberflächentemperatur","die Oberflächentemperatur","der Oberflächentemperatur","","Oberflächentemperaturen","","b2-lexical-grammar-v1","[target/reading] reading.glossary[29].lemma: Oberflächentemperatur || [registry/vocabulary] lexicalRegistry.b2-06-noun-10: die Oberflächentemperatur","[context/entry] entry.dialogue[0].de: Die Ermittlung der Oberflächentemperatur erfolgte mittels satellitengestützter Fernerkundung. || [context/reading] reading.textDe: Eine Hochschule untersuchte, wie stark sich beschattete und unbeschattete Straßenoberflächen an heißen Tagen erwärmen. Der interne Bericht begann mit dem Satz: „Die Erfassung thermischer Oberflächenunterschiede erfolgte… || [context/writing] writing.modelDe: Wie stark erwärmen sich Straßen mit und ohne Schatten? Diese Frage untersuchte ein Hochschulteam an 24 Orten. Es nutzte mobile Sensoren und Fernerkundung. Unter Fernerkundung versteht man, Informationen aus der Entfernu…","","","","",""
"P0-98-original-1297-noun-target","b2-06-noun-11","B2","b2-06","Satellitenbild","das","neuter","das Satellitenbild","das Satellitenbild","dem Satellitenbild","","Satellitenbilder","","b2-lexical-grammar-v1","[target/reading] reading.glossary[12].lemma: Satellitenbild || [registry/vocabulary] lexicalRegistry.b2-06-noun-11: das Satellitenbild","","","","","",""
"P0-98-original-1297-noun-target","b2-06-noun-12","B2","b2-06","Schattenmaßnahme","die","feminine","die Schattenmaßnahme","die Schattenmaßnahme","der Schattenmaßnahme","","Schattenmaßnahmen","","b2-lexical-grammar-v1","[target/reading] reading.glossary[30].lemma: Schattenmaßnahme || [registry/vocabulary] lexicalRegistry.b2-06-noun-12: die Schattenmaßnahme","","","","","",""
"P0-98-original-1297-noun-target","b2-06-noun-13","B2","b2-06","Veranstaltung","die","feminine","die Veranstaltung","die Veranstaltung","der Veranstaltung","","Veranstaltungen","","b2-lexical-grammar-v1","[target/reading] reading.glossary[31].lemma: Veranstaltung || [registry/vocabulary] lexicalRegistry.b2-06-noun-13: die Veranstaltung","[context/reading] reading.textDe: Eine Hochschule untersuchte, wie stark sich beschattete und unbeschattete Straßenoberflächen an heißen Tagen erwärmen. Der interne Bericht begann mit dem Satz: „Die Erfassung thermischer Oberflächenunterschiede erfolgte…","","","","",""
"P0-98-original-1297-noun-target","b2-06-noun-14","B2","b2-06","Verkehr","der","masculine","der Verkehr","den Verkehr","dem Verkehr","","","","b2-lexical-grammar-v1","[target/reading] reading.glossary[19].lemma: Verkehr || [registry/vocabulary] lexicalRegistry.b2-06-noun-14: der Verkehr","[context/listening] listening.transcriptDe: Moderatorin: In Ihrem Projekt messen Bürgerinnen und Bürger Feinstaub. Was ist das genau? — Forscher: Feinstaub nennt man sehr kleine Teilchen in der Luft. Unsere Geräte erfassen einen Teil davon als PM2,5; die Zahl bez…","","","","",""
"P0-98-original-1297-noun-target","b2-06-noun-15","B2","b2-06","Zeitraum","der","masculine","der Zeitraum","den Zeitraum","dem Zeitraum","","Zeiträume","","b2-lexical-grammar-v1","[target/reading] reading.glossary[21].lemma: Zeitraum || [registry/vocabulary] lexicalRegistry.b2-06-noun-15: der Zeitraum","","","","","",""
"P0-98-original-1297-noun-target","b2-06-noun-16","B2","b2-06","Beispiel","das","neuter","das Beispiel","das Beispiel","dem Beispiel","","Beispiele","","b2-lexical-grammar-v1","[target/vocabulary] phrases[4].de: ein anschauliches Beispiel || [registry/vocabulary] lexicalRegistry.b2-06-noun-16: das Beispiel","[context/entry] entry.dialogue[3].de: Dann erkläre ich den Fachbegriff, gebe ein Beispiel und nenne anschließend diese Grenze.","","","","",""
"P0-98-original-1297-noun-target","b2-06-noun-17","B2","b2-06","Einschränkung","die","feminine","die Einschränkung","die Einschränkung","der Einschränkung","","Einschränkungen","","b2-lexical-grammar-v1","[target/vocabulary] flashcards[7].frontDe: eine Einschränkung || [target/vocabulary] phrases[15].de: eine Einschränkung nennen || [target/reading] reading.glossary[5].lemma: Einschränkung || [registry/vocabulary] lexicalRegistry.b2-06-noun-17: die Einschränkung","","","","","",""
"P0-98-original-1297-noun-target","b2-06-noun-18","B2","b2-06","Erfassung","die","feminine","die Erfassung","die Erfassung","der Erfassung","","Erfassungen","","b2-lexical-grammar-v1","[target/reading] reading.glossary[1].lemma: Erfassung || [registry/vocabulary] lexicalRegistry.b2-06-noun-18: die Erfassung","","","","","",""
"P0-98-original-1297-noun-target","b2-06-noun-19","B2","b2-06","Fachbegriff","der","masculine","der Fachbegriff","den Fachbegriff","dem Fachbegriff","","Fachbegriffe","","b2-lexical-grammar-v1","[target/vocabulary] flashcards[1].frontDe: einen Fachbegriff definieren || [target/vocabulary] phrases[0].de: einen Fachbegriff definieren || [registry/vocabulary] lexicalRegistry.b2-06-noun-19: der Fachbegriff","[context/entry] entry.dialogue[3].de: Dann erkläre ich den Fachbegriff, gebe ein Beispiel und nenne anschließend diese Grenze. || [context/vocabulary] flashcards[1].exampleDe: Definieren Sie den Fachbegriff kurz. || [context/reading] reading.questions[0].promptDe: Wie wurde der Fachbegriff erklärt?","","","","",""
"P0-98-original-1297-noun-target","b2-06-noun-20","B2","b2-06","Fernerkundung","die","feminine","die Fernerkundung","die Fernerkundung","der Fernerkundung","","Fernerkundungen","","b2-lexical-grammar-v1","[target/reading] reading.glossary[3].lemma: Fernerkundung || [registry/vocabulary] lexicalRegistry.b2-06-noun-20: die Fernerkundung","[context/pronunciation] pronunciation.items[0].de: die FERNERKUNDUNG","","","","",""
"P0-98-original-1297-noun-target","b2-06-noun-21","B2","b2-06","Messung","die","feminine","die Messung","die Messung","der Messung","","Messungen","","b2-lexical-grammar-v1","[target/vocabulary] phrases[10].de: eine Messung durchführen || [registry/vocabulary] lexicalRegistry.b2-06-noun-21: die Messung","[context/controlled] exercises[5].options[0]: Beschattete Oberflächen waren in den Messungen kühler, wobei nur drei Sommertage untersucht wurden. || [context/listening] listening.questions[1].promptDe: Welche Faktoren können die Messung beeinflussen? || [context/listening] listening.transcriptDe: Moderatorin: In Ihrem Projekt messen Bürgerinnen und Bürger Feinstaub. Was ist das genau? — Forscher: Feinstaub nennt man sehr kleine Teilchen in der Luft. Unsere Geräte erfassen einen Teil davon als PM2,5; die Zahl bez…","","","","",""
"P0-98-original-1297-noun-target","b2-06-noun-22","B2","b2-06","Methode","die","feminine","die Methode","die Methode","der Methode","","Methoden","","b2-lexical-grammar-v1","[target/vocabulary] phrases[13].de: die Methode || [registry/vocabulary] lexicalRegistry.b2-06-noun-22: die Methode","","","","","",""
"P0-98-original-1297-noun-target","b2-06-noun-23","B2","b2-06","Oberfläche","die","feminine","die Oberfläche","die Oberfläche","der Oberfläche","","Oberflächen","","b2-lexical-grammar-v1","[target/reading] reading.glossary[0].lemma: Oberfläche || [registry/vocabulary] lexicalRegistry.b2-06-noun-23: die Oberfläche","[context/controlled] exercises[1].template: Die Flächen waren kühler, ___ nur die Oberfläche gemessen wurde. || [context/rule] theory[1].examples[4].de: Dabei misst man die Oberfläche, nicht die Luft. || [context/writing] writing.modelDe: Wie stark erwärmen sich Straßen mit und ohne Schatten? Diese Frage untersuchte ein Hochschulteam an 24 Orten. Es nutzte mobile Sensoren und Fernerkundung. Unter Fernerkundung versteht man, Informationen aus der Entfernu…","","","","",""
"P0-98-original-1297-noun-target","b2-06-noun-24","B2","b2-06","Sensorik","die","feminine","die Sensorik","die Sensorik","der Sensorik","","","","b2-lexical-grammar-v1","[target/reading] reading.glossary[2].lemma: Sensorik || [registry/vocabulary] lexicalRegistry.b2-06-noun-24: die Sensorik","","","","","",""
"P0-98-original-1297-noun-target","b2-06-noun-25","B2","b2-06","Umbau","der","masculine","der Umbau","den Umbau","dem Umbau","","Umbauten","","b2-lexical-grammar-v1","[target/reading] reading.glossary[7].lemma: Umbau || [registry/vocabulary] lexicalRegistry.b2-06-noun-25: der Umbau","","","","","",""
"P0-98-original-1297-noun-target","b2-07-noun-1","B2","b2-07","Teilhabe","die","feminine","die Teilhabe","die Teilhabe","der Teilhabe","","","","b2-lexical-grammar-v1","[registry/vocabulary] lexicalRegistry.b2-07-noun-1: die Teilhabe","","","","","",""
"P0-98-original-1297-noun-target","b2-07-noun-2","B2","b2-07","Zugang","der","masculine","der Zugang","den Zugang","dem Zugang","","Zugänge","","b2-lexical-grammar-v1","[registry/vocabulary] lexicalRegistry.b2-07-noun-2: der Zugang","[context/discover] discovery.examples[1]: Die Stadt erweitert den Zugang, indem sie digitale und analoge Wege kombiniert. || [context/controlled] exercises[3].acceptedAnswers[0]: Die Stadt verbessert den Zugang, indem sie mehrere Termine anbietet || [context/controlled] exercises[3].sentence: Die Stadt verbessert den Zugang, indem sie bietet mehrere Termine an.","","","","",""
"P0-98-original-1297-noun-target","b2-07-noun-3","B2","b2-07","Barriere","die","feminine","die Barriere","die Barriere","der Barriere","","Barrieren","","b2-lexical-grammar-v1","[target/vocabulary] flashcards[1].frontDe: eine Barriere abbauen || [target/vocabulary] phrases[2].de: eine Barriere abbauen || [registry/vocabulary] lexicalRegistry.b2-07-noun-3: die Barriere","[context/vocabulary] flashcards[1].exampleDe: Mehrere Termine bauen eine zeitliche Barriere ab. || [context/speaking] speaking.usefulPhrases[1]: Wir bauen die Barriere ab, indem …","","","","",""
"P0-98-original-1297-noun-target","b2-07-noun-4","B2","b2-07","Maßnahme","die","feminine","die Maßnahme","die Maßnahme","der Maßnahme","","Maßnahmen","","b2-lexical-grammar-v1","[registry/vocabulary] lexicalRegistry.b2-07-noun-4: die Maßnahme","[context/writing] writing.modelDe: Die bisherige Abendveranstaltung erreicht vor allem ältere Personen aus der direkten Umgebung. Eltern kleiner Kinder, Menschen mit Schichtarbeit, Jugendliche und Personen mit Mobilitätseinschränkungen sind dagegen kaum …","","","","",""
"P0-98-original-1297-noun-target","b2-07-noun-5","B2","b2-07","Anhörung","die","feminine","die Anhörung","die Anhörung","der Anhörung","","Anhörungen","","b2-lexical-grammar-v1","[target/vocabulary] flashcards[3].frontDe: eine Anhörung || [target/vocabulary] phrases[7].de: eine Anhörung durchführen || [registry/vocabulary] lexicalRegistry.b2-07-noun-5: die Anhörung","","","","","",""
"P0-98-original-1297-noun-target","b2-07-noun-6","B2","b2-07","Beteiligungskreislauf","der","masculine","der Beteiligungskreislauf","den Beteiligungskreislauf","dem Beteiligungskreislauf","","Beteiligungskreisläufe","","b2-lexical-grammar-v1","[target/vocabulary] phrases[17].de: einen Beteiligungskreislauf schließen || [registry/vocabulary] lexicalRegistry.b2-07-noun-6: der Beteiligungskreislauf","[context/reading] reading.questions[2].promptDe: Wie wurde der Beteiligungskreislauf geschlossen?","","","","",""
"P0-98-original-1297-noun-target","b2-07-noun-7","B2","b2-07","Betreuungspflicht","die","feminine","die Betreuungspflicht","die Betreuungspflicht","der Betreuungspflicht","","Betreuungspflichten","","b2-lexical-grammar-v1","[target/reading] reading.glossary[2].lemma: Betreuungspflicht || [registry/vocabulary] lexicalRegistry.b2-07-noun-7: die Betreuungspflicht","","","","","",""
"P0-98-original-1297-noun-target","b2-07-noun-8","B2","b2-07","Rückmeldung","die","feminine","die Rückmeldung","die Rückmeldung","der Rückmeldung","","Rückmeldungen","","b2-lexical-grammar-v1","[target/vocabulary] flashcards[9].frontDe: eine Rückmeldung begründen || [target/vocabulary] phrases[14].de: eine Rückmeldung begründen || [registry/vocabulary] lexicalRegistry.b2-07-noun-8: die Rückmeldung","[context/reading] reading.textDe: Ein Bezirk wollte einen leerstehenden Pavillon in ein Nachbarschaftszentrum umwandeln. Zunächst organisierte die Verwaltung eine öffentliche Abendveranstaltung. 74 Personen kamen, überwiegend Menschen über fünfzig aus d…","","","","",""
"P0-98-original-1297-noun-target","b2-07-noun-9","B2","b2-07","Sitzung","die","feminine","die Sitzung","die Sitzung","der Sitzung","","Sitzungen","","b2-lexical-grammar-v1","[target/vocabulary] phrases[6].de: zu einer Sitzung einladen || [registry/vocabulary] lexicalRegistry.b2-07-noun-9: die Sitzung","[context/writing] writing.modelDe: Die bisherige Abendveranstaltung erreicht vor allem ältere Personen aus der direkten Umgebung. Eltern kleiner Kinder, Menschen mit Schichtarbeit, Jugendliche und Personen mit Mobilitätseinschränkungen sind dagegen kaum …","","","","",""
"P0-98-original-1297-noun-target","b2-07-noun-10","B2","b2-07","Stimmrecht","das","neuter","das Stimmrecht","das Stimmrecht","dem Stimmrecht","","Stimmrechte","","b2-lexical-grammar-v1","[target/vocabulary] phrases[9].de: ein Stimmrecht haben || [registry/vocabulary] lexicalRegistry.b2-07-noun-10: das Stimmrecht","[context/controlled] exercises[4].pairs[2].right: Teilnehmende besitzen ein definiertes Stimmrecht. || [context/pronunciation] pronunciation.items[4].de: ein STIMMRECHT haben","","","","",""
"P0-98-original-1297-noun-target","b2-07-noun-11","B2","b2-07","Vorschlag","der","masculine","der Vorschlag","den Vorschlag","dem Vorschlag","","Vorschläge","","b2-lexical-grammar-v1","[target/vocabulary] phrases[16].de: einen Vorschlag berücksichtigen || [registry/vocabulary] lexicalRegistry.b2-07-noun-11: der Vorschlag","","","","","",""
"P0-98-original-1297-noun-target","b2-08-noun-1","B2","b2-08","Quelle","die","feminine","die Quelle","die Quelle","der Quelle","","Quellen","","b2-lexical-grammar-v1","[registry/vocabulary] lexicalRegistry.b2-08-noun-1: die Quelle","[context/vocabulary] flashcards[6].exampleDe: Der Autor erklärt, die Quelle sei unabhängig. || [context/test] miniTest[4].options[0]: Änderung, Datum, Grund und die Quellen nennen","","","","",""
"P0-98-original-1297-noun-target","b2-08-noun-2","B2","b2-08","Darstellung","die","feminine","die Darstellung","die Darstellung","der Darstellung","","Darstellungen","","b2-lexical-grammar-v1","[registry/vocabulary] lexicalRegistry.b2-08-noun-2: die Darstellung","","","","","",""
"P0-98-original-1297-noun-target","b2-08-noun-3","B2","b2-08","Manipulation","die","feminine","die Manipulation","die Manipulation","der Manipulation","","Manipulationen","","b2-lexical-grammar-v1","[registry/vocabulary] lexicalRegistry.b2-08-noun-3: die Manipulation","","","","","",""
"P0-98-original-1297-noun-target","b2-08-noun-4","B2","b2-08","Glaubwürdigkeit","die","feminine","die Glaubwürdigkeit","die Glaubwürdigkeit","der Glaubwürdigkeit","","","","b2-lexical-grammar-v1","[registry/vocabulary] lexicalRegistry.b2-08-noun-4: die Glaubwürdigkeit","","","","","",""
"P0-98-original-1297-noun-target","b2-08-noun-5","B2","b2-08","Autor","der","masculine","der Autor","den Autor","dem Autor","","Autoren","","b2-lexical-grammar-v1","[target/vocabulary] phrases[8].de: der Autor erklärt, er habe … || [registry/vocabulary] lexicalRegistry.b2-08-noun-5: der Autor","","","","","",""
"P0-98-original-1297-noun-target","b2-08-noun-6","B2","b2-08","Behauptung","die","feminine","die Behauptung","die Behauptung","der Behauptung","","Behauptungen","","b2-lexical-grammar-v1","[target/vocabulary] phrases[0].de: eine Behauptung aufstellen || [registry/vocabulary] lexicalRegistry.b2-08-noun-6: die Behauptung","[context/listening] listening.questions[1].promptDe: Welche Belege sprechen gegen die Behauptung des Accounts?","","","","",""
"P0-98-original-1297-noun-target","b2-08-noun-7","B2","b2-08","Beleg","der","masculine","der Beleg","den Beleg","dem Beleg","","Belege","","b2-lexical-grammar-v1","[target/vocabulary] phrases[1].de: einen Beleg anführen || [registry/vocabulary] lexicalRegistry.b2-08-noun-7: der Beleg","","","","","",""
"P0-98-original-1297-noun-target","b2-08-noun-8","B2","b2-08","Belegkette","die","feminine","die Belegkette","die Belegkette","der Belegkette","","Belegketten","","b2-lexical-grammar-v1","[target/vocabulary] flashcards[1].frontDe: die Belegkette || [target/vocabulary] phrases[17].de: die Belegkette nachvollziehen || [target/reading] reading.glossary[0].lemma: Belegkette || [registry/vocabulary] lexicalRegistry.b2-08-noun-8: die Belegkette","[context/vocabulary] flashcards[1].exampleDe: Wir verfolgen die Belegkette bis zur Befragung. || [context/reading] reading.textDe: Innerhalb eines Tages veröffentlichten mehrere Portale ähnliche Überschriften: „Neue Studie zeigt: Kurze Videos zerstören unsere Aufmerksamkeit.“ Auf den ersten Blick wirkten die Meldungen wie unabhängige Bestätigungen.…","","","","",""
"P0-98-original-1297-noun-target","b2-08-noun-9","B2","b2-08","Bericht","der","masculine","der Bericht","den Bericht","dem Bericht","","Berichte","","b2-lexical-grammar-v1","[target/vocabulary] flashcards[3].frontDe: laut dem Bericht || [target/vocabulary] flashcards[4].frontDe: dem Bericht zufolge || [target/vocabulary] phrases[5].de: laut dem Bericht || [target/vocabulary] phrases[6].de: dem Bericht zufolge || [registry/vocabulary] lexicalRegistry.b2-08-noun-9: der Bericht","[context/vocabulary] flashcards[3].exampleDe: Laut dem Bericht nahmen 400 Personen teil.","","","","",""
"P0-98-original-1297-noun-target","b2-08-noun-10","B2","b2-08","Gegenposition","die","feminine","die Gegenposition","die Gegenposition","der Gegenposition","","Gegenpositionen","","b2-lexical-grammar-v1","[target/vocabulary] phrases[13].de: eine Gegenposition berücksichtigen || [registry/vocabulary] lexicalRegistry.b2-08-noun-10: die Gegenposition","","","","","",""
"P0-98-original-1297-noun-target","b2-08-noun-11","B2","b2-08","Interessenkonflikt","der","masculine","der Interessenkonflikt","den Interessenkonflikt","dem Interessenkonflikt","","Interessenkonflikte","","b2-lexical-grammar-v1","[target/vocabulary] flashcards[8].frontDe: einen Interessenkonflikt offenlegen || [target/vocabulary] phrases[14].de: einen Interessenkonflikt offenlegen || [registry/vocabulary] lexicalRegistry.b2-08-noun-11: der Interessenkonflikt","[context/controlled] exercises[5].options[3]: Finanzierung ist ein möglicher Interessenkonflikt, der offengelegt und methodisch geprüft werden muss. || [context/reading] reading.textDe: Innerhalb eines Tages veröffentlichten mehrere Portale ähnliche Überschriften: „Neue Studie zeigt: Kurze Videos zerstören unsere Aufmerksamkeit.“ Auf den ersten Blick wirkten die Meldungen wie unabhängige Bestätigungen.…","","","","",""
"P0-98-original-1297-noun-target","b2-08-noun-12","B2","b2-08","Kontext","der","masculine","der Kontext","den Kontext","dem Kontext","","Kontexte","","b2-lexical-grammar-v1","[target/vocabulary] phrases[10].de: den Kontext weglassen || [registry/vocabulary] lexicalRegistry.b2-08-noun-12: der Kontext","[context/listening] listening.transcriptDe: Redakteurin: Das Foto wird gerade als Aufnahme der gestrigen Demonstration geteilt. — Faktenprüfer: Die umgekehrte Bildsuche führt zu einem Artikel von vor drei Jahren aus einer anderen Stadt. — Redakteurin: Ist das Bil…","","","","",""
"P0-98-original-1297-noun-target","b2-08-noun-13","B2","b2-08","Korrektur","die","feminine","die Korrektur","die Korrektur","der Korrektur","","Korrekturen","","b2-lexical-grammar-v1","[target/vocabulary] flashcards[9].frontDe: eine Korrektur kennzeichnen || [target/vocabulary] phrases[15].de: eine Korrektur kennzeichnen || [registry/vocabulary] lexicalRegistry.b2-08-noun-13: die Korrektur","[context/vocabulary] flashcards[9].exampleDe: Das Portal kennzeichnet die Korrektur mit Datum. || [context/listening] listening.transcriptDe: Redakteurin: Das Foto wird gerade als Aufnahme der gestrigen Demonstration geteilt. — Faktenprüfer: Die umgekehrte Bildsuche führt zu einem Artikel von vor drei Jahren aus einer anderen Stadt. — Redakteurin: Ist das Bil… || [context/test] miniTest[4].options[1]: Nur die Korrektur selbst, ohne Erklärung","","","","",""
"P0-98-original-1297-noun-target","b2-08-noun-14","B2","b2-08","Onlinebefragung","die","feminine","die Onlinebefragung","die Onlinebefragung","der Onlinebefragung","","Onlinebefragungen","","b2-lexical-grammar-v1","[target/reading] reading.glossary[2].lemma: Onlinebefragung || [registry/vocabulary] lexicalRegistry.b2-08-noun-14: die Onlinebefragung","[context/reading] reading.textDe: Innerhalb eines Tages veröffentlichten mehrere Portale ähnliche Überschriften: „Neue Studie zeigt: Kurze Videos zerstören unsere Aufmerksamkeit.“ Auf den ersten Blick wirkten die Meldungen wie unabhängige Bestätigungen.… || [context/writing] writing.modelDe: Die Überschrift behauptet, kurze Videos zerstörten die Aufmerksamkeit. Als Beleg nennen mehrere Portale eine neue Studie. Die Belegkette führt jedoch nicht zu mehreren unabhängigen Untersuchungen, sondern zu einer Press…","","","","",""
"P0-98-original-1297-noun-target","b2-08-noun-15","B2","b2-08","Pressemitteilung","die","feminine","die Pressemitteilung","die Pressemitteilung","der Pressemitteilung","","Pressemitteilungen","","b2-lexical-grammar-v1","[target/vocabulary] phrases[4].de: auf eine Pressemitteilung zurückgehen || [registry/vocabulary] lexicalRegistry.b2-08-noun-15: die Pressemitteilung","[context/controlled] exercises[2].acceptedAnswers[1]: 400 Freiwillige nahmen der Pressemitteilung zufolge teil || [context/writing] writing.modelDe: Die Überschrift behauptet, kurze Videos zerstörten die Aufmerksamkeit. Als Beleg nennen mehrere Portale eine neue Studie. Die Belegkette führt jedoch nicht zu mehreren unabhängigen Untersuchungen, sondern zu einer Press…","","","","",""
"P0-98-original-1297-noun-target","b2-08-noun-16","B2","b2-08","Primärquelle","die","feminine","die Primärquelle","die Primärquelle","der Primärquelle","","Primärquellen","","b2-lexical-grammar-v1","[target/vocabulary] flashcards[0].frontDe: die Primärquelle || [target/vocabulary] phrases[2].de: die Primärquelle || [registry/vocabulary] lexicalRegistry.b2-08-noun-16: die Primärquelle","","","","","",""
"P0-98-original-1297-noun-target","b2-08-noun-17","B2","b2-08","Reichweite","die","feminine","die Reichweite","die Reichweite","der Reichweite","","Reichweiten","","b2-lexical-grammar-v1","[target/reading] reading.glossary[7].lemma: Reichweite || [registry/vocabulary] lexicalRegistry.b2-08-noun-17: die Reichweite","","","","","",""
"P0-98-original-1297-noun-target","b2-08-noun-18","B2","b2-08","Sekundärquelle","die","feminine","die Sekundärquelle","die Sekundärquelle","der Sekundärquelle","","Sekundärquellen","","b2-lexical-grammar-v1","[target/vocabulary] phrases[3].de: eine Sekundärquelle || [registry/vocabulary] lexicalRegistry.b2-08-noun-18: die Sekundärquelle","","","","","",""
"P0-98-original-1297-noun-target","b2-08-noun-19","B2","b2-08","Überschrift","die","feminine","die Überschrift","die Überschrift","der Überschrift","","Überschriften","","b2-lexical-grammar-v1","[target/vocabulary] phrases[12].de: eine Überschrift zuspitzen || [registry/vocabulary] lexicalRegistry.b2-08-noun-19: die Überschrift","","","","","",""
"P0-98-original-1297-noun-target","b2-08-noun-20","B2","b2-08","Veröffentlichung","die","feminine","die Veröffentlichung","die Veröffentlichung","der Veröffentlichung","","Veröffentlichungen","","b2-lexical-grammar-v1","[target/vocabulary] phrases[16].de: zum Zeitpunkt der Veröffentlichung || [registry/vocabulary] lexicalRegistry.b2-08-noun-20: die Veröffentlichung","","","","","",""
"P0-98-original-1297-noun-target","b2-08-noun-21","B2","b2-08","Zahl","die","feminine","die Zahl","die Zahl","der Zahl","","Zahlen","","b2-lexical-grammar-v1","[target/vocabulary] phrases[11].de: eine Zahl einordnen || [registry/vocabulary] lexicalRegistry.b2-08-noun-21: die Zahl","[context/reading] reading.questions[0].options[0]: Weil die Redaktionen keine eigenen Zahlen ergänzt, nur abgeschrieben hatten.","","","","",""
"P0-98-original-1297-noun-target","b2-09-noun-1","B2","b2-09","Perspektive","die","feminine","die Perspektive","die Perspektive","der Perspektive","","Perspektiven","","b2-lexical-grammar-v1","[target/vocabulary] flashcards[0].frontDe: aus meiner Perspektive || [target/vocabulary] phrases[0].de: aus meiner Perspektive || [target/reading] reading.glossary[18].lemma: Perspektive || [registry/vocabulary] lexicalRegistry.b2-09-noun-1: die Perspektive","[context/vocabulary] flashcards[0].exampleDe: Aus meiner Perspektive ist die Pause mehrdeutig. || [context/reading] reading.questions[2].options[0]: Nur eine Perspektive war erlaubt. || [context/writing] writing.modelDe: Die Installation zeigt gepackte Koffer, mehrsprachige Stimmen und eine leere Bank. Diese Elemente sind zunächst beobachtbar; ihre Bedeutung ist nicht eindeutig festgelegt. Eine in Berlin aufgewachsene Besucherin verbind…","","","","",""
"P0-98-original-1297-noun-target","b2-09-noun-2","B2","b2-09","Identität","die","feminine","die Identität","die Identität","der Identität","","Identitäten","","b2-lexical-grammar-v1","[registry/vocabulary] lexicalRegistry.b2-09-noun-2: die Identität","","","","","",""
"P0-98-original-1297-noun-target","b2-09-noun-3","B2","b2-09","Zugehörigkeit","die","feminine","die Zugehörigkeit","die Zugehörigkeit","der Zugehörigkeit","","Zugehörigkeiten","","b2-lexical-grammar-v1","[target/reading] reading.glossary[38].lemma: Zugehörigkeit || [registry/vocabulary] lexicalRegistry.b2-09-noun-3: die Zugehörigkeit","[context/reading] reading.textDe: Ein Stadtmuseum zeigte eine Installation aus gepackten Koffern, Tonaufnahmen und einer leeren Bank. Im Begleitheft stand nur der Titel „Zwischen Orten“. Bei einer öffentlichen Diskussion entstanden drei unterschiedliche…","","","","",""
"P0-98-original-1297-noun-target","b2-09-noun-4","B2","b2-09","Erfahrung","die","feminine","die Erfahrung","die Erfahrung","der Erfahrung","","Erfahrungen","","b2-lexical-grammar-v1","[target/reading] reading.glossary[34].lemma: Erfahrung || [registry/vocabulary] lexicalRegistry.b2-09-noun-4: die Erfahrung","[context/writing] writing.modelDe: Die Installation zeigt gepackte Koffer, mehrsprachige Stimmen und eine leere Bank. Diese Elemente sind zunächst beobachtbar; ihre Bedeutung ist nicht eindeutig festgelegt. Eine in Berlin aufgewachsene Besucherin verbind…","","","","",""
"P0-98-original-1297-noun-target","b2-09-noun-5","B2","b2-09","Alter","das","neuter","das Alter","das Alter","dem Alter","","","","b2-lexical-grammar-v1","[target/reading] reading.glossary[21].lemma: Alter || [registry/vocabulary] lexicalRegistry.b2-09-noun-5: das Alter","[context/listening] listening.questions[1].options[2]: Nur das Alter || [context/reading] reading.questions[0].options[2]: Nur durch das Alter der Koffer","","","","",""
"P0-98-original-1297-noun-target","b2-09-noun-6","B2","b2-09","Aufenthaltsdauer","die","feminine","die Aufenthaltsdauer","die Aufenthaltsdauer","der Aufenthaltsdauer","","","","b2-lexical-grammar-v1","[target/reading] reading.glossary[19].lemma: Aufenthaltsdauer || [registry/vocabulary] lexicalRegistry.b2-09-noun-6: die Aufenthaltsdauer","","","","","",""
"P0-98-original-1297-noun-target","b2-09-noun-7","B2","b2-09","Ausstellung","die","feminine","die Ausstellung","die Ausstellung","der Ausstellung","","Ausstellungen","","b2-lexical-grammar-v1","[target/reading] reading.glossary[16].lemma: Ausstellung || [registry/vocabulary] lexicalRegistry.b2-09-noun-7: die Ausstellung","[context/reading] reading.textDe: Ein Stadtmuseum zeigte eine Installation aus gepackten Koffern, Tonaufnahmen und einer leeren Bank. Im Begleitheft stand nur der Titel „Zwischen Orten“. Bei einer öffentlichen Diskussion entstanden drei unterschiedliche…","","","","",""
"P0-98-original-1297-noun-target","b2-09-noun-8","B2","b2-09","Bank","die","feminine","die Bank","die Bank","der Bank","","Bänke","","b2-lexical-grammar-v1","[target/reading] reading.glossary[12].lemma: Bank || [registry/vocabulary] lexicalRegistry.b2-09-noun-8: die Bank","[context/reading] reading.textDe: Ein Stadtmuseum zeigte eine Installation aus gepackten Koffern, Tonaufnahmen und einer leeren Bank. Im Begleitheft stand nur der Titel „Zwischen Orten“. Bei einer öffentlichen Diskussion entstanden drei unterschiedliche… || [context/writing] writing.modelDe: Die Installation zeigt gepackte Koffer, mehrsprachige Stimmen und eine leere Bank. Diese Elemente sind zunächst beobachtbar; ihre Bedeutung ist nicht eindeutig festgelegt. Eine in Berlin aufgewachsene Besucherin verbind…","","","","",""
"P0-98-original-1297-noun-target","b2-09-noun-9","B2","b2-09","Darstellung","die","feminine","die Darstellung","die Darstellung","der Darstellung","","Darstellungen","","b2-lexical-grammar-v1","[target/reading] reading.glossary[47].lemma: Darstellung || [registry/vocabulary] lexicalRegistry.b2-09-noun-9: die Darstellung","","","","","",""
"P0-98-original-1297-noun-target","b2-09-noun-10","B2","b2-09","Element","das","neuter","das Element","das Element","dem Element","","Elemente","","b2-lexical-grammar-v1","[target/reading] reading.glossary[31].lemma: Element || [registry/vocabulary] lexicalRegistry.b2-09-noun-10: das Element","","","","","",""
"P0-98-original-1297-noun-target","b2-09-noun-11","B2","b2-09","Familiengeschichte","die","feminine","die Familiengeschichte","die Familiengeschichte","der Familiengeschichte","","Familiengeschichten","","b2-lexical-grammar-v1","[target/reading] reading.glossary[22].lemma: Familiengeschichte || [registry/vocabulary] lexicalRegistry.b2-09-noun-11: die Familiengeschichte","","","","","",""
"P0-98-original-1297-noun-target","b2-09-noun-12","B2","b2-09","Format","das","neuter","das Format","das Format","dem Format","","Formate","","b2-lexical-grammar-v1","[target/reading] reading.glossary[28].lemma: Format || [registry/vocabulary] lexicalRegistry.b2-09-noun-12: das Format","[context/reading] reading.textDe: Ein Stadtmuseum zeigte eine Installation aus gepackten Koffern, Tonaufnahmen und einer leeren Bank. Im Begleitheft stand nur der Titel „Zwischen Orten“. Bei einer öffentlichen Diskussion entstanden drei unterschiedliche…","","","","",""
"P0-98-original-1297-noun-target","b2-09-noun-13","B2","b2-09","Gemeinsamkeit","die","feminine","die Gemeinsamkeit","die Gemeinsamkeit","der Gemeinsamkeit","","Gemeinsamkeiten","","b2-lexical-grammar-v1","[target/reading] reading.glossary[36].lemma: Gemeinsamkeit || [registry/vocabulary] lexicalRegistry.b2-09-noun-13: die Gemeinsamkeit","","","","","",""
"P0-98-original-1297-noun-target","b2-09-noun-14","B2","b2-09","Interpretation","die","feminine","die Interpretation","die Interpretation","der Interpretation","","Interpretationen","","b2-lexical-grammar-v1","[target/reading] reading.glossary[32].lemma: Interpretation || [registry/vocabulary] lexicalRegistry.b2-09-noun-14: die Interpretation","","","","","",""
"P0-98-original-1297-noun-target","b2-09-noun-15","B2","b2-09","Koffer","der","masculine","der Koffer","den Koffer","dem Koffer","","Koffer","","b2-lexical-grammar-v1","[target/reading] reading.glossary[13].lemma: Koffer || [registry/vocabulary] lexicalRegistry.b2-09-noun-15: der Koffer","[context/reading] reading.questions[0].options[2]: Nur durch das Alter der Koffer || [context/reading] reading.textDe: Ein Stadtmuseum zeigte eine Installation aus gepackten Koffern, Tonaufnahmen und einer leeren Bank. Im Begleitheft stand nur der Titel „Zwischen Orten“. Bei einer öffentlichen Diskussion entstanden drei unterschiedliche… || [context/writing] writing.modelDe: Die Installation zeigt gepackte Koffer, mehrsprachige Stimmen und eine leere Bank. Diese Elemente sind zunächst beobachtbar; ihre Bedeutung ist nicht eindeutig festgelegt. Eine in Berlin aufgewachsene Besucherin verbind…","","","","",""
"P0-98-original-1297-noun-target","b2-09-noun-16","B2","b2-09","Kommentar","der","masculine","der Kommentar","den Kommentar","dem Kommentar","","Kommentare","","b2-lexical-grammar-v1","[target/reading] reading.glossary[27].lemma: Kommentar || [registry/vocabulary] lexicalRegistry.b2-09-noun-16: der Kommentar","","","","","",""
"P0-98-original-1297-noun-target","b2-09-noun-17","B2","b2-09","Kuratorin","die","feminine","die Kuratorin","die Kuratorin","der Kuratorin","","Kuratorinnen","","b2-lexical-grammar-v1","[target/reading] reading.glossary[17].lemma: Kuratorin || [registry/vocabulary] lexicalRegistry.b2-09-noun-17: die Kuratorin","[context/reading] reading.questions[1].options[3]: Er zitierte die Kuratorin vollständig. || [context/reading] reading.textDe: Ein Stadtmuseum zeigte eine Installation aus gepackten Koffern, Tonaufnahmen und einer leeren Bank. Im Begleitheft stand nur der Titel „Zwischen Orten“. Bei einer öffentlichen Diskussion entstanden drei unterschiedliche…","","","","",""
"P0-98-original-1297-noun-target","b2-09-noun-18","B2","b2-09","Lage","die","feminine","die Lage","die Lage","der Lage","","","","b2-lexical-grammar-v1","[target/reading] reading.glossary[24].lemma: Lage || [registry/vocabulary] lexicalRegistry.b2-09-noun-18: die Lage","","","","","",""
"P0-98-original-1297-noun-target","b2-09-noun-19","B2","b2-09","Orientierung","die","feminine","die Orientierung","die Orientierung","der Orientierung","","Orientierungen","","b2-lexical-grammar-v1","[target/reading] reading.glossary[45].lemma: Orientierung || [registry/vocabulary] lexicalRegistry.b2-09-noun-19: die Orientierung","","","","","",""
"P0-98-original-1297-noun-target","b2-09-noun-20","B2","b2-09","Teilnehmende","die","feminine","die Teilnehmende","die Teilnehmenden","der Teilnehmenden","","Teilnehmenden","","b2-lexical-grammar-v1","[target/reading] reading.glossary[29].lemma: Teilnehmende || [registry/vocabulary] lexicalRegistry.b2-09-noun-20: die Teilnehmende","[context/reading] reading.textDe: Ein Stadtmuseum zeigte eine Installation aus gepackten Koffern, Tonaufnahmen und einer leeren Bank. Im Begleitheft stand nur der Titel „Zwischen Orten“. Bei einer öffentlichen Diskussion entstanden drei unterschiedliche…","","","","",""
"P0-98-original-1297-noun-target","b2-09-noun-21","B2","b2-09","Tonaufnahme","die","feminine","die Tonaufnahme","die Tonaufnahme","der Tonaufnahme","","Tonaufnahmen","","b2-lexical-grammar-v1","[target/reading] reading.glossary[14].lemma: Tonaufnahme || [registry/vocabulary] lexicalRegistry.b2-09-noun-21: die Tonaufnahme","[context/reading] reading.textDe: Ein Stadtmuseum zeigte eine Installation aus gepackten Koffern, Tonaufnahmen und einer leeren Bank. Im Begleitheft stand nur der Titel „Zwischen Orten“. Bei einer öffentlichen Diskussion entstanden drei unterschiedliche…","","","","",""
"P0-98-original-1297-noun-target","b2-09-noun-22","B2","b2-09","Umgebung","die","feminine","die Umgebung","die Umgebung","der Umgebung","","","","b2-lexical-grammar-v1","[target/reading] reading.glossary[44].lemma: Umgebung || [registry/vocabulary] lexicalRegistry.b2-09-noun-22: die Umgebung","[context/reading] reading.textDe: Ein Stadtmuseum zeigte eine Installation aus gepackten Koffern, Tonaufnahmen und einer leeren Bank. Im Begleitheft stand nur der Titel „Zwischen Orten“. Bei einer öffentlichen Diskussion entstanden drei unterschiedliche…","","","","",""
"P0-98-original-1297-noun-target","b2-09-noun-23","B2","b2-09","Unsicherheit","die","feminine","die Unsicherheit","die Unsicherheit","der Unsicherheit","","","","b2-lexical-grammar-v1","[target/reading] reading.glossary[46].lemma: Unsicherheit || [registry/vocabulary] lexicalRegistry.b2-09-noun-23: die Unsicherheit","","","","","",""
"P0-98-original-1297-noun-target","b2-09-noun-24","B2","b2-09","Unterschied","der","masculine","der Unterschied","den Unterschied","dem Unterschied","","Unterschiede","","b2-lexical-grammar-v1","[target/reading] reading.glossary[37].lemma: Unterschied || [registry/vocabulary] lexicalRegistry.b2-09-noun-24: der Unterschied","[context/listening] listening.transcriptDe: Moderatorin: Sie sagten, Ihr internationales Team habe unterschiedliche Kommunikationskulturen. Was meinen Sie konkret? — Teamleiterin: In einer dringenden Sitzung formulierte eine Kollegin: „Der Plan funktioniert so ni… || [context/test] miniTest[1].options[3]: Es gibt keine Unterschiede innerhalb der Gruppen.","","","","",""
"P0-98-original-1297-noun-target","b2-09-noun-25","B2","b2-09","Werk","das","neuter","das Werk","das Werk","dem Werk","","Werke","","b2-lexical-grammar-v1","[target/reading] reading.glossary[15].lemma: Werk || [registry/vocabulary] lexicalRegistry.b2-09-noun-25: das Werk","[context/reading] reading.textDe: Ein Stadtmuseum zeigte eine Installation aus gepackten Koffern, Tonaufnahmen und einer leeren Bank. Im Begleitheft stand nur der Titel „Zwischen Orten“. Bei einer öffentlichen Diskussion entstanden drei unterschiedliche… || [context/writing] writing.modelDe: Die Installation zeigt gepackte Koffer, mehrsprachige Stimmen und eine leere Bank. Diese Elemente sind zunächst beobachtbar; ihre Bedeutung ist nicht eindeutig festgelegt. Eine in Berlin aufgewachsene Besucherin verbind…","","","","",""
"P0-98-original-1297-noun-target","b2-09-noun-26","B2","b2-09","Aussage","die","feminine","die Aussage","die Aussage","der Aussage","","Aussagen","","b2-lexical-grammar-v1","[target/vocabulary] flashcards[4].frontDe: eine pauschale Aussage || [target/vocabulary] phrases[7].de: eine pauschale Aussage || [target/reading] reading.glossary[20].lemma: Aussage || [registry/vocabulary] lexicalRegistry.b2-09-noun-26: die Aussage","","","","","",""
"P0-98-original-1297-noun-target","b2-09-noun-27","B2","b2-09","Begleitheft","das","neuter","das Begleitheft","das Begleitheft","dem Begleitheft","","Begleithefte","","b2-lexical-grammar-v1","[target/reading] reading.glossary[5].lemma: Begleitheft || [registry/vocabulary] lexicalRegistry.b2-09-noun-27: das Begleitheft","","","","","",""
"P0-98-original-1297-noun-target","b2-09-noun-28","B2","b2-09","Beobachtung","die","feminine","die Beobachtung","die Beobachtung","der Beobachtung","","Beobachtungen","","b2-lexical-grammar-v1","[target/vocabulary] flashcards[1].frontDe: eine Beobachtung || [target/vocabulary] phrases[3].de: eine Beobachtung beschreiben || [registry/vocabulary] lexicalRegistry.b2-09-noun-28: die Beobachtung","","","","","",""
"P0-98-original-1297-noun-target","b2-09-noun-29","B2","b2-09","Bewertung","die","feminine","die Bewertung","die Bewertung","der Bewertung","","Bewertungen","","b2-lexical-grammar-v1","[target/vocabulary] phrases[5].de: eine Bewertung vornehmen || [registry/vocabulary] lexicalRegistry.b2-09-noun-29: die Bewertung","","","","","",""
"P0-98-original-1297-noun-target","b2-09-noun-30","B2","b2-09","Eigenschaft","die","feminine","die Eigenschaft","die Eigenschaft","der Eigenschaft","","Eigenschaften","","b2-lexical-grammar-v1","[target/vocabulary] flashcards[3].frontDe: eine Eigenschaft zuschreiben || [target/vocabulary] phrases[6].de: jemandem eine Eigenschaft zuschreiben || [target/reading] reading.glossary[50].lemma: Eigenschaft || [registry/vocabulary] lexicalRegistry.b2-09-noun-30: die Eigenschaft","[context/entry] entry.dialogue[4].de: Wir sollten nachfragen und den Kontext beschreiben, statt einer ganzen Gruppe eine Eigenschaft zuzuschreiben. || [context/vocabulary] flashcards[3].exampleDe: Man sollte einer Gruppe keine feste Eigenschaft zuschreiben.","","","","",""
"P0-98-original-1297-noun-target","b2-09-noun-31","B2","b2-09","Gast","der","masculine","der Gast","den Gast","dem Gast","","Gäste","","b2-lexical-grammar-v1","[target/vocabulary] flashcards[7].frontDe: die wartenden Gäste || [registry/vocabulary] lexicalRegistry.b2-09-noun-31: der Gast","[context/test] miniTest[2].options[0]: die gewartete Gäste || [context/test] miniTest[2].options[1]: die warten Gäste || [context/test] miniTest[2].options[3]: die wartenden Gäste","","","","",""
"P0-98-original-1297-noun-target","b2-09-noun-32","B2","b2-09","Gegenperspektive","die","feminine","die Gegenperspektive","die Gegenperspektive","der Gegenperspektive","","Gegenperspektiven","","b2-lexical-grammar-v1","[target/vocabulary] flashcards[9].frontDe: eine Gegenperspektive einnehmen || [target/vocabulary] phrases[16].de: eine Gegenperspektive einnehmen || [registry/vocabulary] lexicalRegistry.b2-09-noun-32: die Gegenperspektive","[context/vocabulary] flashcards[9].exampleDe: Nehmen Sie eine Gegenperspektive ein.","","","","",""
"P0-98-original-1297-noun-target","b2-09-noun-33","B2","b2-09","Gegenüberstellung","die","feminine","die Gegenüberstellung","die Gegenüberstellung","der Gegenüberstellung","","Gegenüberstellungen","","b2-lexical-grammar-v1","[target/reading] reading.glossary[10].lemma: Gegenüberstellung || [registry/vocabulary] lexicalRegistry.b2-09-noun-33: die Gegenüberstellung","","","","","",""
"P0-98-original-1297-noun-target","b2-09-noun-34","B2","b2-09","Gruppe","die","feminine","die Gruppe","die Gruppe","der Gruppe","","Gruppen","","b2-lexical-grammar-v1","[target/vocabulary] flashcards[5].frontDe: innerhalb einer Gruppe variieren || [target/vocabulary] phrases[9].de: innerhalb einer Gruppe variieren || [registry/vocabulary] lexicalRegistry.b2-09-noun-34: die Gruppe","[context/entry] entry.dialogue[4].de: Wir sollten nachfragen und den Kontext beschreiben, statt einer ganzen Gruppe eine Eigenschaft zuzuschreiben. || [context/vocabulary] flashcards[3].exampleDe: Man sollte einer Gruppe keine feste Eigenschaft zuschreiben. || [context/vocabulary] flashcards[5].exampleDe: Erfahrungen variieren innerhalb einer Gruppe.","","","","",""
"P0-98-original-1297-noun-target","b2-09-noun-35","B2","b2-09","Handlung","die","feminine","die Handlung","die Handlung","der Handlung","","Handlungen","","b2-lexical-grammar-v1","[target/vocabulary] flashcards[2].frontDe: eine Handlung interpretieren || [target/vocabulary] phrases[4].de: eine Handlung interpretieren || [registry/vocabulary] lexicalRegistry.b2-09-noun-35: die Handlung","[context/vocabulary] flashcards[2].exampleDe: Wir interpretieren die Handlung erst nach der Beschreibung.","","","","",""
"P0-98-original-1297-noun-target","b2-09-noun-36","B2","b2-09","Installation","die","feminine","die Installation","die Installation","der Installation","","Installationen","","b2-lexical-grammar-v1","[target/reading] reading.glossary[4].lemma: Installation || [registry/vocabulary] lexicalRegistry.b2-09-noun-36: die Installation","[context/reading] reading.textDe: Ein Stadtmuseum zeigte eine Installation aus gepackten Koffern, Tonaufnahmen und einer leeren Bank. Im Begleitheft stand nur der Titel „Zwischen Orten“. Bei einer öffentlichen Diskussion entstanden drei unterschiedliche…","","","","",""
"P0-98-original-1297-noun-target","b2-09-noun-37","B2","b2-09","Kollegin","die","feminine","die Kollegin","die Kollegin","der Kollegin","","Kolleginnen","","b2-lexical-grammar-v1","[target/vocabulary] phrases[13].de: die neu hinzugekommene Kollegin || [registry/vocabulary] lexicalRegistry.b2-09-noun-37: die Kollegin","[context/listening] listening.transcriptDe: Moderatorin: Sie sagten, Ihr internationales Team habe unterschiedliche Kommunikationskulturen. Was meinen Sie konkret? — Teamleiterin: In einer dringenden Sitzung formulierte eine Kollegin: „Der Plan funktioniert so ni… || [context/rule] theory[2].examples[1].de: die schweigende Kollegin","","","","",""
"P0-98-original-1297-noun-target","b2-09-noun-38","B2","b2-09","Lesart","die","feminine","die Lesart","die Lesart","der Lesart","","Lesarten","","b2-lexical-grammar-v1","[target/reading] reading.glossary[6].lemma: Lesart || [registry/vocabulary] lexicalRegistry.b2-09-noun-38: die Lesart","[context/reading] reading.questions[0].promptDe: Wodurch unterschieden sich die drei Lesarten? || [context/reading] reading.textDe: Ein Stadtmuseum zeigte eine Installation aus gepackten Koffern, Tonaufnahmen und einer leeren Bank. Im Begleitheft stand nur der Titel „Zwischen Orten“. Bei einer öffentlichen Diskussion entstanden drei unterschiedliche… || [context/writing] writing.modelDe: Die Installation zeigt gepackte Koffer, mehrsprachige Stimmen und eine leere Bank. Diese Elemente sind zunächst beobachtbar; ihre Bedeutung ist nicht eindeutig festgelegt. Eine in Berlin aufgewachsene Besucherin verbind…","","","","",""
"P0-98-original-1297-noun-target","b2-09-noun-39","B2","b2-09","Position","die","feminine","die Position","die Position","der Position","","Positionen","","b2-lexical-grammar-v1","[target/vocabulary] phrases[17].de: die eigene Position reflektieren || [registry/vocabulary] lexicalRegistry.b2-09-noun-39: die Position","[context/test] miniTest[4].options[1]: Deutungen am Gegenstand belegen und die eigene Position mitreflektieren","","","","",""
"P0-98-original-1297-noun-target","b2-09-noun-40","B2","b2-09","Reaktion","die","feminine","die Reaktion","die Reaktion","der Reaktion","","Reaktionen","","b2-lexical-grammar-v1","[target/vocabulary] flashcards[8].frontDe: die wahrgenommene Reaktion || [target/vocabulary] phrases[14].de: die als distanziert wahrgenommene Reaktion || [registry/vocabulary] lexicalRegistry.b2-09-noun-40: die Reaktion","[context/discover] discovery.examples[3]: Die als unhöflich bewertete Reaktion = die Reaktion, die als unhöflich bewertet wurde.","","","","",""
"P0-98-original-1297-noun-target","b2-09-noun-41","B2","b2-09","Sicht","die","feminine","die Sicht","die Sicht","der Sicht","","Sichten","","b2-lexical-grammar-v1","[target/vocabulary] phrases[1].de: aus der Sicht von … || [registry/vocabulary] lexicalRegistry.b2-09-noun-41: die Sicht","[context/speaking] speaking.usefulPhrases[1]: Aus der Sicht von …","","","","",""
"P0-98-original-1297-noun-target","b2-09-noun-42","B2","b2-09","Situation","die","feminine","die Situation","die Situation","der Situation","","Situationen","","b2-lexical-grammar-v1","[target/vocabulary] phrases[10].de: von der Situation abhängen || [registry/vocabulary] lexicalRegistry.b2-09-noun-42: die Situation","[context/speaking] speaking.promptDe: Analysieren Sie etwa drei Minuten lang eine Situation: beobachtbares Verhalten, zwei Deutungen, Positionen der Beteiligten, alternative Faktoren, Gefahr der Pauschalisierung und eine klärende Nachfrage.","","","","",""
"P0-98-original-1297-noun-target","b2-09-noun-43","B2","b2-09","Sprache","die","feminine","die Sprache","die Sprache","der Sprache","","Sprachen","","b2-lexical-grammar-v1","[target/vocabulary] phrases[15].de: der in mehreren Sprachen verfasste Text || [registry/vocabulary] lexicalRegistry.b2-09-noun-43: die Sprache","[context/reading] reading.questions[0].options[0]: Nur durch die Sprache des Begleithefts","","","","",""
"P0-98-original-1297-noun-target","b2-10-noun-1","B2","b2-10","Vermittlung","die","feminine","die Vermittlung","die Vermittlung","der Vermittlung","","Vermittlungen","","b2-lexical-grammar-v1","[registry/vocabulary] lexicalRegistry.b2-10-noun-1: die Vermittlung","[context/reading] reading.textDe: Ein Kulturzentrum veröffentlichte eine deutschsprachige Ausschreibung für eine dreitägige Medienwerkstatt. Ein arabischsprachiges Team bat zwei Personen um eine kurze Vermittlung. Die erste Zusammenfassung lautete: „Die…","","","","",""
"P0-98-original-1297-noun-target","b2-10-noun-2","B2","b2-10","Zielgruppe","die","feminine","die Zielgruppe","die Zielgruppe","der Zielgruppe","","Zielgruppen","","b2-lexical-grammar-v1","[registry/vocabulary] lexicalRegistry.b2-10-noun-2: die Zielgruppe","","","","","",""
"P0-98-original-1297-noun-target","b2-10-noun-3","B2","b2-10","Kernaussage","die","feminine","die Kernaussage","die Kernaussage","der Kernaussage","","Kernaussagen","","b2-lexical-grammar-v1","[registry/vocabulary] lexicalRegistry.b2-10-noun-3: die Kernaussage","","","","","",""
"P0-98-original-1297-noun-target","b2-10-noun-4","B2","b2-10","Vereinfachung","die","feminine","die Vereinfachung","die Vereinfachung","der Vereinfachung","","Vereinfachungen","","b2-lexical-grammar-v1","[registry/vocabulary] lexicalRegistry.b2-10-noun-4: die Vereinfachung","","","","","",""
"P0-98-original-1297-noun-target","b2-10-noun-5","B2","b2-10","Anspruch","der","masculine","der Anspruch","den Anspruch","dem Anspruch","","Ansprüche","","b2-lexical-grammar-v1","[target/vocabulary] flashcards[6].frontDe: keinen Anspruch begründen || [target/vocabulary] phrases[14].de: keinen Anspruch begründen || [registry/vocabulary] lexicalRegistry.b2-10-noun-5: der Anspruch","[context/vocabulary] flashcards[6].exampleDe: Die Möglichkeit begründet keinen Anspruch.","","","","",""
"P0-98-original-1297-noun-target","b2-10-noun-6","B2","b2-10","Arbeitsbeispiel","das","neuter","das Arbeitsbeispiel","das Arbeitsbeispiel","dem Arbeitsbeispiel","","Arbeitsbeispiele","","b2-lexical-grammar-v1","[target/reading] reading.glossary[1].lemma: Arbeitsbeispiel || [registry/vocabulary] lexicalRegistry.b2-10-noun-6: das Arbeitsbeispiel","[context/reading] reading.textDe: Ein Kulturzentrum veröffentlichte eine deutschsprachige Ausschreibung für eine dreitägige Medienwerkstatt. Ein arabischsprachiges Team bat zwei Personen um eine kurze Vermittlung. Die erste Zusammenfassung lautete: „Die… || [context/writing] writing.modelDe: Für eure Bewerbung sind vor allem Handlung und Fristen wichtig. Reicht das Formular und ein Arbeitsbeispiel spätestens am Montag beim Kulturzentrum ein. Wenn ihr danach eine Zusage erhaltet, muss sie innerhalb von drei …","","","","",""
"P0-98-original-1297-noun-target","b2-10-noun-7","B2","b2-10","Ausschreibung","die","feminine","die Ausschreibung","die Ausschreibung","der Ausschreibung","","Ausschreibungen","","b2-lexical-grammar-v1","[target/reading] reading.glossary[0].lemma: Ausschreibung || [registry/vocabulary] lexicalRegistry.b2-10-noun-7: die Ausschreibung","[context/reading] reading.textDe: Ein Kulturzentrum veröffentlichte eine deutschsprachige Ausschreibung für eine dreitägige Medienwerkstatt. Ein arabischsprachiges Team bat zwei Personen um eine kurze Vermittlung. Die erste Zusammenfassung lautete: „Die… || [context/speaking] speaking.promptDe: Vermitteln Sie etwa drei Minuten lang eine Ausschreibung: Zielgruppe, Handlung, Frist, Pflicht, Empfehlung, Möglichkeit, Bedingung, Ausnahme, Kosten, offene Frage und eigene Ergänzung.","","","","",""
"P0-98-original-1297-noun-target","b2-10-noun-8","B2","b2-10","Einzelfallprüfung","die","feminine","die Einzelfallprüfung","die Einzelfallprüfung","der Einzelfallprüfung","","Einzelfallprüfungen","","b2-lexical-grammar-v1","[target/reading] reading.glossary[6].lemma: Einzelfallprüfung || [registry/vocabulary] lexicalRegistry.b2-10-noun-8: die Einzelfallprüfung","","","","","",""
"P0-98-original-1297-noun-target","b2-10-noun-9","B2","b2-10","Empfehlung","die","feminine","die Empfehlung","die Empfehlung","der Empfehlung","","Empfehlungen","","b2-lexical-grammar-v1","[target/vocabulary] phrases[6].de: eine Empfehlung || [registry/vocabulary] lexicalRegistry.b2-10-noun-9: die Empfehlung","","","","","",""
"P0-98-original-1297-noun-target","b2-10-noun-10","B2","b2-10","Ergänzung","die","feminine","die Ergänzung","die Ergänzung","der Ergänzung","","Ergänzungen","","b2-lexical-grammar-v1","[target/vocabulary] flashcards[7].frontDe: eine Ergänzung kennzeichnen || [target/vocabulary] phrases[15].de: eine Ergänzung kennzeichnen || [registry/vocabulary] lexicalRegistry.b2-10-noun-10: die Ergänzung","[context/test] miniTest[4].options[1]: Ich streiche die Grenzen der Ergänzung.","","","","",""
"P0-98-original-1297-noun-target","b2-10-noun-11","B2","b2-10","Erstattung","die","feminine","die Erstattung","die Erstattung","der Erstattung","","Erstattungen","","b2-lexical-grammar-v1","[target/reading] reading.glossary[4].lemma: Erstattung || [registry/vocabulary] lexicalRegistry.b2-10-noun-11: die Erstattung","[context/reading] reading.textDe: Ein Kulturzentrum veröffentlichte eine deutschsprachige Ausschreibung für eine dreitägige Medienwerkstatt. Ein arabischsprachiges Team bat zwei Personen um eine kurze Vermittlung. Die erste Zusammenfassung lautete: „Die…","","","","",""
"P0-98-original-1297-noun-target","b2-10-noun-12","B2","b2-10","Frist","die","feminine","die Frist","die Frist","der Frist","","Fristen","","b2-lexical-grammar-v1","[target/vocabulary] flashcards[2].frontDe: eine Frist einhalten || [target/vocabulary] phrases[8].de: eine Frist einhalten || [registry/vocabulary] lexicalRegistry.b2-10-noun-12: die Frist","[context/vocabulary] flashcards[2].exampleDe: Die Bewerbung muss die Frist einhalten. || [context/reading] reading.textDe: Ein Kulturzentrum veröffentlichte eine deutschsprachige Ausschreibung für eine dreitägige Medienwerkstatt. Ein arabischsprachiges Team bat zwei Personen um eine kurze Vermittlung. Die erste Zusammenfassung lautete: „Die… || [context/writing] writing.modelDe: Für eure Bewerbung sind vor allem Handlung und Fristen wichtig. Reicht das Formular und ein Arbeitsbeispiel spätestens am Montag beim Kulturzentrum ein. Wenn ihr danach eine Zusage erhaltet, muss sie innerhalb von drei …","","","","",""
"P0-98-original-1297-noun-target","b2-10-noun-13","B2","b2-10","Handlungsabsicht","die","feminine","die Handlungsabsicht","die Handlungsabsicht","der Handlungsabsicht","","Handlungsabsichten","","b2-lexical-grammar-v1","[target/vocabulary] flashcards[1].frontDe: die Handlungsabsicht || [target/vocabulary] phrases[4].de: die Handlungsabsicht || [registry/vocabulary] lexicalRegistry.b2-10-noun-13: die Handlungsabsicht","[context/listening] listening.questions[0].options[2]: Weil er für die unmittelbare Handlungsabsicht der Nachricht nicht nötig ist.","","","","",""
"P0-98-original-1297-noun-target","b2-10-noun-14","B2","b2-10","Möglichkeit","die","feminine","die Möglichkeit","die Möglichkeit","der Möglichkeit","","Möglichkeiten","","b2-lexical-grammar-v1","[target/vocabulary] phrases[7].de: eine Möglichkeit || [registry/vocabulary] lexicalRegistry.b2-10-noun-14: die Möglichkeit","[context/reading] reading.textDe: Ein Kulturzentrum veröffentlichte eine deutschsprachige Ausschreibung für eine dreitägige Medienwerkstatt. Ein arabischsprachiges Team bat zwei Personen um eine kurze Vermittlung. Die erste Zusammenfassung lautete: „Die…","","","","",""
"P0-98-original-1297-noun-target","b2-10-noun-15","B2","b2-10","Muss-Angabe","die","feminine","die Muss-Angabe","die Muss-Angabe","der Muss-Angabe","","Muss-Angaben","","b2-lexical-grammar-v1","[target/vocabulary] phrases[5].de: eine Muss-Angabe || [registry/vocabulary] lexicalRegistry.b2-10-noun-15: die Muss-Angabe","","","","","",""
"P0-98-original-1297-noun-target","b2-10-noun-16","B2","b2-10","Nachfrist","die","feminine","die Nachfrist","die Nachfrist","der Nachfrist","","Nachfristen","","b2-lexical-grammar-v1","[target/reading] reading.glossary[5].lemma: Nachfrist || [registry/vocabulary] lexicalRegistry.b2-10-noun-16: die Nachfrist","[context/reading] reading.textDe: Ein Kulturzentrum veröffentlichte eine deutschsprachige Ausschreibung für eine dreitägige Medienwerkstatt. Ein arabischsprachiges Team bat zwei Personen um eine kurze Vermittlung. Die erste Zusammenfassung lautete: „Die…","","","","",""
"P0-98-original-1297-noun-target","b2-10-noun-17","B2","b2-10","Unklarheit","die","feminine","die Unklarheit","die Unklarheit","der Unklarheit","","Unklarheiten","","b2-lexical-grammar-v1","[target/vocabulary] flashcards[8].frontDe: eine Unklarheit offenlassen || [target/vocabulary] phrases[16].de: eine Unklarheit offenlassen || [registry/vocabulary] lexicalRegistry.b2-10-noun-17: die Unklarheit","[context/vocabulary] flashcards[8].exampleDe: Wir lassen die Unklarheit offen und fragen nach.","","","","",""
"P0-98-original-1297-noun-target","b2-11-noun-1","B2","b2-11","Forumsbeitrag","der","masculine","der Forumsbeitrag","den Forumsbeitrag","dem Forumsbeitrag","","Forumsbeiträge","","b2-lexical-grammar-v1","[registry/vocabulary] lexicalRegistry.b2-11-noun-1: der Forumsbeitrag","","","","","",""
"P0-98-original-1297-noun-target","b2-11-noun-2","B2","b2-11","Präsentation","die","feminine","die Präsentation","die Präsentation","der Präsentation","","Präsentationen","","b2-lexical-grammar-v1","[registry/vocabulary] lexicalRegistry.b2-11-noun-2: die Präsentation","","","","","",""
"P0-98-original-1297-noun-target","b2-11-noun-3","B2","b2-11","Bewertungskriterium","das","neuter","das Bewertungskriterium","das Bewertungskriterium","dem Bewertungskriterium","","Bewertungskriterien","","b2-lexical-grammar-v1","[registry/vocabulary] lexicalRegistry.b2-11-noun-3: das Bewertungskriterium","","","","","",""
"P0-98-original-1297-noun-target","b2-11-noun-4","B2","b2-11","Überarbeitung","die","feminine","die Überarbeitung","die Überarbeitung","der Überarbeitung","","Überarbeitungen","","b2-lexical-grammar-v1","[registry/vocabulary] lexicalRegistry.b2-11-noun-4: die Überarbeitung","","","","","",""
"P0-98-original-1297-noun-target","b2-11-noun-5","B2","b2-11","Absatz","der","masculine","der Absatz","den Absatz","dem Absatz","","Absätze","","b2-lexical-grammar-v1","[target/vocabulary] phrases[6].de: einen Absatz gewichten || [registry/vocabulary] lexicalRegistry.b2-11-noun-5: der Absatz","[context/reading] reading.questions[1].options[2]: Durch Löschen aller Beispiele und Kürzen der Absätze auf eine Zeile","","","","",""
"P0-98-original-1297-noun-target","b2-11-noun-6","B2","b2-11","Arbeitsauftrag","der","masculine","der Arbeitsauftrag","den Arbeitsauftrag","dem Arbeitsauftrag","","Arbeitsaufträge","","b2-lexical-grammar-v1","[target/vocabulary] flashcards[0].frontDe: den Arbeitsauftrag entschlüsseln || [target/vocabulary] phrases[0].de: den Arbeitsauftrag entschlüsseln || [registry/vocabulary] lexicalRegistry.b2-11-noun-6: der Arbeitsauftrag","","","","","",""
"P0-98-original-1297-noun-target","b2-11-noun-7","B2","b2-11","Aspekt","der","masculine","der Aspekt","den Aspekt","dem Aspekt","","Aspekte","","b2-lexical-grammar-v1","[target/vocabulary] flashcards[1].frontDe: einen Aspekt erläutern || [target/vocabulary] phrases[1].de: einen Aspekt erläutern || [registry/vocabulary] lexicalRegistry.b2-11-noun-7: der Aspekt","","","","","",""
"P0-98-original-1297-noun-target","b2-11-noun-8","B2","b2-11","Aufgabenerfüllung","die","feminine","die Aufgabenerfüllung","die Aufgabenerfüllung","der Aufgabenerfüllung","","Aufgabenerfüllungen","","b2-lexical-grammar-v1","[target/reading] reading.glossary[7].lemma: Aufgabenerfüllung || [registry/vocabulary] lexicalRegistry.b2-11-noun-8: die Aufgabenerfüllung","[context/reading] reading.questions[1].promptDe: Wie wurde die Aufgabenerfüllung geprüft?","","","","",""
"P0-98-original-1297-noun-target","b2-11-noun-9","B2","b2-11","Beispiel","das","neuter","das Beispiel","das Beispiel","dem Beispiel","","Beispiele","","b2-lexical-grammar-v1","[target/vocabulary] phrases[16].de: ein Beispiel knapp ausführen || [registry/vocabulary] lexicalRegistry.b2-11-noun-9: das Beispiel","[context/vocabulary] flashcards[1].exampleDe: Erläutern Sie den Nutzen an einem Beispiel. || [context/listening] listening.questions[2].options[3]: Funktion umschreiben und ein Beispiel geben || [context/listening] listening.transcriptDe: Trainerin: Ihr Inhalt war differenziert, aber nach zwei Minuten wusste ich noch nicht, wohin Ihr Vortrag führt. — Lerner: Ich wollte spontan und natürlich sprechen. — Trainerin: Natürlich heißt nicht strukturlos. Nennen…","","","","",""
"P0-98-original-1297-noun-target","b2-11-noun-10","B2","b2-11","Bezug","der","masculine","der Bezug","den Bezug","dem Bezug","","Bezüge","","b2-lexical-grammar-v1","[target/vocabulary] phrases[7].de: einen Bezug herstellen || [registry/vocabulary] lexicalRegistry.b2-11-noun-10: der Bezug","","","","","",""
"P0-98-original-1297-noun-target","b2-11-noun-11","B2","b2-11","Faden","der","masculine","der Faden","den Faden","dem Faden","","Fäden","","b2-lexical-grammar-v1","[target/vocabulary] flashcards[5].frontDe: einen roten Faden entwickeln || [target/vocabulary] phrases[5].de: einen roten Faden entwickeln || [registry/vocabulary] lexicalRegistry.b2-11-noun-11: der Faden","[context/vocabulary] flashcards[5].exampleDe: Klare Absätze entwickeln einen roten Faden. || [context/test] miniTest[4].options[0]: Schwierige Wörter einfügen, ohne den roten Faden zu wahren","","","","",""
"P0-98-original-1297-noun-target","b2-11-noun-12","B2","b2-11","Gewichtung","die","feminine","die Gewichtung","die Gewichtung","der Gewichtung","","Gewichtungen","","b2-lexical-grammar-v1","[target/reading] reading.glossary[3].lemma: Gewichtung || [registry/vocabulary] lexicalRegistry.b2-11-noun-12: die Gewichtung","","","","","",""
"P0-98-original-1297-noun-target","b2-11-noun-13","B2","b2-11","Gliederung","die","feminine","die Gliederung","die Gliederung","der Gliederung","","Gliederungen","","b2-lexical-grammar-v1","[target/reading] reading.glossary[5].lemma: Gliederung || [registry/vocabulary] lexicalRegistry.b2-11-noun-13: die Gliederung","[context/reading] reading.textDe: In einem internen B2-Training sollten Lernende eine neue Regel für gemeinsam genutzte Arbeitsräume beurteilen. Die Aufgabe verlangte vier Schritte: Vorteile erläutern, Risiken abwägen, eine eigene Position begründen und…","","","","",""
"P0-98-original-1297-noun-target","b2-11-noun-14","B2","b2-11","Kern","der","masculine","der Kern","den Kern","dem Kern","","Kerne","","b2-lexical-grammar-v1","[target/vocabulary] flashcards[9].frontDe: auf den Kern zurückkommen || [target/vocabulary] phrases[12].de: auf den Kern zurückkommen || [registry/vocabulary] lexicalRegistry.b2-11-noun-14: der Kern","[context/vocabulary] flashcards[9].exampleDe: Ich komme auf den Kern zurück.","","","","",""
"P0-98-original-1297-noun-target","b2-11-noun-15","B2","b2-11","Maßnahme","die","feminine","die Maßnahme","die Maßnahme","der Maßnahme","","Maßnahmen","","b2-lexical-grammar-v1","[target/vocabulary] flashcards[4].frontDe: eine Maßnahme vorschlagen || [target/vocabulary] phrases[4].de: eine Maßnahme vorschlagen || [registry/vocabulary] lexicalRegistry.b2-11-noun-15: die Maßnahme","[context/entry] entry.dialogue[1].de: Vorteile erläutern, Risiken abwägen, die eigene Position begründen und eine Maßnahme vorschlagen. || [context/reading] reading.textDe: In einem internen B2-Training sollten Lernende eine neue Regel für gemeinsam genutzte Arbeitsräume beurteilen. Die Aufgabe verlangte vier Schritte: Vorteile erläutern, Risiken abwägen, eine eigene Position begründen und…","","","","",""
"P0-98-original-1297-noun-target","b2-11-noun-16","B2","b2-11","Position","die","feminine","die Position","die Position","der Position","","Positionen","","b2-lexical-grammar-v1","[target/vocabulary] flashcards[3].frontDe: eine Position begründen || [target/vocabulary] phrases[3].de: eine Position begründen || [registry/vocabulary] lexicalRegistry.b2-11-noun-16: die Position","[context/entry] entry.dialogue[1].de: Vorteile erläutern, Risiken abwägen, die eigene Position begründen und eine Maßnahme vorschlagen. || [context/reading] reading.textDe: In einem internen B2-Training sollten Lernende eine neue Regel für gemeinsam genutzte Arbeitsräume beurteilen. Die Aufgabe verlangte vier Schritte: Vorteile erläutern, Risiken abwägen, eine eigene Position begründen und… || [context/rule] theory[0].examples[3].de: Ich begründe meine Position mit zwei Kriterien.","","","","",""
"P0-98-original-1297-noun-target","b2-11-noun-17","B2","b2-11","Punkt","der","masculine","der Punkt","den Punkt","dem Punkt","","Punkte","","b2-lexical-grammar-v1","[target/vocabulary] phrases[15].de: der entscheidende Punkt ist … || [registry/vocabulary] lexicalRegistry.b2-11-noun-17: der Punkt","","","","","",""
"P0-98-original-1297-noun-target","b2-11-noun-18","B2","b2-11","Umfang","der","masculine","der Umfang","den Umfang","dem Umfang","","Umfänge","","b2-lexical-grammar-v1","[target/reading] reading.glossary[2].lemma: Umfang || [registry/vocabulary] lexicalRegistry.b2-11-noun-18: der Umfang","","","","","",""
"P0-98-original-1297-noun-target","b2-11-noun-19","B2","b2-11","Verweiskette","die","feminine","die Verweiskette","die Verweiskette","der Verweiskette","","Verweisketten","","b2-lexical-grammar-v1","[target/reading] reading.glossary[6].lemma: Verweiskette || [registry/vocabulary] lexicalRegistry.b2-11-noun-19: die Verweiskette","[context/reading] reading.questions[2].promptDe: Was verbesserte die Verweisketten? || [context/reading] reading.textDe: In einem internen B2-Training sollten Lernende eine neue Regel für gemeinsam genutzte Arbeitsräume beurteilen. Die Aufgabe verlangte vier Schritte: Vorteile erläutern, Risiken abwägen, eine eigene Position begründen und…","","","","",""
"P0-98-original-1297-noun-target","b2-11-noun-20","B2","b2-11","Zeitreserve","die","feminine","die Zeitreserve","die Zeitreserve","der Zeitreserve","","Zeitreserven","","b2-lexical-grammar-v1","[target/vocabulary] phrases[17].de: die Zeitreserve nutzen || [registry/vocabulary] lexicalRegistry.b2-11-noun-20: die Zeitreserve","","","","","",""
"P0-98-original-1297-noun-target","b2-12-noun-1","B2","b2-12","Generalprobe","die","feminine","die Generalprobe","die Generalprobe","der Generalprobe","","Generalproben","","b2-lexical-grammar-v1","[target/vocabulary] flashcards[0].frontDe: eine Generalprobe durchführen || [target/vocabulary] phrases[0].de: eine Generalprobe durchführen || [registry/vocabulary] lexicalRegistry.b2-12-noun-1: die Generalprobe","[context/vocabulary] flashcards[0].exampleDe: Wir führen eine interne Generalprobe durch. || [context/reading] reading.questions[0].promptDe: Warum war die Generalprobe anbieterneutral?","","","","",""
"P0-98-original-1297-noun-target","b2-12-noun-2","B2","b2-12","Zeitmanagement","das","neuter","das Zeitmanagement","das Zeitmanagement","dem Zeitmanagement","","","","b2-lexical-grammar-v1","[registry/vocabulary] lexicalRegistry.b2-12-noun-2: das Zeitmanagement","","","","","",""
"P0-98-original-1297-noun-target","b2-12-noun-3","B2","b2-12","Aufgabenformat","das","neuter","das Aufgabenformat","das Aufgabenformat","dem Aufgabenformat","","Aufgabenformate","","b2-lexical-grammar-v1","[registry/vocabulary] lexicalRegistry.b2-12-noun-3: das Aufgabenformat","","","","","",""
"P0-98-original-1297-noun-target","b2-12-noun-4","B2","b2-12","Auswertung","die","feminine","die Auswertung","die Auswertung","der Auswertung","","Auswertungen","","b2-lexical-grammar-v1","[registry/vocabulary] lexicalRegistry.b2-12-noun-4: die Auswertung","[context/reading] reading.textDe: Ein Lernzentrum führte eine interne, anbieterneutrale B2-Generalprobe durch. Sie bildete weder das Goethe- noch das telc-Format ab, sondern prüfte gemeinsame Kompetenzen: komplexe Informationen verstehen, Quellen einord…","","","","",""
"P0-98-original-1297-noun-target","b2-12-noun-5","B2","b2-12","Anbieterform","die","feminine","die Anbieterform","die Anbieterform","der Anbieterform","","Anbieterformen","","b2-lexical-grammar-v1","[target/vocabulary] phrases[17].de: der Anbieterform treu bleiben || [registry/vocabulary] lexicalRegistry.b2-12-noun-5: die Anbieterform","","","","","",""
"P0-98-original-1297-noun-target","b2-12-noun-6","B2","b2-12","Aufgabenvertrag","der","masculine","der Aufgabenvertrag","den Aufgabenvertrag","dem Aufgabenvertrag","","Aufgabenverträge","","b2-lexical-grammar-v1","[target/vocabulary] flashcards[1].frontDe: den Aufgabenvertrag sichern || [target/vocabulary] phrases[1].de: den Aufgabenvertrag sichern || [registry/vocabulary] lexicalRegistry.b2-12-noun-6: der Aufgabenvertrag","","","","","",""
"P0-98-original-1297-noun-target","b2-12-noun-7","B2","b2-12","Bedingung","die","feminine","die Bedingung","die Bedingung","der Bedingung","","Bedingungen","","b2-lexical-grammar-v1","[target/vocabulary] phrases[10].de: eine Bedingung ableiten || [registry/vocabulary] lexicalRegistry.b2-12-noun-7: die Bedingung","[context/entry] entry.dialogue[2].de: Ich muss noch den Einwand aus dem Hörtext einordnen und eine Bedingung für den Pilot nennen.","","","","",""
"P0-98-original-1297-noun-target","b2-12-noun-8","B2","b2-12","Begriff","der","masculine","der Begriff","den Begriff","dem Begriff","","Begriffe","","b2-lexical-grammar-v1","[target/vocabulary] flashcards[4].frontDe: einen Begriff umschreiben || [target/vocabulary] phrases[5].de: einen Begriff umschreiben || [registry/vocabulary] lexicalRegistry.b2-12-noun-8: der Begriff","[context/entry] entry.dialogue[1].de: Umschreiben Sie den Begriff und markieren Sie ihn für die Schlusskontrolle. Welche Aufgabe ist noch unvollständig? || [context/reading] reading.questions[1].options[1]: Er umschrieb den Begriff und sicherte zuerst alle fehlenden Operatoren. || [context/reading] reading.textDe: Ein Lernzentrum führte eine interne, anbieterneutrale B2-Generalprobe durch. Sie bildete weder das Goethe- noch das telc-Format ab, sondern prüfte gemeinsame Kompetenzen: komplexe Informationen verstehen, Quellen einord…","","","","",""
"P0-98-original-1297-noun-target","b2-12-noun-9","B2","b2-12","Bezeichnung","die","feminine","die Bezeichnung","die Bezeichnung","der Bezeichnung","","Bezeichnungen","","b2-lexical-grammar-v1","[target/reading] reading.glossary[3].lemma: Bezeichnung || [registry/vocabulary] lexicalRegistry.b2-12-noun-9: die Bezeichnung","[context/reading] reading.textDe: Ein Lernzentrum führte eine interne, anbieterneutrale B2-Generalprobe durch. Sie bildete weder das Goethe- noch das telc-Format ab, sondern prüfte gemeinsame Kompetenzen: komplexe Informationen verstehen, Quellen einord…","","","","",""
"P0-98-original-1297-noun-target","b2-12-noun-10","B2","b2-12","Einwand","der","masculine","der Einwand","den Einwand","dem Einwand","","Einwände","","b2-lexical-grammar-v1","[target/vocabulary] phrases[9].de: einen Einwand einordnen || [registry/vocabulary] lexicalRegistry.b2-12-noun-10: der Einwand","[context/discover] discovery.examples[1]: Wirkung: einen Einwand aus der Quelle fair einordnen. || [context/entry] entry.dialogue[2].de: Ich muss noch den Einwand aus dem Hörtext einordnen und eine Bedingung für den Pilot nennen. || [context/listening] listening.questions[0].options[0]: Der Hörtext nannte den Einwand, die Sprecherin ließ ihn aber aus","","","","",""
"P0-98-original-1297-noun-target","b2-12-noun-11","B2","b2-12","Endurteil","das","neuter","das Endurteil","das Endurteil","dem Endurteil","","Endurteile","","b2-lexical-grammar-v1","[target/reading] reading.glossary[7].lemma: Endurteil || [registry/vocabulary] lexicalRegistry.b2-12-noun-11: das Endurteil","[context/reading] reading.textDe: Ein Lernzentrum führte eine interne, anbieterneutrale B2-Generalprobe durch. Sie bildete weder das Goethe- noch das telc-Format ab, sondern prüfte gemeinsame Kompetenzen: komplexe Informationen verstehen, Quellen einord…","","","","",""
"P0-98-original-1297-noun-target","b2-12-noun-12","B2","b2-12","Evidenzspur","die","feminine","die Evidenzspur","die Evidenzspur","der Evidenzspur","","Evidenzspuren","","b2-lexical-grammar-v1","[target/vocabulary] flashcards[6].frontDe: eine Evidenzspur || [target/vocabulary] phrases[12].de: eine Evidenzspur anlegen || [target/reading] reading.glossary[6].lemma: Evidenzspur || [registry/vocabulary] lexicalRegistry.b2-12-noun-12: die Evidenzspur","","","","","",""
"P0-98-original-1297-noun-target","b2-12-noun-13","B2","b2-12","Fehlerursache","die","feminine","die Fehlerursache","die Fehlerursache","der Fehlerursache","","Fehlerursachen","","b2-lexical-grammar-v1","[target/vocabulary] flashcards[7].frontDe: eine Fehlerursache bestimmen || [target/vocabulary] phrases[13].de: eine Fehlerursache bestimmen || [registry/vocabulary] lexicalRegistry.b2-12-noun-13: die Fehlerursache","","","","","",""
"P0-98-original-1297-noun-target","b2-12-noun-14","B2","b2-12","Folgeübung","die","feminine","die Folgeübung","die Folgeübung","der Folgeübung","","Folgeübungen","","b2-lexical-grammar-v1","[target/vocabulary] phrases[14].de: eine gezielte Folgeübung || [registry/vocabulary] lexicalRegistry.b2-12-noun-14: die Folgeübung","[context/listening] listening.transcriptDe: Coach: Nennen Sie nicht nur Ihren Gesamteindruck. Welche konkrete Stelle belegt die größte Lücke? — Lernerin: In meiner Präsentation fehlt der Einwand aus dem Hörtext. — Coach: Warum? — Lernerin: Auf meiner Stichwortkar…","","","","",""
"P0-98-original-1297-noun-target","b2-12-noun-15","B2","b2-12","Lücke","die","feminine","die Lücke","die Lücke","der Lücke","","Lücken","","b2-lexical-grammar-v1","[target/vocabulary] phrases[4].de: eine Lücke markieren || [registry/vocabulary] lexicalRegistry.b2-12-noun-15: die Lücke","[context/listening] listening.questions[1].promptDe: Welche Folge hatte die Lücke? || [context/listening] listening.transcriptDe: Coach: Nennen Sie nicht nur Ihren Gesamteindruck. Welche konkrete Stelle belegt die größte Lücke? — Lernerin: In meiner Präsentation fehlt der Einwand aus dem Hörtext. — Coach: Warum? — Lernerin: Auf meiner Stichwortkar…","","","","",""
"P0-98-original-1297-noun-target","b2-12-noun-16","B2","b2-12","Mindestantwort","die","feminine","die Mindestantwort","die Mindestantwort","der Mindestantwort","","Mindestantworten","","b2-lexical-grammar-v1","[target/vocabulary] flashcards[2].frontDe: eine Mindestantwort fertigstellen || [target/vocabulary] phrases[2].de: eine Mindestantwort fertigstellen || [registry/vocabulary] lexicalRegistry.b2-12-noun-16: die Mindestantwort","[context/vocabulary] flashcards[2].exampleDe: Zuerst stelle ich eine vollständige Mindestantwort fertig.","","","","",""
"P0-98-original-1297-noun-target","b2-12-noun-17","B2","b2-12","Mindestbesetzung","die","feminine","die Mindestbesetzung","die Mindestbesetzung","der Mindestbesetzung","","Mindestbesetzungen","","b2-lexical-grammar-v1","[target/reading] reading.glossary[5].lemma: Mindestbesetzung || [registry/vocabulary] lexicalRegistry.b2-12-noun-17: die Mindestbesetzung","[context/writing] writing.modelDe: Verlängerte Bibliothekszeiten können besonders Berufstätigen und Lernenden mit Betreuungspflichten einen besseren Zugang ermöglichen. Dem Bericht zufolge stieg die Abendnutzung während des bisherigen Piloten deutlich. D…","","","","",""
"P0-98-original-1297-noun-target","b2-12-noun-18","B2","b2-12","Personalabdeckung","die","feminine","die Personalabdeckung","die Personalabdeckung","der Personalabdeckung","","Personalabdeckungen","","b2-lexical-grammar-v1","[target/reading] reading.glossary[4].lemma: Personalabdeckung || [registry/vocabulary] lexicalRegistry.b2-12-noun-18: die Personalabdeckung","","","","","",""
"P0-98-original-1297-noun-target","b2-12-noun-19","B2","b2-12","Quelle","die","feminine","die Quelle","die Quelle","der Quelle","","Quellen","","b2-lexical-grammar-v1","[target/vocabulary] phrases[6].de: eine Quelle knapp zuordnen || [registry/vocabulary] lexicalRegistry.b2-12-noun-19: die Quelle","[context/discover] discovery.examples[1]: Wirkung: einen Einwand aus der Quelle fair einordnen. || [context/controlled] exercises[5].options[2]: Die eigene Empfehlung an den Anfang stellen und die Quellen nur kurz zu erwähnen","","","","",""
"P0-98-original-1297-noun-target","b2-12-noun-20","B2","b2-12","Voraussetzung","die","feminine","die Voraussetzung","die Voraussetzung","der Voraussetzung","","Voraussetzungen","","b2-lexical-grammar-v1","[target/vocabulary] flashcards[9].frontDe: unter der Voraussetzung, dass || [target/vocabulary] phrases[16].de: unter der Voraussetzung, dass … || [registry/vocabulary] lexicalRegistry.b2-12-noun-20: die Voraussetzung","[context/vocabulary] flashcards[9].exampleDe: Der Pilot gilt unter der Voraussetzung, dass Personal verfügbar ist. || [context/speaking] speaking.usefulPhrases[2]: Unter der Voraussetzung, dass … || [context/writing] writing.modelDe: Verlängerte Bibliothekszeiten können besonders Berufstätigen und Lernenden mit Betreuungspflichten einen besseren Zugang ermöglichen. Dem Bericht zufolge stieg die Abendnutzung während des bisherigen Piloten deutlich. D…","","","","",""
"P0-98-original-1297-noun-target","b2-13-noun-1","B2","b2-13","Revision","die","feminine","die Revision","die Revision","der Revision","","Revisionen","","b2-lexical-grammar-v1","[registry/vocabulary] lexicalRegistry.b2-13-noun-1: die Revision","","","","","",""
"P0-98-original-1297-noun-target","b2-13-noun-2","B2","b2-13","Evidenz","die","feminine","die Evidenz","die Evidenz","der Evidenz","","Evidenzen","","b2-lexical-grammar-v1","[registry/vocabulary] lexicalRegistry.b2-13-noun-2: die Evidenz","","","","","",""
"P0-98-original-1297-noun-target","b2-13-noun-3","B2","b2-13","Kriterium","das","neuter","das Kriterium","das Kriterium","dem Kriterium","","Kriterien","","b2-lexical-grammar-v1","[registry/vocabulary] lexicalRegistry.b2-13-noun-3: das Kriterium","[context/entry] entry.dialogue[4].de: Ob der Effekt nach acht Wochen trägt. Das wäre mein Kriterium: Bleibt der Unterschied aus, nehme ich die Regel zurück. || [context/listening] listening.transcriptDe: Ben fragt, ob Lea ihren Vorschlag nach der Auswertung zurückzieht. Lea verneint teilweise. Der Rückgang der Unterbrechungen sei in beiden Gruppen konsistent, deshalb bleibe die Regel für stille Arbeitsphasen. Für die Au… || [context/rule] theory[2].examples[5].de: Ich lege das Kriterium vorab fest.","","","","",""
"P0-98-original-1297-noun-target","b2-13-noun-4","B2","b2-13","Einschränkung","die","feminine","die Einschränkung","die Einschränkung","der Einschränkung","","Einschränkungen","","b2-lexical-grammar-v1","[target/vocabulary] phrases[1].de: eine Einschränkung vornehmen || [registry/vocabulary] lexicalRegistry.b2-13-noun-4: die Einschränkung","","","","","",""
"P0-98-original-1297-noun-target","b2-13-noun-5","B2","b2-13","Alternative","die","feminine","die Alternative","die Alternative","der Alternative","","Alternativen","","b2-lexical-grammar-v1","[target/vocabulary] phrases[4].de: eine Alternative erklären || [registry/vocabulary] lexicalRegistry.b2-13-noun-5: die Alternative","","","","","",""
"P0-98-original-1297-noun-target","b2-13-noun-6","B2","b2-13","Alternativerklärung","die","feminine","die Alternativerklärung","die Alternativerklärung","der Alternativerklärung","","Alternativerklärungen","","b2-lexical-grammar-v1","[target/vocabulary] flashcards[3].frontDe: eine Alternativerklärung || [registry/vocabulary] lexicalRegistry.b2-13-noun-6: die Alternativerklärung","[context/speaking] speaking.promptDe: Präsentieren Sie in drei Minuten: Ihre ursprüngliche These, der Befund, der sie begrenzt, eine Alternativerklärung, Ihre geänderte und Ihre bleibende Forderung.","","","","",""
"P0-98-original-1297-noun-target","b2-13-noun-7","B2","b2-13","Beleg","der","masculine","der Beleg","den Beleg","dem Beleg","","Belege","","b2-lexical-grammar-v1","[target/vocabulary] phrases[3].de: den Beleg ernst nehmen || [registry/vocabulary] lexicalRegistry.b2-13-noun-7: der Beleg","[context/entry] entry.dialogue[2].de: Nicht vollständig. Die Regel für stille Arbeitsphasen behalte ich, weil der Beleg dort konsistent ist. Für Audioaufgaben muss ich meine Forderung abschwächen: Die Daten zeigen keinen Vorteil. || [context/listening] listening.transcriptDe: Ben fragt, ob Lea ihren Vorschlag nach der Auswertung zurückzieht. Lea verneint teilweise. Der Rückgang der Unterbrechungen sei in beiden Gruppen konsistent, deshalb bleibe die Regel für stille Arbeitsphasen. Für die Au… || [context/test] miniTest[4].options[0]: ist ein Beleg.","","","","",""
"P0-98-original-1297-noun-target","b2-13-noun-8","B2","b2-13","Datenlage","die","feminine","die Datenlage","die Datenlage","der Datenlage","","Datenlagen","","b2-lexical-grammar-v1","[target/vocabulary] phrases[7].de: die Datenlage ändert nichts an … || [registry/vocabulary] lexicalRegistry.b2-13-noun-8: die Datenlage","[context/writing] writing.modelDe: Nach vier Wochen Prüfungsbetrieb ziehe ich ein Ergebnis, das ich vorab für gesichert hielt, in einem zentralen Punkt zurück. Meine ursprüngliche Forderung lautete, Smartphones sowohl in stillen Arbeitsphasen als auch be…","","","","",""
"P0-98-original-1297-noun-target","b2-13-noun-9","B2","b2-13","Effekt","der","masculine","der Effekt","den Effekt","dem Effekt","","Effekte","","b2-lexical-grammar-v1","[target/vocabulary] phrases[13].de: der Effekt verschwand || [registry/vocabulary] lexicalRegistry.b2-13-noun-9: der Effekt","[context/entry] entry.dialogue[4].de: Ob der Effekt nach acht Wochen trägt. Das wäre mein Kriterium: Bleibt der Unterschied aus, nehme ich die Regel zurück. || [context/controlled] exercises[1].template: Daraus lässt sich kein kausaler Effekt ___ , weil die Gruppen sich im Niveau unterschieden. || [context/controlled] exercises[4].pairs[2].right: Bleibt der Effekt aus, entfällt die Regel.","","","","",""
"P0-98-original-1297-noun-target","b2-13-noun-10","B2","b2-13","Ergebnis","das","neuter","das Ergebnis","das Ergebnis","dem Ergebnis","","Ergebnisse","","b2-lexical-grammar-v1","[target/vocabulary] phrases[9].de: ein Ergebnis reproduzieren || [registry/vocabulary] lexicalRegistry.b2-13-noun-10: das Ergebnis","[context/writing] writing.modelDe: Nach vier Wochen Prüfungsbetrieb ziehe ich ein Ergebnis, das ich vorab für gesichert hielt, in einem zentralen Punkt zurück. Meine ursprüngliche Forderung lautete, Smartphones sowohl in stillen Arbeitsphasen als auch be…","","","","",""
"P0-98-original-1297-noun-target","b2-13-noun-11","B2","b2-13","Falsifikationskriterium","das","neuter","das Falsifikationskriterium","das Falsifikationskriterium","dem Falsifikationskriterium","","Falsifikationskriterien","","b2-lexical-grammar-v1","[target/vocabulary] flashcards[2].frontDe: ein Falsifikationskriterium || [target/vocabulary] phrases[5].de: ein Falsifikationskriterium nennen || [registry/vocabulary] lexicalRegistry.b2-13-noun-11: das Falsifikationskriterium","","","","","",""
"P0-98-original-1297-noun-target","b2-13-noun-12","B2","b2-13","Kausalität","die","feminine","die Kausalität","die Kausalität","der Kausalität","","Kausalitäten","","b2-lexical-grammar-v1","[target/vocabulary] phrases[12].de: Korrelation ist keine Kausalität || [registry/vocabulary] lexicalRegistry.b2-13-noun-12: die Kausalität","","","","","",""
"P0-98-original-1297-noun-target","b2-13-noun-13","B2","b2-13","Position","die","feminine","die Position","die Position","der Position","","Positionen","","b2-lexical-grammar-v1","[target/vocabulary] flashcards[0].frontDe: die eigene Position überprüfen || [target/vocabulary] phrases[0].de: die eigene Position überprüfen || [registry/vocabulary] lexicalRegistry.b2-13-noun-13: die Position","[context/vocabulary] flashcards[0].exampleDe: Ich überprüfe meine Position an den Daten.","","","","",""
"P0-98-original-1297-noun-target","b2-13-noun-14","B2","b2-13","Reichweite","die","feminine","die Reichweite","die Reichweite","der Reichweite","","Reichweiten","","b2-lexical-grammar-v1","[target/vocabulary] flashcards[1].frontDe: die Reichweite begrenzen || [target/vocabulary] phrases[2].de: die Reichweite begrenzen || [registry/vocabulary] lexicalRegistry.b2-13-noun-14: die Reichweite","","","","","",""
"P0-98-original-1297-noun-target","b2-13-noun-15","B2","b2-13","Schlussfolgerung","die","feminine","die Schlussfolgerung","die Schlussfolgerung","der Schlussfolgerung","","Schlussfolgerungen","","b2-lexical-grammar-v1","[target/vocabulary] phrases[8].de: die Schlussfolgerung korrigieren || [registry/vocabulary] lexicalRegistry.b2-13-noun-15: die Schlussfolgerung","[context/speaking] speaking.usefulPhrases[0]: Die Daten erlauben nicht die Schlussfolgerung, die ich gezogen habe.","","","","",""
"P0-98-original-1297-noun-target","b2-13-noun-16","B2","b2-13","Stichprobe","die","feminine","die Stichprobe","die Stichprobe","der Stichprobe","","Stichproben","","b2-lexical-grammar-v1","[target/vocabulary] phrases[11].de: die Stichprobe war zu klein || [registry/vocabulary] lexicalRegistry.b2-13-noun-16: die Stichprobe","","","","","",""
"P0-98-original-1297-noun-target","b2-13-noun-17","B2","b2-13","Verzerrung","die","feminine","die Verzerrung","die Verzerrung","der Verzerrung","","Verzerrungen","","b2-lexical-grammar-v1","[target/vocabulary] phrases[10].de: eine Verzerrung ausschließen || [registry/vocabulary] lexicalRegistry.b2-13-noun-17: die Verzerrung","","","","","",""
"P0-98-original-1297-noun-target","b2-13-noun-18","B2","b2-13","Vorgabe","die","feminine","die Vorgabe","die Vorgabe","der Vorgabe","","Vorgaben","","b2-lexical-grammar-v1","[target/vocabulary] flashcards[7].frontDe: eine Vorgabe zurücknehmen || [registry/vocabulary] lexicalRegistry.b2-13-noun-18: die Vorgabe","[context/mediation] mediation.sourceDe: Bleibt: Rückgang der Unterbrechungen konsistent. Entfällt: Vorteil bei Audioaufgaben, nur eine Gruppe, unterschiedliches Ausgangsniveau. Kriterium: zweite Messung nach acht Wochen, unter fünf Prozentpunkten Differenz en… || [context/rule] theory[2].examples[2].de: Für Audioaufgaben entfällt die Vorgabe. || [context/writing] writing.modelDe: Nach vier Wochen Prüfungsbetrieb ziehe ich ein Ergebnis, das ich vorab für gesichert hielt, in einem zentralen Punkt zurück. Meine ursprüngliche Forderung lautete, Smartphones sowohl in stillen Arbeitsphasen als auch be…","","","","",""
"P0-98-original-1297-noun-target","b2-13-noun-19","B2","b2-13","Weg","der","masculine","der Weg","den Weg","dem Weg","","Wege","","b2-lexical-grammar-v1","[target/vocabulary] phrases[15].de: Ich bleibe beim Ziel, ändere den Weg. || [registry/vocabulary] lexicalRegistry.b2-13-noun-19: der Weg","","","","","",""
"P0-98-original-1297-noun-target","b2-14-noun-1","B2","b2-14","Kohäsion","die","feminine","die Kohäsion","die Kohäsion","der Kohäsion","","","","b2-lexical-grammar-v1","[registry/vocabulary] lexicalRegistry.b2-14-noun-1: die Kohäsion","[context/reading] reading.questions[0].options[3]: An der Kohäsion zwischen den Sätzen || [context/reading] reading.textDe: In Behördenbriefen, Berichten und Fachtexten entscheidet selten die einzelne Grammatikstunde über die Verständlichkeit, sondern die Kohäsion: die Art, wie Sätze aneinander andocken. Drei Werkzeuge tragen die Last. Erste…","","","","",""
"P0-98-original-1297-noun-target","b2-14-noun-2","B2","b2-14","Verweiskette","die","feminine","die Verweiskette","die Verweiskette","der Verweiskette","","Verweisketten","","b2-lexical-grammar-v1","[target/vocabulary] flashcards[0].frontDe: die Verweiskette || [target/vocabulary] phrases[1].de: die Verweiskette || [registry/vocabulary] lexicalRegistry.b2-14-noun-2: die Verweiskette","[context/reading] reading.textDe: In Behördenbriefen, Berichten und Fachtexten entscheidet selten die einzelne Grammatikstunde über die Verständlichkeit, sondern die Kohäsion: die Art, wie Sätze aneinander andocken. Drei Werkzeuge tragen die Last. Erste…","","","","",""
"P0-98-original-1297-noun-target","b2-14-noun-3","B2","b2-14","Konnektor","der","masculine","der Konnektor","den Konnektor","dem Konnektor","","Konnektoren","","b2-lexical-grammar-v1","[registry/vocabulary] lexicalRegistry.b2-14-noun-3: der Konnektor","[context/listening] listening.transcriptDe: Ben liest seinen Absatz vor, Herr Aziz unterbricht nicht, sondern markiert. Zuerst die Kette: In Satz zwei steht «dieses», davor aber sowohl der Termin als auch der Antrag. Herr Aziz streicht das Demonstrativum und setz… || [context/reading] reading.textDe: In Behördenbriefen, Berichten und Fachtexten entscheidet selten die einzelne Grammatikstunde über die Verständlichkeit, sondern die Kohäsion: die Art, wie Sätze aneinander andocken. Drei Werkzeuge tragen die Last. Erste… || [context/speaking] speaking.promptDe: Sprich zwei Minuten über eine Änderung in deinem Kurs oder Betrieb: Situation, Grund, Folge, Einschränkung, nächster Schritt. Markiere jede Relation hörbar durch einen Konnektor.","","","","",""
"P0-98-original-1297-noun-target","b2-14-noun-4","B2","b2-14","Nominalisierung","die","feminine","die Nominalisierung","die Nominalisierung","der Nominalisierung","","Nominalisierungen","","b2-lexical-grammar-v1","[registry/vocabulary] lexicalRegistry.b2-14-noun-4: die Nominalisierung","[context/reading] reading.textDe: In Behördenbriefen, Berichten und Fachtexten entscheidet selten die einzelne Grammatikstunde über die Verständlichkeit, sondern die Kohäsion: die Art, wie Sätze aneinander andocken. Drei Werkzeuge tragen die Last. Erste…","","","","",""
"P0-98-original-1297-noun-target","b2-14-noun-5","B2","b2-14","Bezug","der","masculine","der Bezug","den Bezug","dem Bezug","","Bezüge","","b2-lexical-grammar-v1","[target/vocabulary] phrases[4].de: der Bezug ist unklar || [registry/vocabulary] lexicalRegistry.b2-14-noun-5: der Bezug","[context/listening] listening.transcriptDe: Ben liest seinen Absatz vor, Herr Aziz unterbricht nicht, sondern markiert. Zuerst die Kette: In Satz zwei steht «dieses», davor aber sowohl der Termin als auch der Antrag. Herr Aziz streicht das Demonstrativum und setz…","","","","",""
"P0-98-original-1297-noun-target","b2-14-noun-6","B2","b2-14","Bezugswort","das","neuter","das Bezugswort","das Bezugswort","dem Bezugswort","","Bezugswörter","","b2-lexical-grammar-v1","[target/vocabulary] flashcards[1].frontDe: das Bezugswort || [target/vocabulary] phrases[5].de: ein Bezugswort wiederholen || [registry/vocabulary] lexicalRegistry.b2-14-noun-6: das Bezugswort","[context/listening] listening.questions[2].options[3]: Jeder Konnektor nennt eine Beziehung, jedes Fürwort hat ein Bezugswort, höchstens ein nominaler Cluster pro Satz. || [context/listening] listening.transcriptDe: Ben liest seinen Absatz vor, Herr Aziz unterbricht nicht, sondern markiert. Zuerst die Kette: In Satz zwei steht «dieses», davor aber sowohl der Termin als auch der Antrag. Herr Aziz streicht das Demonstrativum und setz… || [context/reading] reading.textDe: In Behördenbriefen, Berichten und Fachtexten entscheidet selten die einzelne Grammatikstunde über die Verständlichkeit, sondern die Kohäsion: die Art, wie Sätze aneinander andocken. Drei Werkzeuge tragen die Last. Erste…","","","","",""
"P0-98-original-1297-noun-target","b2-14-noun-7","B2","b2-14","Faden","der","masculine","der Faden","den Faden","dem Faden","","Fäden","","b2-lexical-grammar-v1","[target/vocabulary] flashcards[7].frontDe: den roten Faden verlieren || [target/vocabulary] phrases[6].de: den roten Faden verlieren || [registry/vocabulary] lexicalRegistry.b2-14-noun-7: der Faden","[context/vocabulary] flashcards[1].exampleDe: Ohne klares Bezugswort verliert der Leser den Faden. || [context/vocabulary] flashcards[7].exampleDe: Bei zweideutigen Pronomen verliert man den roten Faden.","","","","",""
"P0-98-original-1297-noun-target","b2-14-noun-8","B2","b2-14","Genitivkette","die","feminine","die Genitivkette","die Genitivkette","der Genitivkette","","Genitivketten","","b2-lexical-grammar-v1","[target/vocabulary] flashcards[6].frontDe: die Genitivkette || [registry/vocabulary] lexicalRegistry.b2-14-noun-8: die Genitivkette","[context/reading] reading.textDe: In Behördenbriefen, Berichten und Fachtexten entscheidet selten die einzelne Grammatikstunde über die Verständlichkeit, sondern die Kohäsion: die Art, wie Sätze aneinander andocken. Drei Werkzeuge tragen die Last. Erste…","","","","",""
"P0-98-original-1297-noun-target","b2-14-noun-9","B2","b2-14","Konjunktionaladverb","das","neuter","das Konjunktionaladverb","das Konjunktionaladverb","dem Konjunktionaladverb","","Konjunktionaladverbien","","b2-lexical-grammar-v1","[target/vocabulary] flashcards[4].frontDe: das Konjunktionaladverb || [target/vocabulary] phrases[7].de: ein Konjunktionaladverb benutzen || [registry/vocabulary] lexicalRegistry.b2-14-noun-9: das Konjunktionaladverb","[context/vocabulary] flashcards[4].exampleDe: «Anschließend» ist ein Konjunktionaladverb auf Position eins.","","","","",""
"P0-98-original-1297-noun-target","b2-14-noun-10","B2","b2-14","Lesefluss","der","masculine","der Lesefluss","den Lesefluss","dem Lesefluss","","","","b2-lexical-grammar-v1","[target/vocabulary] phrases[17].de: den Lesefluss unterbrechen || [registry/vocabulary] lexicalRegistry.b2-14-noun-10: der Lesefluss","","","","","",""
"P0-98-original-1297-noun-target","b2-14-noun-11","B2","b2-14","Nominalcluster","das","neuter","das Nominalcluster","das Nominalcluster","dem Nominalcluster","","Nominalcluster","","b2-lexical-grammar-v1","[target/vocabulary] flashcards[5].frontDe: der Nominalcluster || [registry/vocabulary] lexicalRegistry.b2-14-noun-11: das Nominalcluster","","","","","",""
"P0-98-original-1297-noun-target","b2-14-noun-12","B2","b2-14","Oberbegriff","der","masculine","der Oberbegriff","den Oberbegriff","dem Oberbegriff","","Oberbegriffe","","b2-lexical-grammar-v1","[target/vocabulary] flashcards[3].frontDe: der Oberbegriff || [registry/vocabulary] lexicalRegistry.b2-14-noun-12: der Oberbegriff","[context/vocabulary] flashcards[3].exampleDe: Stattdessen ein Oberbegriff wie «der Vorgang». || [context/reading] reading.questions[1].options[0]: Das Nomen wiederholen oder einen Oberbegriff setzen || [context/reading] reading.textDe: In Behördenbriefen, Berichten und Fachtexten entscheidet selten die einzelne Grammatikstunde über die Verständlichkeit, sondern die Kohäsion: die Art, wie Sätze aneinander andocken. Drei Werkzeuge tragen die Last. Erste…","","","","",""
"P0-98-original-1297-noun-target","b2-14-noun-13","B2","b2-14","Text","der","masculine","der Text","den Text","dem Text","","Texte","","b2-lexical-grammar-v1","[target/vocabulary] phrases[0].de: den Text zusammenhalten || [registry/vocabulary] lexicalRegistry.b2-14-noun-13: der Text","[context/listening] listening.questions[1].options[2]: Sichtbare Relationen machen den Text offiziell, nichttürmende Nomina. || [context/listening] listening.transcriptDe: Ben liest seinen Absatz vor, Herr Aziz unterbricht nicht, sondern markiert. Zuerst die Kette: In Satz zwei steht «dieses», davor aber sowohl der Termin als auch der Antrag. Herr Aziz streicht das Demonstrativum und setz… || [context/reading] reading.textDe: In Behördenbriefen, Berichten und Fachtexten entscheidet selten die einzelne Grammatikstunde über die Verständlichkeit, sondern die Kohäsion: die Art, wie Sätze aneinander andocken. Drei Werkzeuge tragen die Last. Erste…","","","","",""
"P0-98-original-1297-noun-target","b2-14-noun-14","B2","b2-14","Zug","der","masculine","der Zug","den Zug","dem Zug","","Züge","","b2-lexical-grammar-v1","[target/vocabulary] flashcards[9].frontDe: in einem Zug lesbar || [registry/vocabulary] lexicalRegistry.b2-14-noun-14: der Zug","[context/vocabulary] flashcards[9].exampleDe: Der Absatz ist in einem Zug lesbar. || [context/writing] writing.modelDe: Die Verlängerung der Antragsfrist wurde abgelehnt, weil die Gebühr nicht fristgerecht eingegangen war. Diese Gebühr war nicht versehentlich verspätet, sondern resultierte aus einem Überweisungsfehler, den die Bank am se…","","","","",""
"P0-98-original-1297-noun-target","b2-15-noun-1","B2","b2-15","Zeitrahmen","der","masculine","der Zeitrahmen","den Zeitrahmen","dem Zeitrahmen","","Zeitrahmen","","b2-lexical-grammar-v1","[target/vocabulary] flashcards[0].frontDe: der Zeitrahmen || [target/vocabulary] phrases[0].de: sich einen Zeitrahmen setzen || [registry/vocabulary] lexicalRegistry.b2-15-noun-1: der Zeitrahmen","[context/listening] listening.transcriptDe: Ben legt sich eine Stoppuhr bereit, Herr Aziz verlangt nur ein Blatt. Zuerst der Zeitrahmen: zwei Aufgaben, neunzig Minuten, vier Abschnitte. Ben will mit dem Schreiben beginnen, weil er das Lesen für sicher hält. Herr … || [context/reading] reading.textDe: Wer eine B2-Prüfung schreibt, kämpft selten mit der Grammatik und häufig mit der Uhr. Der erste Schritt ist deshalb nicht der Text, sondern der Zeitrahmen: zwei Aufgaben, vier Abschnitte, und zwischen ihnen ein Puffer v…","","","","",""
"P0-98-original-1297-noun-target","b2-15-noun-2","B2","b2-15","Kontrollphase","die","feminine","die Kontrollphase","die Kontrollphase","der Kontrollphase","","Kontrollphasen","","b2-lexical-grammar-v1","[target/vocabulary] flashcards[1].frontDe: die Kontrollphase || [target/vocabulary] phrases[3].de: die Kontrollphase nicht streichen || [registry/vocabulary] lexicalRegistry.b2-15-noun-2: die Kontrollphase","[context/controlled] exercises[1].template: ___ ich die Kontrollphase nicht streiche, steht sie am Anfang des Plans. || [context/listening] listening.questions[1].promptDe: Wie viele Minuten bleiben für die Kontrollphase? || [context/listening] listening.transcriptDe: Ben legt sich eine Stoppuhr bereit, Herr Aziz verlangt nur ein Blatt. Zuerst der Zeitrahmen: zwei Aufgaben, neunzig Minuten, vier Abschnitte. Ben will mit dem Schreiben beginnen, weil er das Lesen für sicher hält. Herr …","","","","",""
"P0-98-original-1297-noun-target","b2-15-noun-3","B2","b2-15","Puffer","der","masculine","der Puffer","den Puffer","dem Puffer","","Puffer","","b2-lexical-grammar-v1","[target/vocabulary] flashcards[2].frontDe: der Puffer || [target/vocabulary] phrases[2].de: einen Puffer für die Kontrolle offenhalten || [registry/vocabulary] lexicalRegistry.b2-15-noun-3: der Puffer","[context/listening] listening.transcriptDe: Ben legt sich eine Stoppuhr bereit, Herr Aziz verlangt nur ein Blatt. Zuerst der Zeitrahmen: zwei Aufgaben, neunzig Minuten, vier Abschnitte. Ben will mit dem Schreiben beginnen, weil er das Lesen für sicher hält. Herr … || [context/reading] reading.textDe: Wer eine B2-Prüfung schreibt, kämpft selten mit der Grammatik und häufig mit der Uhr. Der erste Schritt ist deshalb nicht der Text, sondern der Zeitrahmen: zwei Aufgaben, vier Abschnitte, und zwischen ihnen ein Puffer v… || [context/writing] writing.promptDe: Schreibe 170–200 Wörter: deinen Zeitplan für eine Schreibprüfung mit zwei Aufgaben. Nenne für jeden Durchgang ein Ziel, begründe den Puffer und beschreibe eine Fehlerquelle, die du bearbeiten willst. Verwende mindestens…","","","","",""
"P0-98-original-1297-noun-target","b2-15-noun-4","B2","b2-15","Fehlerquelle","die","feminine","die Fehlerquelle","die Fehlerquelle","der Fehlerquelle","","Fehlerquellen","","b2-lexical-grammar-v1","[target/vocabulary] flashcards[3].frontDe: die Fehlerquelle || [target/vocabulary] phrases[12].de: die Fehlerquelle beim Namen nennen || [registry/vocabulary] lexicalRegistry.b2-15-noun-4: die Fehlerquelle","[context/entry] entry.dialogue[5].de: Dann hast du keine Nachlässigkeit, sondern eine Fehlerquelle. Quellen bearbeitet man, Flüchtigkeiten bedauert man. || [context/reading] reading.textDe: Wer eine B2-Prüfung schreibt, kämpft selten mit der Grammatik und häufig mit der Uhr. Der erste Schritt ist deshalb nicht der Text, sondern der Zeitrahmen: zwei Aufgaben, vier Abschnitte, und zwischen ihnen ein Puffer v… || [context/speaking] speaking.promptDe: Stelle deinen Zeitplan in neunzig Sekunden vor: Abschnitte, Puffer, ein Ziel pro Durchgang, eine Fehlerquelle. Begründe jede Entscheidung mit einem Nebensatz mit «um … zu», «damit», «bevor» oder «nachdem».","","","","",""
"P0-98-original-1297-noun-target","b2-15-noun-5","B2","b2-15","Kontrolle","die","feminine","die Kontrolle","die Kontrolle","der Kontrolle","","Kontrollen","","b2-lexical-grammar-v1","[target/vocabulary] phrases[2].de: einen Puffer für die Kontrolle offenhalten || [registry/vocabulary] lexicalRegistry.b2-15-noun-5: die Kontrolle","[context/entry] entry.dialogue[2].de: Also erst lesen, dann planen, dann schreiben — und die Kontrolle am Ende? || [context/controlled] exercises[4].pairs[2].right: einen Absatz verschieben, die Kontrolle behalten || [context/vocabulary] flashcards[2].exampleDe: Der Puffer gehört der Kontrolle.","","","","",""
"P0-98-original-1297-noun-target","b2-15-noun-6","B2","b2-15","Absatz","der","masculine","der Absatz","den Absatz","dem Absatz","","Absätze","","b2-lexical-grammar-v1","[target/vocabulary] phrases[7].de: einen Absatz verschieben, nicht die Qualität || [registry/vocabulary] lexicalRegistry.b2-15-noun-6: der Absatz","[context/entry] entry.dialogue[3].de: Die Kontrollphase streichst du nicht. Wenn die Zeit fehlt, verschiebst du einen Absatz, keinen Prüfungsschritt. || [context/controlled] exercises[4].pairs[2].right: einen Absatz verschieben, die Kontrolle behalten || [context/listening] listening.questions[2].options[0]: Weil ein fehlender Absatz reparierbar ist, ungeprüfte Zeit nicht","","","","",""
"P0-98-original-1297-noun-target","b2-15-noun-7","B2","b2-15","Aufgabenstellung","die","feminine","die Aufgabenstellung","die Aufgabenstellung","der Aufgabenstellung","","Aufgabenstellungen","","b2-lexical-grammar-v1","[target/vocabulary] flashcards[6].frontDe: die Aufgabenstellung || [target/vocabulary] phrases[1].de: die Aufgabenstellung in drei Schritte zerlegen || [registry/vocabulary] lexicalRegistry.b2-15-noun-7: die Aufgabenstellung","[context/discover] discovery.examples[0]: «Ich fange sofort mit Aufgabe 1 an.» → kein Lesen der Aufgabenstellung, kein Vorlauf || [context/entry] entry.dialogue[1].de: Schneller ja. Aber wer die Aufgabenstellung überfliegt, schreibt neunzig Minuten am Thema vorbei. || [context/controlled] exercises[2].acceptedAnswers[0]: Zuerst lese ich die Aufgabenstellung zweimal","","","","",""
"P0-98-original-1297-noun-target","b2-15-noun-8","B2","b2-15","Durchgang","der","masculine","der Durchgang","den Durchgang","dem Durchgang","","Durchgänge","","b2-lexical-grammar-v1","[target/vocabulary] flashcards[5].frontDe: der Durchgang || [target/vocabulary] phrases[11].de: auf den dritten Durchgang verzichten || [registry/vocabulary] lexicalRegistry.b2-15-noun-8: der Durchgang","[context/controlled] exercises[5].template: Am Ende verzichtet er ___ den dritten Durchgang und prüft nur die Verben. || [context/controlled] exercises[6].options[0]: Bevor der Durchgang beendet war, folgte die Zwischenbilanz sofort. || [context/controlled] exercises[6].options[1]: Sobald der Durchgang beendet war, folgte die Zwischenbilanz vorher.","","","","",""
"P0-98-original-1297-noun-target","b2-15-noun-9","B2","b2-15","Markierung","die","feminine","die Markierung","die Markierung","der Markierung","","Markierungen","","b2-lexical-grammar-v1","[target/vocabulary] phrases[8].de: den Vorlauf für eine zweite Markierung nutzen || [registry/vocabulary] lexicalRegistry.b2-15-noun-9: die Markierung","[context/vocabulary] flashcards[9].exampleDe: Den Vorlauf nutze ich für eine Markierung. || [context/pronunciation] pronunciation.items[4].de: SOBald die Markierung STEHT, … || [context/reading] reading.textDe: Wer eine B2-Prüfung schreibt, kämpft selten mit der Grammatik und häufig mit der Uhr. Der erste Schritt ist deshalb nicht der Text, sondern der Zeitrahmen: zwei Aufgaben, vier Abschnitte, und zwischen ihnen ein Puffer v…","","","","",""
"P0-98-original-1297-noun-target","b2-15-noun-10","B2","b2-15","Notizliste","die","feminine","die Notizliste","die Notizliste","der Notizliste","","Notizlisten","","b2-lexical-grammar-v1","[registry/vocabulary] lexicalRegistry.b2-15-noun-10: die Notizliste","[context/reading] reading.textDe: Wer eine B2-Prüfung schreibt, kämpft selten mit der Grammatik und häufig mit der Uhr. Der erste Schritt ist deshalb nicht der Text, sondern der Zeitrahmen: zwei Aufgaben, vier Abschnitte, und zwischen ihnen ein Puffer v…","","","","",""
"P0-98-original-1297-noun-target","b2-15-noun-11","B2","b2-15","Plan","der","masculine","der Plan","den Plan","dem Plan","","Pläne","","b2-lexical-grammar-v1","[target/vocabulary] phrases[10].de: sich an den eigenen Plan halten || [registry/vocabulary] lexicalRegistry.b2-15-noun-11: der Plan","[context/listening] listening.transcriptDe: Ben legt sich eine Stoppuhr bereit, Herr Aziz verlangt nur ein Blatt. Zuerst der Zeitrahmen: zwei Aufgaben, neunzig Minuten, vier Abschnitte. Ben will mit dem Schreiben beginnen, weil er das Lesen für sicher hält. Herr … || [context/reading] reading.questions[2].options[1]: Weil sie die einzige Stelle ist, an der der Plan noch änderbar ist. || [context/reading] reading.textDe: Wer eine B2-Prüfung schreibt, kämpft selten mit der Grammatik und häufig mit der Uhr. Der erste Schritt ist deshalb nicht der Text, sondern der Zeitrahmen: zwei Aufgaben, vier Abschnitte, und zwischen ihnen ein Puffer v…","","","","",""
"P0-98-original-1297-noun-target","b2-15-noun-12","B2","b2-15","Priorität","die","feminine","die Priorität","die Priorität","der Priorität","","Prioritäten","","b2-lexical-grammar-v1","[target/vocabulary] flashcards[7].frontDe: die Priorität || [target/vocabulary] phrases[14].de: die Priorität umkehren || [registry/vocabulary] lexicalRegistry.b2-15-noun-12: die Priorität","[context/reading] reading.textDe: Wer eine B2-Prüfung schreibt, kämpft selten mit der Grammatik und häufig mit der Uhr. Der erste Schritt ist deshalb nicht der Text, sondern der Zeitrahmen: zwei Aufgaben, vier Abschnitte, und zwischen ihnen ein Puffer v…","","","","",""
"P0-98-original-1297-noun-target","b2-15-noun-13","B2","b2-15","Qualität","die","feminine","die Qualität","die Qualität","der Qualität","","","","b2-lexical-grammar-v1","[target/vocabulary] phrases[7].de: einen Absatz verschieben, nicht die Qualität || [registry/vocabulary] lexicalRegistry.b2-15-noun-13: die Qualität","","","","","",""
"P0-98-original-1297-noun-target","b2-15-noun-14","B2","b2-15","Rückmeldung","die","feminine","die Rückmeldung","die Rückmeldung","der Rückmeldung","","Rückmeldungen","","b2-lexical-grammar-v1","[target/vocabulary] phrases[13].de: eine Rückmeldung an sich selbst schreiben || [registry/vocabulary] lexicalRegistry.b2-15-noun-14: die Rückmeldung","[context/listening] listening.transcriptDe: Ben legt sich eine Stoppuhr bereit, Herr Aziz verlangt nur ein Blatt. Zuerst der Zeitrahmen: zwei Aufgaben, neunzig Minuten, vier Abschnitte. Ben will mit dem Schreiben beginnen, weil er das Lesen für sicher hält. Herr … || [context/reading] reading.textDe: Wer eine B2-Prüfung schreibt, kämpft selten mit der Grammatik und häufig mit der Uhr. Der erste Schritt ist deshalb nicht der Text, sondern der Zeitrahmen: zwei Aufgaben, vier Abschnitte, und zwischen ihnen ein Puffer v…","","","","",""
"P0-98-original-1297-noun-target","b2-15-noun-15","B2","b2-15","Teilaufgabe","die","feminine","die Teilaufgabe","die Teilaufgabe","der Teilaufgabe","","Teilaufgaben","","b2-lexical-grammar-v1","[target/vocabulary] phrases[15].de: die Zeit an einer Teilaufgabe ablesen || [registry/vocabulary] lexicalRegistry.b2-15-noun-15: die Teilaufgabe","","","","","",""
"P0-98-original-1297-noun-target","b2-15-noun-16","B2","b2-15","Vorlauf","der","masculine","der Vorlauf","den Vorlauf","dem Vorlauf","","Vorläufe","","b2-lexical-grammar-v1","[target/vocabulary] flashcards[9].frontDe: der Vorlauf || [target/vocabulary] phrases[8].de: den Vorlauf für eine zweite Markierung nutzen || [registry/vocabulary] lexicalRegistry.b2-15-noun-16: der Vorlauf","[context/discover] discovery.examples[0]: «Ich fange sofort mit Aufgabe 1 an.» → kein Lesen der Aufgabenstellung, kein Vorlauf || [context/reading] reading.textDe: Wer eine B2-Prüfung schreibt, kämpft selten mit der Grammatik und häufig mit der Uhr. Der erste Schritt ist deshalb nicht der Text, sondern der Zeitrahmen: zwei Aufgaben, vier Abschnitte, und zwischen ihnen ein Puffer v… || [context/writing] writing.modelDe: Neunzig Minuten für zwei Aufgaben teile ich in vier Abschnitte: fünfzehn Minuten Lesen, zwanzig Planen, fünfundvierzig Schreiben, zehn Kontrolle. Diese zehn Minuten sind kein Rest, sondern ein Posten im Plan, damit die …","","","","",""
"P0-98-original-1297-noun-target","b2-15-noun-17","B2","b2-15","Wecker","der","masculine","der Wecker","den Wecker","dem Wecker","","Wecker","","b2-lexical-grammar-v1","[target/vocabulary] phrases[16].de: den Wecker auf neunzig Minuten stellen || [registry/vocabulary] lexicalRegistry.b2-15-noun-17: der Wecker","[context/pronunciation] pronunciation.items[0].de: um die FRIST zu SCHÜtzen, STELle ich den WECKer. || [context/speaking] speaking.usefulPhrases[3]: Damit ich nicht in Verzug gerate, stelle ich einen Wecker. || [context/rule] theory[0].examples[0].de: Um die Kontrollphase zu schützen, stelle ich den Wecker.","","","","",""
"P0-98-original-1297-noun-target","b2-15-noun-18","B2","b2-15","Zeit","die","feminine","die Zeit","die Zeit","der Zeit","","Zeiten","","b2-lexical-grammar-v1","[target/vocabulary] phrases[15].de: die Zeit an einer Teilaufgabe ablesen || [registry/vocabulary] lexicalRegistry.b2-15-noun-18: die Zeit","[context/entry] entry.dialogue[3].de: Die Kontrollphase streichst du nicht. Wenn die Zeit fehlt, verschiebst du einen Absatz, keinen Prüfungsschritt. || [context/controlled] exercises[0].options[0]: Um ich die Zeit halte, notiere ich den Beginn. || [context/controlled] exercises[0].options[1]: Um zu die Zeit halten, notiere ich den Beginn.","","","","",""
"P0-98-original-1297-noun-target","b2-15-noun-19","B2","b2-15","Ziel","das","neuter","das Ziel","das Ziel","dem Ziel","","Ziele","","b2-lexical-grammar-v1","[target/vocabulary] phrases[4].de: pro Durchgang ein Ziel notieren || [registry/vocabulary] lexicalRegistry.b2-15-noun-19: das Ziel","[context/vocabulary] flashcards[5].exampleDe: Jeder Durchgang hat ein Ziel. || [context/listening] listening.transcriptDe: Ben legt sich eine Stoppuhr bereit, Herr Aziz verlangt nur ein Blatt. Zuerst der Zeitrahmen: zwei Aufgaben, neunzig Minuten, vier Abschnitte. Ben will mit dem Schreiben beginnen, weil er das Lesen für sicher hält. Herr … || [context/reading] reading.textDe: Wer eine B2-Prüfung schreibt, kämpft selten mit der Grammatik und häufig mit der Uhr. Der erste Schritt ist deshalb nicht der Text, sondern der Zeitrahmen: zwei Aufgaben, vier Abschnitte, und zwischen ihnen ein Puffer v…","","","","",""
"P0-98-original-1297-noun-target","b2-15-noun-20","B2","b2-15","Zwischenbilanz","die","feminine","die Zwischenbilanz","die Zwischenbilanz","der Zwischenbilanz","","Zwischenbilanzen","","b2-lexical-grammar-v1","[target/vocabulary] flashcards[4].frontDe: die Zwischenbilanz || [target/vocabulary] phrases[6].de: eine Zwischenbilanz ziehen || [registry/vocabulary] lexicalRegistry.b2-15-noun-20: die Zwischenbilanz","[context/discover] discovery.examples[3]: «Danach war ich schneller.» → keine Zwischenbilanz, also kein Beleg || [context/controlled] exercises[6].options[0]: Bevor der Durchgang beendet war, folgte die Zwischenbilanz sofort. || [context/controlled] exercises[6].options[1]: Sobald der Durchgang beendet war, folgte die Zwischenbilanz vorher.","","","","",""
"P0-98-original-1297-noun-target","b2-15-noun-21","B2","b2-15","Ablenkung","die","feminine","die Ablenkung","die Ablenkung","der Ablenkung","","Ablenkungen","","b2-lexical-grammar-v1","[target/vocabulary] flashcards[8].frontDe: die Ablenkung || [target/vocabulary] phrases[9].de: die Ablenkung notieren und dann beiseitelegen || [registry/vocabulary] lexicalRegistry.b2-15-noun-21: die Ablenkung","","","","","",""
"P0-98-original-1297-noun-target","b2-16-noun-1","B2","b2-16","Nachlese","die","feminine","die Nachlese","die Nachlese","der Nachlese","","Nachlesen","","b2-lexical-grammar-v1","[target/vocabulary] flashcards[0].frontDe: die Nachlese || [target/vocabulary] phrases[0].de: eine Nachlese schreiben || [target/vocabulary] phrases[17].de: ein Auftrag aus der Nachlese || [registry/vocabulary] lexicalRegistry.b2-16-noun-1: die Nachlese","[context/listening] listening.questions[0].options[2]: Um Formen, die aus einem Bericht eine prüfbare Nachlese machen || [context/listening] listening.transcriptDe: Ben liest seine Notiz vor: «Ich habe die Aufgabenstellung überflogen. Das war dumm.» Herr Aziz legt den Stift hin und ändert kein Wort an den Tatsachen, nur die Formen. Aus dem Bericht wird eine Bedingung: Wenn Ben die … || [context/test] miniTest[3].promptDe: Ton der Nachlese","","","","",""
"P0-98-original-1297-noun-target","b2-16-noun-2","B2","b2-16","Vorwurf","der","masculine","der Vorwurf","den Vorwurf","dem Vorwurf","","Vorwürfe","","b2-lexical-grammar-v1","[target/vocabulary] flashcards[1].frontDe: der Vorwurf || [target/vocabulary] phrases[2].de: auf einen Vorwurf eingehen || [target/vocabulary] phrases[5].de: den Vorwurf abschwächen || [registry/vocabulary] lexicalRegistry.b2-16-noun-2: der Vorwurf","[context/test] miniTest[4].options[1]: Es verstärkt den Vorwurf. || [context/pronunciation] pronunciation.items[5].de: die NachLEse, nicht der VorWURf || [context/reading] reading.questions[1].options[3]: Sie schwächt den Vorwurf ab.","","","","",""
"P0-98-original-1297-noun-target","b2-16-noun-3","B2","b2-16","Einschätzung","die","feminine","die Einschätzung","die Einschätzung","der Einschätzung","","Einschätzungen","","b2-lexical-grammar-v1","[target/vocabulary] flashcards[4].frontDe: die Einschätzung || [target/vocabulary] phrases[7].de: die eigene Einschätzung begründen || [registry/vocabulary] lexicalRegistry.b2-16-noun-3: die Einschätzung","[context/vocabulary] flashcards[2].exampleDe: Eine Unterstellung ist keine Einschätzung. || [context/reading] reading.textDe: Die Nachlese einer Prüfung ist keine Anklage. Wer aufschreibt, was schiefging, hat zwei Möglichkeiten: einen Schuldigen benennen oder eine Annahme prüfen. Der Unterschied steckt in der Grammatik, nicht in der Absicht. D…","","","","",""
"P0-98-original-1297-noun-target","b2-16-noun-4","B2","b2-16","Unterstellung","die","feminine","die Unterstellung","die Unterstellung","der Unterstellung","","Unterstellungen","","b2-lexical-grammar-v1","[target/vocabulary] flashcards[2].frontDe: die Unterstellung || [target/vocabulary] phrases[6].de: sich von einer Unterstellung distanzieren || [registry/vocabulary] lexicalRegistry.b2-16-noun-4: die Unterstellung","[context/reading] reading.textDe: Die Nachlese einer Prüfung ist keine Anklage. Wer aufschreibt, was schiefging, hat zwei Möglichkeiten: einen Schuldigen benennen oder eine Annahme prüfen. Der Unterschied steckt in der Grammatik, nicht in der Absicht. D…","","","","",""
"P0-98-original-1297-noun-target","b2-16-noun-5","B2","b2-16","Abschwächung","die","feminine","die Abschwächung","die Abschwächung","der Abschwächung","","Abschwächungen","","b2-lexical-grammar-v1","[target/vocabulary] flashcards[8].frontDe: die Abschwächung || [target/vocabulary] phrases[16].de: ein Modalpartikel der Abschwächung || [registry/vocabulary] lexicalRegistry.b2-16-noun-5: die Abschwächung","[context/listening] listening.transcriptDe: Ben liest seine Notiz vor: «Ich habe die Aufgabenstellung überflogen. Das war dumm.» Herr Aziz legt den Stift hin und ändert kein Wort an den Tatsachen, nur die Formen. Aus dem Bericht wird eine Bedingung: Wenn Ben die … || [context/reading] reading.questions[2].options[2]: Weil die Abschwächung sonst zu lang würde","","","","",""
"P0-98-original-1297-noun-target","b2-16-noun-6","B2","b2-16","Annahme","die","feminine","die Annahme","die Annahme","der Annahme","","Annahmen","","b2-lexical-grammar-v1","[target/vocabulary] flashcards[5].frontDe: die Annahme || [target/vocabulary] phrases[3].de: von einer Annahme ausgehen || [registry/vocabulary] lexicalRegistry.b2-16-noun-6: die Annahme","[context/entry] entry.dialogue[5].de: Genau. Die Nachlese soll eine Annahme prüfen, nicht einen Schuldigen benennen. || [context/vocabulary] flashcards[0].exampleDe: Die Nachlese prüft eine Annahme. || [context/vocabulary] flashcards[5].exampleDe: Prüfe die Annahme, nicht den Namen.","","","","",""
"P0-98-original-1297-noun-target","b2-16-noun-7","B2","b2-16","Auftrag","der","masculine","der Auftrag","den Auftrag","dem Auftrag","","Aufträge","","b2-lexical-grammar-v1","[target/vocabulary] phrases[17].de: ein Auftrag aus der Nachlese || [registry/vocabulary] lexicalRegistry.b2-16-noun-7: der Auftrag","[context/vocabulary] flashcards[7].exampleDe: Selbstkritik endet mit einem Auftrag. || [context/listening] listening.questions[2].options[1]: Weil nur die Umkehrung und der Auftrag prüfbar bleiben || [context/listening] listening.transcriptDe: Ben liest seine Notiz vor: «Ich habe die Aufgabenstellung überflogen. Das war dumm.» Herr Aziz legt den Stift hin und ändert kein Wort an den Tatsachen, nur die Formen. Aus dem Bericht wird eine Bedingung: Wenn Ben die …","","","","",""
"P0-98-original-1297-noun-target","b2-16-noun-8","B2","b2-16","Einwand","der","masculine","der Einwand","den Einwand","dem Einwand","","Einwände","","b2-lexical-grammar-v1","[target/vocabulary] phrases[14].de: einen Einwand als Frage stellen || [registry/vocabulary] lexicalRegistry.b2-16-noun-8: der Einwand","","","","","",""
"P0-98-original-1297-noun-target","b2-16-noun-9","B2","b2-16","Entgegnung","die","feminine","die Entgegnung","die Entgegnung","der Entgegnung","","Entgegnungen","","b2-lexical-grammar-v1","[target/vocabulary] phrases[10].de: die Entgegnung sachlich halten || [registry/vocabulary] lexicalRegistry.b2-16-noun-9: die Entgegnung","[context/reading] reading.questions[1].options[0]: Sie erzeugt eine unbeantwortbare Entgegnung. || [context/reading] reading.textDe: Die Nachlese einer Prüfung ist keine Anklage. Wer aufschreibt, was schiefging, hat zwei Möglichkeiten: einen Schuldigen benennen oder eine Annahme prüfen. Der Unterschied steckt in der Grammatik, nicht in der Absicht. D…","","","","",""
"P0-98-original-1297-noun-target","b2-16-noun-10","B2","b2-16","Ergebnis","das","neuter","das Ergebnis","das Ergebnis","dem Ergebnis","","Ergebnisse","","b2-lexical-grammar-v1","[target/vocabulary] phrases[8].de: ein Ergebnis hypothetisch umkehren || [registry/vocabulary] lexicalRegistry.b2-16-noun-10: das Ergebnis","[context/writing] writing.modelDe: Beim Probedurchgang sind mir acht Minuten verloren gegangen, weil ich die Aufgabenstellung nur überflogen habe. Wenn ich sie gelesen hätte, wäre mir nicht entglitten, dass zwei Teilaufgaben mit «begründen» und «erläuter…","","","","",""
"P0-98-original-1297-noun-target","b2-16-noun-11","B2","b2-16","Fehler","der","masculine","der Fehler","den Fehler","dem Fehler","","Fehler","","b2-lexical-grammar-v1","[target/vocabulary] phrases[11].de: auf einen Fehler hinweisen || [registry/vocabulary] lexicalRegistry.b2-16-noun-11: der Fehler","[context/listening] listening.transcriptDe: Ben liest seine Notiz vor: «Ich habe die Aufgabenstellung überflogen. Das war dumm.» Herr Aziz legt den Stift hin und ändert kein Wort an den Tatsachen, nur die Formen. Aus dem Bericht wird eine Bedingung: Wenn Ben die … || [context/writing] writing.modelDe: Beim Probedurchgang sind mir acht Minuten verloren gegangen, weil ich die Aufgabenstellung nur überflogen habe. Wenn ich sie gelesen hätte, wäre mir nicht entglitten, dass zwei Teilaufgaben mit «begründen» und «erläuter…","","","","",""
"P0-98-original-1297-noun-target","b2-16-noun-12","B2","b2-16","Hypothese","die","feminine","die Hypothese","die Hypothese","der Hypothese","","Hypothesen","","b2-lexical-grammar-v1","[target/vocabulary] flashcards[6].frontDe: die Hypothese || [target/vocabulary] phrases[15].de: die Hypothese offen lassen || [registry/vocabulary] lexicalRegistry.b2-16-noun-12: die Hypothese","","","","","",""
"P0-98-original-1297-noun-target","b2-16-noun-13","B2","b2-16","Modalpartikel","das","neuter","das Modalpartikel","das Modalpartikel","dem Modalpartikel","","Modalpartikeln","","b2-lexical-grammar-v1","[target/vocabulary] phrases[16].de: ein Modalpartikel der Abschwächung || [registry/vocabulary] lexicalRegistry.b2-16-noun-13: das Modalpartikel","[context/listening] listening.questions[2].promptDe: Warum darf das Modalpartikel die Verantwortung nicht ersetzen?","","","","",""
"P0-98-original-1297-noun-target","b2-16-noun-14","B2","b2-16","Rechtfertigung","die","feminine","die Rechtfertigung","die Rechtfertigung","der Rechtfertigung","","Rechtfertigungen","","b2-lexical-grammar-v1","[target/vocabulary] phrases[12].de: eine Rechtfertigung kurz halten || [registry/vocabulary] lexicalRegistry.b2-16-noun-14: die Rechtfertigung","[context/writing] writing.modelDe: Beim Probedurchgang sind mir acht Minuten verloren gegangen, weil ich die Aufgabenstellung nur überflogen habe. Wenn ich sie gelesen hätte, wäre mir nicht entglitten, dass zwei Teilaufgaben mit «begründen» und «erläuter…","","","","",""
"P0-98-original-1297-noun-target","b2-16-noun-15","B2","b2-16","Selbstkritik","die","feminine","die Selbstkritik","die Selbstkritik","der Selbstkritik","","","","b2-lexical-grammar-v1","[target/vocabulary] flashcards[7].frontDe: die Selbstkritik || [target/vocabulary] phrases[13].de: die Selbstkritik prüfen statt wiederholen || [registry/vocabulary] lexicalRegistry.b2-16-noun-15: die Selbstkritik","[context/listening] listening.transcriptDe: Ben liest seine Notiz vor: «Ich habe die Aufgabenstellung überflogen. Das war dumm.» Herr Aziz legt den Stift hin und ändert kein Wort an den Tatsachen, nur die Formen. Aus dem Bericht wird eine Bedingung: Wenn Ben die … || [context/reading] reading.textDe: Die Nachlese einer Prüfung ist keine Anklage. Wer aufschreibt, was schiefging, hat zwei Möglichkeiten: einen Schuldigen benennen oder eine Annahme prüfen. Der Unterschied steckt in der Grammatik, nicht in der Absicht. D… || [context/writing] writing.promptDe: Schreiben Sie eine Nachlese (170–200 Wörter) über eine geplatzte Prüfsituation: ein Satz als Bedingung im Konjunktiv II der Vergangenheit, ein Satz, der eine fremde Behauptung als Vermutung mit «als ob» referiert, und e…","","","","",""
"P0-98-original-1297-noun-target","b2-16-noun-16","B2","b2-16","Umkehrung","die","feminine","die Umkehrung","die Umkehrung","der Umkehrung","","Umkehrungen","","b2-lexical-grammar-v1","[target/vocabulary] flashcards[9].frontDe: die Umkehrung || [registry/vocabulary] lexicalRegistry.b2-16-noun-16: die Umkehrung","[context/listening] listening.questions[2].options[1]: Weil nur die Umkehrung und der Auftrag prüfbar bleiben || [context/reading] reading.textDe: Die Nachlese einer Prüfung ist keine Anklage. Wer aufschreibt, was schiefging, hat zwei Möglichkeiten: einen Schuldigen benennen oder eine Annahme prüfen. Der Unterschied steckt in der Grammatik, nicht in der Absicht. D…","","","","",""
"P0-98-original-1297-noun-target","b2-16-noun-17","B2","b2-16","Vermutung","die","feminine","die Vermutung","die Vermutung","der Vermutung","","Vermutungen","","b2-lexical-grammar-v1","[target/vocabulary] flashcards[3].frontDe: die Vermutung || [target/vocabulary] phrases[4].de: eine Vermutung äußern || [registry/vocabulary] lexicalRegistry.b2-16-noun-17: die Vermutung","[context/entry] entry.dialogue[3].de: Dann formuliere die Vermutung, nicht die Behauptung: Er sprach, als ob die Zeit das einzige Problem gewesen wäre. || [context/listening] listening.transcriptDe: Ben liest seine Notiz vor: «Ich habe die Aufgabenstellung überflogen. Das war dumm.» Herr Aziz legt den Stift hin und ändert kein Wort an den Tatsachen, nur die Formen. Aus dem Bericht wird eine Bedingung: Wenn Ben die … || [context/reading] reading.questions[1].promptDe: Was passiert, wenn eine Vermutung als Tatsache aufgeschrieben wird?","","","","",""
"P0-98-original-1297-noun-target","b2-16-noun-18","B2","b2-16","Versäumnis","das","neuter","das Versäumnis","das Versäumnis","dem Versäumnis","","Versäumnisse","","b2-lexical-grammar-v1","[target/vocabulary] phrases[1].de: ein Versäumnis als Bedingung formulieren || [registry/vocabulary] lexicalRegistry.b2-16-noun-18: das Versäumnis","","","","","",""
"P0-98-original-1297-noun-target","b2-16-noun-19","B2","b2-16","Zweifel","der","masculine","der Zweifel","den Zweifel","dem Zweifel","","Zweifel","","b2-lexical-grammar-v1","[target/vocabulary] phrases[9].de: den Zweifel benennen, nicht überspielen || [registry/vocabulary] lexicalRegistry.b2-16-noun-19: der Zweifel","[context/listening] listening.transcriptDe: Ben liest seine Notiz vor: «Ich habe die Aufgabenstellung überflogen. Das war dumm.» Herr Aziz legt den Stift hin und ändert kein Wort an den Tatsachen, nur die Formen. Aus dem Bericht wird eine Bedingung: Wenn Ben die … || [context/reading] reading.textDe: Die Nachlese einer Prüfung ist keine Anklage. Wer aufschreibt, was schiefging, hat zwei Möglichkeiten: einen Schuldigen benennen oder eine Annahme prüfen. Der Unterschied steckt in der Grammatik, nicht in der Absicht. D… || [context/writing] writing.modelDe: Beim Probedurchgang sind mir acht Minuten verloren gegangen, weil ich die Aufgabenstellung nur überflogen habe. Wenn ich sie gelesen hätte, wäre mir nicht entglitten, dass zwei Teilaufgaben mit «begründen» und «erläuter…","","","","",""
"P0-98-original-1297-noun-target","b2-17-noun-1","B2","b2-17","Anforderung","die","feminine","die Anforderung","die Anforderung","der Anforderung","","Anforderungen","","b2-lexical-grammar-v1","[target/vocabulary] phrases[0].de: eine Anforderung präzisieren || [registry/vocabulary] lexicalRegistry.b2-17-noun-1: die Anforderung","","","","","",""
"P0-98-original-1297-noun-target","b2-17-noun-2","B2","b2-17","Anliegen","das","neuter","das Anliegen","das Anliegen","dem Anliegen","","Anliegen","","b2-lexical-grammar-v1","[target/vocabulary] flashcards[8].frontDe: das Anliegen || [target/vocabulary] phrases[10].de: das Anliegen kurz halten || [registry/vocabulary] lexicalRegistry.b2-17-noun-2: das Anliegen","[context/vocabulary] flashcards[8].exampleDe: Halten Sie das Anliegen in einem Absatz kurz.","","","","",""
"P0-98-original-1297-noun-target","b2-17-noun-3","B2","b2-17","Bescheid","der","masculine","der Bescheid","den Bescheid","dem Bescheid","","Bescheide","","b2-lexical-grammar-v1","[target/vocabulary] flashcards[6].frontDe: der Bescheid || [target/vocabulary] phrases[13].de: den Bescheid wörtlich zitieren || [registry/vocabulary] lexicalRegistry.b2-17-noun-3: der Bescheid","[context/controlled] exercises[2].acceptedAnswers[1]: Von der Stelle ist der Bescheid zu korrigieren || [context/controlled] exercises[4].pairs[3].right: Wir bitten die Stelle, den Bescheid zu prüfen. || [context/reading] reading.textDe: In der Prüfvorbereitung schrieb Ben einen Absatz für eine Beschwerde bei einer Studienbehörde. Die erste Fassung bestand aus drei Sätzen mit derselben Struktur: Die Anlage ist nachzureichen. Die Frist ist einzuhalten. D…","","","","",""
"P0-98-original-1297-noun-target","b2-17-noun-4","B2","b2-17","Beweislast","die","feminine","die Beweislast","die Beweislast","der Beweislast","","","","b2-lexical-grammar-v1","[target/vocabulary] phrases[11].de: die Beweislast nicht verschieben || [registry/vocabulary] lexicalRegistry.b2-17-noun-4: die Beweislast","","","","","",""
"P0-98-original-1297-noun-target","b2-17-noun-5","B2","b2-17","Eingangsbestätigung","die","feminine","die Eingangsbestätigung","die Eingangsbestätigung","der Eingangsbestätigung","","Eingangsbestätigungen","","b2-lexical-grammar-v1","[target/vocabulary] phrases[3].de: die Eingangsbestätigung verlangen || [registry/vocabulary] lexicalRegistry.b2-17-noun-5: die Eingangsbestätigung","[context/entry] entry.dialogue[4].de: Dann „sich lassen“: Das lässt sich mit einer quittierten Eingangsbestätigung belegen. Machbarkeit, keine Pflicht.","","","","",""
"P0-98-original-1297-noun-target","b2-17-noun-6","B2","b2-17","Einspruchsfrist","die","feminine","die Einspruchsfrist","die Einspruchsfrist","der Einspruchsfrist","","Einspruchsfristen","","b2-lexical-grammar-v1","[target/vocabulary] phrases[15].de: eine Einspruchsfrist notieren || [registry/vocabulary] lexicalRegistry.b2-17-noun-6: die Einspruchsfrist","","","","","",""
"P0-98-original-1297-noun-target","b2-17-noun-7","B2","b2-17","Erfordernis","das","neuter","das Erfordernis","das Erfordernis","dem Erfordernis","","Erfordernisse","","b2-lexical-grammar-v1","[target/vocabulary] phrases[4].de: ein Erfordernis belegen || [registry/vocabulary] lexicalRegistry.b2-17-noun-7: das Erfordernis","","","","","",""
"P0-98-original-1297-noun-target","b2-17-noun-8","B2","b2-17","Erreichbarkeit","die","feminine","die Erreichbarkeit","die Erreichbarkeit","der Erreichbarkeit","","","","b2-lexical-grammar-v1","[target/vocabulary] phrases[16].de: die Erreichbarkeit sicherstellen || [registry/vocabulary] lexicalRegistry.b2-17-noun-8: die Erreichbarkeit","","","","","",""
"P0-98-original-1297-noun-target","b2-17-noun-9","B2","b2-17","Forderung","die","feminine","die Forderung","die Forderung","der Forderung","","Forderungen","","b2-lexical-grammar-v1","[target/vocabulary] phrases[17].de: die Forderung in einen Plan übersetzen || [registry/vocabulary] lexicalRegistry.b2-17-noun-9: die Forderung","[context/listening] listening.transcriptDe: Ben liest seinen Absatz vor, und Herr Aziz hört erst einmal zu: Die Anlage ist nachzureichen, die Frist ist einzuhalten, die Gebühr ist zu entrichten. Dann sagt er: Drei Pflichten, kein Mensch, keine Antwortmöglichkeit.… || [context/reading] reading.textDe: In der Prüfvorbereitung schrieb Ben einen Absatz für eine Beschwerde bei einer Studienbehörde. Die erste Fassung bestand aus drei Sätzen mit derselben Struktur: Die Anlage ist nachzureichen. Die Frist ist einzuhalten. D…","","","","",""
"P0-98-original-1297-noun-target","b2-17-noun-10","B2","b2-17","Frist","die","feminine","die Frist","die Frist","der Frist","","Fristen","","b2-lexical-grammar-v1","[target/vocabulary] flashcards[7].frontDe: die Frist || [target/vocabulary] phrases[2].de: eine Frist zur Nachreichung setzen || [registry/vocabulary] lexicalRegistry.b2-17-noun-10: die Frist","[context/controlled] exercises[0].options[1]: Eine Verlängerung der Frist wäre machbar. || [context/controlled] exercises[0].options[2]: Wir können die Frist verlängern. || [context/listening] listening.questions[1].options[1]: Weil die Frist genannt wird und sonst keine Angabe folgt.","","","","",""
"P0-98-original-1297-noun-target","b2-17-noun-11","B2","b2-17","Machbarkeit","die","feminine","die Machbarkeit","die Machbarkeit","der Machbarkeit","","","","b2-lexical-grammar-v1","[target/vocabulary] flashcards[10].frontDe: die Machbarkeit || [target/vocabulary] phrases[5].de: die Machbarkeit einschätzen || [registry/vocabulary] lexicalRegistry.b2-17-noun-11: die Machbarkeit","","","","","",""
"P0-98-original-1297-noun-target","b2-17-noun-12","B2","b2-17","Möglichkeit","die","feminine","die Möglichkeit","die Möglichkeit","der Möglichkeit","","Möglichkeiten","","b2-lexical-grammar-v1","[target/vocabulary] flashcards[3].frontDe: die Möglichkeit || [registry/vocabulary] lexicalRegistry.b2-17-noun-12: die Möglichkeit","[context/listening] listening.questions[2].options[2]: Wer die Möglichkeit statt der Pflicht setzt, erbetet statt zu fordern. || [context/listening] listening.transcriptDe: Ben liest seinen Absatz vor, und Herr Aziz hört erst einmal zu: Die Anlage ist nachzureichen, die Frist ist einzuhalten, die Gebühr ist zu entrichten. Dann sagt er: Drei Pflichten, kein Mensch, keine Antwortmöglichkeit.… || [context/reading] reading.textDe: In der Prüfvorbereitung schrieb Ben einen Absatz für eine Beschwerde bei einer Studienbehörde. Die erste Fassung bestand aus drei Sätzen mit derselben Struktur: Die Anlage ist nachzureichen. Die Frist ist einzuhalten. D…","","","","",""
"P0-98-original-1297-noun-target","b2-17-noun-13","B2","b2-17","Nachbesserung","die","feminine","die Nachbesserung","die Nachbesserung","der Nachbesserung","","Nachbesserungen","","b2-lexical-grammar-v1","[target/vocabulary] phrases[12].de: eine Nachbesserung anbieten || [registry/vocabulary] lexicalRegistry.b2-17-noun-13: die Nachbesserung","","","","","",""
"P0-98-original-1297-noun-target","b2-17-noun-14","B2","b2-17","Nachreichung","die","feminine","die Nachreichung","die Nachreichung","der Nachreichung","","Nachreichungen","","b2-lexical-grammar-v1","[target/vocabulary] flashcards[5].frontDe: die Nachreichung || [registry/vocabulary] lexicalRegistry.b2-17-noun-14: die Nachreichung","","","","","",""
"P0-98-original-1297-noun-target","b2-17-noun-15","B2","b2-17","Passiversatzform","die","feminine","die Passiversatzform","die Passiversatzform","der Passiversatzform","","Passiversatzformen","","b2-lexical-grammar-v1","[target/vocabulary] flashcards[0].frontDe: die Passiversatzform || [registry/vocabulary] lexicalRegistry.b2-17-noun-15: die Passiversatzform","","","","","",""
"P0-98-original-1297-noun-target","b2-17-noun-16","B2","b2-17","Pflicht","die","feminine","die Pflicht","die Pflicht","der Pflicht","","Pflichten","","b2-lexical-grammar-v1","[target/vocabulary] flashcards[2].frontDe: die Pflicht || [registry/vocabulary] lexicalRegistry.b2-17-noun-16: die Pflicht","[context/discover] discovery.examples[2]: «Das lässt sich binnen einer Woche erledigen.» → Machbarkeit, keine Pflicht || [context/entry] entry.dialogue[4].de: Dann „sich lassen“: Das lässt sich mit einer quittierten Eingangsbestätigung belegen. Machbarkeit, keine Pflicht. || [context/vocabulary] flashcards[1].exampleDe: Nennen Sie den Träger, wenn eine Pflicht zugewiesen werden soll.","","","","",""
"P0-98-original-1297-noun-target","b2-17-noun-17","B2","b2-17","Plan","der","masculine","der Plan","den Plan","dem Plan","","Pläne","","b2-lexical-grammar-v1","[target/vocabulary] phrases[17].de: die Forderung in einen Plan übersetzen || [registry/vocabulary] lexicalRegistry.b2-17-noun-17: der Plan","","","","","",""
"P0-98-original-1297-noun-target","b2-17-noun-18","B2","b2-17","Rückmeldung","die","feminine","die Rückmeldung","die Rückmeldung","der Rückmeldung","","Rückmeldungen","","b2-lexical-grammar-v1","[target/vocabulary] phrases[8].de: eine Rückmeldung einfordern || [registry/vocabulary] lexicalRegistry.b2-17-noun-18: die Rückmeldung","","","","","",""
"P0-98-original-1297-noun-target","b2-17-noun-19","B2","b2-17","Träger","der","masculine","der Träger","den Träger","dem Träger","","Träger","","b2-lexical-grammar-v1","[target/vocabulary] flashcards[1].frontDe: der Träger || [registry/vocabulary] lexicalRegistry.b2-17-noun-19: der Träger","[context/entry] entry.dialogue[2].de: Richtig. Genau deshalb ist die Wahl der Form eine Inhaltsfrage, keine Stilfrage: „Die Unterlagen sind von der Behörde zu prüfen“ nennt den Träger, „Die Unterlagen sind zu prüfen“ lässt die Frage offen. || [context/vocabulary] flashcards[1].exampleDe: Nennen Sie den Träger, wenn eine Pflicht zugewiesen werden soll. || [context/listening] listening.questions[2].options[1]: Wer die Bewertung wählt, nennt immer einen Träger und keine Frist.","","","","",""
"P0-98-original-1297-noun-target","b2-17-noun-20","B2","b2-17","Verpflichtung","die","feminine","die Verpflichtung","die Verpflichtung","der Verpflichtung","","Verpflichtungen","","b2-lexical-grammar-v1","[target/vocabulary] phrases[9].de: die Verpflichtung klar zuweisen || [registry/vocabulary] lexicalRegistry.b2-17-noun-20: die Verpflichtung","","","","","",""
"P0-98-original-1297-noun-target","b2-17-noun-21","B2","b2-17","Zuschreibung","die","feminine","die Zuschreibung","die Zuschreibung","der Zuschreibung","","Zuschreibungen","","b2-lexical-grammar-v1","[target/vocabulary] flashcards[11].frontDe: die Zuschreibung || [target/vocabulary] phrases[14].de: die Zuschreibung offen lassen || [target/reading] reading.glossary[7].lemma: Zuschreibung || [registry/vocabulary] lexicalRegistry.b2-17-noun-21: die Zuschreibung","","","","","",""
"P0-98-original-1297-noun-target","b2-17-noun-22","B2","b2-17","Zumutbarkeit","die","feminine","die Zumutbarkeit","die Zumutbarkeit","der Zumutbarkeit","","","","b2-lexical-grammar-v1","[target/vocabulary] flashcards[4].frontDe: die Zumutbarkeit || [target/vocabulary] phrases[6].de: eine Zumutbarkeit geltend machen || [registry/vocabulary] lexicalRegistry.b2-17-noun-22: die Zumutbarkeit","","","","","",""
"P0-98-original-1297-noun-target","b2-17-noun-23","B2","b2-17","Zusage","die","feminine","die Zusage","die Zusage","der Zusage","","Zusagen","","b2-lexical-grammar-v1","[target/vocabulary] phrases[7].de: sich auf eine Zusage berufen || [registry/vocabulary] lexicalRegistry.b2-17-noun-23: die Zusage","","","","","",""
"P0-98-original-1297-noun-target","b2-17-noun-24","B2","b2-17","Zuständigkeit","die","feminine","die Zuständigkeit","die Zuständigkeit","der Zuständigkeit","","Zuständigkeiten","","b2-lexical-grammar-v1","[target/vocabulary] flashcards[9].frontDe: die Zuständigkeit || [target/vocabulary] phrases[1].de: die Zuständigkeit benennen || [registry/vocabulary] lexicalRegistry.b2-17-noun-24: die Zuständigkeit","","","","","",""
"P0-98-original-1297-noun-target","b2-17-noun-25","B2","b2-17","Lesbarkeit","die","feminine","die Lesbarkeit","die Lesbarkeit","der Lesbarkeit","","","","b2-lexical-grammar-v1","[target/reading] reading.glossary[9].lemma: Lesbarkeit || [registry/vocabulary] lexicalRegistry.b2-17-noun-25: die Lesbarkeit","[context/reading] reading.textDe: In der Prüfvorbereitung schrieb Ben einen Absatz für eine Beschwerde bei einer Studienbehörde. Die erste Fassung bestand aus drei Sätzen mit derselben Struktur: Die Anlage ist nachzureichen. Die Frist ist einzuhalten. D…","","","","",""
"P0-98-original-1297-noun-target","b2-17-noun-26","B2","b2-17","Ultimatum","das","neuter","das Ultimatum","das Ultimatum","dem Ultimatum","","Ultimaten","","b2-lexical-grammar-v1","[target/reading] reading.glossary[8].lemma: Ultimatum || [registry/vocabulary] lexicalRegistry.b2-17-noun-26: das Ultimatum","","","","","",""
"P0-98-original-1297-noun-target","b2-18-noun-1","B2","b2-18","Abschluss","der","masculine","der Abschluss","den Abschluss","dem Abschluss","","Abschlüsse","","b2-lexical-grammar-v1","[target/vocabulary] flashcards[2].frontDe: der Abschluss || [registry/vocabulary] lexicalRegistry.b2-18-noun-1: der Abschluss","[context/writing] writing.promptDe: Schreiben Sie den Absatz einer formellen Antwort (170–200 Wörter) an eine studying Person: nennen Sie einen registrierten Eingang, eine offene Prüfung und einen geplanten Abschluss — jeweils mit einer Fügung — und formu…","","","","",""
"P0-98-original-1297-noun-target","b2-18-noun-2","B2","b2-18","Acht","die","feminine","die Acht","die Acht","der Acht","","","","b2-lexical-grammar-v1","[target/vocabulary] flashcards[4].frontDe: die Acht || [registry/vocabulary] lexicalRegistry.b2-18-noun-2: die Acht","","","","","",""
"P0-98-original-1297-noun-target","b2-18-noun-3","B2","b2-18","Antrag","der","masculine","der Antrag","den Antrag","dem Antrag","","Anträge","","b2-lexical-grammar-v1","[target/vocabulary] flashcards[5].frontDe: der Antrag || [target/vocabulary] phrases[0].de: einen Antrag stellen || [registry/vocabulary] lexicalRegistry.b2-18-noun-3: der Antrag","[context/discover] discovery.examples[0]: „Wir stellen den Antrag schriftlich.“ → der Antrag bleibt zählbar; „Wir beantragen“ verliert das Objekt. || [context/entry] entry.dialogue[0].de: Dein Satz ist nicht zu lang, er ist anders gebaut: Im ersten Satz bleibt der Antrag ein zählbares Ding, das man schriftlich einreichen, zurückziehen und mit einem Aktenzeichen versehen kann. || [context/entry] entry.dialogue[2].de: Genau. Die Fügung hält das Ergebnis fest: zwei Anträge, ein abgelehnter Antrag, ein Antrag mit Aktenzeichen. Das Funktionsverb trägt dabei nur die Zeit.","","","","",""
"P0-98-original-1297-noun-target","b2-18-noun-4","B2","b2-18","Berücksichtigung","die","feminine","die Berücksichtigung","die Berücksichtigung","der Berücksichtigung","","Berücksichtigungen","","b2-lexical-grammar-v1","[target/vocabulary] flashcards[7].frontDe: die Berücksichtigung || [registry/vocabulary] lexicalRegistry.b2-18-noun-4: die Berücksichtigung","","","","","",""
"P0-98-original-1297-noun-target","b2-18-noun-5","B2","b2-18","Betracht","die","feminine","die Betracht","die Betracht","der Betracht","","","","b2-lexical-grammar-v1","[target/vocabulary] flashcards[3].frontDe: die Betracht || [registry/vocabulary] lexicalRegistry.b2-18-noun-5: die Betracht","","","","","",""
"P0-98-original-1297-noun-target","b2-18-noun-6","B2","b2-18","Entscheidung","die","feminine","die Entscheidung","die Entscheidung","der Entscheidung","","Entscheidungen","","b2-lexical-grammar-v1","[target/vocabulary] phrases[11].de: eine Entscheidung treffen || [registry/vocabulary] lexicalRegistry.b2-18-noun-6: die Entscheidung","[context/discover] discovery.examples[3]: „Wir treffen eine Entscheidung über Ihren Einwand.“ → aufgeblasen: „Wir entscheiden über Ihren Einwand“ sagt dasselbe in vier Wörtern. || [context/entry] entry.dialogue[4].de: Wenn das Nomen nichts enthält, was man allein lassen könnte: „Wir treffen eine Entscheidung über Ihren Antrag“ statt „Wir entscheiden über Ihren Antrag“. Sechs Wörter mehr, keine einzige Etappe mehr. || [context/controlled] exercises[6].options[0]: Wir treffen eine Entscheidung über Ihren Antrag und nehmen eine Prüfung Ihrer Unterlagen vor.","","","","",""
"P0-98-original-1297-noun-target","b2-18-noun-7","B2","b2-18","Etappe","die","feminine","die Etappe","die Etappe","der Etappe","","Etappen","","b2-lexical-grammar-v1","[registry/vocabulary] lexicalRegistry.b2-18-noun-7: die Etappe","[context/discover] discovery.examples[1]: „Die Prüfung wird bis Freitag zum Abschluss gebracht.“ → die letzte Etappe ist gemeint, nicht bloß „prüfen“. || [context/entry] entry.dialogue[4].de: Wenn das Nomen nichts enthält, was man allein lassen könnte: „Wir treffen eine Entscheidung über Ihren Antrag“ statt „Wir entscheiden über Ihren Antrag“. Sechs Wörter mehr, keine einzige Etappe mehr. || [context/reading] reading.questions[2].options[0]: Weil zwei Nennungen amtlich wirken und die dritte den Text mit Wörtern bezahlt, die keine Etappe bringen.","","","","",""
"P0-98-original-1297-noun-target","b2-18-noun-8","B2","b2-18","Funktionsverbgefüge","das","neuter","das Funktionsverbgefüge","das Funktionsverbgefüge","dem Funktionsverbgefüge","","Funktionsverbgefüge","","b2-lexical-grammar-v1","[target/vocabulary] flashcards[0].frontDe: das Funktionsverbgefüge || [registry/vocabulary] lexicalRegistry.b2-18-noun-8: das Funktionsverbgefüge","","","","","",""
"P0-98-original-1297-noun-target","b2-18-noun-9","B2","b2-18","Füllstoff","der","masculine","der Füllstoff","den Füllstoff","dem Füllstoff","","Füllstoffe","","b2-lexical-grammar-v1","[target/vocabulary] flashcards[11].frontDe: der Füllstoff || [registry/vocabulary] lexicalRegistry.b2-18-noun-9: der Füllstoff","","","","","",""
"P0-98-original-1297-noun-target","b2-18-noun-10","B2","b2-18","Gesuch","das","neuter","das Gesuch","das Gesuch","dem Gesuch","","Gesuche","","b2-lexical-grammar-v1","[target/vocabulary] phrases[1].de: ein Gesuch richten an || [registry/vocabulary] lexicalRegistry.b2-18-noun-10: das Gesuch","[context/test] miniTest[2].options[0]: Wir richten unser Gesuch für die Studienberatung. || [context/test] miniTest[2].options[1]: Wir richten unser Gesuch der Studienberatung an. || [context/test] miniTest[2].options[2]: Wir richten an unser Gesuch die Studienberatung.","","","","",""
"P0-98-original-1297-noun-target","b2-18-noun-11","B2","b2-18","Höflichkeit","die","feminine","die Höflichkeit","die Höflichkeit","der Höflichkeit","","","","b2-lexical-grammar-v1","[registry/vocabulary] lexicalRegistry.b2-18-noun-11: die Höflichkeit","[context/listening] listening.questions[0].options[2]: Um die Höflichkeit von Behördenschreiben allgemein. || [context/reading] reading.textDe: In der Sprechstunde las Ben zwei Antworten derselben Stelle vor. Die erste lautete: „Ihr Antrag wurde zur Kenntnis genommen; eine Entscheidung wird nicht getroffen.“ Die zweite: „Wir haben Ihren Antrag geprüft und lehne…","","","","",""
"P0-98-original-1297-noun-target","b2-18-noun-12","B2","b2-18","Kenntnis","die","feminine","die Kenntnis","die Kenntnis","der Kenntnis","","Kenntnisse","","b2-lexical-grammar-v1","[target/vocabulary] flashcards[1].frontDe: die Kenntnis || [registry/vocabulary] lexicalRegistry.b2-18-noun-12: die Kenntnis","","","","","",""
"P0-98-original-1297-noun-target","b2-18-noun-13","B2","b2-18","Protokoll","das","neuter","das Protokoll","das Protokoll","dem Protokoll","","Protokolle","","b2-lexical-grammar-v1","[registry/vocabulary] lexicalRegistry.b2-18-noun-13: das Protokoll","[context/reading] reading.textDe: In der Sprechstunde las Ben zwei Antworten derselben Stelle vor. Die erste lautete: „Ihr Antrag wurde zur Kenntnis genommen; eine Entscheidung wird nicht getroffen.“ Die zweite: „Wir haben Ihren Antrag geprüft und lehne…","","","","",""
"P0-98-original-1297-noun-target","b2-18-noun-14","B2","b2-18","Risiko","das","neuter","das Risiko","das Risiko","dem Risiko","","Risiken","","b2-lexical-grammar-v1","[target/vocabulary] phrases[15].de: ein Risiko eingehen || [registry/vocabulary] lexicalRegistry.b2-18-noun-14: das Risiko","[context/pronunciation] pronunciation.items[3].de: ein RiSIko eingehen","","","","",""
"P0-98-original-1297-noun-target","b2-18-noun-15","B2","b2-18","Rücksicht","die","feminine","die Rücksicht","die Rücksicht","der Rücksicht","","Rücksichten","","b2-lexical-grammar-v1","[target/vocabulary] flashcards[6].frontDe: die Rücksicht || [registry/vocabulary] lexicalRegistry.b2-18-noun-15: die Rücksicht","[context/controlled] exercises[5].template: Auf die Verspätung müssen wir keine Rücksicht ___. || [context/vocabulary] flashcards[6].exampleDe: Wir nehmen auf die Verspätung keine Rücksicht. || [context/errors] mistakes[3].correct: Wir nehmen keine Rücksicht auf Ihre Verspätung.","","","","",""
"P0-98-original-1297-noun-target","b2-18-noun-16","B2","b2-18","Verantwortung","die","feminine","die Verantwortung","die Verantwortung","der Verantwortung","","","","b2-lexical-grammar-v1","[registry/vocabulary] lexicalRegistry.b2-18-noun-16: die Verantwortung","[context/reading] reading.textDe: In der Sprechstunde las Ben zwei Antworten derselben Stelle vor. Die erste lautete: „Ihr Antrag wurde zur Kenntnis genommen; eine Entscheidung wird nicht getroffen.“ Die zweite: „Wir haben Ihren Antrag geprüft und lehne…","","","","",""
"P0-98-original-1297-noun-target","b2-18-noun-17","B2","b2-18","Verfügung","die","feminine","die Verfügung","die Verfügung","der Verfügung","","Verfügungen","","b2-lexical-grammar-v1","[target/vocabulary] flashcards[10].frontDe: die Verfügung || [registry/vocabulary] lexicalRegistry.b2-18-noun-17: die Verfügung","","","","","",""
"P0-98-original-1297-noun-target","b2-18-noun-18","B2","b2-18","Vergleich","der","masculine","der Vergleich","den Vergleich","dem Vergleich","","Vergleiche","","b2-lexical-grammar-v1","[target/vocabulary] flashcards[8].frontDe: der Vergleich || [target/vocabulary] phrases[12].de: einen Vergleich anstellen || [registry/vocabulary] lexicalRegistry.b2-18-noun-18: der Vergleich","[context/pronunciation] pronunciation.items[1].de: den VerGLEICH anstellen || [context/reading] reading.textDe: In der Sprechstunde las Ben zwei Antworten derselben Stelle vor. Die erste lautete: „Ihr Antrag wurde zur Kenntnis genommen; eine Entscheidung wird nicht getroffen.“ Die zweite: „Wir haben Ihren Antrag geprüft und lehne…","","","","",""
"P0-98-original-1297-noun-target","b2-18-noun-19","B2","b2-18","Wort","das","neuter","das Wort","das Wort","dem Wort","","Wörter","","b2-lexical-grammar-v1","[target/vocabulary] flashcards[9].frontDe: das Wort || [target/vocabulary] phrases[17].de: das Wort ergreifen || [registry/vocabulary] lexicalRegistry.b2-18-noun-19: das Wort","[context/vocabulary] flashcards[9].exampleDe: In der Sitzung ergriff Ben das Wort. || [context/listening] listening.transcriptDe: Ben liest seine neue Fassung vor, und Frau Kessler unterbricht ihn erst am Ende: „Wir stellen einen Antrag auf Verlängerung und ziehen zwei Termine in Betracht.“ Sie fragt, was die Fügung hier leiste. Ben sagt, der Antr…","","","","",""
"P0-98-original-1297-noun-target","b2-19-noun-1","B2","b2-19","Akte","die","feminine","die Akte","die Akte","der Akte","","Akten","","b2-lexical-grammar-v1","[target/vocabulary] phrases[5].de: Schicken Sie mir mal die Akte. || [registry/vocabulary] lexicalRegistry.b2-19-noun-1: die Akte","[context/discover] discovery.examples[2]: „Schicken Sie mir die Akten.“ → ein Auftrag. „Schicken Sie mir mal die Akten, bitte.“ → eine Bitte im gesprochenen Ton. || [context/reading] reading.textDe: Im Forum der Studienberatung stand eine kurze Nachfrage von Ben: „Sie haben die Antwort doch bekommen, oder?“ Ein Mitarbeiter antwortete am selben Tag: „Die Mail ist im Spam gelandet, so ist das eben.“ Dann schrieb er e… || [context/writing] writing.modelDe: Sehr geehrte Damen und Herren, vor zwei Wochen habe ich Sie um eine Auskunft zur Prüfungsordnung gebeten, und die Antwort ist bisher ausgeblieben. Das weiß ich genau, weil ich im Portal nachgesehen habe; ich frage nur, …","","","","",""
"P0-98-original-1297-noun-target","b2-19-noun-2","B2","b2-19","Auskunft","die","feminine","die Auskunft","die Auskunft","der Auskunft","","Auskünfte","","b2-lexical-grammar-v1","[target/vocabulary] phrases[12].de: Sie können sich doch auf die Auskunft verlassen. || [registry/vocabulary] lexicalRegistry.b2-19-noun-2: die Auskunft","[context/writing] writing.modelDe: Sehr geehrte Damen und Herren, vor zwei Wochen habe ich Sie um eine Auskunft zur Prüfungsordnung gebeten, und die Antwort ist bisher ausgeblieben. Das weiß ich genau, weil ich im Portal nachgesehen habe; ich frage nur, … || [context/writing] writing.promptDe: Schreiben Sie eine E-Mail an die Studienberatung (170–200 Wörter): Sie bitten um einen neuen Prüfungstermin, weil eine Auskunft unbeantwortet blieb. Verwenden Sie genau zwei Modalpartikeln im einleitenden Teil und schre…","","","","",""
"P0-98-original-1297-noun-target","b2-19-noun-3","B2","b2-19","Bescheid","der","masculine","der Bescheid","den Bescheid","dem Bescheid","","Bescheide","","b2-lexical-grammar-v1","[target/vocabulary] flashcards[2].frontDe: der Bescheid || [target/vocabulary] phrases[16].de: Doch, ich habe den Bescheid bekommen. || [registry/vocabulary] lexicalRegistry.b2-19-noun-3: der Bescheid","[context/controlled] exercises[0].options[0]: Ja, ich habe den Bescheid nicht bekommen. || [context/controlled] exercises[0].options[2]: Freilich, ich bekam keinen Bescheid. || [context/controlled] exercises[0].options[3]: Doch, ich habe den Bescheid bekommen.","","","","",""
"P0-98-original-1297-noun-target","b2-19-noun-4","B2","b2-19","Beweis","der","masculine","der Beweis","den Beweis","dem Beweis","","Beweise","","b2-lexical-grammar-v1","[target/vocabulary] flashcards[11].frontDe: der Beweis || [registry/vocabulary] lexicalRegistry.b2-19-noun-4: der Beweis","[context/vocabulary] flashcards[11].exampleDe: Wer angreift, braucht den Beweis, nicht die Partikel. || [context/vocabulary] flashcards[6].exampleDe: Eine Vermutung mit „wohl“ lässt dem anderen seinen Beweis. || [context/reading] reading.questions[2].options[1]: Mit „wohl“ bleibt die Aussage eine Vermutung und der andere behält seinen Beweis; ohne sie wird behauptet.","","","","",""
"P0-98-original-1297-noun-target","b2-19-noun-5","B2","b2-19","Entwarnung","die","feminine","die Entwarnung","die Entwarnung","der Entwarnung","","Entwarnungen","","b2-lexical-grammar-v1","[target/vocabulary] flashcards[10].frontDe: die Entwarnung || [registry/vocabulary] lexicalRegistry.b2-19-noun-5: die Entwarnung","[context/vocabulary] flashcards[10].exampleDe: „Sie können ruhig später kommen“ ist eine Entwarnung.","","","","",""
"P0-98-original-1297-noun-target","b2-19-noun-6","B2","b2-19","Frist","die","feminine","die Frist","die Frist","der Frist","","Fristen","","b2-lexical-grammar-v1","[target/vocabulary] flashcards[3].frontDe: die Frist || [target/vocabulary] phrases[7].de: Haben Sie etwa die Frist übersehen? || [registry/vocabulary] lexicalRegistry.b2-19-noun-6: die Frist","[context/discover] discovery.examples[0]: „Du hast die Frist nicht beachtet.“ → ein Vorwurf, weil nur die Behauptung da ist. || [context/discover] discovery.examples[1]: „Du hast die Frist doch beachtet, sie ist ja knapp gewesen.“ → der andere Lesart wird Raum gegeben. || [context/controlled] exercises[3].acceptedAnswers[0]: Am 4. April ist die Frist abgelaufen","","","","",""
"P0-98-original-1297-noun-target","b2-19-noun-7","B2","b2-19","Modalpartikel","die","feminine","die Modalpartikel","die Modalpartikel","der Modalpartikel","","Modalpartikeln","","b2-lexical-grammar-v1","[target/vocabulary] flashcards[0].frontDe: die Modalpartikel || [registry/vocabulary] lexicalRegistry.b2-19-noun-7: die Modalpartikel","","","","","",""
"P0-98-original-1297-noun-target","b2-19-noun-8","B2","b2-19","Nachfrage","die","feminine","die Nachfrage","die Nachfrage","der Nachfrage","","Nachfragen","","b2-lexical-grammar-v1","[target/vocabulary] flashcards[8].frontDe: die Nachfrage || [registry/vocabulary] lexicalRegistry.b2-19-noun-8: die Nachfrage","[context/listening] listening.transcriptDe: Ben übt seine mündliche Prüfung, und Herr Aziz hört die erste Fassung: „Sie haben meinen Bescheid nicht beachtet. Die Frist war kurz. Ich bitte um eine neue Prüfung.“ Herr Aziz stoppt ihn: drei Sätze, drei Vorwürfe, kei… || [context/reading] reading.textDe: Im Forum der Studienberatung stand eine kurze Nachfrage von Ben: „Sie haben die Antwort doch bekommen, oder?“ Ein Mitarbeiter antwortete am selben Tag: „Die Mail ist im Spam gelandet, so ist das eben.“ Dann schrieb er e… || [context/writing] writing.modelDe: Sehr geehrte Damen und Herren, vor zwei Wochen habe ich Sie um eine Auskunft zur Prüfungsordnung gebeten, und die Antwort ist bisher ausgeblieben. Das weiß ich genau, weil ich im Portal nachgesehen habe; ich frage nur, …","","","","",""
"P0-98-original-1297-noun-target","b2-19-noun-9","B2","b2-19","Ton","der","masculine","der Ton","den Ton","dem Ton","","Töne","","b2-lexical-grammar-v1","[target/vocabulary] flashcards[7].frontDe: der Ton || [registry/vocabulary] lexicalRegistry.b2-19-noun-9: der Ton","[context/entry] entry.dialogue[5].de: Also: mündlich halten sie den Ton, schriftlich müssen die meisten raus. || [context/vocabulary] flashcards[0].exampleDe: Die Modalpartikel ändert den Ton, nicht den Inhalt des Satzes. || [context/reading] reading.textDe: Im Forum der Studienberatung stand eine kurze Nachfrage von Ben: „Sie haben die Antwort doch bekommen, oder?“ Ein Mitarbeiter antwortete am selben Tag: „Die Mail ist im Spam gelandet, so ist das eben.“ Dann schrieb er e…","","","","",""
"P0-98-original-1297-noun-target","b2-19-noun-10","B2","b2-19","Vermutung","die","feminine","die Vermutung","die Vermutung","der Vermutung","","Vermutungen","","b2-lexical-grammar-v1","[target/vocabulary] flashcards[6].frontDe: die Vermutung || [registry/vocabulary] lexicalRegistry.b2-19-noun-10: die Vermutung","[context/entry] entry.dialogue[6].de: Eine bleibt nützlich, wenn du vorsichtig sein willst: „Das ist wohl ein Versehen“ — die Vermutung bleibt als Vermutung hörbar. || [context/vocabulary] flashcards[4].exampleDe: „Das ist wohl ein Versehen“ bleibt eine Vermutung. || [context/reading] reading.questions[2].options[1]: Mit „wohl“ bleibt die Aussage eine Vermutung und der andere behält seinen Beweis; ohne sie wird behauptet.","","","","",""
"P0-98-original-1297-noun-target","b2-19-noun-11","B2","b2-19","Versehen","das","neuter","das Versehen","das Versehen","dem Versehen","","","","b2-lexical-grammar-v1","[target/vocabulary] flashcards[4].frontDe: das Versehen || [target/vocabulary] phrases[8].de: Das ist wohl ein Versehen. || [registry/vocabulary] lexicalRegistry.b2-19-noun-11: das Versehen","[context/entry] entry.dialogue[6].de: Eine bleibt nützlich, wenn du vorsichtig sein willst: „Das ist wohl ein Versehen“ — die Vermutung bleibt als Vermutung hörbar. || [context/vocabulary] flashcards[4].exampleDe: „Das ist wohl ein Versehen“ bleibt eine Vermutung. || [context/test] miniTest[2].options[0]: Das ist wohl ein Versehen in der Liste.","","","","",""
"P0-98-original-1297-noun-target","b2-19-noun-12","B2","b2-19","Widerspruch","der","masculine","der Widerspruch","den Widerspruch","dem Widerspruch","","Widersprüche","","b2-lexical-grammar-v1","[target/vocabulary] flashcards[9].frontDe: der Widerspruch || [registry/vocabulary] lexicalRegistry.b2-19-noun-12: der Widerspruch","[context/entry] entry.dialogue[2].de: Sie widerspricht deinem Negierten: „Das habe ich doch beachtet“ heißt: doch, sehr wohl, entgegen deiner Annahme. Die kleine Silbe trägt den ganzen Widerspruch, deshalb braucht er kein „nein, doch nicht“-Argument mehr. || [context/reading] reading.questions[2].promptDe: Was folgt aus dem dritten Beispiel für einen Widerspruch?","","","","",""
"P0-98-original-1297-noun-target","b2-19-noun-13","B2","b2-19","Wissen","das","neuter","das Wissen","das Wissen","dem Wissen","","","","b2-lexical-grammar-v1","[target/vocabulary] flashcards[1].frontDe: das Wissen || [registry/vocabulary] lexicalRegistry.b2-19-noun-13: das Wissen","[context/listening] listening.transcriptDe: Ben übt seine mündliche Prüfung, und Herr Aziz hört die erste Fassung: „Sie haben meinen Bescheid nicht beachtet. Die Frist war kurz. Ich bitte um eine neue Prüfung.“ Herr Aziz stoppt ihn: drei Sätze, drei Vorwürfe, kei… || [context/writing] writing.modelDe: Sehr geehrte Damen und Herren, vor zwei Wochen habe ich Sie um eine Auskunft zur Prüfungsordnung gebeten, und die Antwort ist bisher ausgeblieben. Das weiß ich genau, weil ich im Portal nachgesehen habe; ich frage nur, …","","","","",""
"P0-98-original-1297-noun-target","b2-19-noun-14","B2","b2-19","Zweifel","der","masculine","der Zweifel","den Zweifel","dem Zweifel","","Zweifel","","b2-lexical-grammar-v1","[target/vocabulary] flashcards[5].frontDe: der Zweifel || [registry/vocabulary] lexicalRegistry.b2-19-noun-14: der Zweifel","[context/vocabulary] flashcards[5].exampleDe: Mit „etwa“ wird der Zweifel zur Frage.","","","","",""
"P0-98-original-1297-noun-target","b2-20-noun-1","B2","b2-20","Protokoll","das","neuter","das Protokoll","das Protokoll","dem Protokoll","","Protokolle","","b2-lexical-grammar-v1","[registry/vocabulary] lexicalRegistry.b2-20-noun-1: das Protokoll","","","","","",""
"P0-98-original-1297-noun-target","b2-20-noun-2","B2","b2-20","Reihenfolge","die","feminine","die Reihenfolge","die Reihenfolge","der Reihenfolge","","Reihenfolgen","","b2-lexical-grammar-v1","[registry/vocabulary] lexicalRegistry.b2-20-noun-2: die Reihenfolge","[context/reading] reading.textDe: Im Protokoll des Studienrates stand zuerst eine Liste: die Öffnungszeiten, die Zahl der Beratungen, die Sprache der Unterlagen. Vier Wochen später las dieselbe Gruppe einen neuen Text. Er enthielt vier Bindungen und kei… || [context/speaking] speaking.usefulPhrases[1]: „Nicht nur die Zahl zählt, sondern auch die Reihenfolge.“","","","","",""
"P0-98-original-1297-noun-target","b2-20-noun-3","B2","b2-20","Klausel","die","feminine","die Klausel","die Klausel","der Klausel","","Klauseln","","b2-lexical-grammar-v1","[registry/vocabulary] lexicalRegistry.b2-20-noun-3: die Klausel","[context/pronunciation] pronunciation.items[5].de: die KLAUSEL, nicht die Klauseln","","","","",""
"P0-98-original-1297-noun-target","b2-20-noun-4","B2","b2-20","Anmerkung","die","feminine","die Anmerkung","die Anmerkung","der Anmerkung","","Anmerkungen","","b2-lexical-grammar-v1","[registry/vocabulary] lexicalRegistry.b2-20-noun-4: die Anmerkung","[context/reading] reading.textDe: Im Protokoll des Studienrates stand zuerst eine Liste: die Öffnungszeiten, die Zahl der Beratungen, die Sprache der Unterlagen. Vier Wochen später las dieselbe Gruppe einen neuen Text. Er enthielt vier Bindungen und kei…","","","","",""
"P0-98-original-1297-noun-target","b2-20-noun-5","B2","b2-20","Wartezeit","die","feminine","die Wartezeit","die Wartezeit","der Wartezeit","","Wartezeiten","","b2-lexical-grammar-v1","[target/vocabulary] phrases[0].de: je früher die Anmeldung, desto kürzer die Wartezeit || [registry/vocabulary] lexicalRegistry.b2-20-noun-5: die Wartezeit","[context/mediation] mediation.sourceDe: „Die Anmeldung öffnet am 1. Oktober. Jede Anmeldung verkürzt die Wartezeit. Anträge werden nur mit vollständigen Unterlagen angenommen.“ || [context/reading] reading.textDe: Im Protokoll des Studienrates stand zuerst eine Liste: die Öffnungszeiten, die Zahl der Beratungen, die Sprache der Unterlagen. Vier Wochen später las dieselbe Gruppe einen neuen Text. Er enthielt vier Bindungen und kei… || [context/rule] theory[0].examples[0].de: Je früher die Anmeldung erfolgt, desto kürzer bleibt die Wartezeit.","","","","",""
"P0-98-original-1297-noun-target","b2-20-noun-6","B2","b2-20","Schichtarbeit","die","feminine","die Schichtarbeit","die Schichtarbeit","der Schichtarbeit","","Schichtarbeiten","","b2-lexical-grammar-v1","[registry/vocabulary] lexicalRegistry.b2-20-noun-6: die Schichtarbeit","","","","","",""
"P0-98-original-1297-noun-target","b2-20-noun-7","B2","b2-20","Randnotiz","die","feminine","die Randnotiz","die Randnotiz","der Randnotiz","","Randnotizen","","b2-lexical-grammar-v1","[registry/vocabulary] lexicalRegistry.b2-20-noun-7: die Randnotiz","[context/reading] reading.questions[2].promptDe: Was folgt aus der Antwort auf die Randnotiz? || [context/reading] reading.textDe: Im Protokoll des Studienrates stand zuerst eine Liste: die Öffnungszeiten, die Zahl der Beratungen, die Sprache der Unterlagen. Vier Wochen später las dieselbe Gruppe einen neuen Text. Er enthielt vier Bindungen und kei…","","","","",""
"P0-98-original-1297-noun-target","b2-20-noun-8","B2","b2-20","Erstberatung","die","feminine","die Erstberatung","die Erstberatung","der Erstberatung","","Erstberatungen","","b2-lexical-grammar-v1","[registry/vocabulary] lexicalRegistry.b2-20-noun-8: die Erstberatung","[context/controlled] exercises[3].acceptedAnswers[0]: Sowohl die Erstberatung als auch die Nachlese sind kostenfrei, weil beide Angebote online stattgefunden haben. || [context/controlled] exercises[3].acceptedAnswers[1]: Sowohl die Erstberatung als auch die Nachlese sind kostenfrei. || [context/controlled] exercises[3].sentence: Sowohl die Erstberatung als auch die Nachlese ist kostenfrei, weil beide Angebote online stattgefunden haben.","","","","",""
"P0-98-original-1297-noun-target","b2-20-noun-9","B2","b2-20","Unterlage","die","feminine","die Unterlage","die Unterlage","der Unterlage","","Unterlagen","","b2-lexical-grammar-v1","[target/vocabulary] phrases[4].de: weder die Frist noch die Unterlagen waren ein Problem || [registry/vocabulary] lexicalRegistry.b2-20-noun-9: die Unterlage","[context/reading] reading.textDe: Im Protokoll des Studienrates stand zuerst eine Liste: die Öffnungszeiten, die Zahl der Beratungen, die Sprache der Unterlagen. Vier Wochen später las dieselbe Gruppe einen neuen Text. Er enthielt vier Bindungen und kei… || [context/writing] writing.modelDe: Sehr geehrte Damen und Herren, ich bitte um einen Termin zur Prüfungsrückmeldung bis zum 14. Oktober. Je später die Antwort eingeht, desto enger wird mein Zeitfenster vor der Anmeldung, weil ich den Nachschreibtermin nu…","","","","",""
"P0-98-original-1297-noun-target","b2-20-noun-10","B2","b2-20","Datenschutz","der","masculine","der Datenschutz","den Datenschutz","dem Datenschutz","","","","b2-lexical-grammar-v1","[registry/vocabulary] lexicalRegistry.b2-20-noun-10: der Datenschutz","[context/reading] reading.textDe: Im Protokoll des Studienrates stand zuerst eine Liste: die Öffnungszeiten, die Zahl der Beratungen, die Sprache der Unterlagen. Vier Wochen später las dieselbe Gruppe einen neuen Text. Er enthielt vier Bindungen und kei…","","","","",""
"P0-98-original-1297-noun-target","b2-20-noun-11","B2","b2-20","Nachlese","die","feminine","die Nachlese","die Nachlese","der Nachlese","","Nachlesen","","b2-lexical-grammar-v1","[registry/vocabulary] lexicalRegistry.b2-20-noun-11: die Nachlese","[context/controlled] exercises[3].acceptedAnswers[0]: Sowohl die Erstberatung als auch die Nachlese sind kostenfrei, weil beide Angebote online stattgefunden haben. || [context/controlled] exercises[3].acceptedAnswers[1]: Sowohl die Erstberatung als auch die Nachlese sind kostenfrei. || [context/controlled] exercises[3].sentence: Sowohl die Erstberatung als auch die Nachlese ist kostenfrei, weil beide Angebote online stattgefunden haben.","","","","",""
"P0-98-original-1297-noun-target","b2-20-noun-12","B2","b2-20","Bindung","die","feminine","die Bindung","die Bindung","der Bindung","","Bindungen","","b2-lexical-grammar-v1","[registry/vocabulary] lexicalRegistry.b2-20-noun-12: die Bindung","[context/listening] listening.questions[0].promptDe: Was fehlt Ben in der zweiten Bindung? || [context/listening] listening.questions[2].options[3]: Trägt die Bindung Information oder wiederholt sie die Konjunktion? || [context/reading] reading.questions[2].options[1]: Sichtbare Relationen rechtfertigen die Bindung, nicht die Menge.","","","","",""
"P0-98-original-1297-noun-target","b2-20-noun-13","B2","b2-20","Anmeldung","die","feminine","die Anmeldung","die Anmeldung","der Anmeldung","","Anmeldungen","","b2-lexical-grammar-v1","[target/vocabulary] phrases[0].de: je früher die Anmeldung, desto kürzer die Wartezeit || [registry/vocabulary] lexicalRegistry.b2-20-noun-13: die Anmeldung","[context/listening] listening.transcriptDe: vor der Prüfungssimulation. Herr Aziz: Ben, lies deine Folie vor. Ich höre zu. Ben liest: Je früher die Anmeldung öffnet, desto kürzer ist die Schlange vor der Beratungsstelle. Nicht nur die Zeit fehlt, sondern auch die… || [context/rule] theory[0].examples[0].de: Je früher die Anmeldung erfolgt, desto kürzer bleibt die Wartezeit. || [context/writing] writing.modelDe: Sehr geehrte Damen und Herren, ich bitte um einen Termin zur Prüfungsrückmeldung bis zum 14. Oktober. Je später die Antwort eingeht, desto enger wird mein Zeitfenster vor der Anmeldung, weil ich den Nachschreibtermin nu…","","","","",""
"P0-98-original-1297-noun-target","b2-20-noun-14","B2","b2-20","Antwort","die","feminine","die Antwort","die Antwort","der Antwort","","Antworten","","b2-lexical-grammar-v1","[target/vocabulary] phrases[5].de: zwar war der Termin knapp, aber die Antwort kam pünktlich || [registry/vocabulary] lexicalRegistry.b2-20-noun-14: die Antwort","[context/controlled] exercises[6].options[0]: Zwar war der Termin knapp, jedoch ist die Antwort dokumentiert; deshalb bitte ich um eine Bestätigung bis Freitag. || [context/controlled] exercises[6].options[2]: Je später die Antwort, desto schlechter eure Laune! || [context/test] miniTest[2].options[0]: Weder die Mail noch das Formular hat keine Antwort.","","","","",""
"P0-98-original-1297-noun-target","b2-20-noun-15","B2","b2-20","Begründung","die","feminine","die Begründung","die Begründung","der Begründung","","Begründungen","","b2-lexical-grammar-v1","[target/vocabulary] flashcards[10].frontDe: die Begründung || [target/vocabulary] phrases[16].de: umso wichtiger ist eine klare Begründung || [registry/vocabulary] lexicalRegistry.b2-20-noun-15: die Begründung","[context/speaking] speaking.usefulPhrases[3]: „Sowohl die Frist als auch die Begründung bleiben gleich.“ || [context/rule] theory[0].examples[1].de: Je deutlicher die Begründung, umso leichter fällt die Zustimmung.","","","","",""
"P0-98-original-1297-noun-target","b2-20-noun-16","B2","b2-20","Beratung","die","feminine","die Beratung","die Beratung","der Beratung","","Beratungen","","b2-lexical-grammar-v1","[target/vocabulary] phrases[3].de: sowohl die Beratung als auch die Nachbereitung läuft online || [registry/vocabulary] lexicalRegistry.b2-20-noun-16: die Beratung","[context/discover] discovery.examples[1]: „Nicht nur die Frist wurde verlängert, sondern auch die Beratung geöffnet.“ → die neue Information liegt nach „sondern“. || [context/entry] entry.dialogue[2].de: Mein Gutachter hat angestrichen: „je mehr Studierende kommen, die Beratung wird voller“. Das war falsch? || [context/entry] entry.dialogue[3].de: Nach „je“ rückt das Verb an die Zweitspanne, und der zweite Teil beginnt sofort mit dem Komparativ: „je mehr Studierende kommen, desto voller wird die Beratung“.","","","","",""
"P0-98-original-1297-noun-target","b2-20-noun-17","B2","b2-20","Beschluss","der","masculine","der Beschluss","den Beschluss","dem Beschluss","","Beschlüsse","","b2-lexical-grammar-v1","[target/vocabulary] phrases[1].de: je mehr Stimmen zählen, um so tragfähiger der Beschluss || [registry/vocabulary] lexicalRegistry.b2-20-noun-17: der Beschluss","","","","","",""
"P0-98-original-1297-noun-target","b2-20-noun-18","B2","b2-20","Doppelverneinung","die","feminine","die Doppelverneinung","die Doppelverneinung","der Doppelverneinung","","Doppelverneinungen","","b2-lexical-grammar-v1","[target/vocabulary] flashcards[5].frontDe: die Doppelverneinung || [registry/vocabulary] lexicalRegistry.b2-20-noun-18: die Doppelverneinung","","","","","",""
"P0-98-original-1297-noun-target","b2-20-noun-19","B2","b2-20","Einräumung","die","feminine","die Einräumung","die Einräumung","der Einräumung","","Einräumungen","","b2-lexical-grammar-v1","[target/vocabulary] flashcards[6].frontDe: die Einräumung || [registry/vocabulary] lexicalRegistry.b2-20-noun-19: die Einräumung","","","","","",""
"P0-98-original-1297-noun-target","b2-20-noun-20","B2","b2-20","Feld","das","neuter","das Feld","das Feld","dem Feld","","Felder","","b2-lexical-grammar-v1","[target/vocabulary] phrases[6].de: zwar ist das Formular lang, jedoch sind die Felder erklärt || [registry/vocabulary] lexicalRegistry.b2-20-noun-20: das Feld","","","","","",""
"P0-98-original-1297-noun-target","b2-20-noun-21","B2","b2-20","Formular","das","neuter","das Formular","das Formular","dem Formular","","Formulare","","b2-lexical-grammar-v1","[target/vocabulary] phrases[6].de: zwar ist das Formular lang, jedoch sind die Felder erklärt || [registry/vocabulary] lexicalRegistry.b2-20-noun-21: das Formular","[context/discover] discovery.examples[3]: „Weder die Mail noch das Formular war angekommen.“ → Singular ist möglich, wenn jedes Glied für sich genommen wird; Plural, wenn zusammen. Beides muss zum Satz passen. || [context/controlled] exercises[5].template: ___ die Mail ___ das Formular sind angekommen. || [context/test] miniTest[2].options[0]: Weder die Mail noch das Formular hat keine Antwort.","","","","",""
"P0-98-original-1297-noun-target","b2-20-noun-22","B2","b2-20","Frist","die","feminine","die Frist","die Frist","der Frist","","Fristen","","b2-lexical-grammar-v1","[target/vocabulary] phrases[4].de: weder die Frist noch die Unterlagen waren ein Problem || [target/vocabulary] phrases[7].de: entweder du schreibst heute, oder die Frist verfällt || [registry/vocabulary] lexicalRegistry.b2-20-noun-22: die Frist","[context/discover] discovery.examples[1]: „Nicht nur die Frist wurde verlängert, sondern auch die Beratung geöffnet.“ → die neue Information liegt nach „sondern“. || [context/controlled] exercises[2].acceptedAnswers[0]: Zwar fehlt uns die Rückmeldung der Studienberatung, aber die Frist ist dokumentiert. || [context/controlled] exercises[2].words[3]: die Frist ist dokumentiert.","","","","",""
"P0-98-original-1297-noun-target","b2-20-noun-23","B2","b2-20","Fristangabe","die","feminine","die Fristangabe","die Fristangabe","der Fristangabe","","Fristangaben","","b2-lexical-grammar-v1","[target/vocabulary] flashcards[11].frontDe: die Fristangabe || [registry/vocabulary] lexicalRegistry.b2-20-noun-23: die Fristangabe","","","","","",""
"P0-98-original-1297-noun-target","b2-20-noun-24","B2","b2-20","Gleichrangigkeit","die","feminine","die Gleichrangigkeit","die Gleichrangigkeit","der Gleichrangigkeit","","","","b2-lexical-grammar-v1","[target/vocabulary] flashcards[3].frontDe: die Gleichrangigkeit || [registry/vocabulary] lexicalRegistry.b2-20-noun-24: die Gleichrangigkeit","","","","","",""
"P0-98-original-1297-noun-target","b2-20-noun-25","B2","b2-20","Halle","die","feminine","die Halle","die Halle","der Halle","","Hallen","","b2-lexical-grammar-v1","[target/vocabulary] phrases[14].de: je nachdem, ob die Halle öffnet, ändert sich der Plan || [registry/vocabulary] lexicalRegistry.b2-20-noun-25: die Halle","[context/controlled] exercises[7].options[0]: Je später die Halle öffnet, desto weniger brauchen wir die Gruppenstunde. || [context/controlled] exercises[7].options[1]: Obwohl die Halle später öffnet, fällt die Gruppenstunde nicht aus. || [context/controlled] exercises[7].options[2]: Sowohl die Halle als auch die Gruppenstunde öffnen später.","","","","",""
"P0-98-original-1297-noun-target","b2-20-noun-26","B2","b2-20","Inversion","die","feminine","die Inversion","die Inversion","der Inversion","","Inversionen","","b2-lexical-grammar-v1","[target/vocabulary] flashcards[7].frontDe: die Inversion || [registry/vocabulary] lexicalRegistry.b2-20-noun-26: die Inversion","[context/discover] discovery.examples[0]: „Je mehr Personen mitstimmen, die Entscheidung ist sicher.“ → der zweite Teil hat keinen Komparativ und keine Inversion; die Klammer bleibt offen.","","","","",""
"P0-98-original-1297-noun-target","b2-20-noun-27","B2","b2-20","Klammer","die","feminine","die Klammer","die Klammer","der Klammer","","Klammern","","b2-lexical-grammar-v1","[target/vocabulary] flashcards[8].frontDe: die Klammer || [registry/vocabulary] lexicalRegistry.b2-20-noun-27: die Klammer","[context/discover] discovery.examples[0]: „Je mehr Personen mitstimmen, die Entscheidung ist sicher.“ → der zweite Teil hat keinen Komparativ und keine Inversion; die Klammer bleibt offen.","","","","",""
"P0-98-original-1297-noun-target","b2-20-noun-28","B2","b2-20","Komparativ","der","masculine","der Komparativ","den Komparativ","dem Komparativ","","Komparative","","b2-lexical-grammar-v1","[target/vocabulary] phrases[9].de: je … desto braucht den Komparativ im zweiten Teil || [registry/vocabulary] lexicalRegistry.b2-20-noun-28: der Komparativ","[context/discover] discovery.examples[0]: „Je mehr Personen mitstimmen, die Entscheidung ist sicher.“ → der zweite Teil hat keinen Komparativ und keine Inversion; die Klammer bleibt offen. || [context/entry] entry.dialogue[3].de: Nach „je“ rückt das Verb an die Zweitspanne, und der zweite Teil beginnt sofort mit dem Komparativ: „je mehr Studierende kommen, desto voller wird die Beratung“. || [context/listening] listening.transcriptDe: vor der Prüfungssimulation. Herr Aziz: Ben, lies deine Folie vor. Ich höre zu. Ben liest: Je früher die Anmeldung öffnet, desto kürzer ist die Schlange vor der Beratungsstelle. Nicht nur die Zeit fehlt, sondern auch die…","","","","",""
"P0-98-original-1297-noun-target","b2-20-noun-29","B2","b2-20","Konjunktion","die","feminine","die Konjunktion","die Konjunktion","der Konjunktion","","Konjunktionen","","b2-lexical-grammar-v1","[target/vocabulary] flashcards[0].frontDe: die zweigliedrige Konjunktion || [registry/vocabulary] lexicalRegistry.b2-20-noun-29: die Konjunktion","[context/listening] listening.questions[2].options[3]: Trägt die Bindung Information oder wiederholt sie die Konjunktion? || [context/listening] listening.transcriptDe: vor der Prüfungssimulation. Herr Aziz: Ben, lies deine Folie vor. Ich höre zu. Ben liest: Je früher die Anmeldung öffnet, desto kürzer ist die Schlange vor der Beratungsstelle. Nicht nur die Zeit fehlt, sondern auch die…","","","","",""
"P0-98-original-1297-noun-target","b2-20-noun-30","B2","b2-20","Nachbereitung","die","feminine","die Nachbereitung","die Nachbereitung","der Nachbereitung","","Nachbereitungen","","b2-lexical-grammar-v1","[target/vocabulary] phrases[3].de: sowohl die Beratung als auch die Nachbereitung läuft online || [registry/vocabulary] lexicalRegistry.b2-20-noun-30: die Nachbereitung","","","","","",""
"P0-98-original-1297-noun-target","b2-20-noun-31","B2","b2-20","Nachfrage","die","feminine","die Nachfrage","die Nachfrage","der Nachfrage","","Nachfragen","","b2-lexical-grammar-v1","[target/vocabulary] phrases[15].de: desto eher lohnt sich die Nachfrage || [registry/vocabulary] lexicalRegistry.b2-20-noun-31: die Nachfrage","[context/controlled] exercises[0].options[0]: Je mehr Termine offen sind, die Nachfrage steigt desto. || [context/controlled] exercises[0].options[1]: Je mehr Termine sind offen, desto steigt die Nachfrage. || [context/controlled] exercises[0].options[2]: Je mehr Termine offen sind, desto die Nachfrage steigt.","","","","",""
"P0-98-original-1297-noun-target","b2-20-noun-32","B2","b2-20","Nachtrag","der","masculine","der Nachtrag","den Nachtrag","dem Nachtrag","","Nachträge","","b2-lexical-grammar-v1","[target/vocabulary] phrases[10].de: nicht nur …, sondern auch betont den Nachtrag || [registry/vocabulary] lexicalRegistry.b2-20-noun-32: der Nachtrag","","","","","",""
"P0-98-original-1297-noun-target","b2-20-noun-33","B2","b2-20","Numerus","der","masculine","der Numerus","den Numerus","dem Numerus","","","","b2-lexical-grammar-v1","[target/vocabulary] flashcards[4].frontDe: der Numerus beim Verb || [registry/vocabulary] lexicalRegistry.b2-20-noun-33: der Numerus","","","","","",""
"P0-98-original-1297-noun-target","b2-20-noun-34","B2","b2-20","Öffnungszeiten","die","feminine","die Öffnungszeiten","die Öffnungszeiten","der Öffnungszeiten","","","","b2-lexical-grammar-v1","[target/vocabulary] phrases[2].de: nicht nur die Öffnungszeiten, sondern auch die Sprachkenntnisse wurden gelobt || [registry/vocabulary] lexicalRegistry.b2-20-noun-34: die Öffnungszeiten","[context/controlled] exercises[1].template: Nicht nur die Öffnungszeiten wurden gelobt, ___ auch die Betreuung durch zwei Beraterinnen. || [context/reading] reading.textDe: Im Protokoll des Studienrates stand zuerst eine Liste: die Öffnungszeiten, die Zahl der Beratungen, die Sprache der Unterlagen. Vier Wochen später las dieselbe Gruppe einen neuen Text. Er enthielt vier Bindungen und kei…","","","","",""
"P0-98-original-1297-noun-target","b2-20-noun-35","B2","b2-20","Plan","der","masculine","der Plan","den Plan","dem Plan","","Pläne","","b2-lexical-grammar-v1","[target/vocabulary] phrases[14].de: je nachdem, ob die Halle öffnet, ändert sich der Plan || [registry/vocabulary] lexicalRegistry.b2-20-noun-35: der Plan","","","","","",""
"P0-98-original-1297-noun-target","b2-20-noun-36","B2","b2-20","Plural","der","masculine","der Plural","den Plural","dem Plural","","Plurale","","b2-lexical-grammar-v1","[target/vocabulary] phrases[8].de: sowohl als auch verlangt den Plural beim Verb || [registry/vocabulary] lexicalRegistry.b2-20-noun-36: der Plural","[context/vocabulary] flashcards[4].exampleDe: Bei „sowohl … als auch“ steht der Plural. || [context/listening] listening.questions[1].promptDe: Warum ist der Plural bei „sowohl … als auch“ hier richtig?","","","","",""
"P0-98-original-1297-noun-target","b2-20-noun-37","B2","b2-20","Problem","das","neuter","das Problem","das Problem","dem Problem","","Probleme","","b2-lexical-grammar-v1","[target/vocabulary] phrases[4].de: weder die Frist noch die Unterlagen waren ein Problem || [registry/vocabulary] lexicalRegistry.b2-20-noun-37: das Problem","[context/test] miniTest[4].options[1]: Natürlich ist das schon wieder euer Problem!","","","","",""
"P0-98-original-1297-noun-target","b2-20-noun-38","B2","b2-20","Schwerpunkt","der","masculine","der Schwerpunkt","den Schwerpunkt","dem Schwerpunkt","","Schwerpunkte","","b2-lexical-grammar-v1","[target/vocabulary] flashcards[1].frontDe: der Schwerpunkt || [registry/vocabulary] lexicalRegistry.b2-20-noun-38: der Schwerpunkt","[context/vocabulary] flashcards[1].exampleDe: Nach „sondern auch“ steht der Schwerpunkt.","","","","",""
"P0-98-original-1297-noun-target","b2-20-noun-39","B2","b2-20","Sprachkenntnisse","die","feminine","die Sprachkenntnisse","die Sprachkenntnisse","der Sprachkenntnisse","","","","b2-lexical-grammar-v1","[target/vocabulary] phrases[2].de: nicht nur die Öffnungszeiten, sondern auch die Sprachkenntnisse wurden gelobt || [registry/vocabulary] lexicalRegistry.b2-20-noun-39: die Sprachkenntnisse","","","","","",""
"P0-98-original-1297-noun-target","b2-20-noun-40","B2","b2-20","Streichung","die","feminine","die Streichung","die Streichung","der Streichung","","Streichungen","","b2-lexical-grammar-v1","[target/vocabulary] flashcards[9].frontDe: die Streichung || [registry/vocabulary] lexicalRegistry.b2-20-noun-40: die Streichung","","","","","",""
"P0-98-original-1297-noun-target","b2-20-noun-41","B2","b2-20","Termin","der","masculine","der Termin","den Termin","dem Termin","","Termine","","b2-lexical-grammar-v1","[target/vocabulary] phrases[5].de: zwar war der Termin knapp, aber die Antwort kam pünktlich || [registry/vocabulary] lexicalRegistry.b2-20-noun-41: der Termin","[context/controlled] exercises[6].options[0]: Zwar war der Termin knapp, jedoch ist die Antwort dokumentiert; deshalb bitte ich um eine Bestätigung bis Freitag. || [context/controlled] exercises[7].options[3]: Weder die Halle noch die Gruppenstunde hat einen Termin. || [context/errors] mistakes[4].correct: Zwar war der Termin knapp, aber die Antwort kam pünktlich.","","","","",""
"P0-98-original-1297-noun-target","b2-20-noun-42","B2","b2-20","Verb","das","neuter","das Verb","das Verb","dem Verb","","Verben","","b2-lexical-grammar-v1","[registry/vocabulary] lexicalRegistry.b2-20-noun-42: das Verb","[context/entry] entry.dialogue[3].de: Nach „je“ rückt das Verb an die Zweitspanne, und der zweite Teil beginnt sofort mit dem Komparativ: „je mehr Studierende kommen, desto voller wird die Beratung“. || [context/entry] entry.dialogue[5].de: Dann „sowohl … als auch“ — aber das Verb bleibt im Plural, und die Teile müssen auf gleicher Ebene stehen: Nomen zu Nomen, Satz zu Satz. || [context/listening] listening.questions[0].options[0]: Ein Komparativ vor dem Verb.","","","","",""
"P0-98-original-1297-noun-target","b2-20-noun-43","B2","b2-20","Verhältnisaussage","die","feminine","die Verhältnisaussage","die Verhältnisaussage","der Verhältnisaussage","","Verhältnisaussagen","","b2-lexical-grammar-v1","[target/vocabulary] flashcards[2].frontDe: die Verhältnisaussage || [registry/vocabulary] lexicalRegistry.b2-20-noun-43: die Verhältnisaussage","[context/writing] writing.promptDe: Schreiben Sie eine E-Mail an das Studiendekanat (170–200 Wörter): Bitten Sie um einen Termin, begründen Sie die Dringlichkeit mit einer Verhältnisaussage, und nennen Sie, welche Unterlagen bereits vorliegen.","","","","",""
"P0-98-original-1297-noun-target","b2-20-noun-44","B2","b2-20","Zahl","die","feminine","die Zahl","die Zahl","der Zahl","","Zahlen","","b2-lexical-grammar-v1","[target/vocabulary] phrases[17].de: nicht dass ich zweifle, aber die Zahl fehlt || [registry/vocabulary] lexicalRegistry.b2-20-noun-44: die Zahl","[context/reading] reading.questions[0].options[3]: Er nennt keine Zahlen mehr. || [context/reading] reading.textDe: Im Protokoll des Studienrates stand zuerst eine Liste: die Öffnungszeiten, die Zahl der Beratungen, die Sprache der Unterlagen. Vier Wochen später las dieselbe Gruppe einen neuen Text. Er enthielt vier Bindungen und kei… || [context/speaking] speaking.usefulPhrases[1]: „Nicht nur die Zahl zählt, sondern auch die Reihenfolge.“","","","","",""
"P0-98-original-1297-noun-target","b2-21-noun-1","B2","b2-21","Vermerk","der","masculine","der Vermerk","den Vermerk","dem Vermerk","","Vermerke","","b2-lexical-grammar-v1","[target/vocabulary] flashcards[0].frontDe: der Vermerk || [target/vocabulary] phrases[10].de: Sie sollen den Vermerk schon gelesen haben. || [registry/vocabulary] lexicalRegistry.b2-21-noun-1: der Vermerk","[context/controlled] exercises[0].options[0]: Sie sagten, sie haben den Vermerk erhalten haben. || [context/controlled] exercises[0].options[1]: Sie sagten, sie hätten den Vermerk erhalten haben. || [context/controlled] exercises[0].options[2]: Sie sagten, sie hätten den Vermerk erhalten.","","","","",""
"P0-98-original-1297-noun-target","b2-21-noun-2","B2","b2-21","Rückmeldung","die","feminine","die Rückmeldung","die Rückmeldung","der Rückmeldung","","Rückmeldungen","","b2-lexical-grammar-v1","[target/vocabulary] flashcards[6].frontDe: die Rückmeldung || [target/vocabulary] phrases[2].de: Die Teilnehmenden sagten, sie hätten keine Rückmeldung erhalten. || [registry/vocabulary] lexicalRegistry.b2-21-noun-2: die Rückmeldung","[context/listening] listening.transcriptDe: Zwei Mitarbeitende des Prüfungsbüros besprechen eine Rückmeldung, die per E-Mail eingegangen ist. Frau Kessler sagt, ein Kandidat habe beanstandet, er sei während des Hörverstehens durch ein Geräusch hinter der Tür abge… || [context/speaking] speaking.promptDe: Stellen Sie in drei Minuten eine strittige Rückmeldung dar: beide Seiten, ihre Belege, die offene Frage. Nutzen Sie durchgehend berichtete Rede. || [context/writing] writing.modelDe: Am Dienstag hat der Prüfungsausschuss über die Rückmeldung eines Kandidaten beraten. Der Kandidat hatte erklärt, er sei während der Hörphase durch ein Geräusch hinter der Tür abgelenkt worden; er beantrage deshalb die W…","","","","",""
"P0-98-original-1297-noun-target","b2-21-noun-3","B2","b2-21","Zulässigkeit","die","feminine","die Zulässigkeit","die Zulässigkeit","der Zulässigkeit","","","","b2-lexical-grammar-v1","[target/vocabulary] flashcards[3].frontDe: die Zulässigkeit || [registry/vocabulary] lexicalRegistry.b2-21-noun-3: die Zulässigkeit","","","","","",""
"P0-98-original-1297-noun-target","b2-21-noun-4","B2","b2-21","Wertung","die","feminine","die Wertung","die Wertung","der Wertung","","Wertungen","","b2-lexical-grammar-v1","[target/vocabulary] flashcards[4].frontDe: die Wertung || [registry/vocabulary] lexicalRegistry.b2-21-noun-4: die Wertung","[context/entry] entry.dialogue[3].de: Genau. Zwei Formen, gleiche Zeitstufe, keine Wertung — und kein Wort, das niemand gesprochen hat. || [context/listening] listening.transcriptDe: Zwei Mitarbeitende des Prüfungsbüros besprechen eine Rückmeldung, die per E-Mail eingegangen ist. Frau Kessler sagt, ein Kandidat habe beanstandet, er sei während des Hörverstehens durch ein Geräusch hinter der Tür abge… || [context/writing] writing.promptDe: Schreiben Sie eine interne Meldung (170–200 Wörter) über eine beanstandete Prüfungsentscheidung. Geben Sie beide Seiten in berichteter Rede wieder, benennen Sie die Quellen und formulieren Sie keine eigene Wertung.","","","","",""
"P0-98-original-1297-noun-target","b2-21-noun-5","B2","b2-21","Darstellung","die","feminine","die Darstellung","die Darstellung","der Darstellung","","Darstellungen","","b2-lexical-grammar-v1","[target/vocabulary] flashcards[2].frontDe: die Darstellung || [registry/vocabulary] lexicalRegistry.b2-21-noun-5: die Darstellung","","","","","",""
"P0-98-original-1297-noun-target","b2-21-noun-6","B2","b2-21","Sperre","die","feminine","die Sperre","die Sperre","der Sperre","","Sperren","","b2-lexical-grammar-v1","[target/vocabulary] flashcards[7].frontDe: die Sperre || [registry/vocabulary] lexicalRegistry.b2-21-noun-6: die Sperre","","","","","",""
"P0-98-original-1297-noun-target","b2-22-noun-1","B2","b2-22","Bescheid","der","masculine","der Bescheid","den Bescheid","dem Bescheid","","Bescheide","","b2-lexical-grammar-v1","[target/vocabulary] flashcards[0].frontDe: der Bescheid || [registry/vocabulary] lexicalRegistry.b2-22-noun-1: der Bescheid","[context/discover] discovery.examples[4]: der von der Behörde geprüfte Bescheid → der Bescheid, den die Behörde geprüft hat. || [context/entry] entry.dialogue[1].de: Der Kandidat hat den Bescheid beanstandet, der ihm schriftlich mitgeteilt worden war. || [context/controlled] exercises[7].options[3]: Fehlerhaft, schriftlich, beanstandet: der Bescheid.","","","","",""
"P0-98-original-1297-noun-target","b2-22-noun-2","B2","b2-22","Nachfrist","die","feminine","die Nachfrist","die Nachfrist","der Nachfrist","","Nachfristen","","b2-lexical-grammar-v1","[target/vocabulary] flashcards[2].frontDe: die Nachfrist || [registry/vocabulary] lexicalRegistry.b2-22-noun-2: die Nachfrist","[context/controlled] exercises[7].options[0]: Der von der wegen der Nachfrist schriftlich informierten Kandidaten beanstandete Bescheid war fehlerhaft. || [context/reading] reading.questions[0].options[1]: Weil die Nachfrist fehlte. || [context/reading] reading.textDe: Der Bescheid des Prüfungsamts begann mit einem einzigen Satz: „Der von der wegen der Nachfrist schriftlich informierten Kandidatin innerhalb von drei Wochen erteilte, die Wiederholung eines Moduls ablehnende Bescheid wi…","","","","",""
"P0-98-original-1297-noun-target","b2-22-noun-3","B2","b2-22","Umformung","die","feminine","die Umformung","die Umformung","der Umformung","","Umformungen","","b2-lexical-grammar-v1","[target/vocabulary] flashcards[4].frontDe: die Umformung || [registry/vocabulary] lexicalRegistry.b2-22-noun-3: die Umformung","[context/writing] writing.modelDe: Das Prüfungsamt hält die Entscheidung vom 4. März (Az. 12/24) aufrecht. Die Kandidatin war am 26. Februar wegen der verlängerten Nachfrist schriftlich informiert worden; dieser Hinweis steht im Vermerk der Aufsicht. Die…","","","","",""
"P0-98-original-1297-noun-target","b2-22-noun-4","B2","b2-22","Aktenzeichen","das","neuter","das Aktenzeichen","das Aktenzeichen","dem Aktenzeichen","","Aktenzeichen","","b2-lexical-grammar-v1","[target/vocabulary] flashcards[6].frontDe: die Aktenzeichen || [registry/vocabulary] lexicalRegistry.b2-22-noun-4: das Aktenzeichen","[context/listening] listening.transcriptDe: Die Referentin liest den ersten Satz des Bescheids vor und lässt ihn wirken. Herr Brand sagt, er brauche drei Anläufe, obwohl jedes Wort ihm bekannt sei. Sie stimmt zu. Der Satz enthalte vier Attribute, die alle an dems…","","","","",""
"P0-98-original-1297-noun-target","b2-22-noun-5","B2","b2-22","Häufung","die","feminine","die Häufung","die Häufung","der Häufung","","Häufungen","","b2-lexical-grammar-v1","[target/vocabulary] flashcards[7].frontDe: die Häufung || [registry/vocabulary] lexicalRegistry.b2-22-noun-5: die Häufung","[context/vocabulary] flashcards[7].exampleDe: Gegen die Häufung hilft Zerlegung. || [context/speaking] speaking.usefulPhrases[0]: Das Problem ist nicht die Form, sondern die Häufung.","","","","",""
"P0-98-original-1297-noun-target","b2-22-noun-6","B2","b2-22","Wiedervorlage","die","feminine","die Wiedervorlage","die Wiedervorlage","der Wiedervorlage","","Wiedervorlagen","","b2-lexical-grammar-v1","[target/vocabulary] flashcards[3].frontDe: die Wiedervorlage || [registry/vocabulary] lexicalRegistry.b2-22-noun-6: die Wiedervorlage","","","","","",""
"P0-98-original-1297-noun-target","b2-23-noun-1","B2","b2-23","Gebührenordnung","die","feminine","die Gebührenordnung","die Gebührenordnung","der Gebührenordnung","","Gebührenordnungen","","b2-lexical-grammar-v1","[target/vocabulary] phrases[0].de: die Gebührenordnung der Hochschule || [registry/vocabulary] lexicalRegistry.b2-23-noun-1: die Gebührenordnung","[context/pronunciation] pronunciation.items[0].de: die Gebührenordnung || [context/rule] theory[0].examples[0].de: die Gebühren + ordnung → die Gebührenordnung","","","","",""
"P0-98-original-1297-noun-target","b2-23-noun-2","B2","b2-23","Nachforderung","die","feminine","die Nachforderung","die Nachforderung","der Nachforderung","","Nachforderungen","","b2-lexical-grammar-v1","[target/vocabulary] flashcards[3].frontDe: die Nachforderung || [target/vocabulary] phrases[1].de: der Antrag auf Erlass der Nachforderung || [registry/vocabulary] lexicalRegistry.b2-23-noun-2: die Nachforderung","[context/controlled] exercises[1].options[2]: die Nachforderung || [context/controlled] exercises[3].acceptedAnswers[0]: Antrag auf Erlass der Nachforderung wegen Fristversäumnis seitens der Einrichtung. || [context/controlled] exercises[3].words[2]: der Nachforderung","","","","",""
"P0-98-original-1297-noun-target","b2-23-noun-3","B2","b2-23","Erlass","der","masculine","der Erlass","den Erlass","dem Erlass","","Erlasse","","b2-lexical-grammar-v1","[target/vocabulary] flashcards[0].frontDe: der Erlass || [target/vocabulary] flashcards[8].frontDe: der Erlass der Gebühr || [registry/vocabulary] lexicalRegistry.b2-23-noun-3: der Erlass","[context/controlled] exercises[7].options[3]: Sie beantragen den Erlass. Die Einrichtung hatte die Frist versäumt, deshalb wurde nachgefordert. || [context/reading] reading.textDe: Im Sekretariat lag ein Antrag, dessen Betreffzeile lautete: „Antrag auf Erlass der Prüfungsgebührennachforderung wegen Fristversäumnis seitens der Einrichtung“. Für die Sachbearbeiterin enthielt diese Zeile drei Entsche… || [context/writing] writing.modelDe: Betreff: Nachforderung von Prüfungsgebühren, Bescheid vom 12. April, Az. 04/22. Sehr geehrte Damen und Herren, ich bitte darum, die Nachforderung zu erlassen, weil der Antrag auf Befreiung fristgerecht eingegangen ist. …","","","","",""
"P0-98-original-1297-noun-target","b2-23-noun-4","B2","b2-23","Grundwort","das","neuter","das Grundwort","das Grundwort","dem Grundwort","","Grundwörter","","b2-lexical-grammar-v1","[target/vocabulary] flashcards[5].frontDe: das Grundwort || [registry/vocabulary] lexicalRegistry.b2-23-noun-4: das Grundwort","","","","","",""
"P0-98-original-1297-noun-target","b2-23-noun-5","B2","b2-23","Fuge","die","feminine","die Fuge","die Fuge","der Fuge","","Fugen","","b2-lexical-grammar-v1","[target/vocabulary] flashcards[6].frontDe: die Fuge || [registry/vocabulary] lexicalRegistry.b2-23-noun-5: die Fuge","[context/test] miniTest[1].promptDe: Was ist die Fuge in „Prüfungsamt“?","","","","",""
"P0-98-original-1297-noun-target","b2-23-noun-6","B2","b2-23","Genitivkette","die","feminine","die Genitivkette","die Genitivkette","der Genitivkette","","Genitivketten","","b2-lexical-grammar-v1","[target/vocabulary] flashcards[7].frontDe: die Genitivkette || [registry/vocabulary] lexicalRegistry.b2-23-noun-6: die Genitivkette","","","","","",""
"P0-98-original-1297-noun-target","b2-24-noun-1","B2","b2-24","Klammer","die","feminine","die Klammer","die Klammer","der Klammer","","Klammern","","b2-lexical-grammar-v1","[target/vocabulary] flashcards[0].frontDe: die rechte Klammer || [registry/vocabulary] lexicalRegistry.b2-24-noun-1: die Klammer","[context/listening] listening.transcriptDe: Die Referentin diktiert ihrer Kollegin eine Korrektur des Briefs. Sie spricht langsam und nennt jedes Satzzeichen: Komma, Beistrich, Punkt und Semikolon. Frau Brandt schreibt mit und fragt nach, ob vor „und“ ein Komma g… || [context/reading] reading.questions[2].options[0]: Erst die Klammern, dann die Verben zählen. || [context/reading] reading.textDe: Der Brief an das Prüfungsamt enthielt drei Kommafehler und veränderte damit seine eigene Bedeutung. Im ersten Absatz stand: „Wir bitten den Antrag nicht, zu verlängern, sondern zurückzustellen.“ Gemeint war: Wir bitten …","","","","",""
"P0-98-original-1297-noun-target","b2-24-noun-2","B2","b2-24","Hinweiswort","das","neuter","das Hinweiswort","das Hinweiswort","dem Hinweiswort","","Hinweiswörter","","b2-lexical-grammar-v1","[target/vocabulary] flashcards[1].frontDe: das Hinweiswort || [registry/vocabulary] lexicalRegistry.b2-24-noun-2: das Hinweiswort","[context/entry] entry.dialogue[1].de: Dann gehört „darum“ hin — es ist das Hinweiswort, das das Komma erzwingt. || [context/vocabulary] flashcards[1].exampleDe: „darum“ ist das Hinweiswort im ersten Absatz.","","","","",""
"P0-98-original-1297-noun-target","b2-24-noun-3","B2","b2-24","Semikolon","das","neuter","das Semikolon","das Semikolon","dem Semikolon","","Semikolons","","b2-lexical-grammar-v1","[target/vocabulary] flashcards[3].frontDe: das Semikolon || [registry/vocabulary] lexicalRegistry.b2-24-noun-3: das Semikolon","[context/vocabulary] flashcards[3].exampleDe: Zwischen den Hauptsätzen steht ein Semikolon. || [context/listening] listening.transcriptDe: Die Referentin diktiert ihrer Kollegin eine Korrektur des Briefs. Sie spricht langsam und nennt jedes Satzzeichen: Komma, Beistrich, Punkt und Semikolon. Frau Brandt schreibt mit und fragt nach, ob vor „und“ ein Komma g… || [context/speaking] speaking.usefulPhrases[4]: Zwischen zwei Hauptsätzen nehmen wir das Semikolon.","","","","",""
"P0-98-original-1297-noun-target","b2-24-noun-4","B2","b2-24","Infinitivgruppe","die","feminine","die Infinitivgruppe","die Infinitivgruppe","der Infinitivgruppe","","Infinitivgruppen","","b2-lexical-grammar-v1","[target/vocabulary] flashcards[2].frontDe: die Infinitivgruppe || [registry/vocabulary] lexicalRegistry.b2-24-noun-4: die Infinitivgruppe","[context/listening] listening.transcriptDe: Die Referentin diktiert ihrer Kollegin eine Korrektur des Briefs. Sie spricht langsam und nennt jedes Satzzeichen: Komma, Beistrich, Punkt und Semikolon. Frau Brandt schreibt mit und fragt nach, ob vor „und“ ein Komma g…","","","","",""
"P0-98-original-1297-noun-target","b2-24-noun-5","B2","b2-24","Apposition","die","feminine","die Apposition","die Apposition","der Apposition","","Appositionen","","b2-lexical-grammar-v1","[target/vocabulary] flashcards[5].frontDe: die Apposition || [registry/vocabulary] lexicalRegistry.b2-24-noun-5: die Apposition","","","","","",""
"P0-98-original-1297-noun-target","b2-24-noun-6","B2","b2-24","Aufzählung","die","feminine","die Aufzählung","die Aufzählung","der Aufzählung","","Aufzählungen","","b2-lexical-grammar-v1","[target/vocabulary] flashcards[4].frontDe: die Aufzählung || [registry/vocabulary] lexicalRegistry.b2-24-noun-6: die Aufzählung","","","","","",""
