"sheet","row","contentId","scope","level","artifactOwner","sourceFile","contentToRead","qualityFlags","decision","reviewerName","reviewDate","note"
"sheet-14","2601","lib-l-a2-19-q2","library-listening","","lib-l-a2-19","src/data/library-batch7.ts","Museum ""Im Park"" 1,""قاعة المحطة.""),q(""lib-l-a2-19-q2 ""Welche Uhrzeit ändert sich trotz des Marktumzugs nicht? ""أي وقت لا يتغير رغم انتقال السوق؟ [""Der Ort ""Die Startzeit ""Das Wetter ""Die Halle"" 1,""البداية16."")] {...b,kind:""listening id:""lib-l-a2-20 level:""A2 titleDe:""Kursbescheinigung titleAr:""شهادة دورة categoryAr:""التعلم estimatedMinutes:6,audioStatus:""browser-tts-only strategyAr:""اسمع شروط الحصول والموعد. transcri","","","","",""
"sheet-14","2602","lib-l-a2-20-q1","library-listening","","lib-l-a2-20","src/data/library-batch7.ts","yAr:""شرطان وموعد الإرسال. questions:[q(""lib-l-a2-20-q1 ""Wie viele Termine mindestens? ""كم؟ [""Sechs ""Acht ""Neun ""Zehn"" 1,""ثمانية.""),q(""lib-l-a2-20-q2 ""Wie kommt die Bescheinigung? ""كيف تصل؟ [""Per E-Mail ""Per Taxi ""Nur am Schalter ""Im Kursbuch"" 0,""إيميل."")] {...b,kind:""listening id:""lib-l-a2-21 level:""A2 titleDe:""Zwei Wohnungen titleAr:""شقتان categoryAr:""السكن estimatedMinutes:6,audioStatus:""browser-tts-only strategyAr","","","","",""
"sheet-14","2603","lib-l-a2-20-q2","library-listening","","lib-l-a2-20","src/data/library-batch7.ts","s ""Acht ""Neun ""Zehn"" 1,""ثمانية.""),q(""lib-l-a2-20-q2 ""Wie kommt die Bescheinigung? ""كيف تصل؟ [""Per E-Mail ""Per Taxi ""Nur am Schalter ""Im Kursbuch"" 0,""إيميل."")] {...b,kind:""listening id:""lib-l-a2-21 level:""A2 titleDe:""Zwei Wohnungen titleAr:""شقتان categoryAr:""السكن estimatedMinutes:6,audioStatus:""browser-tts-only strategyAr:""حدد ميزة وعيب كل خيار. transcriptDe:""Die erste Wohnung liegt nah an der Arbeit, ist aber teuer.","","","","",""
"sheet-14","2604","lib-l-a2-21-q1","library-listening","","lib-l-a2-21","src/data/library-batch7.ts","Ar:""مقارنة قرب وسعر ونقل. questions:[q(""lib-l-a2-21-q1 ""Welche Wohnung ist günstiger? ""أي أرخص؟ [""Die erste ""Die zweite ""Beide gleich ""Keine"" 1,""الثانية.""),q(""lib-l-a2-21-q2 ""Was ist ihr Nachteil? ""ما عيبها؟ [""Keine Möbel ""Seltener Abendbus ""Zu nah an der Arbeit ""Keine Besichtigung"" 1,""حافلة كل ساعة."")] {...b,kind:""listening id:""lib-l-b1-19 level:""B1 titleDe:""Wer fehlt im Beirat? titleAr:""من يغيب عن المجلس؟ categoryA","","","","",""
"sheet-14","2605","lib-l-a2-21-q2","library-listening","","lib-l-a2-21","src/data/library-batch7.ts","""Beide gleich ""Keine"" 1,""الثانية.""),q(""lib-l-a2-21-q2 ""Was ist ihr Nachteil? ""ما عيبها؟ [""Keine Möbel ""Seltener Abendbus ""Zu nah an der Arbeit ""Keine Besichtigung"" 1,""حافلة كل ساعة."")] {...b,kind:""listening id:""lib-l-b1-19 level:""B1 titleDe:""Wer fehlt im Beirat? titleAr:""من يغيب عن المجلس؟ categoryAr:""المشاركة estimatedMinutes:8,audioStatus:""browser-tts-only strategyAr:""حدد الفئة الغائبة وآلية الوصول وحد القرار. tran","","","","",""
"sheet-14","2606","lib-l-a2-22-q1","library-listening","","lib-l-a2-22","src/data/library-batch8.ts","ryAr:""موعد ووثيقة وإلغاء. questions:[q(""lib-l-a2-22-q1 ""Wann ist der Termin? ""متى؟ [""Dienstag elf ""Mittwoch elf ""Mittwoch zehn ""Donnerstag"" 1,""الأربعاء11.""),q(""lib-l-a2-22-q2 ""Was bringt man mit? ""ماذا يحضر؟ [""Ein aktuelles Foto ""Ein Fahrrad ""Ein Paket ""Ein Kursbuch"" 0,""صورة."")] {...b,kind:""listening id:""lib-l-a2-23 level:""A2 titleDe:""Beschädigte Tasse titleAr:""كأس متضرر categoryAr:""التسوق estimatedMinutes:6,audioSta","","","","",""
"sheet-14","2607","lib-l-a2-22-q2","library-listening","","lib-l-a2-22","src/data/library-batch8.ts","zehn ""Donnerstag"" 1,""الأربعاء11.""),q(""lib-l-a2-22-q2 ""Was bringt man mit? ""ماذا يحضر؟ [""Ein aktuelles Foto ""Ein Fahrrad ""Ein Paket ""Ein Kursbuch"" 0,""صورة."")] {...b,kind:""listening id:""lib-l-a2-23 level:""A2 titleDe:""Beschädigte Tasse titleAr:""كأس متضرر categoryAr:""التسوق estimatedMinutes:6,audioStatus:""browser-tts-only strategyAr:""حدد الدليل والخيارين والقرار. transcriptDe:""Kunde: Im Paket war eine Tasse zerbrochen. I","","","","",""
"sheet-14","2608","lib-l-a2-23-q1","library-listening","","lib-l-a2-23","src/data/library-batch8.ts","maryAr:""تعويض منتج مكسور. questions:[q(""lib-l-a2-23-q1 ""Welche Belege gibt es? ""ما الأدلة؟ [""Fotos ""Nur ein Anruf ""Keine ""Eine Fahrkarte"" 0,""صور.""),q(""lib-l-a2-23-q2 ""Was wählt der Kunde? ""ماذا يختار؟ [""Rückzahlung ""Ersatz ""Nichts ""Zwei Pakete"" 1,""بديل."")] {...b,kind:""listening id:""lib-l-a2-24 level:""A2 titleDe:""Treffpunkt für den Ausflug titleAr:""موعد الرحلة categoryAr:""التعلم estimatedMinutes:6,audioStatus:""browser","","","","",""
"sheet-14","2609","lib-l-a2-23-q2","library-listening","","lib-l-a2-23","src/data/library-batch8.ts","""Keine ""Eine Fahrkarte"" 0,""صور.""),q(""lib-l-a2-23-q2 ""Was wählt der Kunde? ""ماذا يختار؟ [""Rückzahlung ""Ersatz ""Nichts ""Zwei Pakete"" 1,""بديل."")] {...b,kind:""listening id:""lib-l-a2-24 level:""A2 titleDe:""Treffpunkt für den Ausflug titleAr:""موعد الرحلة categoryAr:""التعلم estimatedMinutes:6,audioStatus:""browser-tts-only strategyAr:""التقط اللقاء والانطلاق والخطة عند الإلغاء. transcriptDe:""Treffpunkt ist Dienstag um sieben U","","","","",""
"sheet-14","2610","lib-l-a2-24-q1","library-listening","","lib-l-a2-24","src/data/library-batch8.ts","r:""أوقات رحلة وخطة بديلة. questions:[q(""lib-l-a2-24-q1 ""Wann fährt der Zug? ""متى القطار؟ [""7:00 ""7:50 ""8:10 ""10:00"" 2,""8:10.""),q(""lib-l-a2-24-q2 ""Wo kommt eine Nachricht bei Ausfall? ""أين الرسالة؟ [""Im Kurschat ""Per Post ""Im Museum ""Auf dem Ticket"" 0,""دردشة الدورة."")] {...b,kind:""listening id:""lib-l-b1-22 level:""B1 titleDe:""Karte kühler Orte titleAr:""خريطة الأماكن الأبرد categoryAr:""المدينة estimatedMinutes:8,audioSt","","","","",""
"sheet-14","2611","lib-l-a2-24-q2","library-listening","","lib-l-a2-24","src/data/library-batch8.ts","00 ""7:50 ""8:10 ""10:00"" 2,""8:10.""),q(""lib-l-a2-24-q2 ""Wo kommt eine Nachricht bei Ausfall? ""أين الرسالة؟ [""Im Kurschat ""Per Post ""Im Museum ""Auf dem Ticket"" 0,""دردشة الدورة."")] {...b,kind:""listening id:""lib-l-b1-22 level:""B1 titleDe:""Karte kühler Orte titleAr:""خريطة الأماكن الأبرد categoryAr:""المدينة estimatedMinutes:8,audioStatus:""browser-tts-only strategyAr:""حدد المعلومة الناقصة والتعديل وحد الخدمة. transcriptDe:""Pl","","","","",""
"sheet-14","2612","lib-l-b1-01-q1","library-listening","","lib-l-b1-01","src/data/library-batch1.ts","ل بالدراجة مع حدود عملية. questions:[q(""lib-l-b1-01-q1 ""Welches Problem nennt Ben? ""ما المشكلة؟ [""Keine Fahrradkenntnisse ""Kein sicherer Abstellplatz ""Zu viele Busse ""Kurzer Arbeitsweg"" 1,""غياب موقف آمن.""),q(""lib-l-b1-01-q2 ""Was ist sein Ziel? ""ما هدفه؟ [""Nie mehr Bus fahren ""Für jeden Tag eine passende Alternative haben ""Ein Auto kaufen ""Immer gleich fahren"" 1,""بديل مناسب حسب اليوم."")] {...base,kind:""listening id:""l","","","","",""
"sheet-14","2613","lib-l-b1-01-q2","library-listening","","lib-l-b1-01","src/data/library-batch1.ts","rzer Arbeitsweg"" 1,""غياب موقف آمن.""),q(""lib-l-b1-01-q2 ""Was ist sein Ziel? ""ما هدفه؟ [""Nie mehr Bus fahren ""Für jeden Tag eine passende Alternative haben ""Ein Auto kaufen ""Immer gleich fahren"" 1,""بديل مناسب حسب اليوم."")] {...base,kind:""listening id:""lib-l-b1-02 level:""B1 titleDe:""Eine Übergabe im Team titleAr:""تسليم المهام في الفريق categoryAr:""العمل estimatedMinutes:8,audioStatus:""browser-tts-only strategyAr:""استخرج","","","","",""
"sheet-14","2614","lib-l-b1-02-q1","library-listening","","lib-l-b1-02","src/data/library-batch1.ts","ة طلب وموعدين وخطة بديلة. questions:[q(""lib-l-b1-02-q1 ""Was fehlt noch? ""ما الناقص؟ [""Technische Daten ""Kosten ""Kundenname ""Entwurf der Leitung"" 1,""التكلفة.""),q(""lib-l-b1-02-q2 ""Was passiert ohne Antwort bis Donnerstag? ""ماذا إن لا رد؟ [""Die Anfrage wird gelöscht ""Zwei Varianten werden angeboten ""Malik kündigt ""Die Kosten entfallen"" 1,""خياران."")] {...base,kind:""listening id:""lib-l-b1-03 level:""B1 titleDe:""Treffen der","","","","",""
"sheet-14","2615","lib-l-b1-02-q2","library-listening","","lib-l-b1-02","src/data/library-batch1.ts",",""Entwurf der Leitung"" 1,""التكلفة.""),q(""lib-l-b1-02-q2 ""Was passiert ohne Antwort bis Donnerstag? ""ماذا إن لا رد؟ [""Die Anfrage wird gelöscht ""Zwei Varianten werden angeboten ""Malik kündigt ""Die Kosten entfallen"" 1,""خياران."")] {...base,kind:""listening id:""lib-l-b1-03 level:""B1 titleDe:""Treffen der Freiwilligen titleAr:""اجتماع المتطوعين categoryAr:""المشاركة estimatedMinutes:8,audioStatus:""browser-tts-only strategyAr:""","","","","",""
"sheet-14","2616","lib-l-b1-03-q1","library-listening","","lib-l-b1-03","src/data/library-batch1.ts","قتراح توزيع لم يعتمد بعد. questions:[q(""lib-l-b1-03-q1 ""Wie viele können nur vormittags? ""كم شخصًا؟ [""Vier ""Acht ""Zwölf ""Zwanzig"" 1,""ثمانية.""),q(""lib-l-b1-03-q2 ""Ist die Einteilung schon endgültig? ""هل التقسيم نهائي؟ [""Ja, seit gestern ""Nein, Verfügbarkeiten fehlen ""Ja, für alle ""Nein, das Treffen fällt aus"" 1,""ينتظرون التوفر."")] {...base,kind:""listening id:""lib-l-b2-01 level:""B2 titleDe:""Was misst der Pilot wirklich","","","","",""
"sheet-14","2617","lib-l-b1-03-q2","library-listening","","lib-l-b1-03","src/data/library-batch1.ts","Acht ""Zwölf ""Zwanzig"" 1,""ثمانية.""),q(""lib-l-b1-03-q2 ""Ist die Einteilung schon endgültig? ""هل التقسيم نهائي؟ [""Ja, seit gestern ""Nein, Verfügbarkeiten fehlen ""Ja, für alle ""Nein, das Treffen fällt aus"" 1,""ينتظرون التوفر."")] {...base,kind:""listening id:""lib-l-b2-01 level:""B2 titleDe:""Was misst der Pilot wirklich? titleAr:""ماذا تقيس التجربة فعلًا؟ categoryAr:""العلم والبيانات estimatedMinutes:10,audioStatus:""browser-tts","","","","",""
"sheet-14","2618","lib-l-b1-04-q1","library-listening","","lib-l-b1-04","src/data/library-batch2.ts","ستخدام أقل لكنه مهم مساء. questions:[q(""lib-l-b1-04-q1 ""Wann werden die Autos oft gebucht? ""متى؟ [""Frühmorgens ""Spät am Abend ""Nur mittags ""Am Sonntagmorgen"" 1,""مساء متأخر.""),q(""lib-l-b1-04-q2 ""Warum reicht die Gesamtzahl nicht? ""لماذا؟ [""Sie zeigt keine Farben ""Sie verdeckt den Nutzen für Abendwege ""Sie ist nicht digital ""Sie misst nur Kosten"" 1,""تخفي وظيفة محددة."")] {...base,kind:""listening id:""lib-l-b1-05 level:""B","","","","",""
"sheet-14","2619","lib-l-b1-04-q2","library-listening","","lib-l-b1-04","src/data/library-batch2.ts",",""Am Sonntagmorgen"" 1,""مساء متأخر.""),q(""lib-l-b1-04-q2 ""Warum reicht die Gesamtzahl nicht? ""لماذا؟ [""Sie zeigt keine Farben ""Sie verdeckt den Nutzen für Abendwege ""Sie ist nicht digital ""Sie misst nur Kosten"" 1,""تخفي وظيفة محددة."")] {...base,kind:""listening id:""lib-l-b1-05 level:""B1 titleDe:""Regeln fürs Lebensmittelregal titleAr:""قواعد رف الطعام categoryAr:""المجتمع estimatedMinutes:8,audioStatus:""browser-tts-only str","","","","",""
"sheet-14","2620","lib-l-b1-05-q1","library-listening","","lib-l-b1-05","src/data/library-batch2.ts",":""قواعد سلامة لرف مشاركة. questions:[q(""lib-l-b1-05-q1 ""Was darf ins Regal? ""ما المسموح؟ [""Offene Milch ""Verschlossene haltbare Ware ""Unbeschriftete Speisen ""Gekühltes Fleisch"" 1,""منتج مغلق وثابت.""),q(""lib-l-b1-05-q2 ""Wie oft wird geprüft? ""كم مرة؟ [""Wöchentlich ""Einmal täglich ""Zweimal täglich ""Nie"" 2,""صباحًا ومساء."")] {...base,kind:""listening id:""lib-l-b1-06 level:""B1 titleDe:""Lernzeit im Schichtbetrieb titleAr:""وق","","","","",""
"sheet-14","2621","lib-l-b1-05-q2","library-listening","","lib-l-b1-05","src/data/library-batch2.ts","hltes Fleisch"" 1,""منتج مغلق وثابت.""),q(""lib-l-b1-05-q2 ""Wie oft wird geprüft? ""كم مرة؟ [""Wöchentlich ""Einmal täglich ""Zweimal täglich ""Nie"" 2,""صباحًا ومساء."")] {...base,kind:""listening id:""lib-l-b1-06 level:""B1 titleDe:""Lernzeit im Schichtbetrieb titleAr:""وقت التعلم في المناوبات categoryAr:""العمل estimatedMinutes:8,audioStatus:""browser-tts-only strategyAr:""حدد العائق والتعديل ومعيار النجاح. transcriptDe:""Personalchef","","","","",""
"sheet-14","2622","lib-l-b1-06-q1","library-listening","","lib-l-b1-06","src/data/library-batch2.ts","الجة فجوة الوصول للتكوين. questions:[q(""lib-l-b1-06-q1 ""Was war das Hindernis? ""ما العائق؟ [""Keine Kurse ""Fehlende Vertretung ""Zu viele Lernstunden ""Keine Verwaltung"" 1,""غياب البديل.""),q(""lib-l-b1-06-q2 ""Was wird zusätzlich gemessen? ""ما الذي يقاس؟ [""Anwendung des Gelernten ""Nur Alter ""Nur Raumgröße ""Fahrtkosten"" 0,""نقل التعلم للعمل."")] {...base,kind:""listening id:""lib-l-b2-03 level:""B2 titleDe:""Große Stichprobe, eng","","","","",""
"sheet-14","2623","lib-l-b1-06-q2","library-listening","","lib-l-b1-06","src/data/library-batch2.ts","""Keine Verwaltung"" 1,""غياب البديل.""),q(""lib-l-b1-06-q2 ""Was wird zusätzlich gemessen? ""ما الذي يقاس؟ [""Anwendung des Gelernten ""Nur Alter ""Nur Raumgröße ""Fahrtkosten"" 0,""نقل التعلم للعمل."")] {...base,kind:""listening id:""lib-l-b2-03 level:""B2 titleDe:""Große Stichprobe, enge Auswahl titleAr:""عينة كبيرة واختيار ضيق categoryAr:""البيانات estimatedMinutes:10,audioStatus:""browser-tts-only strategyAr:""استخرج الحجم وطريقة الا","","","","",""
"sheet-14","2624","lib-l-b1-07-q1","library-listening","","lib-l-b1-07","src/data/library-batch3.ts","ين الصوت وعدالة المشاركة. questions:[q(""lib-l-b1-07-q1 ""Was war das technische Problem? ""ما المشكلة؟ [""Kein Bildschirm ""Online-Personen hörten den Tisch schlecht ""Der Chat war zu groß ""Es gab keinen Raum"" 1,""صوت الطاولة.""),q(""lib-l-b1-07-q2 ""Was prüft Mara danach? ""ماذا تفحص؟ [""Die Kosten des Gebäudes ""Die Verteilung der Wortbeiträge ""Den Kaffee ""Die Anwesenheitsliste allein"" 1,""عدالة المشاركة."")] {...b,kind:""listeni","","","","",""
"sheet-14","2625","lib-l-b1-07-q2","library-listening","","lib-l-b1-07","src/data/library-batch3.ts","s gab keinen Raum"" 1,""صوت الطاولة.""),q(""lib-l-b1-07-q2 ""Was prüft Mara danach? ""ماذا تفحص؟ [""Die Kosten des Gebäudes ""Die Verteilung der Wortbeiträge ""Den Kaffee ""Die Anwesenheitsliste allein"" 1,""عدالة المشاركة."")] {...b,kind:""listening id:""lib-l-b1-08 level:""B1 titleDe:""Budget für das Projekt titleAr:""ميزانية المشروع categoryAr:""التخطيط estimatedMinutes:8,audioStatus:""browser-tts-only strategyAr:""التقط السقف والخيار","","","","",""
"sheet-14","2626","lib-l-b1-08-q1","library-listening","","lib-l-b1-08","src/data/library-batch3.ts","ية لا تكفي للخيار الحالي. questions:[q(""lib-l-b1-08-q1 ""Wie hoch ist das Budget? ""كم الميزانية؟ [""1.800 Euro ""2.500 Euro ""4.000 Euro ""4.500 Euro"" 2,""4000.""),q(""lib-l-b1-08-q2 ""Was passiert vor der Entscheidung? ""ماذا قبل القرار؟ [""Das Projekt endet ""Eine günstigere Raumanfrage ""Die Technik wird gekauft ""Das Budget steigt automatisch"" 1,""سؤال عن غرفة1800."")] {...b,kind:""listening id:""lib-l-b1-09 level:""B1 titleDe:""Kur","","","","",""
"sheet-14","2627","lib-l-b1-08-q2","library-listening","","lib-l-b1-08","src/data/library-batch3.ts","""4.000 Euro ""4.500 Euro"" 2,""4000.""),q(""lib-l-b1-08-q2 ""Was passiert vor der Entscheidung? ""ماذا قبل القرار؟ [""Das Projekt endet ""Eine günstigere Raumanfrage ""Die Technik wird gekauft ""Das Budget steigt automatisch"" 1,""سؤال عن غرفة1800."")] {...b,kind:""listening id:""lib-l-b1-09 level:""B1 titleDe:""Kursauswertung titleAr:""تقييم دورة categoryAr:""التعلم estimatedMinutes:8,audioStatus:""browser-tts-only strategyAr:""فرق بين ا","","","","",""
"sheet-14","2628","lib-l-b1-09-q1","library-listening","","lib-l-b1-09","src/data/library-batch3.ts","ا يساوي الاحتفاظ بالتعلم. questions:[q(""lib-l-b1-09-q1 ""Was zeigt die Zufriedenheit nicht? ""ما الذي لا تثبته؟ [""Wie viele antworteten ""Was dauerhaft gelernt wurde ""Wer den Kurs gab ""Wann er endete"" 1,""التعلم المحتفظ به.""),q(""lib-l-b1-09-q2 ""Warum Abbrüche prüfen? ""لماذا؟ [""Damit nur erfolgreiche Stimmen zählen ""Um fehlende Perspektiven zu verstehen ""Um den Kurs zu löschen ""Um Werbung zu schreiben"" 1,""تجنب تحيز الباقي","","","","",""
"sheet-14","2629","lib-l-b1-09-q2","library-listening","","lib-l-b1-09","src/data/library-batch3.ts","n er endete"" 1,""التعلم المحتفظ به.""),q(""lib-l-b1-09-q2 ""Warum Abbrüche prüfen? ""لماذا؟ [""Damit nur erfolgreiche Stimmen zählen ""Um fehlende Perspektiven zu verstehen ""Um den Kurs zu löschen ""Um Werbung zu schreiben"" 1,""تجنب تحيز الباقين."")] {...b,kind:""listening id:""lib-l-b2-05 level:""B2 titleDe:""Ein Konflikt über den Platz titleAr:""خلاف حول ساحة categoryAr:""الحجاج estimatedMinutes:10,audioStatus:""browser-tts-only st","","","","",""
"sheet-14","2630","lib-l-b1-10-q1","library-listening","","lib-l-b1-10","src/data/library-batch4.ts","المتوسط يخفي فرق الرحلات. questions:[q(""lib-l-b1-10-q1 ""Was verdeckte der Durchschnitt? ""ما الذي أخفاه؟ [""Unterschiede zwischen Fahrten ""Den Fahrpreis ""Die Busfarbe ""Die Zahl der Haltestellen"" 0,""الأولى فارغة والأخيرة ممتلئة.""),q(""lib-l-b1-10-q2 ""Wer wird telefonisch befragt? ""من يُسأل هاتفيًا؟ [""Touristen ""Schichtarbeitende ohne App ""Nur Fahrer ""Kinder"" 1,""فئة لم يصلها الاستطلاع."")] {...b,kind:""listening id:""lib-l-b","","","","",""
"sheet-14","2631","lib-l-b1-10-q2","library-listening","","lib-l-b1-10","src/data/library-batch4.ts",""" 0,""الأولى فارغة والأخيرة ممتلئة.""),q(""lib-l-b1-10-q2 ""Wer wird telefonisch befragt? ""من يُسأل هاتفيًا؟ [""Touristen ""Schichtarbeitende ohne App ""Nur Fahrer ""Kinder"" 1,""فئة لم يصلها الاستطلاع."")] {...b,kind:""listening id:""lib-l-b1-11 level:""B1 titleDe:""Missverständnis im Projekt titleAr:""سوء فهم في مشروع categoryAr:""العمل estimatedMinutes:8,audioStatus:""browser-tts-only strategyAr:""استخرج القول والأثر والإصلاح. trans","","","","",""
"sheet-14","2632","lib-l-b1-11-q1","library-listening","","lib-l-b1-11","src/data/library-batch4.ts","يد نطاق النقد يصلح الفهم. questions:[q(""lib-l-b1-11-q1 ""Was kritisierte Jonas tatsächlich? ""ما الذي انتقده؟ [""Den ganzen Aufbau ""Nur die Grafik auf Seite vier ""Die Projektidee ""Maras Sprache"" 1,""الرسم فقط.""),q(""lib-l-b1-11-q2 ""Was wird Jonas tun? ""ماذا سيفعل؟ [""Alles löschen ""Die Grafik ändern und Erhaltenes nennen ""Das Projekt verlassen ""Nur telefonieren"" 1,""تصحيح مع توضيح."")] {...b,kind:""listening id:""lib-l-b1-12 l","","","","",""
"sheet-14","2633","lib-l-b1-11-q2","library-listening","","lib-l-b1-11","src/data/library-batch4.ts","dee ""Maras Sprache"" 1,""الرسم فقط.""),q(""lib-l-b1-11-q2 ""Was wird Jonas tun? ""ماذا سيفعل؟ [""Alles löschen ""Die Grafik ändern und Erhaltenes nennen ""Das Projekt verlassen ""Nur telefonieren"" 1,""تصحيح مع توضيح."")] {...b,kind:""listening id:""lib-l-b1-12 level:""B1 titleDe:""Ein Newsletter korrigiert sich titleAr:""نشرة تصحح نفسها categoryAr:""الإعلام estimatedMinutes:8,audioStatus:""browser-tts-only strategyAr:""التقط المعلومة ال","","","","",""
"sheet-14","2634","lib-l-b1-12-q1","library-listening","","lib-l-b1-12","src/data/library-batch4.ts",":""تصحيح موعد ومصدر الخطأ. questions:[q(""lib-l-b1-12-q1 ""Wann endet die Ausstellung wirklich? ""متى تنتهي؟ [""Donnerstag ""Freitag ""Samstag ""Sonntag"" 3,""الأحد.""),q(""lib-l-b1-12-q2 ""Warum entstand der Fehler? ""لماذا؟ [""Alte Programmversion ""Kein Kalender ""Zu viele Besucher ""Ein Stromausfall"" 0,""نسخة قديمة."")] {...b,kind:""listening id:""lib-l-b2-07 level:""B2 titleDe:""Unsicherheit erklären titleAr:""شرح عدم اليقين categoryAr:","","","","",""
"sheet-14","2635","lib-l-b1-12-q2","library-listening","","lib-l-b1-12","src/data/library-batch4.ts","tag ""Samstag ""Sonntag"" 3,""الأحد.""),q(""lib-l-b1-12-q2 ""Warum entstand der Fehler? ""لماذا؟ [""Alte Programmversion ""Kein Kalender ""Zu viele Besucher ""Ein Stromausfall"" 0,""نسخة قديمة."")] {...b,kind:""listening id:""lib-l-b2-07 level:""B2 titleDe:""Unsicherheit erklären titleAr:""شرح عدم اليقين categoryAr:""العلم estimatedMinutes:10,audioStatus:""browser-tts-only strategyAr:""استخرج النتيجة والحد وما لا يثبته البحث. transcriptDe:","","","","",""
"sheet-14","2636","lib-l-b1-13-q1","library-listening","","lib-l-b1-13","src/data/library-batch5.ts","قة مشتركة وموافقة بيانات. questions:[q(""lib-l-b1-13-q1 ""Was wird zuerst versorgt? ""ما الذي يزود أولًا؟ [""Private Autos ""Aufzug und Treppenhaus ""Nur eine Wohnung ""Die Straße"" 1,""المساحات المشتركة.""),q(""lib-l-b1-13-q2 ""Was ist freiwillig? ""ما الطوعي؟ [""Datenfreigabe ""Die Messung des Wetters ""Der Aufzug ""Die Dachfläche"" 0,""إتاحة البيانات."")] {...b,kind:""listening id:""lib-l-b1-14 level:""B1 titleDe:""Fehler im Onlineformul","","","","",""
"sheet-14","2637","lib-l-b1-13-q2","library-listening","","lib-l-b1-13","src/data/library-batch5.ts","""Die Straße"" 1,""المساحات المشتركة.""),q(""lib-l-b1-13-q2 ""Was ist freiwillig? ""ما الطوعي؟ [""Datenfreigabe ""Die Messung des Wetters ""Der Aufzug ""Die Dachfläche"" 0,""إتاحة البيانات."")] {...b,kind:""listening id:""lib-l-b1-14 level:""B1 titleDe:""Fehler im Onlineformular titleAr:""خطأ في نموذج رقمي categoryAr:""الخدمات estimatedMinutes:8,audioStatus:""browser-tts-only strategyAr:""حدد المشكلة والتعديل والفئة المتأثرة. transcriptDe","","","","",""
"sheet-14","2638","lib-l-b1-14-q1","library-listening","","lib-l-b1-14","src/data/library-batch5.ts","yAr:""تحسين رقمي مع بدائل. questions:[q(""lib-l-b1-14-q1 ""Was zeigt das Feld jetzt? ""ماذا يظهر؟ [""Das erwartete Format ""Nur eine Nummer ""Werbung ""Eine Rechnung"" 0,""الصيغة المطلوبة.""),q(""lib-l-b1-14-q2 ""Welche nicht digitalen Hilfen bleiben beim Onlineformular verfügbar? ""ما المساعدات غير الرقمية المتاحة مع النموذج الإلكتروني؟ [""Druckversion und Telefonhilfe ""Nur App ""Nur persönlicher Computer ""Keine"" 0,""ورق وهاتف."")] {","","","","",""
"sheet-14","2639","lib-l-b1-14-q2","library-listening","","lib-l-b1-14","src/data/library-batch5.ts","Eine Rechnung"" 0,""الصيغة المطلوبة.""),q(""lib-l-b1-14-q2 ""Welche nicht digitalen Hilfen bleiben beim Onlineformular verfügbar? ""ما المساعدات غير الرقمية المتاحة مع النموذج الإلكتروني؟ [""Druckversion und Telefonhilfe ""Nur App ""Nur persönlicher Computer ""Keine"" 0,""ورق وهاتف."")] {...b,kind:""listening id:""lib-l-b1-15 level:""B1 titleDe:""Audiobeschreibung kürzen titleAr:""اختصار الوصف الصوتي categoryAr:""الثقافة estimatedMinut","","","","",""
"sheet-14","2640","lib-l-b1-15-q1","library-listening","","lib-l-b1-15","src/data/library-batch5.ts","""ترتيب الوصف قبل التفسير. questions:[q(""lib-l-b1-15-q1 ""Warum wurden die ersten Audiobeschreibungen überarbeitet? ""لماذا عُدلت الأوصاف الصوتية الأولى؟ [""Texte zu lang ""Keine Werke ""Zu kurze Öffnung ""Kein Ton"" 0,""الطول.""),q(""lib-l-b1-15-q2 ""Was kommt zuerst? ""ما الأول؟ [""Interpretation ""Form, Position und Details ""Biografie der Kuratorin ""Ticketpreis"" 1,""الوصف الملاحظ."")] {...b,kind:""listening id:""lib-l-b2-09 level:""B","","","","",""
"sheet-14","2641","lib-l-b1-15-q2","library-listening","","lib-l-b1-15","src/data/library-batch5.ts","urze Öffnung ""Kein Ton"" 0,""الطول.""),q(""lib-l-b1-15-q2 ""Was kommt zuerst? ""ما الأول؟ [""Interpretation ""Form, Position und Details ""Biografie der Kuratorin ""Ticketpreis"" 1,""الوصف الملاحظ."")] {...b,kind:""listening id:""lib-l-b2-09 level:""B2 titleDe:""Prozent oder Prozentpunkte titleAr:""نسبة أم نقاط مئوية categoryAr:""البيانات estimatedMinutes:10,audioStatus:""browser-tts-only strategyAr:""التقط القيمتين ووحدة الفرق. transcri","","","","",""
"sheet-14","2642","lib-l-b1-16-q1","library-listening","","lib-l-b1-16","src/data/library-batch6.ts","r:""سلامة آلات وحفظ ملفات. questions:[q(""lib-l-b1-16-q1 ""Was darf man selbst nutzen? ""ما الذي يستخدم منفردًا؟ [""Alle Maschinen ""Handwerkzeuge nach Einweisung ""Gefährliche Geräte ohne Aufsicht ""Keine Werkzeuge"" 1,""أدوات يدوية.""),q(""lib-l-b1-16-q2 ""Warum Dateien kopieren? ""لماذا؟ [""Sie werden nachts gelöscht ""Sie kosten Geld ""Sie sind öffentlich ""Sie werden gedruckt"" 0,""الحذف الليلي."")] {...b,kind:""listening id:""lib-l-b","","","","",""
"sheet-14","2643","lib-l-b1-16-q2","library-listening","","lib-l-b1-16","src/data/library-batch6.ts",",""Keine Werkzeuge"" 1,""أدوات يدوية.""),q(""lib-l-b1-16-q2 ""Warum Dateien kopieren? ""لماذا؟ [""Sie werden nachts gelöscht ""Sie kosten Geld ""Sie sind öffentlich ""Sie werden gedruckt"" 0,""الحذف الليلي."")] {...b,kind:""listening id:""lib-l-b1-17 level:""B1 titleDe:""Dienstplan auswerten titleAr:""تقييم جدول مناوبات categoryAr:""العمل estimatedMinutes:8,audioStatus:""browser-tts-only strategyAr:""التقط التحسن والفجوة والتعديل. transcr","","","","",""
"sheet-14","2644","lib-l-b1-17-q1","library-listening","","lib-l-b1-17","src/data/library-batch6.ts","ryAr:""تحسن عام وفجوة فئة. questions:[q(""lib-l-b1-17-q1 ""Wer bekommt selten den ersten Wunsch? ""من؟ [""Nur die Leitung ""Beschäftigte mit Betreuung ""Alle Frühschichten ""Neue Kunden"" 1,""أصحاب الرعاية.""),q(""lib-l-b1-17-q2 ""Was wird vorher veröffentlicht? ""ما الذي ينشر؟ [""Private Daten ""Prioritäten und Mindestbesetzung ""Gehälter ""Urlaubsfotos"" 1,""المعايير والتغطية."")] {...b,kind:""listening id:""lib-l-b1-18 level:""B1 titleDe","","","","",""
"sheet-14","2645","lib-l-b1-17-q2","library-listening","","lib-l-b1-17","src/data/library-batch6.ts","n ""Neue Kunden"" 1,""أصحاب الرعاية.""),q(""lib-l-b1-17-q2 ""Was wird vorher veröffentlicht? ""ما الذي ينشر؟ [""Private Daten ""Prioritäten und Mindestbesetzung ""Gehälter ""Urlaubsfotos"" 1,""المعايير والتغطية."")] {...b,kind:""listening id:""lib-l-b1-18 level:""B1 titleDe:""Terminquelle prüfen titleAr:""التحقق من مصدر موعد categoryAr:""الإعلام estimatedMinutes:8,audioStatus:""browser-tts-only strategyAr:""حدد المصدر المقبول وكيف تعرض ال","","","","",""
"sheet-14","2646","lib-l-b1-18-q1","library-listening","","lib-l-b1-18","src/data/library-batch6.ts",":""مقارنة لقطة بمصدر حالي. questions:[q(""lib-l-b1-18-q1 ""Welche Quelle ist besser? ""أي مصدر أفضل؟ [""Der undatierte Screenshot ""Die aktuelle Veranstalterseite ""Ein Kommentar ""Eine Vermutung"" 1,""صفحة الجهة.""),q(""lib-l-b1-18-q2 ""Wie wird der Termin vor Bestätigung genannt? ""كيف يعرض؟ [""Als sicher ""Als noch nicht bestätigt ""Gar nicht mit Quelle ""Als abgesagt"" 1,""غير مؤكد."")] {...b,kind:""listening id:""lib-l-b2-11 level:""B2","","","","",""
"sheet-14","2647","lib-l-b1-18-q2","library-listening","","lib-l-b1-18","src/data/library-batch6.ts","r ""Eine Vermutung"" 1,""صفحة الجهة.""),q(""lib-l-b1-18-q2 ""Wie wird der Termin vor Bestätigung genannt? ""كيف يعرض؟ [""Als sicher ""Als noch nicht bestätigt ""Gar nicht mit Quelle ""Als abgesagt"" 1,""غير مؤكد."")] {...b,kind:""listening id:""lib-l-b2-11 level:""B2 titleDe:""Bibliothek und Prüfungserfolg titleAr:""المكتبة ونتيجة الاختبار categoryAr:""البحث estimatedMinutes:10,audioStatus:""browser-tts-only strategyAr:""استخرج الارتباط و","","","","",""
"sheet-14","2648","lib-l-b1-19-q1","library-listening","","lib-l-b1-19","src/data/library-batch7.ts","""إتاحة أوسع وسلطة محدودة. questions:[q(""lib-l-b1-19-q1 ""Welche Hilfe wird angeboten? ""ما المساعدة؟ [""Kinderbetreuung ""Kostenlose Autos ""Neue Wohnungen ""Keine"" 0,""رعاية أطفال.""),q(""lib-l-b1-19-q2 ""Wer entscheidet endgültig? ""من يقرر؟ [""Der Beirat ""Der Bezirksrat ""Die Eltern ""Der Moderator"" 1,""مجلس المنطقة."")] {...b,kind:""listening id:""lib-l-b1-20 level:""B1 titleDe:""Status vor der Sitzung titleAr:""الحالة قبل الاجتماع c","","","","",""
"sheet-14","2649","lib-l-b1-19-q2","library-listening","","lib-l-b1-19","src/data/library-batch7.ts","Wohnungen ""Keine"" 0,""رعاية أطفال.""),q(""lib-l-b1-19-q2 ""Wer entscheidet endgültig? ""من يقرر؟ [""Der Beirat ""Der Bezirksrat ""Die Eltern ""Der Moderator"" 1,""مجلس المنطقة."")] {...b,kind:""listening id:""lib-l-b1-20 level:""B1 titleDe:""Status vor der Sitzung titleAr:""الحالة قبل الاجتماع categoryAr:""العمل estimatedMinutes:8,audioStatus:""browser-tts-only strategyAr:""استخرج ما ينقل للكتابة وما يبقى للنقاش. transcriptDe:""Teamleite","","","","",""
"sheet-14","2650","lib-l-b1-20-q1","library-listening","","lib-l-b1-20","src/data/library-batch7.ts","ryAr:""وظيفة اجتماع مركزة. questions:[q(""lib-l-b1-20-q1 ""Wo steht der Status? ""أين الحالة؟ [""Im Projektboard ""Nur mündlich ""Auf Papier am Eingang ""Nirgends"" 0,""لوحة المشروع.""),q(""lib-l-b1-20-q2 ""Was wird in der Sitzung besprochen? ""ماذا يناقش؟ [""Alles vorgelesen ""Hindernisse, Entscheidungen, Zuständigkeiten ""Nur Pausen ""Private Termine"" 1,""ثلاث وظائف."")] {...b,kind:""listening id:""lib-l-b1-21 level:""B1 titleDe:""Geräte ","","","","",""
"sheet-14","2651","lib-l-b1-20-q2","library-listening","","lib-l-b1-20","src/data/library-batch7.ts","ngang ""Nirgends"" 0,""لوحة المشروع.""),q(""lib-l-b1-20-q2 ""Was wird in der Sitzung besprochen? ""ماذا يناقش؟ [""Alles vorgelesen ""Hindernisse, Entscheidungen, Zuständigkeiten ""Nur Pausen ""Private Termine"" 1,""ثلاث وظائف."")] {...b,kind:""listening id:""lib-l-b1-21 level:""B1 titleDe:""Geräte ausleihen titleAr:""إعارة أجهزة categoryAr:""الخدمات estimatedMinutes:8,audioStatus:""browser-tts-only strategyAr:""حدد الشرط والمدة وما لا يجو","","","","",""
"sheet-14","2652","lib-l-b1-21-q1","library-listening","","lib-l-b1-21","src/data/library-batch7.ts","aryAr:""تدريب ومدة وسلامة. questions:[q(""lib-l-b1-21-q1 ""Wie lang ist die Einführung? ""كم التعريف؟ [""Zehn Minuten ""Zwanzig Minuten ""Eine Stunde ""Sieben Tage"" 1,""20 دقيقة.""),q(""lib-l-b1-21-q2 ""Wann kann verlängert werden? ""متى؟ [""Wenn niemand wartet ""Bei jedem Schaden ""Immer automatisch ""Nach eigener Reparatur"" 0,""غياب قائمة الانتظار."")] {...b,kind:""listening id:""lib-l-b2-13 level:""B2 titleDe:""Der Durchschnitt steigt t","","","","",""
"sheet-14","2653","lib-l-b1-21-q2","library-listening","","lib-l-b1-21","src/data/library-batch7.ts","Stunde ""Sieben Tage"" 1,""20 دقيقة.""),q(""lib-l-b1-21-q2 ""Wann kann verlängert werden? ""متى؟ [""Wenn niemand wartet ""Bei jedem Schaden ""Immer automatisch ""Nach eigener Reparatur"" 0,""غياب قائمة الانتظار."")] {...b,kind:""listening id:""lib-l-b2-13 level:""B2 titleDe:""Der Durchschnitt steigt titleAr:""المتوسط يرتفع categoryAr:""البيانات estimatedMinutes:10,audioStatus:""browser-tts-only strategyAr:""استخرج المتوسط والتوزيع والعامل","","","","",""
"sheet-14","2654","lib-l-b1-22-q1","library-listening","","lib-l-b1-22","src/data/library-batch8.ts","ت مكانية لا استشارة صحية. questions:[q(""lib-l-b1-22-q1 ""Was wurde ergänzt? ""ما الذي أضيف؟ [""Zugang und Trinkwasser ""Medizinische Diagnosen ""Nur Werbung ""Ticketpreise"" 0,""الوصول والماء.""),q(""lib-l-b1-22-q2 ""Was ist die Karte nicht? ""ما الذي ليست؟ [""Eine Ortsinformation ""Eine medizinische Empfehlung ""Eine Liste von Gebäuden ""Ein Sommerangebot"" 1,""ليست نصيحة طبية."")] {...b,kind:""listening id:""lib-l-b1-23 level:""B1 title","","","","",""
"sheet-14","2655","lib-l-b1-22-q2","library-listening","","lib-l-b1-22","src/data/library-batch8.ts","""Ticketpreise"" 0,""الوصول والماء.""),q(""lib-l-b1-22-q2 ""Was ist die Karte nicht? ""ما الذي ليست؟ [""Eine Ortsinformation ""Eine medizinische Empfehlung ""Eine Liste von Gebäuden ""Ein Sommerangebot"" 1,""ليست نصيحة طبية."")] {...b,kind:""listening id:""lib-l-b1-23 level:""B1 titleDe:""Onlinefragen zuerst titleAr:""أسئلة الإنترنت أولًا categoryAr:""المشاركة estimatedMinutes:8,audioStatus:""browser-tts-only strategyAr:""التقط مشكلة التف","","","","",""
"sheet-14","2656","lib-l-b1-23-q1","library-listening","","lib-l-b1-23","src/data/library-batch8.ts","maryAr:""توزيع فرص الكلام. questions:[q(""lib-l-b1-23-q1 ""Wie wurden die Chatfragen in der ersten hybriden Sitzung benachteiligt? ""كيف تضررت أسئلة الدردشة في الجلسة الهجينة الأولى؟ [""Chatfragen kamen zu spät ""Kein Saal ""Zu viele Mikrofone ""Keine Anmeldung"" 0,""قُرئت في النهاية.""),q(""lib-l-b1-23-q2 ""Was wird gezählt? ""ما الذي يعد؟ [""Beiträge beider Gruppen und offene Fragen ""Nur Anmeldungen ""Nur Raumfragen ""Nur Kosten"" 0","","","","",""
"sheet-14","2657","lib-l-b1-23-q2","library-listening","","lib-l-b1-23","src/data/library-batch8.ts","ne Anmeldung"" 0,""قُرئت في النهاية.""),q(""lib-l-b1-23-q2 ""Was wird gezählt? ""ما الذي يعد؟ [""Beiträge beider Gruppen und offene Fragen ""Nur Anmeldungen ""Nur Raumfragen ""Nur Kosten"" 0,""توزيع المشاركة."")] {...b,kind:""listening id:""lib-l-b1-24 level:""B1 titleDe:""Freiwillig und erreichbar titleAr:""طوعي ومتاح categoryAr:""العمل والمجتمع estimatedMinutes:8,audioStatus:""browser-tts-only strategyAr:""حدد سبب فجوة المشاركة والتعدي","","","","",""
"sheet-14","2658","lib-l-b1-24-q1","library-listening","","lib-l-b1-24","src/data/library-batch8.ts","زالة عائق دون فرض التطوع. questions:[q(""lib-l-b1-24-q1 ""Warum fehlten Schichtteams? ""لماذا؟ [""Keine Vertretung ""Kein Lohn ""Zu viele Partner ""Keine Projekte"" 0,""غياب التغطية.""),q(""lib-l-b1-24-q2 ""Bleibt die Teilnahme freiwillig? ""هل تبقى طوعية؟ [""Ja ""Nein ""Nur für Büroteams ""Nur im Sommer"" 0,""نعم."")] {...b,kind:""listening id:""lib-l-b2-15 level:""B2 titleDe:""Drei Tage sind kein Dauerwert titleAr:""ثلاثة أيام ليست قيمة دا","","","","",""
"sheet-14","2659","lib-l-b1-24-q2","library-listening","","lib-l-b1-24","src/data/library-batch8.ts",",""Keine Projekte"" 0,""غياب التغطية.""),q(""lib-l-b1-24-q2 ""Bleibt die Teilnahme freiwillig? ""هل تبقى طوعية؟ [""Ja ""Nein ""Nur für Büroteams ""Nur im Sommer"" 0,""نعم."")] {...b,kind:""listening id:""lib-l-b2-15 level:""B2 titleDe:""Drei Tage sind kein Dauerwert titleAr:""ثلاثة أيام ليست قيمة دائمة categoryAr:""العلم estimatedMinutes:10,audioStatus:""browser-tts-only strategyAr:""استخرج النتيجة والمدة والعوامل غير المضبوطة. transcript","","","","",""
"sheet-14","2660","lib-l-b2-01-q1","library-listening","","lib-l-b2-01","src/data/library-batch1.ts","لا يثبت أثر التطبيق وحده. questions:[q(""lib-l-b2-01-q1 ""Warum ist Kausalität nicht bewiesen? ""لماذا؟ [""Es gab keine Ergebnisse ""Die Teilnehmenden wählten selbst ""Alle nutzten die App ""Die Studie dauerte zehn Jahre"" 1,""اختيار ذاتي.""),q(""lib-l-b2-01-q2 ""Welche zwei Änderungen würden den App-Nachweis kausal stärken? ""ما التغييران اللذان يقويان دليل أثر التطبيق؟ [""Eine dramatische Überschrift ""Zufällige Zuteilung und län","","","","",""
"sheet-14","2661","lib-l-b2-01-q2","library-listening","","lib-l-b2-01","src/data/library-batch1.ts","auerte zehn Jahre"" 1,""اختيار ذاتي.""),q(""lib-l-b2-01-q2 ""Welche zwei Änderungen würden den App-Nachweis kausal stärken? ""ما التغييران اللذان يقويان دليل أثر التطبيق؟ [""Eine dramatische Überschrift ""Zufällige Zuteilung und längere Beobachtung ""Weniger Daten ""Nur eine Meinung"" 1,""تصميم أقوى ومدة."")] {...base,kind:""listening id:""lib-l-b2-02 level:""B2 titleDe:""Digitaler Zugang mit Alternative titleAr:""وصول رقمي مع بديل ca","","","","",""
"sheet-14","2662","lib-l-b2-02-q1","library-listening","","lib-l-b2-02","src/data/library-batch1.ts","مقاعد تلقائية وقياس موزع. questions:[q(""lib-l-b2-02-q1 ""Welche Alternativen bleiben? ""ما البدائل؟ [""Nur E-Mail ""Telefon und spontane Plätze ""Post und Fax allein ""Keine"" 1,""هاتف ومقاعد بلا حجز.""),q(""lib-l-b2-02-q2 ""Warum reicht der Durchschnitt nicht? ""لماذا؟ [""Er enthält keine Zahlen ""Er kann systematischen Ausschluss einer Gruppe verdecken ""Er ist immer falsch ""Er misst nur Kosten"" 1,""قد يخفي فئة مستبعدة."")]} ];","","","","",""
"sheet-14","2663","lib-l-b2-02-q2","library-listening","","lib-l-b2-02","src/data/library-batch1.ts","n ""Keine"" 1,""هاتف ومقاعد بلا حجز.""),q(""lib-l-b2-02-q2 ""Warum reicht der Durchschnitt nicht? ""لماذا؟ [""Er enthält keine Zahlen ""Er kann systematischen Ausschluss einer Gruppe verdecken ""Er ist immer falsch ""Er misst nur Kosten"" 1,""قد يخفي فئة مستبعدة."")]} ];","","","","",""
"sheet-14","2664","lib-l-b2-03-q1","library-listening","","lib-l-b2-03","src/data/library-batch2.ts","ير لا يلغي انحياز الوصول. questions:[q(""lib-l-b2-03-q1 ""Wo wurde der Link vor allem verbreitet? ""أين؟ [""In allen Briefkästen ""Im Newsletter des Fördervereins ""Nur im Radio ""An Schulen"" 1,""نشرة الجمعية.""),q(""lib-l-b2-03-q2 ""Was korrigiert die große Zahl nicht? ""ما الذي لا تصلحه؟ [""Die einseitige Auswahl ""Die Rechtschreibung ""Den Parknamen ""Die Uhrzeit jeder Antwort"" 0,""انحياز الاختيار."")] {...base,kind:""listening id:""","","","","",""
"sheet-14","2665","lib-l-b2-03-q2","library-listening","","lib-l-b2-03","src/data/library-batch2.ts","dio ""An Schulen"" 1,""نشرة الجمعية.""),q(""lib-l-b2-03-q2 ""Was korrigiert die große Zahl nicht? ""ما الذي لا تصلحه؟ [""Die einseitige Auswahl ""Die Rechtschreibung ""Den Parknamen ""Die Uhrzeit jeder Antwort"" 0,""انحياز الاختيار."")] {...base,kind:""listening id:""lib-l-b2-04 level:""B2 titleDe:""Vom Vorschlag zur Antwort titleAr:""من المقترح إلى الرد categoryAr:""المشاركة estimatedMinutes:10,audioStatus:""browser-tts-only strategyAr:","","","","",""
"sheet-14","2666","lib-l-b2-04-q1","library-listening","","lib-l-b2-04","src/data/library-batch2.ts","اركة مع حد قرار ورد معلل. questions:[q(""lib-l-b2-04-q1 ""Welches Organ behält beim Platzprojekt die endgültige Entscheidung? ""أي هيئة تحتفظ بالقرار النهائي في مشروع الساحة؟ [""Die Moderatorin ""Der Rat ""Jede einzelne Person ""Die Presse"" 1,""المجلس.""),q(""lib-l-b2-04-q2 ""Was macht Einfluss sichtbar? ""ما الذي يظهر التأثير؟ [""Nur die Zahl der Vorschläge ""Status und Begründung ""Ein geheimes Protokoll ""Keine Antwort"" 1,""الحالة","","","","",""
"sheet-14","2667","lib-l-b2-04-q2","library-listening","","lib-l-b2-04","src/data/library-batch2.ts","ne Person ""Die Presse"" 1,""المجلس.""),q(""lib-l-b2-04-q2 ""Was macht Einfluss sichtbar? ""ما الذي يظهر التأثير؟ [""Nur die Zahl der Vorschläge ""Status und Begründung ""Ein geheimes Protokoll ""Keine Antwort"" 1,""الحالة والتعليل."")]} ];","","","","",""
"sheet-14","2668","lib-l-b2-05-q1","library-listening","","lib-l-b2-05","src/data/library-batch3.ts",":""حل وسط باختبار ومعايير. questions:[q(""lib-l-b2-05-q1 ""Welche Sorge haben Händler? ""ما قلق التجار؟ [""Zu wenig Werbung ""Freier Lieferweg am Morgen ""Keine Cafés ""Zu viele Messungen"" 1,""مسار التوريد.""),q(""lib-l-b2-05-q2 ""Was wird getestet? ""ما الاختبار؟ [""Feste Gebäude ""Mobile Bäume, Lieferfenster und öffentliche Sitze ""Nur neue Preise ""Ein vollständiges Fahrverbot"" 1,""ثلاثة عناصر."")] {...b,kind:""listening id:""lib-l-b2","","","","",""
"sheet-14","2669","lib-l-b2-05-q2","library-listening","","lib-l-b2-05","src/data/library-batch3.ts","viele Messungen"" 1,""مسار التوريد.""),q(""lib-l-b2-05-q2 ""Was wird getestet? ""ما الاختبار؟ [""Feste Gebäude ""Mobile Bäume, Lieferfenster und öffentliche Sitze ""Nur neue Preise ""Ein vollständiges Fahrverbot"" 1,""ثلاثة عناصر."")] {...b,kind:""listening id:""lib-l-b2-06 level:""B2 titleDe:""Korrektur einer Meldung titleAr:""تصحيح خبر categoryAr:""الإعلام estimatedMinutes:10,audioStatus:""browser-tts-only strategyAr:""حدد الادعاء الأص","","","","",""
"sheet-14","2670","lib-l-b2-06-q1","library-listening","","lib-l-b2-06","src/data/library-batch3.ts","""تصحيح تعميم مع أثر واضح. questions:[q(""lib-l-b2-06-q1 ""Was war zu weit? ""ما المبالغة؟ [""Die Aussage über alle Linien ""Das Datum ""Der Link ""Die Zahl drei"" 0,""عممت ثلاث خطوط.""),q(""lib-l-b2-06-q2 ""Warum bleibt der Fehler dokumentiert? ""لماذا يبقى؟ [""Für Werbung ""Damit die Änderung nachvollziehbar ist ""Um ihn zu wiederholen ""Weil keine Korrektur möglich ist"" 1,""شفافية التصحيح."")]} ];","","","","",""
"sheet-14","2671","lib-l-b2-06-q2","library-listening","","lib-l-b2-06","src/data/library-batch3.ts","""Die Zahl drei"" 0,""عممت ثلاث خطوط.""),q(""lib-l-b2-06-q2 ""Warum bleibt der Fehler dokumentiert? ""لماذا يبقى؟ [""Für Werbung ""Damit die Änderung nachvollziehbar ist ""Um ihn zu wiederholen ""Weil keine Korrektur möglich ist"" 1,""شفافية التصحيح."")]} ];","","","","",""
"sheet-14","2672","lib-l-b2-07-q1","library-listening","","lib-l-b2-07","src/data/library-batch4.ts","ها محدودة بالقياس والمدة. questions:[q(""lib-l-b2-07-q1 ""Welche Temperatur wurde an den beschatteten Flächen gemessen? ""أي درجة حرارة قيست على الأسطح المظللة؟ [""Lufttemperatur ""Oberflächentemperatur ""Gesundheit ""Verkehrslärm"" 1,""حرارة السطح.""),q(""lib-l-b2-07-q2 ""Was darf nicht verallgemeinert werden? ""ما الذي لا يعمم؟ [""Dass vier Tage gemessen wurden ""Ein fester Effekt für jede Straße und Jahreszeit ""Dass Schatten exi","","","","",""
"sheet-14","2673","lib-l-b2-07-q2","library-listening","","lib-l-b2-07","src/data/library-batch4.ts","it ""Verkehrslärm"" 1,""حرارة السطح.""),q(""lib-l-b2-07-q2 ""Was darf nicht verallgemeinert werden? ""ما الذي لا يعمم؟ [""Dass vier Tage gemessen wurden ""Ein fester Effekt für jede Straße und Jahreszeit ""Dass Schatten existiert ""Der Name der Forscherin"" 1,""لا رقم ثابت للجميع."")] {...b,kind:""listening id:""lib-l-b2-08 level:""B2 titleDe:""Wer vertritt wen? titleAr:""من يمثل من؟ categoryAr:""المشاركة estimatedMinutes:10,audioStatus","","","","",""
"sheet-14","2674","lib-l-b2-08-q1","library-listening","","lib-l-b2-08","src/data/library-batch4.ts","لا يثبت تمثيلًا حقيقيًا. questions:[q(""lib-l-b2-08-q1 ""Was muss beim Vertreter geklärt werden? ""ما الذي يوضح؟ [""Nur sein Alter ""Auswahl, Rücksprache und Einfluss ""Seine Kleidung ""Nur der Stadtteilname"" 1,""آلية التمثيل.""),q(""lib-l-b2-08-q2 ""Welche Gruppe fehlt? ""أي فئة غائبة؟ [""Menschen mit Nachtarbeit ""Alle Kinder ""Nur Touristen ""Die Koordination"" 0,""عمال الليل."")]} ];","","","","",""
"sheet-14","2675","lib-l-b2-08-q2","library-listening","","lib-l-b2-08","src/data/library-batch4.ts","er Stadtteilname"" 1,""آلية التمثيل.""),q(""lib-l-b2-08-q2 ""Welche Gruppe fehlt? ""أي فئة غائبة؟ [""Menschen mit Nachtarbeit ""Alle Kinder ""Nur Touristen ""Die Koordination"" 0,""عمال الليل."")]} ];","","","","",""
"sheet-14","2676","lib-l-b2-09-q1","library-listening","","lib-l-b2-09","src/data/library-batch5.ts","حدتان صحيحتان لأثر مختلف. questions:[q(""lib-l-b2-09-q1 ""Wie viele Prozentpunkte? ""كم نقطة؟ [""Zehn ""Zwanzig ""Dreißig ""Fünfzig"" 0,""10.""),q(""lib-l-b2-09-q2 ""Um wie viel Prozent stieg der Anteil relativ zum Ausgangswert? ""بكم ارتفعت النسبة مقارنة بالقيمة الأصلية؟ [""Zehn Prozent ""Dreißig Prozent ""Fünfzig Prozent ""Hundert Prozent"" 2,""50%. "")] {...b,kind:""listening id:""lib-l-b2-10 level:""B2 titleDe:""Zur Primärquelle zurück ","","","","",""
"sheet-14","2677","lib-l-b2-09-q2","library-listening","","lib-l-b2-09","src/data/library-batch5.ts","wanzig ""Dreißig ""Fünfzig"" 0,""10.""),q(""lib-l-b2-09-q2 ""Um wie viel Prozent stieg der Anteil relativ zum Ausgangswert? ""بكم ارتفعت النسبة مقارنة بالقيمة الأصلية؟ [""Zehn Prozent ""Dreißig Prozent ""Fünfzig Prozent ""Hundert Prozent"" 2,""50%. "")] {...b,kind:""listening id:""lib-l-b2-10 level:""B2 titleDe:""Zur Primärquelle zurück titleAr:""العودة إلى المصدر الأولي categoryAr:""الإعلام estimatedMinutes:10,audioStatus:""browser-tts-o","","","","",""
"sheet-14","2678","lib-l-b2-10-q1","library-listening","","lib-l-b2-10","src/data/library-batch5.ts","والقياس أضيق من العنوان. questions:[q(""lib-l-b2-10-q1 ""Welche Art von Ergebnis erfasste die verlinkte Nutzerstudie? ""ما نوع النتيجة التي قاستها دراسة المستخدمين؟ [""Objektive Leistung ""Berichtete Wahrnehmung ""Langzeitwirkung ""Zufällige Gruppen"" 1,""انطباع ذاتي.""),q(""lib-l-b2-10-q2 ""Was soll die Meldung nennen? ""ماذا ينبغي ذكره؟ [""Quelle, Finanzierung und Messart ""Nur die Überschrift ""Nur die Zahl der Seiten ""Keine Eins","","","","",""
"sheet-14","2679","lib-l-b2-10-q2","library-listening","","lib-l-b2-10","src/data/library-batch5.ts","Zufällige Gruppen"" 1,""انطباع ذاتي.""),q(""lib-l-b2-10-q2 ""Was soll die Meldung nennen? ""ماذا ينبغي ذكره؟ [""Quelle, Finanzierung und Messart ""Nur die Überschrift ""Nur die Zahl der Seiten ""Keine Einschränkung"" 0,""شفافية المصدر والطريقة."")]} ];","","","","",""
"sheet-14","2680","lib-l-b2-11-q1","library-listening","","lib-l-b2-11","src/data/library-batch6.ts","yAr:""ارتباط بعوامل بديلة. questions:[q(""lib-l-b2-11-q1 ""Was wurde nicht kontrolliert? ""ما الذي لم يضبط؟ [""Alter ""Kurs ""Frühere Leistung und Lernzeit zu Hause ""Bibliotheksbesuche"" 2,""الأداء السابق ووقت البيت.""),q(""lib-l-b2-11-q2 ""Was begründen die Daten? ""ماذا تدعم؟ [""Eine alleinige Ursache ""Eine Hypothese ""Eine Garantie ""Keine Beziehung"" 1,""فرضية."")] {...b,kind:""listening id:""lib-l-b2-12 level:""B2 titleDe:""Kann ist k","","","","",""
"sheet-14","2681","lib-l-b2-11-q2","library-listening","","lib-l-b2-11","src/data/library-batch6.ts","uche"" 2,""الأداء السابق ووقت البيت.""),q(""lib-l-b2-11-q2 ""Was begründen die Daten? ""ماذا تدعم؟ [""Eine alleinige Ursache ""Eine Hypothese ""Eine Garantie ""Keine Beziehung"" 1,""فرضية."")] {...b,kind:""listening id:""lib-l-b2-12 level:""B2 titleDe:""Kann ist keine Zusage titleAr:""يمكن ليست وعدًا categoryAr:""الوساطة estimatedMinutes:10,audioStatus:""browser-tts-only strategyAr:""راقب modal verb والشرط والاستثناء. transcriptDe:""Koord","","","","",""
"sheet-14","2682","lib-l-b2-12-q1","library-listening","","lib-l-b2-12","src/data/library-batch6.ts","الإمكانية والشرط والغموض. questions:[q(""lib-l-b2-12-q1 ""Ist die Erstattung garantiert? ""هل مضمونة؟ [""Ja, vollständig ""Nein, sie ist nur möglich und bedingt ""Nur nach der Reise automatisch ""Für alle ohne Antrag"" 1,""إمكانية مشروطة.""),q(""lib-l-b2-12-q2 ""Was bleibt offen? ""ما الذي يبقى غامضًا؟ [""Ob Belege nötig sind ""Dass es eine Reise gibt ""Wer vermittelt ""Die Sprache"" 0,""نوع الإثبات."")]} ];","","","","",""
"sheet-14","2683","lib-l-b2-12-q2","library-listening","","lib-l-b2-12","src/data/library-batch6.ts","le ohne Antrag"" 1,""إمكانية مشروطة.""),q(""lib-l-b2-12-q2 ""Was bleibt offen? ""ما الذي يبقى غامضًا؟ [""Ob Belege nötig sind ""Dass es eine Reise gibt ""Wer vermittelt ""Die Sprache"" 0,""نوع الإثبات."")]} ];","","","","",""
"sheet-14","2684","lib-l-b2-13-q1","library-listening","","lib-l-b2-13","src/data/library-batch7.ts","وسط تحسن مع توزيع متباين. questions:[q(""lib-l-b2-13-q1 ""Wie groß war der neue Mittelwert? ""كم المتوسط الجديد؟ [""68 ""70 ""74 ""80"" 2,""74.""),q(""lib-l-b2-13-q2 ""Warum verlor eine Gruppe möglicherweise Punkte? ""لماذا؟ [""Kürzere Übungszeit ""Zu viele Bücher ""Längere Pause ""Höherer Ausgangswert für alle"" 0,""قلة وقت التدريب."")] {...b,kind:""listening id:""lib-l-b2-14 level:""B2 titleDe:""Selbsteinschätzung ist kein Leistungstest t","","","","",""
"sheet-14","2685","lib-l-b2-13-q2","library-listening","","lib-l-b2-13","src/data/library-batch7.ts","جديد؟ [""68 ""70 ""74 ""80"" 2,""74.""),q(""lib-l-b2-13-q2 ""Warum verlor eine Gruppe möglicherweise Punkte? ""لماذا؟ [""Kürzere Übungszeit ""Zu viele Bücher ""Längere Pause ""Höherer Ausgangswert für alle"" 0,""قلة وقت التدريب."")] {...b,kind:""listening id:""lib-l-b2-14 level:""B2 titleDe:""Selbsteinschätzung ist kein Leistungstest titleAr:""التقييم الذاتي ليس اختبار أداء categoryAr:""الإعلام estimatedMinutes:10,audioStatus:""browser-tts-","","","","",""
"sheet-14","2686","lib-l-b2-14-q1","library-listening","","lib-l-b2-14","src/data/library-batch7.ts","r:""تقييد العنوان بما قيس. questions:[q(""lib-l-b2-14-q1 ""Was enthält der Bericht? ""ماذا يحتوي؟ [""Objektive Tests ""Freiwillige Selbsteinschätzungen ""Zufällige Gruppen ""Langzeitdaten"" 1,""تقييم ذاتي.""),q(""lib-l-b2-14-q2 ""Welche Aussage ist zulässig? ""ما المسموح؟ [""Das Programm verursacht 30 Prozent mehr Leistung ""Teilnehmende nahmen eine Verbesserung wahr ""Alle profitieren ""Die Wirkung ist dauerhaft"" 1,""إدراك المشاركين ف","","","","",""
"sheet-14","2687","lib-l-b2-14-q2","library-listening","","lib-l-b2-14","src/data/library-batch7.ts","en ""Langzeitdaten"" 1,""تقييم ذاتي.""),q(""lib-l-b2-14-q2 ""Welche Aussage ist zulässig? ""ما المسموح؟ [""Das Programm verursacht 30 Prozent mehr Leistung ""Teilnehmende nahmen eine Verbesserung wahr ""Alle profitieren ""Die Wirkung ist dauerhaft"" 1,""إدراك المشاركين فقط."")]} ];","","","","",""
"sheet-14","2688","lib-l-b2-15-q1","library-listening","","lib-l-b2-15","src/data/library-batch8.ts","تجاه محدود لا قانون دائم. questions:[q(""lib-l-b2-15-q1 ""Wie lange wurde gemessen? ""كم المدة؟ [""Drei Tage ""Drei Monate ""Ein Jahr ""Zehn Jahre"" 0,""ثلاثة أيام.""),q(""lib-l-b2-15-q2 ""Welche Aussage wird vermieden? ""ما الذي يُتجنب؟ [""Ein beobachteter Trend ""Ein fester Wert für jede Jahreszeit ""Unterschiedliche Materialien ""Weitere Messungen"" 1,""رقم ثابت دائم."")] {...b,kind:""listening id:""lib-l-b2-16 level:""B2 titleDe:""Nicht","","","","",""
"sheet-14","2689","lib-l-b2-15-q2","library-listening","","lib-l-b2-15","src/data/library-batch8.ts","Jahr ""Zehn Jahre"" 0,""ثلاثة أيام.""),q(""lib-l-b2-15-q2 ""Welche Aussage wird vermieden? ""ما الذي يُتجنب؟ [""Ein beobachteter Trend ""Ein fester Wert für jede Jahreszeit ""Unterschiedliche Materialien ""Weitere Messungen"" 1,""رقم ثابت دائم."")] {...b,kind:""listening id:""lib-l-b2-16 level:""B2 titleDe:""Nicht nur dafür oder dagegen titleAr:""ليس مع أو ضد فقط categoryAr:""الوساطة estimatedMinutes:10,audioStatus:""browser-tts-only str","","","","",""
"sheet-14","2690","lib-l-b2-16-q1","library-listening","","lib-l-b2-16","src/data/library-batch8.ts","فظ المصالح ومصدر الإضافة. questions:[q(""lib-l-b2-16-q1 ""Was wird außer Positionen genannt? ""ما الذي يذكر أيضًا؟ [""Interessen, Belege und Bedingungen ""Nur Namen ""Keine Quellen ""Nur die längere Aussage"" 0,""المصالح والدليل والشروط.""),q(""lib-l-b2-16-q2 ""Wie wird eigene Erklärung markiert? ""كيف تعلم الإضافة؟ [""Als Aussage der Quelle ""Als Hilfe der Vermittlerin ""Gar nicht ""Als endgültige Entscheidung"" 1,""مساعدة منفصلة."")]}","","","","",""
"sheet-14","2691","lib-l-b2-16-q2","library-listening","","lib-l-b2-16","src/data/library-batch8.ts","ssage"" 0,""المصالح والدليل والشروط.""),q(""lib-l-b2-16-q2 ""Wie wird eigene Erklärung markiert? ""كيف تعلم الإضافة؟ [""Als Aussage der Quelle ""Als Hilfe der Vermittlerin ""Gar nicht ""Als endgültige Entscheidung"" 1,""مساعدة منفصلة."")]} ];","","","","",""
"sheet-14","2692","lib-r-a1-01-q1","library-reading","","lib-r-a1-01","src/data/library-batch1.ts","مقهى وعرض الجمعة والحجز. questions:[q(""lib-r-a1-01-q1 ""Wann ist das Café geschlossen? ""متى يغلق؟ [""Am Wochenende ""Jeden Freitag ""Montagmorgen ""Dienstagmittag"" 0,""مغلق السبت والأحد.""),q(""lib-r-a1-01-q2 ""Was kostet am Freitag sechs Euro? ""ما الذي يكلف 6؟ [""Der Tee ""Das Frühstück ""Der Saft ""Der große Tisch"" 1,""الإفطار."")] {...base,kind:""reading id:""lib-r-a1-02 level:""A1 titleDe:""Nachricht an die Nachbarin titleAr:""رسالة","","","","",""
"sheet-14","2693","lib-r-a1-01-q2","library-reading","","lib-r-a1-01","src/data/library-batch1.ts","nstagmittag"" 0,""مغلق السبت والأحد.""),q(""lib-r-a1-01-q2 ""Was kostet am Freitag sechs Euro? ""ما الذي يكلف 6؟ [""Der Tee ""Das Frühstück ""Der Saft ""Der große Tisch"" 1,""الإفطار."")] {...base,kind:""reading id:""lib-r-a1-02 level:""A1 titleDe:""Nachricht an die Nachbarin titleAr:""رسالة إلى الجارة categoryAr:""السكن estimatedMinutes:4,textDe:""Hallo Frau Kern, morgen kommt zwischen zehn und zwölf Uhr ein Paket für mich. Ich bin dan","","","","",""
"sheet-14","2694","lib-r-a1-02-q1","library-reading","","lib-r-a1-02","src/data/library-batch1.ts","طلب استلام طرد ووقت أخذه. questions:[q(""lib-r-a1-02-q1 ""Warum kann Lina das Paket nicht annehmen? ""لماذا؟ [""Sie schläft ""Sie arbeitet ""Sie reist ""Sie kocht"" 1,""ستكون في العمل.""),q(""lib-r-a1-02-q2 ""Wann holt Lina das Paket ab? ""متى تستلمه؟ [""Vor zehn Uhr ""Um zwölf Uhr ""Ab achtzehn Uhr ""Am nächsten Morgen"" 2,""بعد السادسة مساء."")] {...base,kind:""reading id:""lib-r-a2-01 level:""A2 titleDe:""Neue Ausleihe in der Bibliothek ","","","","",""
"sheet-14","2695","lib-r-a1-02-q2","library-reading","","lib-r-a1-02","src/data/library-batch1.ts","st ""Sie kocht"" 1,""ستكون في العمل.""),q(""lib-r-a1-02-q2 ""Wann holt Lina das Paket ab? ""متى تستلمه؟ [""Vor zehn Uhr ""Um zwölf Uhr ""Ab achtzehn Uhr ""Am nächsten Morgen"" 2,""بعد السادسة مساء."")] {...base,kind:""reading id:""lib-r-a2-01 level:""A2 titleDe:""Neue Ausleihe in der Bibliothek titleAr:""خدمة إعارة جديدة categoryAr:""الخدمات estimatedMinutes:6,textDe:""Die Stadtbibliothek verleiht ab April nicht nur Bücher, sondern auch ","","","","",""
"sheet-14","2696","lib-r-a1-03-q1","library-reading","","lib-r-a1-03","src/data/library-batch2.ts","مركز رياضي وشروط الدورة. questions:[q(""lib-r-a1-03-q1 ""Wann ist das Schwimmbad geschlossen? ""متى يغلق المسبح؟ [""Montagmorgen ""Mittwochmorgen ""Freitagabend ""Samstagnachmittag"" 1,""الأربعاء صباحًا.""),q(""lib-r-a1-03-q2 ""Was kostet zwei Euro? ""ما الذي يكلف يورين؟ [""Der Eintritt ""Ein Kurs ""Ein Handtuch ""Das Wasser"" 2,""استعارة منشفة."")] {...base,kind:""reading id:""lib-r-a1-04 level:""A1 titleDe:""Bitte im Haus beachten titleAr","","","","",""
"sheet-14","2697","lib-r-a1-03-q2","library-reading","","lib-r-a1-03","src/data/library-batch2.ts","tagnachmittag"" 1,""الأربعاء صباحًا.""),q(""lib-r-a1-03-q2 ""Was kostet zwei Euro? ""ما الذي يكلف يورين؟ [""Der Eintritt ""Ein Kurs ""Ein Handtuch ""Das Wasser"" 2,""استعارة منشفة."")] {...base,kind:""reading id:""lib-r-a1-04 level:""A1 titleDe:""Bitte im Haus beachten titleAr:""ملاحظة في المنزل categoryAr:""السكن estimatedMinutes:4,textDe:""Liebe Nachbarn, am Freitag wird zwischen acht und zwölf Uhr das Wasser im Haus abgestellt. Bitte","","","","",""
"sheet-14","2698","lib-r-a1-04-q1","library-reading","","lib-r-a1-04","src/data/library-batch2.ts","نقطاع ماء مؤقت في طابقين. questions:[q(""lib-r-a1-04-q1 ""Wann gibt es kein Wasser? ""متى ينقطع الماء؟ [""Freitagvormittag ""Freitagnachmittag ""Samstagmorgen ""Donnerstagabend"" 0,""من 8 إلى12 الجمعة.""),q(""lib-r-a1-04-q2 ""Welche Etagen sind betroffen? ""أي طوابق؟ [""Nur das Erdgeschoss ""Erster und vierter Stock ""Zweiter und dritter Stock ""Alle Etagen"" 2,""الثاني والثالث."")] {...base,kind:""reading id:""lib-r-a2-04 level:""A2 title","","","","",""
"sheet-14","2699","lib-r-a1-04-q2","library-reading","","lib-r-a1-04","src/data/library-batch2.ts","erstagabend"" 0,""من 8 إلى12 الجمعة.""),q(""lib-r-a1-04-q2 ""Welche Etagen sind betroffen? ""أي طوابق؟ [""Nur das Erdgeschoss ""Erster und vierter Stock ""Zweiter und dritter Stock ""Alle Etagen"" 2,""الثاني والثالث."")] {...base,kind:""reading id:""lib-r-a2-04 level:""A2 titleDe:""Termin in der Reparaturwerkstatt titleAr:""موعد ورشة الإصلاح categoryAr:""الخدمات estimatedMinutes:6,textDe:""Mina brachte ihre Kaffeemaschine am Montag zur ","","","","",""
"sheet-14","2700","lib-r-a1-05-q1","library-reading","","lib-r-a1-05","src/data/library-batch3.ts","قة ومدتها وغرامة التأخير. questions:[q(""lib-r-a1-05-q1 ""Wer bezahlt nichts? ""من لا يدفع؟ [""Alle Erwachsenen ""Kinder und Jugendliche ""Nur Touristen ""Mitarbeitende"" 1,""الأطفال والشباب.""),q(""lib-r-a1-05-q2 ""Wie lange kann man Bücher behalten? ""كم المدة؟ [""Eine Woche ""Zwei Wochen ""Vier Wochen ""Ein Jahr"" 2,""أربعة أسابيع."")] {...b,kind:""reading id:""lib-r-a1-06 level:""A1 titleDe:""Tisch für vier titleAr:""طاولة لأربعة categor","","","","",""
"sheet-14","2701","lib-r-a1-05-q2","library-reading","","lib-r-a1-05","src/data/library-batch3.ts","Mitarbeitende"" 1,""الأطفال والشباب.""),q(""lib-r-a1-05-q2 ""Wie lange kann man Bücher behalten? ""كم المدة؟ [""Eine Woche ""Zwei Wochen ""Vier Wochen ""Ein Jahr"" 2,""أربعة أسابيع."")] {...b,kind:""reading id:""lib-r-a1-06 level:""A1 titleDe:""Tisch für vier titleAr:""طاولة لأربعة categoryAr:""المطعم estimatedMinutes:4,textDe:""Hallo, wir möchten am Samstag um neunzehn Uhr einen Tisch für vier Personen reservieren. Eine Person isst kei","","","","",""
"sheet-14","2702","lib-r-a1-06-q1","library-reading","","lib-r-a1-06","src/data/library-batch3.ts","yAr:""حجز مطعم وطلب نباتي. questions:[q(""lib-r-a1-06-q1 ""Für wie viele Personen ist der Tisch? ""لكم شخص؟ [""Zwei ""Drei ""Vier ""Fünf"" 2,""أربعة.""),q(""lib-r-a1-06-q2 ""Wie soll die Bestätigung kommen? ""كيف يصل التأكيد؟ [""Per E-Mail ""Per Brief ""Per Taxi ""Gar nicht"" 0,""بالبريد الإلكتروني."")] {...b,kind:""reading id:""lib-r-a2-07 level:""A2 titleDe:""Sauberer Spielplatz titleAr:""تنظيف ساحة اللعب categoryAr:""الحي estimatedMinutes:6","","","","",""
"sheet-14","2703","lib-r-a1-06-q2","library-reading","","lib-r-a1-06","src/data/library-batch3.ts","ei ""Drei ""Vier ""Fünf"" 2,""أربعة.""),q(""lib-r-a1-06-q2 ""Wie soll die Bestätigung kommen? ""كيف يصل التأكيد؟ [""Per E-Mail ""Per Brief ""Per Taxi ""Gar nicht"" 0,""بالبريد الإلكتروني."")] {...b,kind:""reading id:""lib-r-a2-07 level:""A2 titleDe:""Sauberer Spielplatz titleAr:""تنظيف ساحة اللعب categoryAr:""الحي estimatedMinutes:6,textDe:""Am kommenden Samstag treffen sich Nachbarn um zehn Uhr am Spielplatz. Sie sammeln Müll und streiche","","","","",""
"sheet-14","2704","lib-r-a1-07-q1","library-reading","","lib-r-a1-07","src/data/library-batch4.ts","وموعد ورصيف وتذكرة دراجة. questions:[q(""lib-r-a1-07-q1 ""Von welchem Bahnhofsgleis fährt der Zug nach Linden? ""من أي رصيف في المحطة ينطلق قطار ليندن؟ [""Gleis drei ""Gleis vier ""Gleis neun ""Gleis zwölf"" 1,""الرصيف4.""),q(""lib-r-a1-07-q2 ""Was kostet die Fahrradkarte? ""كم تذكرة الدراجة؟ [""Drei Euro ""Sechs Euro ""Zwölf Euro ""Fünfzehn Euro"" 0,""ثلاثة يورو."")] {...b,kind:""reading id:""lib-r-a1-08 level:""A1 titleDe:""Paket am Schal","","","","",""
"sheet-14","2705","lib-r-a1-07-q2","library-reading","","lib-r-a1-07","src/data/library-batch4.ts","is neun ""Gleis zwölf"" 1,""الرصيف4.""),q(""lib-r-a1-07-q2 ""Was kostet die Fahrradkarte? ""كم تذكرة الدراجة؟ [""Drei Euro ""Sechs Euro ""Zwölf Euro ""Fünfzehn Euro"" 0,""ثلاثة يورو."")] {...b,kind:""reading id:""lib-r-a1-08 level:""A1 titleDe:""Paket am Schalter titleAr:""طرد عند الشباك categoryAr:""الخدمات estimatedMinutes:4,textDe:""Ihr Paket liegt in der Postfiliale am Markt. Sie können es bis Freitag abholen. Die Filiale ist montags","","","","",""
"sheet-14","2706","lib-r-a1-08-q1","library-reading","","lib-r-a1-08","src/data/library-batch4.ts","ام طرد والوثائق المطلوبة. questions:[q(""lib-r-a1-08-q1 ""Bis wann liegt das Paket dort? ""حتى متى؟ [""Bis Montag ""Bis Mittwoch ""Bis Freitag ""Bis Sonntag"" 2,""حتى الجمعة.""),q(""lib-r-a1-08-q2 ""Was braucht eine andere Person zusätzlich? ""ماذا يحتاج شخص آخر؟ [""Eine Vollmacht ""Ein Fahrrad ""Eine Fahrkarte ""Ein Foto"" 0,""تفويض مكتوب."")] {...b,kind:""reading id:""lib-r-a2-10 level:""A2 titleDe:""Neue Regeln im Haus titleAr:""قواعد جدي","","","","",""
"sheet-14","2707","lib-r-a1-08-q2","library-reading","","lib-r-a1-08","src/data/library-batch4.ts","itag ""Bis Sonntag"" 2,""حتى الجمعة.""),q(""lib-r-a1-08-q2 ""Was braucht eine andere Person zusätzlich? ""ماذا يحتاج شخص آخر؟ [""Eine Vollmacht ""Ein Fahrrad ""Eine Fahrkarte ""Ein Foto"" 0,""تفويض مكتوب."")] {...b,kind:""reading id:""lib-r-a2-10 level:""A2 titleDe:""Neue Regeln im Haus titleAr:""قواعد جديدة في المنزل categoryAr:""السكن estimatedMinutes:6,textDe:""Ab Mai wird der Hof neu genutzt. Fahrräder stehen nur noch in den markiert","","","","",""
"sheet-14","2708","lib-r-a1-09-q1","library-reading","","lib-r-a1-09","src/data/library-batch5.ts","ر وخيار المغادرة المبكرة. questions:[q(""lib-r-a1-09-q1 ""Wo gibt es Frühstück? ""أين الإفطار؟ [""Im ersten Stock ""Im Restaurant im Erdgeschoss ""Im Zimmer ""Am Bahnhof"" 1,""في المطعم بالطابق الأرضي.""),q(""lib-r-a1-09-q2 ""Was können frühe Gäste bestellen? ""ماذا يطلب المغادر مبكرًا؟ [""Ein Frühstückspaket ""Ein Taxi kostenlos ""Ein warmes Abendessen ""Einen neuen Schlüssel"" 0,""حزمة إفطار."")] {...b,kind:""reading id:""lib-r-a1-10 le","","","","",""
"sheet-14","2709","lib-r-a1-09-q2","library-reading","","lib-r-a1-09","src/data/library-batch5.ts","nhof"" 1,""في المطعم بالطابق الأرضي.""),q(""lib-r-a1-09-q2 ""Was können frühe Gäste bestellen? ""ماذا يطلب المغادر مبكرًا؟ [""Ein Frühstückspaket ""Ein Taxi kostenlos ""Ein warmes Abendessen ""Einen neuen Schlüssel"" 0,""حزمة إفطار."")] {...b,kind:""reading id:""lib-r-a1-10 level:""A1 titleDe:""Notiz aus dem Kurs titleAr:""ملاحظة من الدورة categoryAr:""التعلم estimatedMinutes:4,textDe:""Hallo zusammen, morgen lernen wir nicht in Raum zw","","","","",""
"sheet-14","2710","lib-r-a1-10-q1","library-reading","","lib-r-a1-10","src/data/library-batch5.ts","تغيير غرفة مع ثبات الوقت. questions:[q(""lib-r-a1-10-q1 ""In welchem Raum ist der Kurs? ""أي غرفة؟ [""Raum acht ""Raum zehn ""Raum zwölf ""Raum achtzehn"" 0,""الغرفة8.""),q(""lib-r-a1-10-q2 ""Was braucht man nicht? ""ما غير المطلوب؟ [""Das Arbeitsblatt ""Das Kursbuch ""Fragen ""Einen Stift"" 1,""كتاب الدورة."")] {...b,kind:""reading id:""lib-r-a2-13 level:""A2 titleDe:""Fahrrad für einen Tag titleAr:""دراجة ليوم categoryAr:""التنقل estimatedM","","","","",""
"sheet-14","2711","lib-r-a1-10-q2","library-reading","","lib-r-a1-10","src/data/library-batch5.ts","zwölf ""Raum achtzehn"" 0,""الغرفة8.""),q(""lib-r-a1-10-q2 ""Was braucht man nicht? ""ما غير المطلوب؟ [""Das Arbeitsblatt ""Das Kursbuch ""Fragen ""Einen Stift"" 1,""كتاب الدورة."")] {...b,kind:""reading id:""lib-r-a2-13 level:""A2 titleDe:""Fahrrad für einen Tag titleAr:""دراجة ليوم categoryAr:""التنقل estimatedMinutes:6,textDe:""Am Bahnhof können Reisende Fahrräder für einen Tag ausleihen. Die Ausleihe kostet zwölf Euro und endet späte","","","","",""
"sheet-14","2712","lib-r-a1-11-q1","library-reading","","lib-r-a1-11","src/data/library-batch6.ts","""موعد دورة ووثائق وتكلفة. questions:[q(""lib-r-a1-11-q1 ""An welchen Tagen ist der Kurs? ""أي أيام؟ [""Montag und Donnerstag ""Dienstag und Freitag ""Nur Samstag ""Mittwoch und Sonntag"" 0,""الاثنين والخميس.""),q(""lib-r-a1-11-q2 ""Was ist nicht im Preis? ""ما غير المشمول؟ [""Der Unterricht ""Das Formular ""Das Buch ""Die Anmeldung"" 2,""الكتاب."")] {...b,kind:""reading id:""lib-r-a1-12 level:""A1 titleDe:""Regeln im Stadtpark titleAr:""قواع","","","","",""
"sheet-14","2713","lib-r-a1-11-q2","library-reading","","lib-r-a1-11","src/data/library-batch6.ts","h und Sonntag"" 0,""الاثنين والخميس.""),q(""lib-r-a1-11-q2 ""Was ist nicht im Preis? ""ما غير المشمول؟ [""Der Unterricht ""Das Formular ""Das Buch ""Die Anmeldung"" 2,""الكتاب."")] {...b,kind:""reading id:""lib-r-a1-12 level:""A1 titleDe:""Regeln im Stadtpark titleAr:""قواعد حديقة المدينة categoryAr:""وقت الفراغ estimatedMinutes:4,textDe:""Der Stadtpark ist jeden Tag von sechs bis zweiundzwanzig Uhr geöffnet. Fahrräder dürfen nur auf de","","","","",""
"sheet-14","2714","lib-r-a1-12-q1","library-reading","","lib-r-a1-12","src/data/library-batch6.ts","الدراجات والكلاب والشواء. questions:[q(""lib-r-a1-12-q1 ""Wo ist Grillen erlaubt? ""أين الشواء؟ [""Überall ""Auf der markierten Wiese ""Am Eingang ""Auf dem Fahrradweg"" 1,""في المساحة المحددة.""),q(""lib-r-a1-12-q2 ""Wann schließt der Park? ""متى يغلق؟ [""Um sechs Uhr ""Um achtzehn Uhr ""Um zweiundzwanzig Uhr ""Um Mitternacht"" 2,""العاشرة مساء."")] {...b,kind:""reading id:""lib-r-a2-16 level:""A2 titleDe:""Paket in der Abholstation titleA","","","","",""
"sheet-14","2715","lib-r-a1-12-q2","library-reading","","lib-r-a1-12","src/data/library-batch6.ts","Fahrradweg"" 1,""في المساحة المحددة.""),q(""lib-r-a1-12-q2 ""Wann schließt der Park? ""متى يغلق؟ [""Um sechs Uhr ""Um achtzehn Uhr ""Um zweiundzwanzig Uhr ""Um Mitternacht"" 2,""العاشرة مساء."")] {...b,kind:""reading id:""lib-r-a2-16 level:""A2 titleDe:""Paket in der Abholstation titleAr:""طرد في محطة استلام categoryAr:""الخدمات estimatedMinutes:6,textDe:""Leas Paket konnte nicht zu Hause zugestellt werden. Es liegt ab Dienstag um zwölf","","","","",""
"sheet-14","2716","lib-r-a1-13-q1","library-reading","","lib-r-a1-13","src/data/library-batch7.ts","Ar:""موقع وسعر ومدة خزانة. questions:[q(""lib-r-a1-13-q1 ""Was kostet ein großes Fach? ""كم الكبيرة؟ [""Drei Euro ""Vier Euro ""Fünf Euro ""Zwanzig Euro"" 2,""خمسة.""),q(""lib-r-a1-13-q2 ""Bis wann ist der Informationsschalter am Bahnhof geöffnet? ""حتى أي وقت يبقى شباك المعلومات مفتوحًا؟ [""Um acht Uhr ""Um fünfzehn Uhr ""Um zwanzig Uhr ""Um Mitternacht"" 2,""الثامنة مساء."")] {...b,kind:""reading id:""lib-r-a1-14 level:""A1 titleDe:""Der M","","","","",""
"sheet-14","2717","lib-r-a1-13-q2","library-reading","","lib-r-a1-13","src/data/library-batch7.ts","Fünf Euro ""Zwanzig Euro"" 2,""خمسة.""),q(""lib-r-a1-13-q2 ""Bis wann ist der Informationsschalter am Bahnhof geöffnet? ""حتى أي وقت يبقى شباك المعلومات مفتوحًا؟ [""Um acht Uhr ""Um fünfzehn Uhr ""Um zwanzig Uhr ""Um Mitternacht"" 2,""الثامنة مساء."")] {...b,kind:""reading id:""lib-r-a1-14 level:""A1 titleDe:""Der Musikverein titleAr:""نادي الموسيقى categoryAr:""وقت الفراغ estimatedMinutes:4,textDe:""Der Musikverein trifft sich jeden Mit","","","","",""
"sheet-14","2718","lib-r-a1-14-q1","library-reading","","lib-r-a1-14","src/data/library-batch7.ts","""موعد وتجربة وتكلفة نادي. questions:[q(""lib-r-a1-14-q1 ""Wie oft ist die erste Teilnahme kostenlos? ""كم مرة مجانية؟ [""Einmal ""Zweimal ""Dreimal ""Immer"" 1,""مرتان.""),q(""lib-r-a1-14-q2 ""Was bringt man selbst mit? ""ماذا يحضر؟ [""Ein Instrument ""Ein Notenheft ""Einen Stuhl ""Einen Schlüssel"" 1,""دفتر النوتة."")] {...b,kind:""reading id:""lib-r-a2-19 level:""A2 titleDe:""Abendmarkt am Freitag titleAr:""سوق مساء الجمعة categoryAr:""التس","","","","",""
"sheet-14","2719","lib-r-a1-14-q2","library-reading","","lib-r-a1-14","src/data/library-batch7.ts","eimal ""Dreimal ""Immer"" 1,""مرتان.""),q(""lib-r-a1-14-q2 ""Was bringt man selbst mit? ""ماذا يحضر؟ [""Ein Instrument ""Ein Notenheft ""Einen Stuhl ""Einen Schlüssel"" 1,""دفتر النوتة."")] {...b,kind:""reading id:""lib-r-a2-19 level:""A2 titleDe:""Abendmarkt am Freitag titleAr:""سوق مساء الجمعة categoryAr:""التسوق estimatedMinutes:6,textDe:""Von Mai bis September gibt es jeden Freitag einen Abendmarkt auf dem Rathausplatz. Er beginnt um ","","","","",""
"sheet-14","2720","lib-r-a1-15-q1","library-reading","","lib-r-a1-15","src/data/library-batch8.ts","واعيد وخدمات ورشة دراجات. questions:[q(""lib-r-a1-15-q1 ""Wann ist die Werkstatt geöffnet? ""متى تفتح؟ [""Montag bis Freitag ""Dienstag bis Samstag ""Nur Sonntag ""Jeden Tag"" 1,""من الثلاثاء للسبت.""),q(""lib-r-a1-15-q2 ""Was kostet zehn Euro? ""ما الذي يكلف10؟ [""Ein neues Fahrrad ""Die Kontrolle von Bremsen und Licht ""Jede große Reparatur ""Ein Termin"" 1,""فحص المكابح والضوء."")] {...b,kind:""reading id:""lib-r-a1-16 level:""A1 titleD","","","","",""
"sheet-14","2721","lib-r-a1-15-q2","library-reading","","lib-r-a1-15","src/data/library-batch8.ts",",""Jeden Tag"" 1,""من الثلاثاء للسبت.""),q(""lib-r-a1-15-q2 ""Was kostet zehn Euro? ""ما الذي يكلف10؟ [""Ein neues Fahrrad ""Die Kontrolle von Bremsen und Licht ""Jede große Reparatur ""Ein Termin"" 1,""فحص المكابح والضوء."")] {...b,kind:""reading id:""lib-r-a1-16 level:""A1 titleDe:""Einladung zum Abendessen titleAr:""دعوة إلى العشاء categoryAr:""العلاقات estimatedMinutes:4,textDe:""Hallo Rami, wir essen am Freitag um neunzehn Uhr zusam","","","","",""
"sheet-14","2722","lib-r-a1-16-q1","library-reading","","lib-r-a1-16","src/data/library-batch8.ts","r:""دعوة ووقت وطعام وطريق. questions:[q(""lib-r-a1-16-q1 ""Wann ist das Essen? ""متى العشاء؟ [""Freitag 19 Uhr ""Samstag 18 Uhr ""Freitag 17 Uhr ""Sonntagmittag"" 0,""الجمعة19.""),q(""lib-r-a1-16-q2 ""Was soll Rami mitbringen? ""ماذا يحضر؟ [""Reis ""Salat ""Nichts ""Getränke"" 2,""لا شيء."")] {...b,kind:""reading id:""lib-r-a2-22 level:""A2 titleDe:""Termin im Bürgerbüro titleAr:""موعد في المكتب البلدي categoryAr:""الخدمات estimatedMinutes:6,t","","","","",""
"sheet-14","2723","lib-r-a1-16-q2","library-reading","","lib-r-a1-16","src/data/library-batch8.ts","Uhr ""Sonntagmittag"" 0,""الجمعة19.""),q(""lib-r-a1-16-q2 ""Was soll Rami mitbringen? ""ماذا يحضر؟ [""Reis ""Salat ""Nichts ""Getränke"" 2,""لا شيء."")] {...b,kind:""reading id:""lib-r-a2-22 level:""A2 titleDe:""Termin im Bürgerbüro titleAr:""موعد في المكتب البلدي categoryAr:""الخدمات estimatedMinutes:6,textDe:""Für einen neuen Ausweis hat Nadja online einen Termin am Mittwoch um elf Uhr gebucht. Sie soll zehn Minuten früher kommen und e","","","","",""
"sheet-14","2724","lib-r-a2-01-q1","library-reading","","lib-r-a2-01","src/data/library-batch1.ts","شروط إعارة أجهزة تعليمية. questions:[q(""lib-r-a2-01-q1 ""Wann kann die Ausleihe verlängert werden? ""متى تمدد؟ [""Immer automatisch ""Wenn niemand wartet ""Nur am Wochenende ""Nach einer Gebühr"" 1,""إذا لم توجد قائمة انتظار.""),q(""lib-r-a2-01-q2 ""Wo muss das Tablet zurückgegeben werden? ""أين يعاد؟ [""Im Rückgabekasten ""Am Schalter ""Per Post ""Im Café"" 1,""عند الشباك."")] {...base,kind:""reading id:""lib-r-a2-02 level:""A2 titleDe:""","","","","",""
"sheet-14","2725","lib-r-a2-01-q2","library-reading","","lib-r-a2-01","src/data/library-batch1.ts","bühr"" 1,""إذا لم توجد قائمة انتظار.""),q(""lib-r-a2-01-q2 ""Wo muss das Tablet zurückgegeben werden? ""أين يعاد؟ [""Im Rückgabekasten ""Am Schalter ""Per Post ""Im Café"" 1,""عند الشباك."")] {...base,kind:""reading id:""lib-r-a2-02 level:""A2 titleDe:""Der falsche Koffer titleAr:""الحقيبة الخطأ categoryAr:""السفر estimatedMinutes:6,textDe:""Nach der Zugfahrt nahm David am Gepäckregal einen schwarzen Koffer mit. Erst im Hotel bemerkte e","","","","",""
"sheet-14","2726","lib-r-a2-02-q1","library-reading","","lib-r-a2-02","src/data/library-batch1.ts","""تبديل حقيبتين متشابهتين. questions:[q(""lib-r-a2-02-q1 ""Woran erkannte David seinen eigenen Koffer? ""كيف يميزه؟ [""An einem gelben Band ""An zwei Rädern ""An einem Schloss ""An der Größe"" 0,""شريط أصفر.""),q(""lib-r-a2-02-q2 ""Was macht David jetzt anders? ""ماذا يفعل الآن؟ [""Er reist ohne Koffer ""Er nutzt eine Namenskarte und rotes Band ""Er kauft nur gelbe Koffer ""Er fährt nicht mehr Zug"" 1,""اسم وشريط بارز."")] {...base,kind:","","","","",""
"sheet-14","2727","lib-r-a2-02-q2","library-reading","","lib-r-a2-02","src/data/library-batch1.ts","loss ""An der Größe"" 0,""شريط أصفر.""),q(""lib-r-a2-02-q2 ""Was macht David jetzt anders? ""ماذا يفعل الآن؟ [""Er reist ohne Koffer ""Er nutzt eine Namenskarte und rotes Band ""Er kauft nur gelbe Koffer ""Er fährt nicht mehr Zug"" 1,""اسم وشريط بارز."")] {...base,kind:""reading id:""lib-r-a2-03 level:""A2 titleDe:""Ein Kurs mit zwei Formen titleAr:""دورة بصيغتين categoryAr:""التعلم estimatedMinutes:6,textDe:""Der Deutschkurs findet norm","","","","",""
"sheet-14","2728","lib-r-a2-03-q1","library-reading","","lib-r-a2-03","src/data/library-batch1.ts","ة حضورية مع مشاركة رقمية. questions:[q(""lib-r-a2-03-q1 ""Bis wann soll man Online-Teilnahme melden? ""حتى متى؟ [""Montagabend ""Dienstagmorgen ""Freitagmittag ""Nach dem Kurs"" 0,""حتى مساء الاثنين.""),q(""lib-r-a2-03-q2 ""Wann treffen sich alle vor Ort? ""متى يجتمع الجميع؟ [""Jede Woche ""Einmal im Monat ""Nur am Kursende ""Nie"" 1,""مرة شهريًا."")] {...base,kind:""reading id:""lib-r-b1-01 level:""B1 titleDe:""Ein Garten mit neuen Regeln ","","","","",""
"sheet-14","2729","lib-r-a2-03-q2","library-reading","","lib-r-a2-03","src/data/library-batch1.ts","ach dem Kurs"" 0,""حتى مساء الاثنين.""),q(""lib-r-a2-03-q2 ""Wann treffen sich alle vor Ort? ""متى يجتمع الجميع؟ [""Jede Woche ""Einmal im Monat ""Nur am Kursende ""Nie"" 1,""مرة شهريًا."")] {...base,kind:""reading id:""lib-r-b1-01 level:""B1 titleDe:""Ein Garten mit neuen Regeln titleAr:""حديقة بقواعد جديدة categoryAr:""المجتمع estimatedMinutes:8,textDe:""Im Gemeinschaftsgarten übernahmen lange Zeit dieselben sechs Personen fast alle A","","","","",""
"sheet-14","2730","lib-r-a2-04-q1","library-reading","","lib-r-a2-04","src/data/library-batch2.ts","وتقدير تكلفة وقطعة بديلة. questions:[q(""lib-r-a2-04-q1 ""Was erhielt Mina am Mittwoch? ""ماذا وصل الأربعاء؟ [""Eine neue Maschine ""Einen Kostenvoranschlag ""Eine Rechnung für Kaffee ""Das Ersatzteil"" 1,""تقدير 45 يورو.""),q(""lib-r-a2-04-q2 ""Wann bezahlt Mina? ""متى تدفع؟ [""Bei der Abgabe ""Am Mittwoch ""Bei der Abholung ""Vor der Bestellung"" 2,""عند الاستلام."")] {...base,kind:""reading id:""lib-r-a2-05 level:""A2 titleDe:""Das neue ","","","","",""
"sheet-14","2731","lib-r-a2-04-q2","library-reading","","lib-r-a2-04","src/data/library-batch2.ts","""Das Ersatzteil"" 1,""تقدير 45 يورو.""),q(""lib-r-a2-04-q2 ""Wann bezahlt Mina? ""متى تدفع؟ [""Bei der Abgabe ""Am Mittwoch ""Bei der Abholung ""Vor der Bestellung"" 2,""عند الاستلام."")] {...base,kind:""reading id:""lib-r-a2-05 level:""A2 titleDe:""Das neue Monatsticket titleAr:""الاشتراك الشهري الجديد categoryAr:""التنقل estimatedMinutes:6,textDe:""Ab Juni gibt es ein neues Monatsticket für Bus und Straßenbahn. Es gilt im gesamten Sta","","","","",""
"sheet-14","2732","lib-r-a2-05-q1","library-reading","","lib-r-a2-05","src/data/library-batch2.ts","احية اشتراك ونقل الدراجة. questions:[q(""lib-r-a2-05-q1 ""Wo gilt das Ticket nicht? ""أين لا يصلح؟ [""Im Bus ""In der Straßenbahn ""Im Regionalzug ""Im Stadtgebiet"" 2,""ليس في القطار الإقليمي.""),q(""lib-r-a2-05-q2 ""Wann gilt die Fahrrad-Zeitregel nicht? ""متى لا تنطبق القاعدة؟ [""Am Wochenende ""Am Montag ""Vor neun Uhr täglich ""Im Juni"" 0,""نهاية الأسبوع."")] {...base,kind:""reading id:""lib-r-a2-06 level:""A2 titleDe:""Der Kurs fällt","","","","",""
"sheet-14","2733","lib-r-a2-05-q2","library-reading","","lib-r-a2-05","src/data/library-batch2.ts","gebiet"" 2,""ليس في القطار الإقليمي.""),q(""lib-r-a2-05-q2 ""Wann gilt die Fahrrad-Zeitregel nicht? ""متى لا تنطبق القاعدة؟ [""Am Wochenende ""Am Montag ""Vor neun Uhr täglich ""Im Juni"" 0,""نهاية الأسبوع."")] {...base,kind:""reading id:""lib-r-a2-06 level:""A2 titleDe:""Der Kurs fällt nicht aus titleAr:""الدورة لم تُلغَ categoryAr:""التعلم estimatedMinutes:6,textDe:""Wegen eines Wasserschadens kann der Computerkurs morgen nicht im Ler","","","","",""
"sheet-14","2734","lib-r-a2-06-q1","library-reading","","lib-r-a2-06","src/data/library-batch2.ts","دورة مؤقتًا إلى الإنترنت. questions:[q(""lib-r-a2-06-q1 ""Was ändert sich morgen? ""ما الذي يتغير؟ [""Die Uhrzeit ""Das Thema ""Der Ort und das Format ""Die Lehrerin"" 2,""يتحول أونلاين في نفس الوقت.""),q(""lib-r-a2-06-q2 ""Wo gibt es einen Computerplatz? ""أين يوجد حاسوب؟ [""Im Rathaus ""In der Stadtbibliothek ""Im Café ""Am Bahnhof"" 1,""في المكتبة."")] {...base,kind:""reading id:""lib-r-b1-04 level:""B1 titleDe:""Carsharing im Randvierte","","","","",""
"sheet-14","2735","lib-r-a2-06-q2","library-reading","","lib-r-a2-06","src/data/library-batch2.ts","in"" 2,""يتحول أونلاين في نفس الوقت.""),q(""lib-r-a2-06-q2 ""Wo gibt es einen Computerplatz? ""أين يوجد حاسوب؟ [""Im Rathaus ""In der Stadtbibliothek ""Im Café ""Am Bahnhof"" 1,""في المكتبة."")] {...base,kind:""reading id:""lib-r-b1-04 level:""B1 titleDe:""Carsharing im Randviertel titleAr:""مشاركة السيارات في الأطراف categoryAr:""التنقل estimatedMinutes:8,textDe:""Eine Carsharing-Firma stellte zunächst sechs Fahrzeuge im Stadtzentrum b","","","","",""
"sheet-14","2736","lib-r-a2-07-q1","library-reading","","lib-r-a2-07","src/data/library-batch3.ts","ryAr:""عمل تطوعي وخطة مطر. questions:[q(""lib-r-a2-07-q1 ""Was bringt der Verein? ""ماذا تجلب الجمعية؟ [""Essen und Schuhe ""Handschuhe und Farbe ""Neue Spielgeräte ""Regenschirme"" 1,""قفازات وطلاء.""),q(""lib-r-a2-07-q2 ""Was passiert bei starkem Regen? ""ماذا عند المطر؟ [""Die Aktion fällt endgültig aus ""Sie findet eine Woche später statt ""Alle arbeiten online ""Sie beginnt früher"" 1,""تؤجل أسبوعًا."")] {...b,kind:""reading id:""lib-","","","","",""
"sheet-14","2737","lib-r-a2-07-q2","library-reading","","lib-r-a2-07","src/data/library-batch3.ts","e ""Regenschirme"" 1,""قفازات وطلاء.""),q(""lib-r-a2-07-q2 ""Was passiert bei starkem Regen? ""ماذا عند المطر؟ [""Die Aktion fällt endgültig aus ""Sie findet eine Woche später statt ""Alle arbeiten online ""Sie beginnt früher"" 1,""تؤجل أسبوعًا."")] {...b,kind:""reading id:""lib-r-a2-08 level:""A2 titleDe:""Neuer Dienstplan titleAr:""جدول عمل جديد categoryAr:""العمل estimatedMinutes:6,textDe:""Ab nächstem Monat beginnt die Frühschicht um","","","","",""
"sheet-14","2738","lib-r-a2-08-q1","library-reading","","lib-r-a2-08","src/data/library-batch3.ts","""تغيير مناوبة وطلب مشروط. questions:[q(""lib-r-a2-08-q1 ""Was ändert sich? ""ما الذي يتغير؟ [""Die Frühschicht beginnt später ""Die Spätschicht endet früher ""Alle arbeiten nachts ""Der Freitag fällt aus"" 0,""البداية السابعة.""),q(""lib-r-a2-08-q2 ""Ist der Antrag automatisch genehmigt? ""هل الطلب مقبول آليًا؟ [""Ja, immer ""Nein, die Besetzung wird geprüft ""Nur am Montag ""Nur für die Leitung"" 1,""يفحص توفر الموظفين."")] {...b,kind:","","","","",""
"sheet-14","2739","lib-r-a2-08-q2","library-reading","","lib-r-a2-08","src/data/library-batch3.ts","tag fällt aus"" 0,""البداية السابعة.""),q(""lib-r-a2-08-q2 ""Ist der Antrag automatisch genehmigt? ""هل الطلب مقبول آليًا؟ [""Ja, immer ""Nein, die Besetzung wird geprüft ""Nur am Montag ""Nur für die Leitung"" 1,""يفحص توفر الموظفين."")] {...b,kind:""reading id:""lib-r-a2-09 level:""A2 titleDe:""Bus statt Zug titleAr:""حافلة بدل القطار categoryAr:""السفر estimatedMinutes:6,textDe:""Wegen Bauarbeiten fährt am Sonntag kein Zug zwischen N","","","","",""
"sheet-14","2740","lib-r-a2-09-q1","library-reading","","lib-r-a2-09","src/data/library-batch3.ts","ديل وتأخير وقيود الدراجة. questions:[q(""lib-r-a2-09-q1 ""Wie viel länger dauert die Fahrt? ""كم التأخير؟ [""Zehn Minuten ""Dreißig Minuten ""Eine Stunde ""Zwei Stunden"" 1,""نحو30 دقيقة.""),q(""lib-r-a2-09-q2 ""Was darf nicht in den Bus? ""ما الممنوع؟ [""Koffer ""Fahrräder ""Kinderwagen ""Fahrkarten"" 1,""الدراجات."")] {...b,kind:""reading id:""lib-r-b1-07 level:""B1 titleDe:""Mentoring für neue Mitarbeitende titleAr:""إرشاد الموظفين الجدد ","","","","",""
"sheet-14","2741","lib-r-a2-09-q2","library-reading","","lib-r-a2-09","src/data/library-batch3.ts","de ""Zwei Stunden"" 1,""نحو30 دقيقة.""),q(""lib-r-a2-09-q2 ""Was darf nicht in den Bus? ""ما الممنوع؟ [""Koffer ""Fahrräder ""Kinderwagen ""Fahrkarten"" 1,""الدراجات."")] {...b,kind:""reading id:""lib-r-b1-07 level:""B1 titleDe:""Mentoring für neue Mitarbeitende titleAr:""إرشاد الموظفين الجدد categoryAr:""العمل estimatedMinutes:8,textDe:""Ein Unternehmen führte ein Mentoringprogramm für neue Mitarbeitende ein. Anfangs wurden Paare nur na","","","","",""
"sheet-14","2742","lib-r-a2-10-q1","library-reading","","lib-r-a2-10","src/data/library-batch4.ts","احة والدراجات والمناسبات. questions:[q(""lib-r-a2-10-q1 ""Warum gibt es markierte Fahrradplätze? ""لماذا؟ [""Damit die Kellertür frei bleibt ""Damit Kinder nicht spielen ""Weil Fahrräder verkauft werden ""Wegen des Müllraums"" 0,""لإبقاء المدخل مفتوحًا.""),q(""lib-r-a2-10-q2 ""Wann muss ein großes Fest angekündigt werden? ""متى يعلن؟ [""Am selben Abend ""Drei Tage vorher ""Einen Monat vorher ""Nach dem Fest"" 1,""قبل ثلاثة أيام."")] {..","","","","",""
"sheet-14","2743","lib-r-a2-10-q2","library-reading","","lib-r-a2-10","src/data/library-batch4.ts","llraums"" 0,""لإبقاء المدخل مفتوحًا.""),q(""lib-r-a2-10-q2 ""Wann muss ein großes Fest angekündigt werden? ""متى يعلن؟ [""Am selben Abend ""Drei Tage vorher ""Einen Monat vorher ""Nach dem Fest"" 1,""قبل ثلاثة أيام."")] {...b,kind:""reading id:""lib-r-a2-11 level:""A2 titleDe:""Wochenende am See titleAr:""نهاية أسبوع عند البحيرة categoryAr:""وقت الفراغ estimatedMinutes:6,textDe:""Nora und ihre Freunde fahren am Samstagmorgen mit dem Bus","","","","",""
"sheet-14","2744","lib-r-a2-11-q1","library-reading","","lib-r-a2-11","src/data/library-batch4.ts","يم بسبب المطر وخطة بديلة. questions:[q(""lib-r-a2-11-q1 ""Warum zelten sie nicht? ""لماذا لا يخيمون؟ [""Wegen starken Regens ""Wegen hoher Preise ""Weil der Bus ausfällt ""Weil der See geschlossen ist"" 0,""مطر ليلي.""),q(""lib-r-a2-11-q2 ""Was machen sie bei starkem Wind? ""ماذا عند الريح؟ [""Sie fahren Rad ""Sie besuchen ein Museum ""Sie fahren sofort nach Hause ""Sie schwimmen"" 1,""متحف الطبيعة."")] {...b,kind:""reading id:""lib-r-a2-","","","","",""
"sheet-14","2745","lib-r-a2-11-q2","library-reading","","lib-r-a2-11","src/data/library-batch4.ts","See geschlossen ist"" 0,""مطر ليلي.""),q(""lib-r-a2-11-q2 ""Was machen sie bei starkem Wind? ""ماذا عند الريح؟ [""Sie fahren Rad ""Sie besuchen ein Museum ""Sie fahren sofort nach Hause ""Sie schwimmen"" 1,""متحف الطبيعة."")] {...b,kind:""reading id:""lib-r-a2-12 level:""A2 titleDe:""Nachricht aus dem Büro titleAr:""رسالة من المكتب categoryAr:""العمل estimatedMinutes:6,textDe:""Hallo Dalia, der Kunde hat den Termin am Dienstag bestätigt","","","","",""
"sheet-14","2746","lib-r-a2-12-q1","library-reading","","lib-r-a2-12","src/data/library-batch4.ts","ام ونسخة رسم بياني جديدة. questions:[q(""lib-r-a2-12-q1 ""Bis wann soll die Präsentation fertig sein? ""حتى متى؟ [""Freitag ""Montagmittag ""Dienstagabend ""Morgen früh"" 1,""الاثنين ظهرًا.""),q(""lib-r-a2-12-q2 ""Wer hilft bei Kostenfragen? ""من يساعد في التكلفة؟ [""Samir ""Der Kunde ""Lea ""Dalia"" 2,""ليا."")] {...b,kind:""reading id:""lib-r-b1-10 level:""B1 titleDe:""Längere Öffnung der Bibliothek titleAr:""تمديد فتح المكتبة categoryAr:""","","","","",""
"sheet-14","2747","lib-r-a2-12-q2","library-reading","","lib-r-a2-12","src/data/library-batch4.ts","d ""Morgen früh"" 1,""الاثنين ظهرًا.""),q(""lib-r-a2-12-q2 ""Wer hilft bei Kostenfragen? ""من يساعد في التكلفة؟ [""Samir ""Der Kunde ""Lea ""Dalia"" 2,""ليا."")] {...b,kind:""reading id:""lib-r-b1-10 level:""B1 titleDe:""Längere Öffnung der Bibliothek titleAr:""تمديد فتح المكتبة categoryAr:""الخدمات estimatedMinutes:8,textDe:""Die Stadtbibliothek testete acht Wochen lang zwei zusätzliche Abendstunden. Die Gesamtzahl der Besuche stieg um ","","","","",""
"sheet-14","2748","lib-r-a2-13-q1","library-reading","","lib-r-a2-13","src/data/library-batch5.ts","دراجة وإلغاء بسبب المطر. questions:[q(""lib-r-a2-13-q1 ""Was ist im Preis enthalten? ""ما المشمول؟ [""Helm und Schloss ""Eine Zugfahrkarte ""Essen ""Reparaturen für ein Jahr"" 0,""خوذة وقفل.""),q(""lib-r-a2-13-q2 ""Wann ist kostenlose Stornierung möglich? ""متى الإلغاء مجاني؟ [""Immer nach der Fahrt ""Bis zwei Stunden vorher bei starkem Regen ""Nur am nächsten Tag ""Nie"" 1,""قبل ساعتين عند المطر."")] {...b,kind:""reading id:""lib-r-a2-14","","","","",""
"sheet-14","2749","lib-r-a2-13-q2","library-reading","","lib-r-a2-13","src/data/library-batch5.ts","aturen für ein Jahr"" 0,""خوذة وقفل.""),q(""lib-r-a2-13-q2 ""Wann ist kostenlose Stornierung möglich? ""متى الإلغاء مجاني؟ [""Immer nach der Fahrt ""Bis zwei Stunden vorher bei starkem Regen ""Nur am nächsten Tag ""Nie"" 1,""قبل ساعتين عند المطر."")] {...b,kind:""reading id:""lib-r-a2-14 level:""A2 titleDe:""Ein Nachmittag für neue Nachbarn titleAr:""بعد ظهر للجيران الجدد categoryAr:""الحي estimatedMinutes:6,textDe:""Das Nachbarschaftsh","","","","",""
"sheet-14","2750","lib-r-a2-14-q1","library-reading","","lib-r-a2-14","src/data/library-batch5.ts","مجاني مع ترجمة عند الطلب. questions:[q(""lib-r-a2-14-q1 ""Was kostet der Eintritt? ""كم الدخول؟ [""Fünf Euro ""Zehn Euro ""Nichts ""Nur Kinder zahlen"" 2,""مجاني.""),q(""lib-r-a2-14-q2 ""Bis wann meldet man Übersetzungsbedarf? ""حتى متى؟ [""Donnerstag ""Samstagabend ""Sonntagnachmittag ""Nach der Veranstaltung"" 0,""حتى الخميس."")] {...b,kind:""reading id:""lib-r-a2-15 level:""A2 titleDe:""Krankmeldung im Team titleAr:""إبلاغ الفريق بالغياب ","","","","",""
"sheet-14","2751","lib-r-a2-14-q2","library-reading","","lib-r-a2-14","src/data/library-batch5.ts","hts ""Nur Kinder zahlen"" 2,""مجاني.""),q(""lib-r-a2-14-q2 ""Bis wann meldet man Übersetzungsbedarf? ""حتى متى؟ [""Donnerstag ""Samstagabend ""Sonntagnachmittag ""Nach der Veranstaltung"" 0,""حتى الخميس."")] {...b,kind:""reading id:""lib-r-a2-15 level:""A2 titleDe:""Krankmeldung im Team titleAr:""إبلاغ الفريق بالغياب categoryAr:""العمل estimatedMinutes:6,textDe:""Mara kann am Dienstag nicht arbeiten und informiert ihre Teamleitung am frü","","","","",""
"sheet-14","2752","lib-r-a2-15-q1","library-reading","","lib-r-a2-15","src/data/library-batch5.ts","ياب موظفة دون نصيحة طبية. questions:[q(""lib-r-a2-15-q1 ""Wer übernimmt den Kundentermin? ""من يتولى الموعد؟ [""Mara ""Ben ""Die Kundin ""Niemand"" 1,""بن.""),q(""lib-r-a2-15-q2 ""Wann ist die interne Sitzung jetzt? ""متى الاجتماع؟ [""Dienstag ""Mittwoch ""Donnerstag ""Freitag"" 2,""الخميس."")] {...b,kind:""reading id:""lib-r-b1-13 level:""B1 titleDe:""Solarstrom gemeinsam nutzen titleAr:""مشاركة الطاقة الشمسية categoryAr:""البيئة estimatedMi","","","","",""
"sheet-14","2753","lib-r-a2-15-q2","library-reading","","lib-r-a2-15","src/data/library-batch5.ts","Ben ""Die Kundin ""Niemand"" 1,""بن.""),q(""lib-r-a2-15-q2 ""Wann ist die interne Sitzung jetzt? ""متى الاجتماع؟ [""Dienstag ""Mittwoch ""Donnerstag ""Freitag"" 2,""الخميس."")] {...b,kind:""reading id:""lib-r-b1-13 level:""B1 titleDe:""Solarstrom gemeinsam nutzen titleAr:""مشاركة الطاقة الشمسية categoryAr:""البيئة estimatedMinutes:8,textDe:""Eine Hausgemeinschaft installierte Solarmodule auf dem gemeinsamen Dach. Zunächst sollte der Strom","","","","",""
"sheet-14","2754","lib-r-a2-16-q1","library-reading","","lib-r-a2-16","src/data/library-batch6.ts","طرد برمز خلال سبعة أيام. questions:[q(""lib-r-a2-16-q1 ""Was braucht Lea? ""ماذا تحتاج؟ [""Code und Ausweis ""Nur Geld ""Einen Drucker ""Eine Fahrkarte"" 0,""الرمز والهوية.""),q(""lib-r-a2-16-q2 ""Was passiert nach sieben Tagen? ""ماذا بعد7 أيام؟ [""Das Paket bleibt für immer ""Es geht zurück ""Es wird kostenlos gebracht ""Der Code wird gedruckt"" 1,""يعود للمرسل."")] {...b,kind:""reading id:""lib-r-a2-17 level:""A2 titleDe:""Eine Nacht spä","","","","",""
"sheet-14","2755","lib-r-a2-16-q2","library-reading","","lib-r-a2-16","src/data/library-batch6.ts","""Eine Fahrkarte"" 0,""الرمز والهوية.""),q(""lib-r-a2-16-q2 ""Was passiert nach sieben Tagen? ""ماذا بعد7 أيام؟ [""Das Paket bleibt für immer ""Es geht zurück ""Es wird kostenlos gebracht ""Der Code wird gedruckt"" 1,""يعود للمرسل."")] {...b,kind:""reading id:""lib-r-a2-17 level:""A2 titleDe:""Eine Nacht später titleAr:""ليلة بعد الموعد categoryAr:""السفر estimatedMinutes:6,textDe:""Wegen eines Zugausfalls kommt Familie Yilmaz erst am Sa","","","","",""
"sheet-14","2756","lib-r-a2-17-q1","library-reading","","lib-r-a2-17","src/data/library-batch6.ts","غيير وصول مع تعديل تكلفة. questions:[q(""lib-r-a2-17-q1 ""Wann kommt die Familie an? ""متى تصل؟ [""Donnerstag ""Freitag ""Samstag ""Sonntag"" 2,""السبت.""),q(""lib-r-a2-17-q2 ""Wann ist Frühstück inklusive? ""متى الإفطار مشمول؟ [""Ab Freitag ""Ab Samstag ""Ab Sonntag ""Nur Dienstag"" 2,""من الأحد."")] {...b,kind:""reading id:""lib-r-a2-18 level:""A2 titleDe:""Hilfe beim Lesefest titleAr:""مساعدة في مهرجان قراءة categoryAr:""المشاركة estimated","","","","",""
"sheet-14","2757","lib-r-a2-17-q2","library-reading","","lib-r-a2-17","src/data/library-batch6.ts","tag ""Samstag ""Sonntag"" 2,""السبت.""),q(""lib-r-a2-17-q2 ""Wann ist Frühstück inklusive? ""متى الإفطار مشمول؟ [""Ab Freitag ""Ab Samstag ""Ab Sonntag ""Nur Dienstag"" 2,""من الأحد."")] {...b,kind:""reading id:""lib-r-a2-18 level:""A2 titleDe:""Hilfe beim Lesefest titleAr:""مساعدة في مهرجان قراءة categoryAr:""المشاركة estimatedMinutes:6,textDe:""Für das Lesefest sucht die Bibliothek freiwillige Helfer. Am Vormittag werden Bücher und Stüh","","","","",""
"sheet-14","2758","lib-r-a2-18-q1","library-reading","","lib-r-a2-18","src/data/library-batch6.ts","طوع بمهمتين وتعويض محتمل. questions:[q(""lib-r-a2-18-q1 ""Was machen Helfer am Nachmittag? ""ماذا يفعلون مساء؟ [""Sie kaufen Bücher ""Sie begleiten Kindergruppen ""Sie schließen die Bibliothek ""Sie kochen"" 1,""يرافقون مجموعات.""),q(""lib-r-a2-18-q2 ""Sind Fahrtkosten garantiert? ""هل التعويض مضمون؟ [""Ja, immer vollständig ""Nein, nur möglicherweise nach Absprache ""Nur ohne Anmeldung ""Es gibt keine Information"" 1,""إمكانية بعد اتف","","","","",""
"sheet-14","2759","lib-r-a2-18-q2","library-reading","","lib-r-a2-18","src/data/library-batch6.ts","""Sie kochen"" 1,""يرافقون مجموعات.""),q(""lib-r-a2-18-q2 ""Sind Fahrtkosten garantiert? ""هل التعويض مضمون؟ [""Ja, immer vollständig ""Nein, nur möglicherweise nach Absprache ""Nur ohne Anmeldung ""Es gibt keine Information"" 1,""إمكانية بعد اتفاق."")] {...b,kind:""reading id:""lib-r-b1-16 level:""B1 titleDe:""Offene Werkstatt mit Einweisung titleAr:""ورشة مفتوحة مع تعليم categoryAr:""التقنية estimatedMinutes:8,textDe:""Ein Stadtlabor ö","","","","",""
"sheet-14","2760","lib-r-a2-19-q1","library-reading","","lib-r-a2-19","src/data/library-batch7.ts","yAr:""سوق موسمي وخطة رياح. questions:[q(""lib-r-a2-19-q1 ""In welchen Monaten gibt es den Markt? ""في أي أشهر؟ [""Nur im Winter ""Mai bis September ""Das ganze Jahr ""Oktober bis Dezember"" 1,""من مايو لسبتمبر.""),q(""lib-r-a2-19-q2 ""Was passiert bei starkem Wind? ""ماذا عند الريح؟ [""Der Markt fällt immer aus ""Er zieht in die Bahnhofshalle ""Er beginnt morgens ""Nur Musik fällt aus"" 1,""ينتقل للقاعة."")] {...b,kind:""reading id:""lib-r","","","","",""
"sheet-14","2761","lib-r-a2-19-q2","library-reading","","lib-r-a2-19","src/data/library-batch7.ts","bis Dezember"" 1,""من مايو لسبتمبر.""),q(""lib-r-a2-19-q2 ""Was passiert bei starkem Wind? ""ماذا عند الريح؟ [""Der Markt fällt immer aus ""Er zieht in die Bahnhofshalle ""Er beginnt morgens ""Nur Musik fällt aus"" 1,""ينتقل للقاعة."")] {...b,kind:""reading id:""lib-r-a2-20 level:""A2 titleDe:""Bescheinigung nach dem Kurs titleAr:""شهادة بعد الدورة categoryAr:""التعلم estimatedMinutes:6,textDe:""Teilnehmende bekommen eine Kursbescheinig","","","","",""
"sheet-14","2762","lib-r-a2-20-q1","library-reading","","lib-r-a2-20","src/data/library-batch7.ts","""شروط شهادة وتصحيح الاسم. questions:[q(""lib-r-a2-20-q1 ""Wie viele Termine muss man mindestens besuchen? ""كم موعدًا؟ [""Sechs ""Sieben ""Acht ""Zehn"" 2,""ثمانية من عشرة.""),q(""lib-r-a2-20-q2 ""Wann kommt die Bescheinigung? ""متى تصل؟ [""Am ersten Kurstag ""Eine Woche nach Kursende ""Nach einem Jahr ""Vor dem Projekt"" 1,""بعد أسبوع."")] {...b,kind:""reading id:""lib-r-a2-21 level:""A2 titleDe:""Wohnung für drei Monate titleAr:""شقة لثلاث","","","","",""
"sheet-14","2763","lib-r-a2-20-q2","library-reading","","lib-r-a2-20","src/data/library-batch7.ts","""Acht ""Zehn"" 2,""ثمانية من عشرة.""),q(""lib-r-a2-20-q2 ""Wann kommt die Bescheinigung? ""متى تصل؟ [""Am ersten Kurstag ""Eine Woche nach Kursende ""Nach einem Jahr ""Vor dem Projekt"" 1,""بعد أسبوع."")] {...b,kind:""reading id:""lib-r-a2-21 level:""A2 titleDe:""Wohnung für drei Monate titleAr:""شقة لثلاثة أشهر categoryAr:""السكن estimatedMinutes:6,textDe:""Samir sucht für drei Monate eine möblierte Wohnung. Ein Angebot liegt nahe an se","","","","",""
"sheet-14","2764","lib-r-a2-21-q1","library-reading","","lib-r-a2-21","src/data/library-batch7.ts","""مقارنة سكنين قبل القرار. questions:[q(""lib-r-a2-21-q1 ""Was ist der Nachteil der günstigeren Wohnung? ""ما عيب الأرخص؟ [""Keine Möbel ""Seltener Bus am Abend ""Zu nah an der Arbeit ""Nur ein Monat"" 1,""الحافلة كل ساعة.""),q(""lib-r-a2-21-q2 ""Wann entscheidet Samir? ""متى يقرر؟ [""Sofort ohne Besichtigung ""Erst nach den Besichtigungen und Fragen ""Vor Samstag ""Nie"" 1,""بعد الزيارة والأسئلة."")] {...b,kind:""reading id:""lib-r-b1-19 ","","","","",""
"sheet-14","2765","lib-r-a2-21-q2","library-reading","","lib-r-a2-21","src/data/library-batch7.ts","Nur ein Monat"" 1,""الحافلة كل ساعة.""),q(""lib-r-a2-21-q2 ""Wann entscheidet Samir? ""متى يقرر؟ [""Sofort ohne Besichtigung ""Erst nach den Besichtigungen und Fragen ""Vor Samstag ""Nie"" 1,""بعد الزيارة والأسئلة."")] {...b,kind:""reading id:""lib-r-b1-19 level:""B1 titleDe:""Ein Beirat mit offenen Plätzen titleAr:""مجلس بمقاعد شاغرة categoryAr:""المشاركة estimatedMinutes:8,textDe:""Ein Stadtteilbeirat besteht aus zwölf ausgelosten Per","","","","",""
"sheet-14","2766","lib-r-a2-22-q1","library-reading","","lib-r-a2-22","src/data/library-batch8.ts","موعد ووثائق وسياسة إلغاء. questions:[q(""lib-r-a2-22-q1 ""Was soll Nadja mitbringen? ""ماذا تحضر؟ [""Ein aktuelles Foto ""Ein Fahrrad ""Ein Kursbuch ""Eine Fahrkarte"" 0,""صورة حديثة.""),q(""lib-r-a2-22-q2 ""Bis wann soll sie absagen? ""حتى متى تلغي؟ [""Am selben Abend ""Spätestens am Vortag ""Eine Woche danach ""Nur persönlich"" 1,""قبل الموعد بيوم."")] {...b,kind:""reading id:""lib-r-a2-23 level:""A2 titleDe:""Das Paket ist beschädigt tit","","","","",""
"sheet-14","2767","lib-r-a2-22-q2","library-reading","","lib-r-a2-22","src/data/library-batch8.ts","h ""Eine Fahrkarte"" 0,""صورة حديثة.""),q(""lib-r-a2-22-q2 ""Bis wann soll sie absagen? ""حتى متى تلغي؟ [""Am selben Abend ""Spätestens am Vortag ""Eine Woche danach ""Nur persönlich"" 1,""قبل الموعد بيوم."")] {...b,kind:""reading id:""lib-r-a2-23 level:""A2 titleDe:""Das Paket ist beschädigt titleAr:""الطرد متضرر categoryAr:""التسوق estimatedMinutes:6,textDe:""Als Karim sein Paket öffnete, war eine Tasse zerbrochen. Die äußere Verpackun","","","","",""
"sheet-14","2768","lib-r-a2-23-q1","library-reading","","lib-r-a2-23","src/data/library-batch8.ts","""توثيق ضرر واختيار تعويض. questions:[q(""lib-r-a2-23-q1 ""Was fotografierte Karim? ""ماذا صور؟ [""Nur den Händler ""Paket, Etikett und Tasse ""Sein Zimmer ""Die Postfiliale"" 1,""الثلاثة.""),q(""lib-r-a2-23-q2 ""Warum wählte er Ersatz? ""لماذا البديل؟ [""Die Rückzahlung war verboten ""Das Produkt war ein Geschenk ""Er brauchte zwei Tassen ""Der Händler antwortete nicht"" 1,""هدية."")] {...b,kind:""reading id:""lib-r-a2-24 level:""A2 titleD","","","","",""
"sheet-14","2769","lib-r-a2-23-q2","library-reading","","lib-r-a2-23","src/data/library-batch8.ts","mer ""Die Postfiliale"" 1,""الثلاثة.""),q(""lib-r-a2-23-q2 ""Warum wählte er Ersatz? ""لماذا البديل؟ [""Die Rückzahlung war verboten ""Das Produkt war ein Geschenk ""Er brauchte zwei Tassen ""Der Händler antwortete nicht"" 1,""هدية."")] {...b,kind:""reading id:""lib-r-a2-24 level:""A2 titleDe:""Ausflug mit der Klasse titleAr:""رحلة الصف categoryAr:""التعلم estimatedMinutes:6,textDe:""Die Klasse besucht am Dienstag ein Technikmuseum. Der ","","","","",""
"sheet-14","2770","lib-r-a2-24-q1","library-reading","","lib-r-a2-24","src/data/library-batch8.ts",":""خطة رحلة ومعلومة طوارئ. questions:[q(""lib-r-a2-24-q1 ""Wann ist der Treffpunkt? ""متى اللقاء؟ [""7:50 Uhr ""8:10 Uhr ""10 Uhr ""11:30 Uhr"" 0,""7:50.""),q(""lib-r-a2-24-q2 ""Wie lange dauert die Führung? ""كم الجولة؟ [""30 Minuten ""60 Minuten ""90 Minuten ""120 Minuten"" 2,""90 دقيقة."")] {...b,kind:""reading id:""lib-r-b1-22 level:""B1 titleDe:""Kühle Orte im Sommer titleAr:""أماكن باردة في الصيف categoryAr:""المدينة estimatedMinutes:8,t","","","","",""
"sheet-14","2771","lib-r-a2-24-q2","library-reading","","lib-r-a2-24","src/data/library-batch8.ts","Uhr ""10 Uhr ""11:30 Uhr"" 0,""7:50.""),q(""lib-r-a2-24-q2 ""Wie lange dauert die Führung? ""كم الجولة؟ [""30 Minuten ""60 Minuten ""90 Minuten ""120 Minuten"" 2,""90 دقيقة."")] {...b,kind:""reading id:""lib-r-b1-22 level:""B1 titleDe:""Kühle Orte im Sommer titleAr:""أماكن باردة في الصيف categoryAr:""المدينة estimatedMinutes:8,textDe:""Eine Stadt veröffentlichte eine Karte mit öffentlich zugänglichen, kühleren Orten. Bibliotheken, Bürgerh","","","","",""
"sheet-14","2772","lib-r-b1-01-q1","library-reading","","lib-r-b1-01","src/data/library-batch1.ts","توزيع مهام حديقة مشتركة. questions:[q(""lib-r-b1-01-q1 ""Warum arbeiteten immer dieselben Personen? ""لماذا؟ [""Andere durften nicht ""Viele kannten nötige Aufgaben nicht ""Die Ernte war verboten ""Es gab keine Mitglieder"" 1,""غياب وضوح المهام.""),q(""lib-r-b1-01-q2 ""Was wird weiter geprüft? ""ما الذي يفحص؟ [""Ob Schichtarbeitende passende Aufgaben finden ""Ob der Garten verkauft wird ""Ob nur sechs Personen bleiben ""Ob die Wand e","","","","",""
"sheet-14","2773","lib-r-b1-01-q2","library-reading","","lib-r-b1-01","src/data/library-batch1.ts","e Mitglieder"" 1,""غياب وضوح المهام.""),q(""lib-r-b1-01-q2 ""Was wird weiter geprüft? ""ما الذي يفحص؟ [""Ob Schichtarbeitende passende Aufgaben finden ""Ob der Garten verkauft wird ""Ob nur sechs Personen bleiben ""Ob die Wand entfernt wird"" 0,""ملاءمة عمال المناوبة."")] {...base,kind:""reading id:""lib-r-b1-02 level:""B1 titleDe:""Hybridarbeit nach dem Pilot titleAr:""العمل الهجين بعد التجربة categoryAr:""العمل estimatedMinutes:8,tex","","","","",""
"sheet-14","2774","lib-r-b1-02-q1","library-reading","","lib-r-b1-02","src/data/library-batch1.ts","ت لكنه يخفي فروق الأدوار. questions:[q(""lib-r-b1-02-q1 ""Was zeigte der Durchschnitt nicht? ""ما الذي أخفاه؟ [""Die Unternehmensgröße ""Unterschiede zwischen Rollen ""Die Zahl der Büros ""Den Wochentag"" 1,""الفروق حسب الدور.""),q(""lib-r-b1-02-q2 ""Was wird nun zusätzlich dokumentiert? ""ما الذي يوثق؟ [""Urlaubswünsche ""Spontane Präsenzarbeit ""Private Termine ""Kaffeepausen"" 1,""الحضور العفوي."")] {...base,kind:""reading id:""lib-r-b","","","","",""
"sheet-14","2775","lib-r-b1-02-q2","library-reading","","lib-r-b1-02","src/data/library-batch1.ts","en Wochentag"" 1,""الفروق حسب الدور.""),q(""lib-r-b1-02-q2 ""Was wird nun zusätzlich dokumentiert? ""ما الذي يوثق؟ [""Urlaubswünsche ""Spontane Präsenzarbeit ""Private Termine ""Kaffeepausen"" 1,""الحضور العفوي."")] {...base,kind:""reading id:""lib-r-b1-03 level:""B1 titleDe:""Reparieren statt wegwerfen titleAr:""الإصلاح بدل الرمي categoryAr:""الاستدامة estimatedMinutes:8,textDe:""Eine Initiative organisiert jeden zweiten Samstag ein Re","","","","",""
"sheet-14","2776","lib-r-b1-03-q1","library-reading","","lib-r-b1-03","src/data/library-batch1.ts","إصلاح بحدود سلامة واضحة. questions:[q(""lib-r-b1-03-q1 ""Welche Reparaturgarantie gibt die Werkstatt-Initiative ausdrücklich nicht? ""ما ضمان الإصلاح الذي لا تقدمه مبادرة الورشة؟ [""Eine sichere Erklärung ""Jede Reparatur erfolgreich abzuschließen ""Treffen am Samstag ""Hilfe bei Fahrrädern"" 1,""لا ضمان نجاح كل إصلاح.""),q(""lib-r-b1-03-q2 ""Was wird neben Reparaturen gezählt? ""ما الذي يقاس أيضًا؟ [""Nur Besucheralter ""Sichere E","","","","",""
"sheet-14","2777","lib-r-b1-03-q2","library-reading","","lib-r-b1-03","src/data/library-batch1.ts","rrädern"" 1,""لا ضمان نجاح كل إصلاح.""),q(""lib-r-b1-03-q2 ""Was wird neben Reparaturen gezählt? ""ما الذي يقاس أيضًا؟ [""Nur Besucheralter ""Sichere Empfehlungen und vermiedene Fehlkäufe ""Verkaufte Neugeräte ""Stromverbrauch des Viertels"" 1,""التوجيه الآمن وتجنب شراء خاطئ."")] {...base,kind:""reading id:""lib-r-b2-01 level:""B2 titleDe:""Eine Zahl braucht einen Ausgangswert titleAr:""الرقم يحتاج خط أساس categoryAr:""البيانات estimat","","","","",""
"sheet-14","2778","lib-r-b1-04-q1","library-reading","","lib-r-b1-04","src/data/library-batch2.ts","لأقل قد يخدم حاجة مختلفة. questions:[q(""lib-r-b1-04-q1 ""Was war das Problem der Randviertel? ""ما المشكلة؟ [""Zu viele Fahrzeuge ""Lange Wege zur Station ""Keine Straßenbahn ""Hohe Parkgebühr im Zentrum"" 1,""بعد المحطة.""),q(""lib-r-b1-04-q2 ""Warum war der Pilot trotz geringerer Nutzung relevant? ""لماذا مهم؟ [""Er ersetzte alle Busse ""Fahrzeuge dienten notwendigen Abendwegen ""Er war kostenlos ""Nur Touristen nutzten ihn"" 1,""خد","","","","",""
"sheet-14","2779","lib-r-b1-04-q2","library-reading","","lib-r-b1-04","src/data/library-batch2.ts","kgebühr im Zentrum"" 1,""بعد المحطة.""),q(""lib-r-b1-04-q2 ""Warum war der Pilot trotz geringerer Nutzung relevant? ""لماذا مهم؟ [""Er ersetzte alle Busse ""Fahrzeuge dienten notwendigen Abendwegen ""Er war kostenlos ""Nur Touristen nutzten ihn"" 1,""خدم طرقًا ضرورية مساء."")] {...base,kind:""reading id:""lib-r-b1-05 level:""B1 titleDe:""Das Regal gegen Lebensmittelverschwendung titleAr:""رف ضد هدر الطعام categoryAr:""المجتمع estimated","","","","",""
"sheet-14","2780","lib-r-b1-05-q1","library-reading","","lib-r-b1-05","src/data/library-batch2.ts","مشاركة طعام بضوابط واضحة. questions:[q(""lib-r-b1-05-q1 ""Welche Produkte sind erlaubt? ""ما المسموح؟ [""Offene Verpackungen ""Gekühltes Fleisch ""Verschlossene haltbare Produkte mit Datum ""Selbstgekochte Speisen ohne Hinweis"" 2,""مغلق وتاريخ ظاهر.""),q(""lib-r-b1-05-q2 ""Was verspricht die Initiative nicht? ""ما الذي لا تضمنه؟ [""Tägliche Kontrolle ""Eine feste Versorgung ""Klare Regeln ""Weniger Abfall"" 1,""الكمية متغيرة."")] {...b","","","","",""
"sheet-14","2781","lib-r-b1-05-q2","library-reading","","lib-r-b1-05","src/data/library-batch2.ts","ohne Hinweis"" 2,""مغلق وتاريخ ظاهر.""),q(""lib-r-b1-05-q2 ""Was verspricht die Initiative nicht? ""ما الذي لا تضمنه؟ [""Tägliche Kontrolle ""Eine feste Versorgung ""Klare Regeln ""Weniger Abfall"" 1,""الكمية متغيرة."")] {...base,kind:""reading id:""lib-r-b1-06 level:""B1 titleDe:""Weiterbildung während der Arbeitszeit titleAr:""تكوين أثناء وقت العمل categoryAr:""العمل estimatedMinutes:8,textDe:""Ein Unternehmen erlaubt Beschäftigten zw","","","","",""
"sheet-14","2782","lib-r-b1-06-q1","library-reading","","lib-r-b1-06","src/data/library-batch2.ts","التكوين يختلف حسب الدوام. questions:[q(""lib-r-b1-06-q1 ""Warum nahmen Schichtteams seltener teil? ""لماذا؟ [""Sie durften nicht lernen ""Eine Vertretung fehlte ""Es gab keine Lernziele ""Die Verwaltung war geschlossen"" 1,""لم توجد تغطية للعمل.""),q(""lib-r-b1-06-q2 ""Was wird künftig zusätzlich gemessen? ""ما الذي يقاس؟ [""Nur Kursdauer ""Zielerreichung und Anwendung ""Alter der Beschäftigten ""Zahl der Computer"" 1,""تحقيق الهدف ونق","","","","",""
"sheet-14","2783","lib-r-b1-06-q2","library-reading","","lib-r-b1-06","src/data/library-batch2.ts","schlossen"" 1,""لم توجد تغطية للعمل.""),q(""lib-r-b1-06-q2 ""Was wird künftig zusätzlich gemessen? ""ما الذي يقاس؟ [""Nur Kursdauer ""Zielerreichung und Anwendung ""Alter der Beschäftigten ""Zahl der Computer"" 1,""تحقيق الهدف ونقله للعمل."")] {...base,kind:""reading id:""lib-r-b2-03 level:""B2 titleDe:""Wer antwortet auf die Umfrage? titleAr:""من يجيب عن الاستطلاع؟ categoryAr:""البيانات estimatedMinutes:10,textDe:""Eine Onlineumfrage z","","","","",""
"sheet-14","2784","lib-r-b1-07-q1","library-reading","","lib-r-b1-07","src/data/library-batch3.ts","المتعلم وفق الوقت والهدف. questions:[q(""lib-r-b1-07-q1 ""Was war am ersten Verfahren unzureichend? ""ما القصور؟ [""Es gab keine Abteilungen ""Nur die Abteilung bestimmte die Paare ""Alle wechselten sofort ""Treffen waren verboten"" 1,""التوافق الزمني لم يراعَ.""),q(""lib-r-b1-07-q2 ""Was wird außer Treffen gemessen? ""ما الذي يقاس أيضًا؟ [""Gelöste Fragen und selbstständige Schritte ""Nur Alter ""Bürogröße ""Kaffeekosten"" 0,""أثر عمل","","","","",""
"sheet-14","2785","lib-r-b1-07-q2","library-reading","","lib-r-b1-07","src/data/library-batch3.ts","boten"" 1,""التوافق الزمني لم يراعَ.""),q(""lib-r-b1-07-q2 ""Was wird außer Treffen gemessen? ""ما الذي يقاس أيضًا؟ [""Gelöste Fragen und selbstständige Schritte ""Nur Alter ""Bürogröße ""Kaffeekosten"" 0,""أثر عملي."")] {...b,kind:""reading id:""lib-r-b1-08 level:""B1 titleDe:""Gemeinsame Lieferungen titleAr:""تجميع الشحنات categoryAr:""المدينة estimatedMinutes:8,textDe:""Fünf kleine Geschäfte nutzen seit drei Monaten ein gemeinsames L","","","","",""
"sheet-14","2786","lib-r-b1-08-q1","library-reading","","lib-r-b1-08","src/data/library-batch3.ts","الشحنات مع حل رقمي بديل. questions:[q(""lib-r-b1-08-q1 ""Was verbesserte die Wartezeiten? ""ما الذي حسن الانتظار؟ [""Feste Zeitfenster ""Mehr große Fahrzeuge ""Weniger Geschäfte ""Höhere Preise"" 0,""مواعيد محددة.""),q(""lib-r-b1-08-q2 ""Warum wurde Telefonbuchung ergänzt? ""لماذا الهاتف؟ [""Die App war zu billig ""Zwei Läden konnten digital nicht buchen ""Das Lastenrad war defekt ""Kunden verlangten Werbung"" 1,""فجوة الوصول الرقمي."")","","","","",""
"sheet-14","2787","lib-r-b1-08-q2","library-reading","","lib-r-b1-08","src/data/library-batch3.ts","""Höhere Preise"" 0,""مواعيد محددة.""),q(""lib-r-b1-08-q2 ""Warum wurde Telefonbuchung ergänzt? ""لماذا الهاتف؟ [""Die App war zu billig ""Zwei Läden konnten digital nicht buchen ""Das Lastenrad war defekt ""Kunden verlangten Werbung"" 1,""فجوة الوصول الرقمي."")] {...b,kind:""reading id:""lib-r-b1-09 level:""B1 titleDe:""Ein Bild im falschen Jahr titleAr:""صورة في السنة الخطأ categoryAr:""الإعلام estimatedMinutes:8,textDe:""In sozialen M","","","","",""
"sheet-14","2788","lib-r-b1-09-q1","library-reading","","lib-r-b1-09","src/data/library-batch3.ts","ة حقيقية بسياق زمني خاطئ. questions:[q(""lib-r-b1-09-q1 ""Was war am Bild problematisch? ""ما المشكلة؟ [""Es war vollständig erfunden ""Der zeitliche Kontext war falsch ""Es hatte keine Menschen ""Die Farbe war geändert"" 1,""الصورة قديمة.""),q(""lib-r-b1-09-q2 ""Wie wurde das Jahr geprüft? ""كيف تحققوا؟ [""Durch eine Bildsuche und früheren Artikel ""Durch Kommentare allein ""Durch Schätzung ""Durch neue Aufnahme"" 0,""بحث عكسي ومقال س","","","","",""
"sheet-14","2789","lib-r-b1-09-q2","library-reading","","lib-r-b1-09","src/data/library-batch3.ts","rbe war geändert"" 1,""الصورة قديمة.""),q(""lib-r-b1-09-q2 ""Wie wurde das Jahr geprüft? ""كيف تحققوا؟ [""Durch eine Bildsuche und früheren Artikel ""Durch Kommentare allein ""Durch Schätzung ""Durch neue Aufnahme"" 0,""بحث عكسي ومقال سابق."")] {...b,kind:""reading id:""lib-r-b2-05 level:""B2 titleDe:""Wenn Zusammenhang zur Ursache wird titleAr:""حين يتحول الارتباط إلى سبب categoryAr:""البيانات estimatedMinutes:10,textDe:""Eine Befragun","","","","",""
"sheet-14","2790","lib-r-b1-10-q1","library-reading","","lib-r-b1-10","src/data/library-batch4.ts","انتقائي بعد نتائج مختلفة. questions:[q(""lib-r-b1-10-q1 ""Wer nutzte die Abendzeit besonders? ""من استخدمها؟ [""Nur Kinder ""Berufstätige und Studierende ""Nur Touristen ""Ausschließlich Personal"" 1,""العاملون والطلاب.""),q(""lib-r-b1-10-q2 ""Wie wird der Pilot fortgesetzt? ""كيف يستمر؟ [""Jeden Tag ""Nur Dienstag und Donnerstag mit Vertretungsplan ""Nur Sonntag ""Ohne Personal"" 1,""يومان وخطة بدلاء."")] {...b,kind:""reading id:""lib-r-","","","","",""
"sheet-14","2791","lib-r-b1-10-q2","library-reading","","lib-r-b1-10","src/data/library-batch4.ts","ich Personal"" 1,""العاملون والطلاب.""),q(""lib-r-b1-10-q2 ""Wie wird der Pilot fortgesetzt? ""كيف يستمر؟ [""Jeden Tag ""Nur Dienstag und Donnerstag mit Vertretungsplan ""Nur Sonntag ""Ohne Personal"" 1,""يومان وخطة بدلاء."")] {...b,kind:""reading id:""lib-r-b1-11 level:""B1 titleDe:""Ein Konflikt um Zuständigkeit titleAr:""خلاف حول المسؤولية categoryAr:""العمل estimatedMinutes:8,textDe:""In einem Projekt blieben Kundenfragen mehrfach u","","","","",""
"sheet-14","2792","lib-r-b1-11-q1","library-reading","","lib-r-b1-11","src/data/library-batch4.ts","خلاف ببنية مسؤولية وموعد. questions:[q(""lib-r-b1-11-q1 ""Was verursachte das Problem? ""ما السبب؟ [""Zu viele Kunden ""Unklare Verantwortung und Frist ""Keine Computer ""Eine zu lange Sitzung"" 1,""التسليم بلا مسؤول وموعد.""),q(""lib-r-b1-11-q2 ""Was enthält jede Anfrage jetzt? ""ماذا تحتوي الآن؟ [""Name, Schritt und Termin ""Nur eine Farbe ""Nur den Kundennamen ""Eine Rechnung"" 0,""ثلاثة عناصر."")] {...b,kind:""reading id:""lib-r-b1-12","","","","",""
"sheet-14","2793","lib-r-b1-11-q2","library-reading","","lib-r-b1-11","src/data/library-batch4.ts","tzung"" 1,""التسليم بلا مسؤول وموعد.""),q(""lib-r-b1-11-q2 ""Was enthält jede Anfrage jetzt? ""ماذا تحتوي الآن؟ [""Name, Schritt und Termin ""Nur eine Farbe ""Nur den Kundennamen ""Eine Rechnung"" 0,""ثلاثة عناصر."")] {...b,kind:""reading id:""lib-r-b1-12 level:""B1 titleDe:""Rückgabe im Onlinehandel titleAr:""إرجاع شراء إلكتروني categoryAr:""الاستهلاك estimatedMinutes:8,textDe:""Ein kleiner Onlinehändler änderte sein Rückgabeverfahren.","","","","",""
"sheet-14","2794","lib-r-b1-12-q1","library-reading","","lib-r-b1-12","src/data/library-batch4.ts","ون تقديم استشارة قانونية. questions:[q(""lib-r-b1-12-q1 ""Was passiert bei großen Geräten? ""ماذا للأجهزة الكبيرة؟ [""Sie werden nie zurückgenommen ""Eine Abholung wird vereinbart ""Kunden müssen fliegen ""Das Formular entfällt"" 1,""تُرتب عملية الاستلام.""),q(""lib-r-b1-12-q2 ""Wozu dient die veröffentlichte Bearbeitungszeit? ""لماذا تنشر المدة؟ [""Zur Preissteigerung ""Für realistische Erwartung der Rückmeldung ""Zum Löschen von F","","","","",""
"sheet-14","2795","lib-r-b1-12-q2","library-reading","","lib-r-b1-12","src/data/library-batch4.ts","entfällt"" 1,""تُرتب عملية الاستلام.""),q(""lib-r-b1-12-q2 ""Wozu dient die veröffentlichte Bearbeitungszeit? ""لماذا تنشر المدة؟ [""Zur Preissteigerung ""Für realistische Erwartung der Rückmeldung ""Zum Löschen von Fotos ""Nur für Werbung"" 1,""توضح موعد الرد."")] {...b,kind:""reading id:""lib-r-b2-07 level:""B2 titleDe:""Automatische Auswahl mit Einspruch titleAr:""اختيار آلي مع حق الاعتراض categoryAr:""التقنية والمجتمع estimatedMinu","","","","",""
"sheet-14","2796","lib-r-b1-13-q1","library-reading","","lib-r-b1-13","src/data/library-batch5.ts","وفق الاستهلاك والموافقة. questions:[q(""lib-r-b1-13-q1 ""Warum war gleiche Verteilung unpraktisch? ""لماذا؟ [""Das Dach war zu klein ""Haushalte nutzten tagsüber unterschiedlich viel ""Es gab keinen Strom ""Alle Wohnungen waren leer"" 1,""الاستهلاك يختلف.""),q(""lib-r-b1-13-q2 ""Was bleibt freiwillig? ""ما الذي يبقى طوعيًا؟ [""Aufzug und Treppe ""Teilnahme und Datenfreigabe ""Die Auswertung ""Das Wetter"" 1,""المشاركة والبيانات."")] {..","","","","",""
"sheet-14","2797","lib-r-b1-13-q2","library-reading","","lib-r-b1-13","src/data/library-batch5.ts","en waren leer"" 1,""الاستهلاك يختلف.""),q(""lib-r-b1-13-q2 ""Was bleibt freiwillig? ""ما الذي يبقى طوعيًا؟ [""Aufzug und Treppe ""Teilnahme und Datenfreigabe ""Die Auswertung ""Das Wetter"" 1,""المشاركة والبيانات."")] {...b,kind:""reading id:""lib-r-b1-14 level:""B1 titleDe:""Ein verständlicher Onlineantrag titleAr:""طلب رقمي مفهوم categoryAr:""الخدمات estimatedMinutes:8,textDe:""Eine Verwaltung vereinfachte ihren Onlineantrag. Früher e","","","","",""
"sheet-14","2798","lib-r-b1-14-q1","library-reading","","lib-r-b1-14","src/data/library-batch5.ts","قمي مع بدائل وفجوة تقنية. questions:[q(""lib-r-b1-14-q1 ""Was geschieht nach einem Fehler? ""ماذا بعد الخطأ؟ [""Alle Daten werden gelöscht ""Das betroffene Feld erklärt das Format ""Der Antrag wird sofort abgelehnt ""Nur eine Nummer erscheint"" 1,""شرح عند الحقل.""),q(""lib-r-b1-14-q2 ""Welche Gruppe brach häufiger ab? ""من انسحب أكثر؟ [""Menschen mit älteren Geräten ""Nur Mitarbeitende ""Menschen mit Drucker ""Telefonierende Persone","","","","",""
"sheet-14","2799","lib-r-b1-14-q2","library-reading","","lib-r-b1-14","src/data/library-batch5.ts","ummer erscheint"" 1,""شرح عند الحقل.""),q(""lib-r-b1-14-q2 ""Welche Gruppe brach häufiger ab? ""من انسحب أكثر؟ [""Menschen mit älteren Geräten ""Nur Mitarbeitende ""Menschen mit Drucker ""Telefonierende Personen"" 0,""أجهزة قديمة."")] {...b,kind:""reading id:""lib-r-b1-15 level:""B1 titleDe:""Museum für mehr Sinne titleAr:""متحف لحواس أكثر categoryAr:""الثقافة estimatedMinutes:8,textDe:""Ein Museum ergänzte ausgewählte Werke durch Audio","","","","",""
"sheet-14","2800","lib-r-b1-15-q1","library-reading","","lib-r-b1-15","src/data/library-batch5.ts","الحواس بعد اختبار حقيقي. questions:[q(""lib-r-b1-15-q1 ""Warum wurden Audiotexte gekürzt? ""لماذا اختصرت؟ [""Sie waren zu leise ""Besucher verloren bei langen Texten die Orientierung ""Es gab keine Kunstwerke ""Die Modelle waren teuer"" 1,""الطول أربك.""),q(""lib-r-b1-15-q2 ""Wann sind Tastmodelle verfügbar? ""متى النماذج؟ [""Immer ohne Aufsicht ""Nur bei betreuten Terminen ""Nur nachts ""Ausschließlich online"" 1,""في مواعيد مراقبة."")","","","","",""
